Copyright 1986-2022 Xilinx, Inc. All Rights Reserved.
------------------------------------------------------------------------------------------------------------------------------------------------------------------------------------------------------------------------------------
| Tool Version      : Vivado v.2022.1 (lin64) Build 3526262 Mon Apr 18 15:47:01 MDT 2022
| Date              : Wed Aug  5 02:09:19 2026
| Host              : ecetesla0 running 64-bit Ubuntu 24.04.4 LTS
| Command           : report_timing_summary -delay_type min_max -report_unconstrained -max_paths 20 -file /home/aakumaar/team-22-512-parallel/fpga-synth/au25p/single_neuron_e2e/run/reports/lif_board_100mhz/post_synth_timing.rpt
| Design            : lif_unit_board_top
| Device            : xcau25p-ffvb676
| Speed File        : -2  PRODUCTION 1.28 02-27-2020
| Temperature Grade : E
------------------------------------------------------------------------------------------------------------------------------------------------------------------------------------------------------------------------------------

Timing Summary Report

------------------------------------------------------------------------------------------------
| Timer Settings
| --------------
------------------------------------------------------------------------------------------------

  Enable Multi Corner Analysis               :  Yes
  Enable Pessimism Removal                   :  Yes
  Pessimism Removal Resolution               :  Nearest Common Node
  Enable Input Delay Default Clock           :  No
  Enable Preset / Clear Arcs                 :  No
  Disable Flight Delays                      :  No
  Ignore I/O Paths                           :  No
  Timing Early Launch at Borrowing Latches   :  No
  Borrow Time for Max Delay Exceptions       :  Yes
  Merge Timing Exceptions                    :  Yes

  Corner  Analyze    Analyze    
  Name    Max Paths  Min Paths  
  ------  ---------  ---------  
  Slow    Yes        Yes        
  Fast    Yes        Yes        


------------------------------------------------------------------------------------------------
| Report Methodology
| ------------------
------------------------------------------------------------------------------------------------

No report available as report_methodology has not been run prior. Run report_methodology on the current design for the summary of methodology violations.



check_timing report

Table of Contents
-----------------
1. checking no_clock (0)
2. checking constant_clock (0)
3. checking pulse_width_clock (0)
4. checking unconstrained_internal_endpoints (0)
5. checking no_input_delay (0)
6. checking no_output_delay (0)
7. checking multiple_clock (0)
8. checking generated_clocks (0)
9. checking loops (0)
10. checking partial_input_delay (0)
11. checking partial_output_delay (0)
12. checking latch_loops (0)

1. checking no_clock (0)
------------------------
 There are 0 register/latch pins with no clock.


2. checking constant_clock (0)
------------------------------
 There are 0 register/latch pins with constant_clock.


3. checking pulse_width_clock (0)
---------------------------------
 There are 0 register/latch pins which need pulse_width check


4. checking unconstrained_internal_endpoints (0)
------------------------------------------------
 There are 0 pins that are not constrained for maximum delay.

 There are 0 pins that are not constrained for maximum delay due to constant clock.


5. checking no_input_delay (0)
------------------------------
 There are 0 input ports with no input delay specified.

 There are 0 input ports with no input delay but user has a false path constraint.


6. checking no_output_delay (0)
-------------------------------
 There are 0 ports with no output delay specified.

 There are 0 ports with no output delay but user has a false path constraint

 There are 0 ports with no output delay but with a timing clock defined on it or propagating through it


7. checking multiple_clock (0)
------------------------------
 There are 0 register/latch pins with multiple clocks.


8. checking generated_clocks (0)
--------------------------------
 There are 0 generated clocks that are not connected to a clock source.


9. checking loops (0)
---------------------
 There are 0 combinational loops in the design.


10. checking partial_input_delay (0)
------------------------------------
 There are 0 input ports with partial input delay specified.


11. checking partial_output_delay (0)
-------------------------------------
 There are 0 ports with partial output delay specified.


12. checking latch_loops (0)
----------------------------
 There are 0 combinational latch loops in the design through latch input



------------------------------------------------------------------------------------------------
| Design Timing Summary
| ---------------------
------------------------------------------------------------------------------------------------

    WNS(ns)      TNS(ns)  TNS Failing Endpoints  TNS Total Endpoints      WHS(ns)      THS(ns)  THS Failing Endpoints  THS Total Endpoints     WPWS(ns)     TPWS(ns)  TPWS Failing Endpoints  TPWS Total Endpoints  
    -------      -------  ---------------------  -------------------      -------      -------  ---------------------  -------------------     --------     --------  ----------------------  --------------------  
      2.837        0.000                      0                  125       -2.840     -101.918                    124                  125        4.725        0.000                       0                    65  


Timing constraints are not met.


------------------------------------------------------------------------------------------------
| Clock Summary
| -------------
------------------------------------------------------------------------------------------------

Clock   Waveform(ns)       Period(ns)      Frequency(MHz)
-----   ------------       ----------      --------------
clk_in  {0.000 5.000}      10.000          100.000         


------------------------------------------------------------------------------------------------
| Intra Clock Table
| -----------------
------------------------------------------------------------------------------------------------

Clock             WNS(ns)      TNS(ns)  TNS Failing Endpoints  TNS Total Endpoints      WHS(ns)      THS(ns)  THS Failing Endpoints  THS Total Endpoints     WPWS(ns)     TPWS(ns)  TPWS Failing Endpoints  TPWS Total Endpoints  
-----             -------      -------  ---------------------  -------------------      -------      -------  ---------------------  -------------------     --------     --------  ----------------------  --------------------  
clk_in              2.837        0.000                      0                  125       -2.840     -101.918                    124                  125        4.725        0.000                       0                    65  


------------------------------------------------------------------------------------------------
| Inter Clock Table
| -----------------
------------------------------------------------------------------------------------------------

From Clock    To Clock          WNS(ns)      TNS(ns)  TNS Failing Endpoints  TNS Total Endpoints      WHS(ns)      THS(ns)  THS Failing Endpoints  THS Total Endpoints  
----------    --------          -------      -------  ---------------------  -------------------      -------      -------  ---------------------  -------------------  


------------------------------------------------------------------------------------------------
| Other Path Groups Table
| -----------------------
------------------------------------------------------------------------------------------------

Path Group    From Clock    To Clock          WNS(ns)      TNS(ns)  TNS Failing Endpoints  TNS Total Endpoints      WHS(ns)      THS(ns)  THS Failing Endpoints  THS Total Endpoints  
----------    ----------    --------          -------      -------  ---------------------  -------------------      -------      -------  ---------------------  -------------------  


------------------------------------------------------------------------------------------------
| User Ignored Path Table
| -----------------------
------------------------------------------------------------------------------------------------

Path Group    From Clock    To Clock    
----------    ----------    --------    


------------------------------------------------------------------------------------------------
| Unconstrained Path Table
| ------------------------
------------------------------------------------------------------------------------------------

Path Group    From Clock    To Clock    
----------    ----------    --------    


------------------------------------------------------------------------------------------------
| Timing Details
| --------------
------------------------------------------------------------------------------------------------


---------------------------------------------------------------------------------------------------
From Clock:  clk_in
  To Clock:  clk_in

Setup :            0  Failing Endpoints,  Worst Slack        2.837ns,  Total Violation        0.000ns
Hold  :          124  Failing Endpoints,  Worst Slack       -2.840ns,  Total Violation     -101.918ns
PW    :            0  Failing Endpoints,  Worst Slack        4.725ns,  Total Violation        0.000ns
---------------------------------------------------------------------------------------------------


Max Delay Paths
--------------------------------------------------------------------------------------
Slack (MET) :             2.837ns  (required time - arrival time)
  Source:                 spike_reg/C
                            (rising edge-triggered cell FDRE clocked by clk_in  {rise@0.000ns fall@5.000ns period=10.000ns})
  Destination:            spike
                            (output port clocked by clk_in  {rise@0.000ns fall@5.000ns period=10.000ns})
  Path Group:             clk_in
  Path Type:              Max at Slow Process Corner
  Requirement:            10.000ns  (clk_in rise@10.000ns - clk_in rise@0.000ns)
  Data Path Delay:        1.638ns  (logic 0.971ns (59.279%)  route 0.667ns (40.721%))
  Logic Levels:           1  (OBUF=1)
  Output Delay:           2.000ns
  Clock Path Skew:        -3.290ns (DCD - SCD + CPR)
    Destination Clock Delay (DCD):    0.000ns = ( 10.000 - 10.000 ) 
    Source Clock Delay      (SCD):    3.290ns
    Clock Pessimism Removal (CPR):    0.000ns
  Clock Uncertainty:      0.235ns  ((TSJ^2 + TIJ^2)^1/2 + DJ) / 2 + PE + UU
    Total System Jitter     (TSJ):    0.071ns
    Total Input Jitter      (TIJ):    0.000ns
    Discrete Jitter          (DJ):    0.000ns
    Phase Error              (PE):    0.000ns
    User Uncertainty         (UU):    0.200ns

    Location             Delay type                Incr(ns)  Path(ns)    Netlist Resource(s)
  -------------------------------------------------------------------    -------------------
                         (clock clk_in rise edge)     0.000     0.000 r  
                                                      0.000     0.000 r  clk_in (IN)
                         net (fo=0)                   0.000     0.000    clk_in_IBUF_inst/I
                         INBUF (Prop_INBUF_PAD_O)     0.517     0.517 r  clk_in_IBUF_inst/INBUF_INST/O
                         net (fo=1, unplaced)         0.000     0.517    clk_in_IBUF_inst/OUT
                         IBUFCTRL (Prop_IBUFCTRL_I_O)
                                                      0.000     0.517 r  clk_in_IBUF_inst/IBUFCTRL_INST/O
                         net (fo=1, unplaced)         0.161     0.678    clk_in_IBUF
                         BUFGCE (Prop_BUFGCE_I_O)     0.028     0.706 r  bufg_clk/O
                         net (fo=64, unplaced)        2.584     3.290    clk
                         FDRE                                         r  spike_reg/C
  -------------------------------------------------------------------    -------------------
                         FDRE (Prop_FDRE_C_Q)         0.077     3.367 r  spike_reg/Q
                         net (fo=1, unplaced)         0.667     4.034    spike_OBUF
                         OBUF (Prop_OBUF_I_O)         0.894     4.928 r  spike_OBUF_inst/O
                         net (fo=0)                   0.000     4.928    spike
                                                                      r  spike (OUT)
  -------------------------------------------------------------------    -------------------

                         (clock clk_in rise edge)    10.000    10.000 r  
                         clock pessimism              0.000    10.000    
                         clock uncertainty           -0.235     9.765    
                         output delay                -2.000     7.765    
  -------------------------------------------------------------------
                         required time                          7.765    
                         arrival time                          -4.928    
  -------------------------------------------------------------------
                         slack                                  2.837    

Slack (MET) :             7.753ns  (required time - arrival time)
  Source:                 u_lif/internal_value_reg[15]/C
                            (rising edge-triggered cell FDRE clocked by clk_in  {rise@0.000ns fall@5.000ns period=10.000ns})
  Destination:            u_lif/refractory_counter_reg[0]/CE
                            (rising edge-triggered cell FDRE clocked by clk_in  {rise@0.000ns fall@5.000ns period=10.000ns})
  Path Group:             clk_in
  Path Type:              Setup (Max at Slow Process Corner)
  Requirement:            10.000ns  (clk_in rise@10.000ns - clk_in rise@0.000ns)
  Data Path Delay:        1.806ns  (logic 0.726ns (40.199%)  route 1.080ns (59.801%))
  Logic Levels:           7  (CARRY8=3 LUT2=1 LUT4=1 LUT5=2)
  Clock Path Skew:        -0.145ns (DCD - SCD + CPR)
    Destination Clock Delay (DCD):    2.863ns = ( 12.863 - 10.000 ) 
    Source Clock Delay      (SCD):    3.290ns
    Clock Pessimism Removal (CPR):    0.282ns
  Clock Uncertainty:      0.235ns  ((TSJ^2 + TIJ^2)^1/2 + DJ) / 2 + PE + UU
    Total System Jitter     (TSJ):    0.071ns
    Total Input Jitter      (TIJ):    0.000ns
    Discrete Jitter          (DJ):    0.000ns
    Phase Error              (PE):    0.000ns
    User Uncertainty         (UU):    0.200ns

    Location             Delay type                Incr(ns)  Path(ns)    Netlist Resource(s)
  -------------------------------------------------------------------    -------------------
                         (clock clk_in rise edge)     0.000     0.000 r  
                                                      0.000     0.000 r  clk_in (IN)
                         net (fo=0)                   0.000     0.000    clk_in_IBUF_inst/I
                         INBUF (Prop_INBUF_PAD_O)     0.517     0.517 r  clk_in_IBUF_inst/INBUF_INST/O
                         net (fo=1, unplaced)         0.000     0.517    clk_in_IBUF_inst/OUT
                         IBUFCTRL (Prop_IBUFCTRL_I_O)
                                                      0.000     0.517 r  clk_in_IBUF_inst/IBUFCTRL_INST/O
                         net (fo=1, unplaced)         0.161     0.678    clk_in_IBUF
                         BUFGCE (Prop_BUFGCE_I_O)     0.028     0.706 r  bufg_clk/O
                         net (fo=64, unplaced)        2.584     3.290    u_lif/clk
                         FDRE                                         r  u_lif/internal_value_reg[15]/C
  -------------------------------------------------------------------    -------------------
                         FDRE (Prop_FDRE_C_Q)         0.077     3.367 r  u_lif/internal_value_reg[15]/Q
                         net (fo=7, unplaced)         0.117     3.484    u_lif/internal_value_reg_n_0_[15]
                         LUT4 (Prop_LUT4_I0_O)        0.139     3.623 r  u_lif/membrane_next__0_carry__1_i_7/O
                         net (fo=2, unplaced)         0.212     3.835    u_lif/membrane_next__0_carry__1_i_7_n_0
                         LUT5 (Prop_LUT5_I4_O)        0.037     3.872 r  u_lif/membrane_next__0_carry__1_i_15/O
                         net (fo=1, unplaced)         0.023     3.895    u_lif/membrane_next__0_carry__1_i_15_n_0
                         CARRY8 (Prop_CARRY8_S[1]_CO[7])
                                                      0.197     4.092 r  u_lif/membrane_next__0_carry__1/CO[7]
                         net (fo=1, unplaced)         0.005     4.097    u_lif/membrane_next__0_carry__1_n_0
                         CARRY8 (Prop_CARRY8_CI_O[2])
                                                      0.067     4.164 r  u_lif/membrane_next__0_carry__2/O[2]
                         net (fo=3, unplaced)         0.192     4.356    u_lif/membrane_next[26]
                         LUT2 (Prop_LUT2_I1_O)        0.074     4.430 r  u_lif/threshold_crossed0_carry__0_i_2/O
                         net (fo=1, unplaced)         0.231     4.661    u_lif/threshold_crossed0_carry__0_i_2_n_0
                         CARRY8 (Prop_CARRY8_DI[5]_CO[7])
                                                      0.097     4.758 r  u_lif/threshold_crossed0_carry__0/CO[7]
                         net (fo=30, unplaced)        0.148     4.906    u_lif/threshold_crossed0_carry__0_n_0
                         LUT5 (Prop_LUT5_I1_O)        0.038     4.944 r  u_lif/refractory_counter[3]_i_1/O
                         net (fo=4, unplaced)         0.152     5.096    u_lif/refractory_counter[3]_i_1_n_0
                         FDRE                                         r  u_lif/refractory_counter_reg[0]/CE
  -------------------------------------------------------------------    -------------------

                         (clock clk_in rise edge)    10.000    10.000 r  
                                                      0.000    10.000 r  clk_in (IN)
                         net (fo=0)                   0.000    10.000    clk_in_IBUF_inst/I
                         INBUF (Prop_INBUF_PAD_O)     0.267    10.267 r  clk_in_IBUF_inst/INBUF_INST/O
                         net (fo=1, unplaced)         0.000    10.267    clk_in_IBUF_inst/OUT
                         IBUFCTRL (Prop_IBUFCTRL_I_O)
                                                      0.000    10.267 r  clk_in_IBUF_inst/IBUFCTRL_INST/O
                         net (fo=1, unplaced)         0.133    10.400    clk_in_IBUF
                         BUFGCE (Prop_BUFGCE_I_O)     0.024    10.424 r  bufg_clk/O
                         net (fo=64, unplaced)        2.439    12.863    u_lif/clk
                         FDRE                                         r  u_lif/refractory_counter_reg[0]/C
                         clock pessimism              0.282    13.145    
                         clock uncertainty           -0.235    12.910    
                         FDRE (Setup_FDRE_C_CE)      -0.061    12.849    u_lif/refractory_counter_reg[0]
  -------------------------------------------------------------------
                         required time                         12.849    
                         arrival time                          -5.096    
  -------------------------------------------------------------------
                         slack                                  7.753    

Slack (MET) :             7.753ns  (required time - arrival time)
  Source:                 u_lif/internal_value_reg[15]/C
                            (rising edge-triggered cell FDRE clocked by clk_in  {rise@0.000ns fall@5.000ns period=10.000ns})
  Destination:            u_lif/refractory_counter_reg[1]/CE
                            (rising edge-triggered cell FDRE clocked by clk_in  {rise@0.000ns fall@5.000ns period=10.000ns})
  Path Group:             clk_in
  Path Type:              Setup (Max at Slow Process Corner)
  Requirement:            10.000ns  (clk_in rise@10.000ns - clk_in rise@0.000ns)
  Data Path Delay:        1.806ns  (logic 0.726ns (40.199%)  route 1.080ns (59.801%))
  Logic Levels:           7  (CARRY8=3 LUT2=1 LUT4=1 LUT5=2)
  Clock Path Skew:        -0.145ns (DCD - SCD + CPR)
    Destination Clock Delay (DCD):    2.863ns = ( 12.863 - 10.000 ) 
    Source Clock Delay      (SCD):    3.290ns
    Clock Pessimism Removal (CPR):    0.282ns
  Clock Uncertainty:      0.235ns  ((TSJ^2 + TIJ^2)^1/2 + DJ) / 2 + PE + UU
    Total System Jitter     (TSJ):    0.071ns
    Total Input Jitter      (TIJ):    0.000ns
    Discrete Jitter          (DJ):    0.000ns
    Phase Error              (PE):    0.000ns
    User Uncertainty         (UU):    0.200ns

    Location             Delay type                Incr(ns)  Path(ns)    Netlist Resource(s)
  -------------------------------------------------------------------    -------------------
                         (clock clk_in rise edge)     0.000     0.000 r  
                                                      0.000     0.000 r  clk_in (IN)
                         net (fo=0)                   0.000     0.000    clk_in_IBUF_inst/I
                         INBUF (Prop_INBUF_PAD_O)     0.517     0.517 r  clk_in_IBUF_inst/INBUF_INST/O
                         net (fo=1, unplaced)         0.000     0.517    clk_in_IBUF_inst/OUT
                         IBUFCTRL (Prop_IBUFCTRL_I_O)
                                                      0.000     0.517 r  clk_in_IBUF_inst/IBUFCTRL_INST/O
                         net (fo=1, unplaced)         0.161     0.678    clk_in_IBUF
                         BUFGCE (Prop_BUFGCE_I_O)     0.028     0.706 r  bufg_clk/O
                         net (fo=64, unplaced)        2.584     3.290    u_lif/clk
                         FDRE                                         r  u_lif/internal_value_reg[15]/C
  -------------------------------------------------------------------    -------------------
                         FDRE (Prop_FDRE_C_Q)         0.077     3.367 r  u_lif/internal_value_reg[15]/Q
                         net (fo=7, unplaced)         0.117     3.484    u_lif/internal_value_reg_n_0_[15]
                         LUT4 (Prop_LUT4_I0_O)        0.139     3.623 r  u_lif/membrane_next__0_carry__1_i_7/O
                         net (fo=2, unplaced)         0.212     3.835    u_lif/membrane_next__0_carry__1_i_7_n_0
                         LUT5 (Prop_LUT5_I4_O)        0.037     3.872 r  u_lif/membrane_next__0_carry__1_i_15/O
                         net (fo=1, unplaced)         0.023     3.895    u_lif/membrane_next__0_carry__1_i_15_n_0
                         CARRY8 (Prop_CARRY8_S[1]_CO[7])
                                                      0.197     4.092 r  u_lif/membrane_next__0_carry__1/CO[7]
                         net (fo=1, unplaced)         0.005     4.097    u_lif/membrane_next__0_carry__1_n_0
                         CARRY8 (Prop_CARRY8_CI_O[2])
                                                      0.067     4.164 r  u_lif/membrane_next__0_carry__2/O[2]
                         net (fo=3, unplaced)         0.192     4.356    u_lif/membrane_next[26]
                         LUT2 (Prop_LUT2_I1_O)        0.074     4.430 r  u_lif/threshold_crossed0_carry__0_i_2/O
                         net (fo=1, unplaced)         0.231     4.661    u_lif/threshold_crossed0_carry__0_i_2_n_0
                         CARRY8 (Prop_CARRY8_DI[5]_CO[7])
                                                      0.097     4.758 r  u_lif/threshold_crossed0_carry__0/CO[7]
                         net (fo=30, unplaced)        0.148     4.906    u_lif/threshold_crossed0_carry__0_n_0
                         LUT5 (Prop_LUT5_I1_O)        0.038     4.944 r  u_lif/refractory_counter[3]_i_1/O
                         net (fo=4, unplaced)         0.152     5.096    u_lif/refractory_counter[3]_i_1_n_0
                         FDRE                                         r  u_lif/refractory_counter_reg[1]/CE
  -------------------------------------------------------------------    -------------------

                         (clock clk_in rise edge)    10.000    10.000 r  
                                                      0.000    10.000 r  clk_in (IN)
                         net (fo=0)                   0.000    10.000    clk_in_IBUF_inst/I
                         INBUF (Prop_INBUF_PAD_O)     0.267    10.267 r  clk_in_IBUF_inst/INBUF_INST/O
                         net (fo=1, unplaced)         0.000    10.267    clk_in_IBUF_inst/OUT
                         IBUFCTRL (Prop_IBUFCTRL_I_O)
                                                      0.000    10.267 r  clk_in_IBUF_inst/IBUFCTRL_INST/O
                         net (fo=1, unplaced)         0.133    10.400    clk_in_IBUF
                         BUFGCE (Prop_BUFGCE_I_O)     0.024    10.424 r  bufg_clk/O
                         net (fo=64, unplaced)        2.439    12.863    u_lif/clk
                         FDRE                                         r  u_lif/refractory_counter_reg[1]/C
                         clock pessimism              0.282    13.145    
                         clock uncertainty           -0.235    12.910    
                         FDRE (Setup_FDRE_C_CE)      -0.061    12.849    u_lif/refractory_counter_reg[1]
  -------------------------------------------------------------------
                         required time                         12.849    
                         arrival time                          -5.096    
  -------------------------------------------------------------------
                         slack                                  7.753    

Slack (MET) :             7.753ns  (required time - arrival time)
  Source:                 u_lif/internal_value_reg[15]/C
                            (rising edge-triggered cell FDRE clocked by clk_in  {rise@0.000ns fall@5.000ns period=10.000ns})
  Destination:            u_lif/refractory_counter_reg[2]/CE
                            (rising edge-triggered cell FDRE clocked by clk_in  {rise@0.000ns fall@5.000ns period=10.000ns})
  Path Group:             clk_in
  Path Type:              Setup (Max at Slow Process Corner)
  Requirement:            10.000ns  (clk_in rise@10.000ns - clk_in rise@0.000ns)
  Data Path Delay:        1.806ns  (logic 0.726ns (40.199%)  route 1.080ns (59.801%))
  Logic Levels:           7  (CARRY8=3 LUT2=1 LUT4=1 LUT5=2)
  Clock Path Skew:        -0.145ns (DCD - SCD + CPR)
    Destination Clock Delay (DCD):    2.863ns = ( 12.863 - 10.000 ) 
    Source Clock Delay      (SCD):    3.290ns
    Clock Pessimism Removal (CPR):    0.282ns
  Clock Uncertainty:      0.235ns  ((TSJ^2 + TIJ^2)^1/2 + DJ) / 2 + PE + UU
    Total System Jitter     (TSJ):    0.071ns
    Total Input Jitter      (TIJ):    0.000ns
    Discrete Jitter          (DJ):    0.000ns
    Phase Error              (PE):    0.000ns
    User Uncertainty         (UU):    0.200ns

    Location             Delay type                Incr(ns)  Path(ns)    Netlist Resource(s)
  -------------------------------------------------------------------    -------------------
                         (clock clk_in rise edge)     0.000     0.000 r  
                                                      0.000     0.000 r  clk_in (IN)
                         net (fo=0)                   0.000     0.000    clk_in_IBUF_inst/I
                         INBUF (Prop_INBUF_PAD_O)     0.517     0.517 r  clk_in_IBUF_inst/INBUF_INST/O
                         net (fo=1, unplaced)         0.000     0.517    clk_in_IBUF_inst/OUT
                         IBUFCTRL (Prop_IBUFCTRL_I_O)
                                                      0.000     0.517 r  clk_in_IBUF_inst/IBUFCTRL_INST/O
                         net (fo=1, unplaced)         0.161     0.678    clk_in_IBUF
                         BUFGCE (Prop_BUFGCE_I_O)     0.028     0.706 r  bufg_clk/O
                         net (fo=64, unplaced)        2.584     3.290    u_lif/clk
                         FDRE                                         r  u_lif/internal_value_reg[15]/C
  -------------------------------------------------------------------    -------------------
                         FDRE (Prop_FDRE_C_Q)         0.077     3.367 r  u_lif/internal_value_reg[15]/Q
                         net (fo=7, unplaced)         0.117     3.484    u_lif/internal_value_reg_n_0_[15]
                         LUT4 (Prop_LUT4_I0_O)        0.139     3.623 r  u_lif/membrane_next__0_carry__1_i_7/O
                         net (fo=2, unplaced)         0.212     3.835    u_lif/membrane_next__0_carry__1_i_7_n_0
                         LUT5 (Prop_LUT5_I4_O)        0.037     3.872 r  u_lif/membrane_next__0_carry__1_i_15/O
                         net (fo=1, unplaced)         0.023     3.895    u_lif/membrane_next__0_carry__1_i_15_n_0
                         CARRY8 (Prop_CARRY8_S[1]_CO[7])
                                                      0.197     4.092 r  u_lif/membrane_next__0_carry__1/CO[7]
                         net (fo=1, unplaced)         0.005     4.097    u_lif/membrane_next__0_carry__1_n_0
                         CARRY8 (Prop_CARRY8_CI_O[2])
                                                      0.067     4.164 r  u_lif/membrane_next__0_carry__2/O[2]
                         net (fo=3, unplaced)         0.192     4.356    u_lif/membrane_next[26]
                         LUT2 (Prop_LUT2_I1_O)        0.074     4.430 r  u_lif/threshold_crossed0_carry__0_i_2/O
                         net (fo=1, unplaced)         0.231     4.661    u_lif/threshold_crossed0_carry__0_i_2_n_0
                         CARRY8 (Prop_CARRY8_DI[5]_CO[7])
                                                      0.097     4.758 r  u_lif/threshold_crossed0_carry__0/CO[7]
                         net (fo=30, unplaced)        0.148     4.906    u_lif/threshold_crossed0_carry__0_n_0
                         LUT5 (Prop_LUT5_I1_O)        0.038     4.944 r  u_lif/refractory_counter[3]_i_1/O
                         net (fo=4, unplaced)         0.152     5.096    u_lif/refractory_counter[3]_i_1_n_0
                         FDRE                                         r  u_lif/refractory_counter_reg[2]/CE
  -------------------------------------------------------------------    -------------------

                         (clock clk_in rise edge)    10.000    10.000 r  
                                                      0.000    10.000 r  clk_in (IN)
                         net (fo=0)                   0.000    10.000    clk_in_IBUF_inst/I
                         INBUF (Prop_INBUF_PAD_O)     0.267    10.267 r  clk_in_IBUF_inst/INBUF_INST/O
                         net (fo=1, unplaced)         0.000    10.267    clk_in_IBUF_inst/OUT
                         IBUFCTRL (Prop_IBUFCTRL_I_O)
                                                      0.000    10.267 r  clk_in_IBUF_inst/IBUFCTRL_INST/O
                         net (fo=1, unplaced)         0.133    10.400    clk_in_IBUF
                         BUFGCE (Prop_BUFGCE_I_O)     0.024    10.424 r  bufg_clk/O
                         net (fo=64, unplaced)        2.439    12.863    u_lif/clk
                         FDRE                                         r  u_lif/refractory_counter_reg[2]/C
                         clock pessimism              0.282    13.145    
                         clock uncertainty           -0.235    12.910    
                         FDRE (Setup_FDRE_C_CE)      -0.061    12.849    u_lif/refractory_counter_reg[2]
  -------------------------------------------------------------------
                         required time                         12.849    
                         arrival time                          -5.096    
  -------------------------------------------------------------------
                         slack                                  7.753    

Slack (MET) :             7.753ns  (required time - arrival time)
  Source:                 u_lif/internal_value_reg[15]/C
                            (rising edge-triggered cell FDRE clocked by clk_in  {rise@0.000ns fall@5.000ns period=10.000ns})
  Destination:            u_lif/refractory_counter_reg[3]/CE
                            (rising edge-triggered cell FDRE clocked by clk_in  {rise@0.000ns fall@5.000ns period=10.000ns})
  Path Group:             clk_in
  Path Type:              Setup (Max at Slow Process Corner)
  Requirement:            10.000ns  (clk_in rise@10.000ns - clk_in rise@0.000ns)
  Data Path Delay:        1.806ns  (logic 0.726ns (40.199%)  route 1.080ns (59.801%))
  Logic Levels:           7  (CARRY8=3 LUT2=1 LUT4=1 LUT5=2)
  Clock Path Skew:        -0.145ns (DCD - SCD + CPR)
    Destination Clock Delay (DCD):    2.863ns = ( 12.863 - 10.000 ) 
    Source Clock Delay      (SCD):    3.290ns
    Clock Pessimism Removal (CPR):    0.282ns
  Clock Uncertainty:      0.235ns  ((TSJ^2 + TIJ^2)^1/2 + DJ) / 2 + PE + UU
    Total System Jitter     (TSJ):    0.071ns
    Total Input Jitter      (TIJ):    0.000ns
    Discrete Jitter          (DJ):    0.000ns
    Phase Error              (PE):    0.000ns
    User Uncertainty         (UU):    0.200ns

    Location             Delay type                Incr(ns)  Path(ns)    Netlist Resource(s)
  -------------------------------------------------------------------    -------------------
                         (clock clk_in rise edge)     0.000     0.000 r  
                                                      0.000     0.000 r  clk_in (IN)
                         net (fo=0)                   0.000     0.000    clk_in_IBUF_inst/I
                         INBUF (Prop_INBUF_PAD_O)     0.517     0.517 r  clk_in_IBUF_inst/INBUF_INST/O
                         net (fo=1, unplaced)         0.000     0.517    clk_in_IBUF_inst/OUT
                         IBUFCTRL (Prop_IBUFCTRL_I_O)
                                                      0.000     0.517 r  clk_in_IBUF_inst/IBUFCTRL_INST/O
                         net (fo=1, unplaced)         0.161     0.678    clk_in_IBUF
                         BUFGCE (Prop_BUFGCE_I_O)     0.028     0.706 r  bufg_clk/O
                         net (fo=64, unplaced)        2.584     3.290    u_lif/clk
                         FDRE                                         r  u_lif/internal_value_reg[15]/C
  -------------------------------------------------------------------    -------------------
                         FDRE (Prop_FDRE_C_Q)         0.077     3.367 r  u_lif/internal_value_reg[15]/Q
                         net (fo=7, unplaced)         0.117     3.484    u_lif/internal_value_reg_n_0_[15]
                         LUT4 (Prop_LUT4_I0_O)        0.139     3.623 r  u_lif/membrane_next__0_carry__1_i_7/O
                         net (fo=2, unplaced)         0.212     3.835    u_lif/membrane_next__0_carry__1_i_7_n_0
                         LUT5 (Prop_LUT5_I4_O)        0.037     3.872 r  u_lif/membrane_next__0_carry__1_i_15/O
                         net (fo=1, unplaced)         0.023     3.895    u_lif/membrane_next__0_carry__1_i_15_n_0
                         CARRY8 (Prop_CARRY8_S[1]_CO[7])
                                                      0.197     4.092 r  u_lif/membrane_next__0_carry__1/CO[7]
                         net (fo=1, unplaced)         0.005     4.097    u_lif/membrane_next__0_carry__1_n_0
                         CARRY8 (Prop_CARRY8_CI_O[2])
                                                      0.067     4.164 r  u_lif/membrane_next__0_carry__2/O[2]
                         net (fo=3, unplaced)         0.192     4.356    u_lif/membrane_next[26]
                         LUT2 (Prop_LUT2_I1_O)        0.074     4.430 r  u_lif/threshold_crossed0_carry__0_i_2/O
                         net (fo=1, unplaced)         0.231     4.661    u_lif/threshold_crossed0_carry__0_i_2_n_0
                         CARRY8 (Prop_CARRY8_DI[5]_CO[7])
                                                      0.097     4.758 r  u_lif/threshold_crossed0_carry__0/CO[7]
                         net (fo=30, unplaced)        0.148     4.906    u_lif/threshold_crossed0_carry__0_n_0
                         LUT5 (Prop_LUT5_I1_O)        0.038     4.944 r  u_lif/refractory_counter[3]_i_1/O
                         net (fo=4, unplaced)         0.152     5.096    u_lif/refractory_counter[3]_i_1_n_0
                         FDRE                                         r  u_lif/refractory_counter_reg[3]/CE
  -------------------------------------------------------------------    -------------------

                         (clock clk_in rise edge)    10.000    10.000 r  
                                                      0.000    10.000 r  clk_in (IN)
                         net (fo=0)                   0.000    10.000    clk_in_IBUF_inst/I
                         INBUF (Prop_INBUF_PAD_O)     0.267    10.267 r  clk_in_IBUF_inst/INBUF_INST/O
                         net (fo=1, unplaced)         0.000    10.267    clk_in_IBUF_inst/OUT
                         IBUFCTRL (Prop_IBUFCTRL_I_O)
                                                      0.000    10.267 r  clk_in_IBUF_inst/IBUFCTRL_INST/O
                         net (fo=1, unplaced)         0.133    10.400    clk_in_IBUF
                         BUFGCE (Prop_BUFGCE_I_O)     0.024    10.424 r  bufg_clk/O
                         net (fo=64, unplaced)        2.439    12.863    u_lif/clk
                         FDRE                                         r  u_lif/refractory_counter_reg[3]/C
                         clock pessimism              0.282    13.145    
                         clock uncertainty           -0.235    12.910    
                         FDRE (Setup_FDRE_C_CE)      -0.061    12.849    u_lif/refractory_counter_reg[3]
  -------------------------------------------------------------------
                         required time                         12.849    
                         arrival time                          -5.096    
  -------------------------------------------------------------------
                         slack                                  7.753    

Slack (MET) :             7.943ns  (required time - arrival time)
  Source:                 u_lif/internal_value_reg[15]/C
                            (rising edge-triggered cell FDRE clocked by clk_in  {rise@0.000ns fall@5.000ns period=10.000ns})
  Destination:            spike_reg/D
                            (rising edge-triggered cell FDRE clocked by clk_in  {rise@0.000ns fall@5.000ns period=10.000ns})
  Path Group:             clk_in
  Path Type:              Setup (Max at Slow Process Corner)
  Requirement:            10.000ns  (clk_in rise@10.000ns - clk_in rise@0.000ns)
  Data Path Delay:        1.702ns  (logic 0.726ns (42.656%)  route 0.976ns (57.344%))
  Logic Levels:           7  (CARRY8=3 LUT2=1 LUT4=1 LUT5=1 LUT6=1)
  Clock Path Skew:        -0.145ns (DCD - SCD + CPR)
    Destination Clock Delay (DCD):    2.863ns = ( 12.863 - 10.000 ) 
    Source Clock Delay      (SCD):    3.290ns
    Clock Pessimism Removal (CPR):    0.282ns
  Clock Uncertainty:      0.235ns  ((TSJ^2 + TIJ^2)^1/2 + DJ) / 2 + PE + UU
    Total System Jitter     (TSJ):    0.071ns
    Total Input Jitter      (TIJ):    0.000ns
    Discrete Jitter          (DJ):    0.000ns
    Phase Error              (PE):    0.000ns
    User Uncertainty         (UU):    0.200ns

    Location             Delay type                Incr(ns)  Path(ns)    Netlist Resource(s)
  -------------------------------------------------------------------    -------------------
                         (clock clk_in rise edge)     0.000     0.000 r  
                                                      0.000     0.000 r  clk_in (IN)
                         net (fo=0)                   0.000     0.000    clk_in_IBUF_inst/I
                         INBUF (Prop_INBUF_PAD_O)     0.517     0.517 r  clk_in_IBUF_inst/INBUF_INST/O
                         net (fo=1, unplaced)         0.000     0.517    clk_in_IBUF_inst/OUT
                         IBUFCTRL (Prop_IBUFCTRL_I_O)
                                                      0.000     0.517 r  clk_in_IBUF_inst/IBUFCTRL_INST/O
                         net (fo=1, unplaced)         0.161     0.678    clk_in_IBUF
                         BUFGCE (Prop_BUFGCE_I_O)     0.028     0.706 r  bufg_clk/O
                         net (fo=64, unplaced)        2.584     3.290    u_lif/clk
                         FDRE                                         r  u_lif/internal_value_reg[15]/C
  -------------------------------------------------------------------    -------------------
                         FDRE (Prop_FDRE_C_Q)         0.077     3.367 r  u_lif/internal_value_reg[15]/Q
                         net (fo=7, unplaced)         0.117     3.484    u_lif/internal_value_reg_n_0_[15]
                         LUT4 (Prop_LUT4_I0_O)        0.139     3.623 r  u_lif/membrane_next__0_carry__1_i_7/O
                         net (fo=2, unplaced)         0.212     3.835    u_lif/membrane_next__0_carry__1_i_7_n_0
                         LUT5 (Prop_LUT5_I4_O)        0.037     3.872 r  u_lif/membrane_next__0_carry__1_i_15/O
                         net (fo=1, unplaced)         0.023     3.895    u_lif/membrane_next__0_carry__1_i_15_n_0
                         CARRY8 (Prop_CARRY8_S[1]_CO[7])
                                                      0.197     4.092 r  u_lif/membrane_next__0_carry__1/CO[7]
                         net (fo=1, unplaced)         0.005     4.097    u_lif/membrane_next__0_carry__1_n_0
                         CARRY8 (Prop_CARRY8_CI_O[2])
                                                      0.067     4.164 r  u_lif/membrane_next__0_carry__2/O[2]
                         net (fo=3, unplaced)         0.192     4.356    u_lif/membrane_next[26]
                         LUT2 (Prop_LUT2_I1_O)        0.074     4.430 r  u_lif/threshold_crossed0_carry__0_i_2/O
                         net (fo=1, unplaced)         0.231     4.661    u_lif/threshold_crossed0_carry__0_i_2_n_0
                         CARRY8 (Prop_CARRY8_DI[5]_CO[7])
                                                      0.097     4.758 r  u_lif/threshold_crossed0_carry__0/CO[7]
                         net (fo=30, unplaced)        0.148     4.906    u_lif/threshold_crossed0_carry__0_n_0
                         LUT6 (Prop_LUT6_I1_O)        0.038     4.944 r  u_lif/spike_i_1/O
                         net (fo=1, unplaced)         0.048     4.992    spike_i
                         FDRE                                         r  spike_reg/D
  -------------------------------------------------------------------    -------------------

                         (clock clk_in rise edge)    10.000    10.000 r  
                                                      0.000    10.000 r  clk_in (IN)
                         net (fo=0)                   0.000    10.000    clk_in_IBUF_inst/I
                         INBUF (Prop_INBUF_PAD_O)     0.267    10.267 r  clk_in_IBUF_inst/INBUF_INST/O
                         net (fo=1, unplaced)         0.000    10.267    clk_in_IBUF_inst/OUT
                         IBUFCTRL (Prop_IBUFCTRL_I_O)
                                                      0.000    10.267 r  clk_in_IBUF_inst/IBUFCTRL_INST/O
                         net (fo=1, unplaced)         0.133    10.400    clk_in_IBUF
                         BUFGCE (Prop_BUFGCE_I_O)     0.024    10.424 r  bufg_clk/O
                         net (fo=64, unplaced)        2.439    12.863    clk
                         FDRE                                         r  spike_reg/C
                         clock pessimism              0.282    13.145    
                         clock uncertainty           -0.235    12.910    
                         FDRE (Setup_FDRE_C_D)        0.025    12.935    spike_reg
  -------------------------------------------------------------------
                         required time                         12.935    
                         arrival time                          -4.992    
  -------------------------------------------------------------------
                         slack                                  7.943    

Slack (MET) :             7.943ns  (required time - arrival time)
  Source:                 u_lif/internal_value_reg[15]/C
                            (rising edge-triggered cell FDRE clocked by clk_in  {rise@0.000ns fall@5.000ns period=10.000ns})
  Destination:            u_lif/internal_value_reg[0]/D
                            (rising edge-triggered cell FDRE clocked by clk_in  {rise@0.000ns fall@5.000ns period=10.000ns})
  Path Group:             clk_in
  Path Type:              Setup (Max at Slow Process Corner)
  Requirement:            10.000ns  (clk_in rise@10.000ns - clk_in rise@0.000ns)
  Data Path Delay:        1.702ns  (logic 0.726ns (42.656%)  route 0.976ns (57.344%))
  Logic Levels:           7  (CARRY8=3 LUT2=1 LUT4=1 LUT5=1 LUT6=1)
  Clock Path Skew:        -0.145ns (DCD - SCD + CPR)
    Destination Clock Delay (DCD):    2.863ns = ( 12.863 - 10.000 ) 
    Source Clock Delay      (SCD):    3.290ns
    Clock Pessimism Removal (CPR):    0.282ns
  Clock Uncertainty:      0.235ns  ((TSJ^2 + TIJ^2)^1/2 + DJ) / 2 + PE + UU
    Total System Jitter     (TSJ):    0.071ns
    Total Input Jitter      (TIJ):    0.000ns
    Discrete Jitter          (DJ):    0.000ns
    Phase Error              (PE):    0.000ns
    User Uncertainty         (UU):    0.200ns

    Location             Delay type                Incr(ns)  Path(ns)    Netlist Resource(s)
  -------------------------------------------------------------------    -------------------
                         (clock clk_in rise edge)     0.000     0.000 r  
                                                      0.000     0.000 r  clk_in (IN)
                         net (fo=0)                   0.000     0.000    clk_in_IBUF_inst/I
                         INBUF (Prop_INBUF_PAD_O)     0.517     0.517 r  clk_in_IBUF_inst/INBUF_INST/O
                         net (fo=1, unplaced)         0.000     0.517    clk_in_IBUF_inst/OUT
                         IBUFCTRL (Prop_IBUFCTRL_I_O)
                                                      0.000     0.517 r  clk_in_IBUF_inst/IBUFCTRL_INST/O
                         net (fo=1, unplaced)         0.161     0.678    clk_in_IBUF
                         BUFGCE (Prop_BUFGCE_I_O)     0.028     0.706 r  bufg_clk/O
                         net (fo=64, unplaced)        2.584     3.290    u_lif/clk
                         FDRE                                         r  u_lif/internal_value_reg[15]/C
  -------------------------------------------------------------------    -------------------
                         FDRE (Prop_FDRE_C_Q)         0.077     3.367 r  u_lif/internal_value_reg[15]/Q
                         net (fo=7, unplaced)         0.117     3.484    u_lif/internal_value_reg_n_0_[15]
                         LUT4 (Prop_LUT4_I0_O)        0.139     3.623 r  u_lif/membrane_next__0_carry__1_i_7/O
                         net (fo=2, unplaced)         0.212     3.835    u_lif/membrane_next__0_carry__1_i_7_n_0
                         LUT5 (Prop_LUT5_I4_O)        0.037     3.872 r  u_lif/membrane_next__0_carry__1_i_15/O
                         net (fo=1, unplaced)         0.023     3.895    u_lif/membrane_next__0_carry__1_i_15_n_0
                         CARRY8 (Prop_CARRY8_S[1]_CO[7])
                                                      0.197     4.092 r  u_lif/membrane_next__0_carry__1/CO[7]
                         net (fo=1, unplaced)         0.005     4.097    u_lif/membrane_next__0_carry__1_n_0
                         CARRY8 (Prop_CARRY8_CI_O[2])
                                                      0.067     4.164 f  u_lif/membrane_next__0_carry__2/O[2]
                         net (fo=3, unplaced)         0.192     4.356    u_lif/membrane_next[26]
                         LUT2 (Prop_LUT2_I1_O)        0.074     4.430 f  u_lif/threshold_crossed0_carry__0_i_2/O
                         net (fo=1, unplaced)         0.231     4.661    u_lif/threshold_crossed0_carry__0_i_2_n_0
                         CARRY8 (Prop_CARRY8_DI[5]_CO[7])
                                                      0.097     4.758 f  u_lif/threshold_crossed0_carry__0/CO[7]
                         net (fo=30, unplaced)        0.148     4.906    u_lif/threshold_crossed0_carry__0_n_0
                         LUT6 (Prop_LUT6_I0_O)        0.038     4.944 r  u_lif/internal_value[0]_i_1/O
                         net (fo=1, unplaced)         0.048     4.992    u_lif/p_1_in[0]
                         FDRE                                         r  u_lif/internal_value_reg[0]/D
  -------------------------------------------------------------------    -------------------

                         (clock clk_in rise edge)    10.000    10.000 r  
                                                      0.000    10.000 r  clk_in (IN)
                         net (fo=0)                   0.000    10.000    clk_in_IBUF_inst/I
                         INBUF (Prop_INBUF_PAD_O)     0.267    10.267 r  clk_in_IBUF_inst/INBUF_INST/O
                         net (fo=1, unplaced)         0.000    10.267    clk_in_IBUF_inst/OUT
                         IBUFCTRL (Prop_IBUFCTRL_I_O)
                                                      0.000    10.267 r  clk_in_IBUF_inst/IBUFCTRL_INST/O
                         net (fo=1, unplaced)         0.133    10.400    clk_in_IBUF
                         BUFGCE (Prop_BUFGCE_I_O)     0.024    10.424 r  bufg_clk/O
                         net (fo=64, unplaced)        2.439    12.863    u_lif/clk
                         FDRE                                         r  u_lif/internal_value_reg[0]/C
                         clock pessimism              0.282    13.145    
                         clock uncertainty           -0.235    12.910    
                         FDRE (Setup_FDRE_C_D)        0.025    12.935    u_lif/internal_value_reg[0]
  -------------------------------------------------------------------
                         required time                         12.935    
                         arrival time                          -4.992    
  -------------------------------------------------------------------
                         slack                                  7.943    

Slack (MET) :             7.943ns  (required time - arrival time)
  Source:                 u_lif/internal_value_reg[15]/C
                            (rising edge-triggered cell FDRE clocked by clk_in  {rise@0.000ns fall@5.000ns period=10.000ns})
  Destination:            u_lif/internal_value_reg[10]/D
                            (rising edge-triggered cell FDRE clocked by clk_in  {rise@0.000ns fall@5.000ns period=10.000ns})
  Path Group:             clk_in
  Path Type:              Setup (Max at Slow Process Corner)
  Requirement:            10.000ns  (clk_in rise@10.000ns - clk_in rise@0.000ns)
  Data Path Delay:        1.702ns  (logic 0.726ns (42.656%)  route 0.976ns (57.344%))
  Logic Levels:           7  (CARRY8=3 LUT2=1 LUT4=1 LUT5=1 LUT6=1)
  Clock Path Skew:        -0.145ns (DCD - SCD + CPR)
    Destination Clock Delay (DCD):    2.863ns = ( 12.863 - 10.000 ) 
    Source Clock Delay      (SCD):    3.290ns
    Clock Pessimism Removal (CPR):    0.282ns
  Clock Uncertainty:      0.235ns  ((TSJ^2 + TIJ^2)^1/2 + DJ) / 2 + PE + UU
    Total System Jitter     (TSJ):    0.071ns
    Total Input Jitter      (TIJ):    0.000ns
    Discrete Jitter          (DJ):    0.000ns
    Phase Error              (PE):    0.000ns
    User Uncertainty         (UU):    0.200ns

    Location             Delay type                Incr(ns)  Path(ns)    Netlist Resource(s)
  -------------------------------------------------------------------    -------------------
                         (clock clk_in rise edge)     0.000     0.000 r  
                                                      0.000     0.000 r  clk_in (IN)
                         net (fo=0)                   0.000     0.000    clk_in_IBUF_inst/I
                         INBUF (Prop_INBUF_PAD_O)     0.517     0.517 r  clk_in_IBUF_inst/INBUF_INST/O
                         net (fo=1, unplaced)         0.000     0.517    clk_in_IBUF_inst/OUT
                         IBUFCTRL (Prop_IBUFCTRL_I_O)
                                                      0.000     0.517 r  clk_in_IBUF_inst/IBUFCTRL_INST/O
                         net (fo=1, unplaced)         0.161     0.678    clk_in_IBUF
                         BUFGCE (Prop_BUFGCE_I_O)     0.028     0.706 r  bufg_clk/O
                         net (fo=64, unplaced)        2.584     3.290    u_lif/clk
                         FDRE                                         r  u_lif/internal_value_reg[15]/C
  -------------------------------------------------------------------    -------------------
                         FDRE (Prop_FDRE_C_Q)         0.077     3.367 r  u_lif/internal_value_reg[15]/Q
                         net (fo=7, unplaced)         0.117     3.484    u_lif/internal_value_reg_n_0_[15]
                         LUT4 (Prop_LUT4_I0_O)        0.139     3.623 r  u_lif/membrane_next__0_carry__1_i_7/O
                         net (fo=2, unplaced)         0.212     3.835    u_lif/membrane_next__0_carry__1_i_7_n_0
                         LUT5 (Prop_LUT5_I4_O)        0.037     3.872 r  u_lif/membrane_next__0_carry__1_i_15/O
                         net (fo=1, unplaced)         0.023     3.895    u_lif/membrane_next__0_carry__1_i_15_n_0
                         CARRY8 (Prop_CARRY8_S[1]_CO[7])
                                                      0.197     4.092 r  u_lif/membrane_next__0_carry__1/CO[7]
                         net (fo=1, unplaced)         0.005     4.097    u_lif/membrane_next__0_carry__1_n_0
                         CARRY8 (Prop_CARRY8_CI_O[2])
                                                      0.067     4.164 f  u_lif/membrane_next__0_carry__2/O[2]
                         net (fo=3, unplaced)         0.192     4.356    u_lif/membrane_next[26]
                         LUT2 (Prop_LUT2_I1_O)        0.074     4.430 f  u_lif/threshold_crossed0_carry__0_i_2/O
                         net (fo=1, unplaced)         0.231     4.661    u_lif/threshold_crossed0_carry__0_i_2_n_0
                         CARRY8 (Prop_CARRY8_DI[5]_CO[7])
                                                      0.097     4.758 f  u_lif/threshold_crossed0_carry__0/CO[7]
                         net (fo=30, unplaced)        0.148     4.906    u_lif/threshold_crossed0_carry__0_n_0
                         LUT6 (Prop_LUT6_I0_O)        0.038     4.944 r  u_lif/internal_value[10]_i_1/O
                         net (fo=1, unplaced)         0.048     4.992    u_lif/p_1_in[10]
                         FDRE                                         r  u_lif/internal_value_reg[10]/D
  -------------------------------------------------------------------    -------------------

                         (clock clk_in rise edge)    10.000    10.000 r  
                                                      0.000    10.000 r  clk_in (IN)
                         net (fo=0)                   0.000    10.000    clk_in_IBUF_inst/I
                         INBUF (Prop_INBUF_PAD_O)     0.267    10.267 r  clk_in_IBUF_inst/INBUF_INST/O
                         net (fo=1, unplaced)         0.000    10.267    clk_in_IBUF_inst/OUT
                         IBUFCTRL (Prop_IBUFCTRL_I_O)
                                                      0.000    10.267 r  clk_in_IBUF_inst/IBUFCTRL_INST/O
                         net (fo=1, unplaced)         0.133    10.400    clk_in_IBUF
                         BUFGCE (Prop_BUFGCE_I_O)     0.024    10.424 r  bufg_clk/O
                         net (fo=64, unplaced)        2.439    12.863    u_lif/clk
                         FDRE                                         r  u_lif/internal_value_reg[10]/C
                         clock pessimism              0.282    13.145    
                         clock uncertainty           -0.235    12.910    
                         FDRE (Setup_FDRE_C_D)        0.025    12.935    u_lif/internal_value_reg[10]
  -------------------------------------------------------------------
                         required time                         12.935    
                         arrival time                          -4.992    
  -------------------------------------------------------------------
                         slack                                  7.943    

Slack (MET) :             7.943ns  (required time - arrival time)
  Source:                 u_lif/internal_value_reg[15]/C
                            (rising edge-triggered cell FDRE clocked by clk_in  {rise@0.000ns fall@5.000ns period=10.000ns})
  Destination:            u_lif/internal_value_reg[11]/D
                            (rising edge-triggered cell FDRE clocked by clk_in  {rise@0.000ns fall@5.000ns period=10.000ns})
  Path Group:             clk_in
  Path Type:              Setup (Max at Slow Process Corner)
  Requirement:            10.000ns  (clk_in rise@10.000ns - clk_in rise@0.000ns)
  Data Path Delay:        1.702ns  (logic 0.726ns (42.656%)  route 0.976ns (57.344%))
  Logic Levels:           7  (CARRY8=3 LUT2=1 LUT4=1 LUT5=1 LUT6=1)
  Clock Path Skew:        -0.145ns (DCD - SCD + CPR)
    Destination Clock Delay (DCD):    2.863ns = ( 12.863 - 10.000 ) 
    Source Clock Delay      (SCD):    3.290ns
    Clock Pessimism Removal (CPR):    0.282ns
  Clock Uncertainty:      0.235ns  ((TSJ^2 + TIJ^2)^1/2 + DJ) / 2 + PE + UU
    Total System Jitter     (TSJ):    0.071ns
    Total Input Jitter      (TIJ):    0.000ns
    Discrete Jitter          (DJ):    0.000ns
    Phase Error              (PE):    0.000ns
    User Uncertainty         (UU):    0.200ns

    Location             Delay type                Incr(ns)  Path(ns)    Netlist Resource(s)
  -------------------------------------------------------------------    -------------------
                         (clock clk_in rise edge)     0.000     0.000 r  
                                                      0.000     0.000 r  clk_in (IN)
                         net (fo=0)                   0.000     0.000    clk_in_IBUF_inst/I
                         INBUF (Prop_INBUF_PAD_O)     0.517     0.517 r  clk_in_IBUF_inst/INBUF_INST/O
                         net (fo=1, unplaced)         0.000     0.517    clk_in_IBUF_inst/OUT
                         IBUFCTRL (Prop_IBUFCTRL_I_O)
                                                      0.000     0.517 r  clk_in_IBUF_inst/IBUFCTRL_INST/O
                         net (fo=1, unplaced)         0.161     0.678    clk_in_IBUF
                         BUFGCE (Prop_BUFGCE_I_O)     0.028     0.706 r  bufg_clk/O
                         net (fo=64, unplaced)        2.584     3.290    u_lif/clk
                         FDRE                                         r  u_lif/internal_value_reg[15]/C
  -------------------------------------------------------------------    -------------------
                         FDRE (Prop_FDRE_C_Q)         0.077     3.367 r  u_lif/internal_value_reg[15]/Q
                         net (fo=7, unplaced)         0.117     3.484    u_lif/internal_value_reg_n_0_[15]
                         LUT4 (Prop_LUT4_I0_O)        0.139     3.623 r  u_lif/membrane_next__0_carry__1_i_7/O
                         net (fo=2, unplaced)         0.212     3.835    u_lif/membrane_next__0_carry__1_i_7_n_0
                         LUT5 (Prop_LUT5_I4_O)        0.037     3.872 r  u_lif/membrane_next__0_carry__1_i_15/O
                         net (fo=1, unplaced)         0.023     3.895    u_lif/membrane_next__0_carry__1_i_15_n_0
                         CARRY8 (Prop_CARRY8_S[1]_CO[7])
                                                      0.197     4.092 r  u_lif/membrane_next__0_carry__1/CO[7]
                         net (fo=1, unplaced)         0.005     4.097    u_lif/membrane_next__0_carry__1_n_0
                         CARRY8 (Prop_CARRY8_CI_O[2])
                                                      0.067     4.164 f  u_lif/membrane_next__0_carry__2/O[2]
                         net (fo=3, unplaced)         0.192     4.356    u_lif/membrane_next[26]
                         LUT2 (Prop_LUT2_I1_O)        0.074     4.430 f  u_lif/threshold_crossed0_carry__0_i_2/O
                         net (fo=1, unplaced)         0.231     4.661    u_lif/threshold_crossed0_carry__0_i_2_n_0
                         CARRY8 (Prop_CARRY8_DI[5]_CO[7])
                                                      0.097     4.758 f  u_lif/threshold_crossed0_carry__0/CO[7]
                         net (fo=30, unplaced)        0.148     4.906    u_lif/threshold_crossed0_carry__0_n_0
                         LUT6 (Prop_LUT6_I0_O)        0.038     4.944 r  u_lif/internal_value[11]_i_1/O
                         net (fo=1, unplaced)         0.048     4.992    u_lif/p_1_in[11]
                         FDRE                                         r  u_lif/internal_value_reg[11]/D
  -------------------------------------------------------------------    -------------------

                         (clock clk_in rise edge)    10.000    10.000 r  
                                                      0.000    10.000 r  clk_in (IN)
                         net (fo=0)                   0.000    10.000    clk_in_IBUF_inst/I
                         INBUF (Prop_INBUF_PAD_O)     0.267    10.267 r  clk_in_IBUF_inst/INBUF_INST/O
                         net (fo=1, unplaced)         0.000    10.267    clk_in_IBUF_inst/OUT
                         IBUFCTRL (Prop_IBUFCTRL_I_O)
                                                      0.000    10.267 r  clk_in_IBUF_inst/IBUFCTRL_INST/O
                         net (fo=1, unplaced)         0.133    10.400    clk_in_IBUF
                         BUFGCE (Prop_BUFGCE_I_O)     0.024    10.424 r  bufg_clk/O
                         net (fo=64, unplaced)        2.439    12.863    u_lif/clk
                         FDRE                                         r  u_lif/internal_value_reg[11]/C
                         clock pessimism              0.282    13.145    
                         clock uncertainty           -0.235    12.910    
                         FDRE (Setup_FDRE_C_D)        0.025    12.935    u_lif/internal_value_reg[11]
  -------------------------------------------------------------------
                         required time                         12.935    
                         arrival time                          -4.992    
  -------------------------------------------------------------------
                         slack                                  7.943    

Slack (MET) :             7.943ns  (required time - arrival time)
  Source:                 u_lif/internal_value_reg[15]/C
                            (rising edge-triggered cell FDRE clocked by clk_in  {rise@0.000ns fall@5.000ns period=10.000ns})
  Destination:            u_lif/internal_value_reg[12]/D
                            (rising edge-triggered cell FDRE clocked by clk_in  {rise@0.000ns fall@5.000ns period=10.000ns})
  Path Group:             clk_in
  Path Type:              Setup (Max at Slow Process Corner)
  Requirement:            10.000ns  (clk_in rise@10.000ns - clk_in rise@0.000ns)
  Data Path Delay:        1.702ns  (logic 0.726ns (42.656%)  route 0.976ns (57.344%))
  Logic Levels:           7  (CARRY8=3 LUT2=1 LUT4=1 LUT5=1 LUT6=1)
  Clock Path Skew:        -0.145ns (DCD - SCD + CPR)
    Destination Clock Delay (DCD):    2.863ns = ( 12.863 - 10.000 ) 
    Source Clock Delay      (SCD):    3.290ns
    Clock Pessimism Removal (CPR):    0.282ns
  Clock Uncertainty:      0.235ns  ((TSJ^2 + TIJ^2)^1/2 + DJ) / 2 + PE + UU
    Total System Jitter     (TSJ):    0.071ns
    Total Input Jitter      (TIJ):    0.000ns
    Discrete Jitter          (DJ):    0.000ns
    Phase Error              (PE):    0.000ns
    User Uncertainty         (UU):    0.200ns

    Location             Delay type                Incr(ns)  Path(ns)    Netlist Resource(s)
  -------------------------------------------------------------------    -------------------
                         (clock clk_in rise edge)     0.000     0.000 r  
                                                      0.000     0.000 r  clk_in (IN)
                         net (fo=0)                   0.000     0.000    clk_in_IBUF_inst/I
                         INBUF (Prop_INBUF_PAD_O)     0.517     0.517 r  clk_in_IBUF_inst/INBUF_INST/O
                         net (fo=1, unplaced)         0.000     0.517    clk_in_IBUF_inst/OUT
                         IBUFCTRL (Prop_IBUFCTRL_I_O)
                                                      0.000     0.517 r  clk_in_IBUF_inst/IBUFCTRL_INST/O
                         net (fo=1, unplaced)         0.161     0.678    clk_in_IBUF
                         BUFGCE (Prop_BUFGCE_I_O)     0.028     0.706 r  bufg_clk/O
                         net (fo=64, unplaced)        2.584     3.290    u_lif/clk
                         FDRE                                         r  u_lif/internal_value_reg[15]/C
  -------------------------------------------------------------------    -------------------
                         FDRE (Prop_FDRE_C_Q)         0.077     3.367 r  u_lif/internal_value_reg[15]/Q
                         net (fo=7, unplaced)         0.117     3.484    u_lif/internal_value_reg_n_0_[15]
                         LUT4 (Prop_LUT4_I0_O)        0.139     3.623 r  u_lif/membrane_next__0_carry__1_i_7/O
                         net (fo=2, unplaced)         0.212     3.835    u_lif/membrane_next__0_carry__1_i_7_n_0
                         LUT5 (Prop_LUT5_I4_O)        0.037     3.872 r  u_lif/membrane_next__0_carry__1_i_15/O
                         net (fo=1, unplaced)         0.023     3.895    u_lif/membrane_next__0_carry__1_i_15_n_0
                         CARRY8 (Prop_CARRY8_S[1]_CO[7])
                                                      0.197     4.092 r  u_lif/membrane_next__0_carry__1/CO[7]
                         net (fo=1, unplaced)         0.005     4.097    u_lif/membrane_next__0_carry__1_n_0
                         CARRY8 (Prop_CARRY8_CI_O[2])
                                                      0.067     4.164 f  u_lif/membrane_next__0_carry__2/O[2]
                         net (fo=3, unplaced)         0.192     4.356    u_lif/membrane_next[26]
                         LUT2 (Prop_LUT2_I1_O)        0.074     4.430 f  u_lif/threshold_crossed0_carry__0_i_2/O
                         net (fo=1, unplaced)         0.231     4.661    u_lif/threshold_crossed0_carry__0_i_2_n_0
                         CARRY8 (Prop_CARRY8_DI[5]_CO[7])
                                                      0.097     4.758 f  u_lif/threshold_crossed0_carry__0/CO[7]
                         net (fo=30, unplaced)        0.148     4.906    u_lif/threshold_crossed0_carry__0_n_0
                         LUT6 (Prop_LUT6_I0_O)        0.038     4.944 r  u_lif/internal_value[12]_i_1/O
                         net (fo=1, unplaced)         0.048     4.992    u_lif/p_1_in[12]
                         FDRE                                         r  u_lif/internal_value_reg[12]/D
  -------------------------------------------------------------------    -------------------

                         (clock clk_in rise edge)    10.000    10.000 r  
                                                      0.000    10.000 r  clk_in (IN)
                         net (fo=0)                   0.000    10.000    clk_in_IBUF_inst/I
                         INBUF (Prop_INBUF_PAD_O)     0.267    10.267 r  clk_in_IBUF_inst/INBUF_INST/O
                         net (fo=1, unplaced)         0.000    10.267    clk_in_IBUF_inst/OUT
                         IBUFCTRL (Prop_IBUFCTRL_I_O)
                                                      0.000    10.267 r  clk_in_IBUF_inst/IBUFCTRL_INST/O
                         net (fo=1, unplaced)         0.133    10.400    clk_in_IBUF
                         BUFGCE (Prop_BUFGCE_I_O)     0.024    10.424 r  bufg_clk/O
                         net (fo=64, unplaced)        2.439    12.863    u_lif/clk
                         FDRE                                         r  u_lif/internal_value_reg[12]/C
                         clock pessimism              0.282    13.145    
                         clock uncertainty           -0.235    12.910    
                         FDRE (Setup_FDRE_C_D)        0.025    12.935    u_lif/internal_value_reg[12]
  -------------------------------------------------------------------
                         required time                         12.935    
                         arrival time                          -4.992    
  -------------------------------------------------------------------
                         slack                                  7.943    

Slack (MET) :             7.943ns  (required time - arrival time)
  Source:                 u_lif/internal_value_reg[15]/C
                            (rising edge-triggered cell FDRE clocked by clk_in  {rise@0.000ns fall@5.000ns period=10.000ns})
  Destination:            u_lif/internal_value_reg[13]/D
                            (rising edge-triggered cell FDRE clocked by clk_in  {rise@0.000ns fall@5.000ns period=10.000ns})
  Path Group:             clk_in
  Path Type:              Setup (Max at Slow Process Corner)
  Requirement:            10.000ns  (clk_in rise@10.000ns - clk_in rise@0.000ns)
  Data Path Delay:        1.702ns  (logic 0.726ns (42.656%)  route 0.976ns (57.344%))
  Logic Levels:           7  (CARRY8=3 LUT2=1 LUT4=1 LUT5=1 LUT6=1)
  Clock Path Skew:        -0.145ns (DCD - SCD + CPR)
    Destination Clock Delay (DCD):    2.863ns = ( 12.863 - 10.000 ) 
    Source Clock Delay      (SCD):    3.290ns
    Clock Pessimism Removal (CPR):    0.282ns
  Clock Uncertainty:      0.235ns  ((TSJ^2 + TIJ^2)^1/2 + DJ) / 2 + PE + UU
    Total System Jitter     (TSJ):    0.071ns
    Total Input Jitter      (TIJ):    0.000ns
    Discrete Jitter          (DJ):    0.000ns
    Phase Error              (PE):    0.000ns
    User Uncertainty         (UU):    0.200ns

    Location             Delay type                Incr(ns)  Path(ns)    Netlist Resource(s)
  -------------------------------------------------------------------    -------------------
                         (clock clk_in rise edge)     0.000     0.000 r  
                                                      0.000     0.000 r  clk_in (IN)
                         net (fo=0)                   0.000     0.000    clk_in_IBUF_inst/I
                         INBUF (Prop_INBUF_PAD_O)     0.517     0.517 r  clk_in_IBUF_inst/INBUF_INST/O
                         net (fo=1, unplaced)         0.000     0.517    clk_in_IBUF_inst/OUT
                         IBUFCTRL (Prop_IBUFCTRL_I_O)
                                                      0.000     0.517 r  clk_in_IBUF_inst/IBUFCTRL_INST/O
                         net (fo=1, unplaced)         0.161     0.678    clk_in_IBUF
                         BUFGCE (Prop_BUFGCE_I_O)     0.028     0.706 r  bufg_clk/O
                         net (fo=64, unplaced)        2.584     3.290    u_lif/clk
                         FDRE                                         r  u_lif/internal_value_reg[15]/C
  -------------------------------------------------------------------    -------------------
                         FDRE (Prop_FDRE_C_Q)         0.077     3.367 r  u_lif/internal_value_reg[15]/Q
                         net (fo=7, unplaced)         0.117     3.484    u_lif/internal_value_reg_n_0_[15]
                         LUT4 (Prop_LUT4_I0_O)        0.139     3.623 r  u_lif/membrane_next__0_carry__1_i_7/O
                         net (fo=2, unplaced)         0.212     3.835    u_lif/membrane_next__0_carry__1_i_7_n_0
                         LUT5 (Prop_LUT5_I4_O)        0.037     3.872 r  u_lif/membrane_next__0_carry__1_i_15/O
                         net (fo=1, unplaced)         0.023     3.895    u_lif/membrane_next__0_carry__1_i_15_n_0
                         CARRY8 (Prop_CARRY8_S[1]_CO[7])
                                                      0.197     4.092 r  u_lif/membrane_next__0_carry__1/CO[7]
                         net (fo=1, unplaced)         0.005     4.097    u_lif/membrane_next__0_carry__1_n_0
                         CARRY8 (Prop_CARRY8_CI_O[2])
                                                      0.067     4.164 f  u_lif/membrane_next__0_carry__2/O[2]
                         net (fo=3, unplaced)         0.192     4.356    u_lif/membrane_next[26]
                         LUT2 (Prop_LUT2_I1_O)        0.074     4.430 f  u_lif/threshold_crossed0_carry__0_i_2/O
                         net (fo=1, unplaced)         0.231     4.661    u_lif/threshold_crossed0_carry__0_i_2_n_0
                         CARRY8 (Prop_CARRY8_DI[5]_CO[7])
                                                      0.097     4.758 f  u_lif/threshold_crossed0_carry__0/CO[7]
                         net (fo=30, unplaced)        0.148     4.906    u_lif/threshold_crossed0_carry__0_n_0
                         LUT6 (Prop_LUT6_I0_O)        0.038     4.944 r  u_lif/internal_value[13]_i_1/O
                         net (fo=1, unplaced)         0.048     4.992    u_lif/p_1_in[13]
                         FDRE                                         r  u_lif/internal_value_reg[13]/D
  -------------------------------------------------------------------    -------------------

                         (clock clk_in rise edge)    10.000    10.000 r  
                                                      0.000    10.000 r  clk_in (IN)
                         net (fo=0)                   0.000    10.000    clk_in_IBUF_inst/I
                         INBUF (Prop_INBUF_PAD_O)     0.267    10.267 r  clk_in_IBUF_inst/INBUF_INST/O
                         net (fo=1, unplaced)         0.000    10.267    clk_in_IBUF_inst/OUT
                         IBUFCTRL (Prop_IBUFCTRL_I_O)
                                                      0.000    10.267 r  clk_in_IBUF_inst/IBUFCTRL_INST/O
                         net (fo=1, unplaced)         0.133    10.400    clk_in_IBUF
                         BUFGCE (Prop_BUFGCE_I_O)     0.024    10.424 r  bufg_clk/O
                         net (fo=64, unplaced)        2.439    12.863    u_lif/clk
                         FDRE                                         r  u_lif/internal_value_reg[13]/C
                         clock pessimism              0.282    13.145    
                         clock uncertainty           -0.235    12.910    
                         FDRE (Setup_FDRE_C_D)        0.025    12.935    u_lif/internal_value_reg[13]
  -------------------------------------------------------------------
                         required time                         12.935    
                         arrival time                          -4.992    
  -------------------------------------------------------------------
                         slack                                  7.943    

Slack (MET) :             7.943ns  (required time - arrival time)
  Source:                 u_lif/internal_value_reg[15]/C
                            (rising edge-triggered cell FDRE clocked by clk_in  {rise@0.000ns fall@5.000ns period=10.000ns})
  Destination:            u_lif/internal_value_reg[14]/D
                            (rising edge-triggered cell FDRE clocked by clk_in  {rise@0.000ns fall@5.000ns period=10.000ns})
  Path Group:             clk_in
  Path Type:              Setup (Max at Slow Process Corner)
  Requirement:            10.000ns  (clk_in rise@10.000ns - clk_in rise@0.000ns)
  Data Path Delay:        1.702ns  (logic 0.726ns (42.656%)  route 0.976ns (57.344%))
  Logic Levels:           7  (CARRY8=3 LUT2=1 LUT4=1 LUT5=1 LUT6=1)
  Clock Path Skew:        -0.145ns (DCD - SCD + CPR)
    Destination Clock Delay (DCD):    2.863ns = ( 12.863 - 10.000 ) 
    Source Clock Delay      (SCD):    3.290ns
    Clock Pessimism Removal (CPR):    0.282ns
  Clock Uncertainty:      0.235ns  ((TSJ^2 + TIJ^2)^1/2 + DJ) / 2 + PE + UU
    Total System Jitter     (TSJ):    0.071ns
    Total Input Jitter      (TIJ):    0.000ns
    Discrete Jitter          (DJ):    0.000ns
    Phase Error              (PE):    0.000ns
    User Uncertainty         (UU):    0.200ns

    Location             Delay type                Incr(ns)  Path(ns)    Netlist Resource(s)
  -------------------------------------------------------------------    -------------------
                         (clock clk_in rise edge)     0.000     0.000 r  
                                                      0.000     0.000 r  clk_in (IN)
                         net (fo=0)                   0.000     0.000    clk_in_IBUF_inst/I
                         INBUF (Prop_INBUF_PAD_O)     0.517     0.517 r  clk_in_IBUF_inst/INBUF_INST/O
                         net (fo=1, unplaced)         0.000     0.517    clk_in_IBUF_inst/OUT
                         IBUFCTRL (Prop_IBUFCTRL_I_O)
                                                      0.000     0.517 r  clk_in_IBUF_inst/IBUFCTRL_INST/O
                         net (fo=1, unplaced)         0.161     0.678    clk_in_IBUF
                         BUFGCE (Prop_BUFGCE_I_O)     0.028     0.706 r  bufg_clk/O
                         net (fo=64, unplaced)        2.584     3.290    u_lif/clk
                         FDRE                                         r  u_lif/internal_value_reg[15]/C
  -------------------------------------------------------------------    -------------------
                         FDRE (Prop_FDRE_C_Q)         0.077     3.367 r  u_lif/internal_value_reg[15]/Q
                         net (fo=7, unplaced)         0.117     3.484    u_lif/internal_value_reg_n_0_[15]
                         LUT4 (Prop_LUT4_I0_O)        0.139     3.623 r  u_lif/membrane_next__0_carry__1_i_7/O
                         net (fo=2, unplaced)         0.212     3.835    u_lif/membrane_next__0_carry__1_i_7_n_0
                         LUT5 (Prop_LUT5_I4_O)        0.037     3.872 r  u_lif/membrane_next__0_carry__1_i_15/O
                         net (fo=1, unplaced)         0.023     3.895    u_lif/membrane_next__0_carry__1_i_15_n_0
                         CARRY8 (Prop_CARRY8_S[1]_CO[7])
                                                      0.197     4.092 r  u_lif/membrane_next__0_carry__1/CO[7]
                         net (fo=1, unplaced)         0.005     4.097    u_lif/membrane_next__0_carry__1_n_0
                         CARRY8 (Prop_CARRY8_CI_O[2])
                                                      0.067     4.164 f  u_lif/membrane_next__0_carry__2/O[2]
                         net (fo=3, unplaced)         0.192     4.356    u_lif/membrane_next[26]
                         LUT2 (Prop_LUT2_I1_O)        0.074     4.430 f  u_lif/threshold_crossed0_carry__0_i_2/O
                         net (fo=1, unplaced)         0.231     4.661    u_lif/threshold_crossed0_carry__0_i_2_n_0
                         CARRY8 (Prop_CARRY8_DI[5]_CO[7])
                                                      0.097     4.758 f  u_lif/threshold_crossed0_carry__0/CO[7]
                         net (fo=30, unplaced)        0.148     4.906    u_lif/threshold_crossed0_carry__0_n_0
                         LUT6 (Prop_LUT6_I0_O)        0.038     4.944 r  u_lif/internal_value[14]_i_1/O
                         net (fo=1, unplaced)         0.048     4.992    u_lif/p_1_in[14]
                         FDRE                                         r  u_lif/internal_value_reg[14]/D
  -------------------------------------------------------------------    -------------------

                         (clock clk_in rise edge)    10.000    10.000 r  
                                                      0.000    10.000 r  clk_in (IN)
                         net (fo=0)                   0.000    10.000    clk_in_IBUF_inst/I
                         INBUF (Prop_INBUF_PAD_O)     0.267    10.267 r  clk_in_IBUF_inst/INBUF_INST/O
                         net (fo=1, unplaced)         0.000    10.267    clk_in_IBUF_inst/OUT
                         IBUFCTRL (Prop_IBUFCTRL_I_O)
                                                      0.000    10.267 r  clk_in_IBUF_inst/IBUFCTRL_INST/O
                         net (fo=1, unplaced)         0.133    10.400    clk_in_IBUF
                         BUFGCE (Prop_BUFGCE_I_O)     0.024    10.424 r  bufg_clk/O
                         net (fo=64, unplaced)        2.439    12.863    u_lif/clk
                         FDRE                                         r  u_lif/internal_value_reg[14]/C
                         clock pessimism              0.282    13.145    
                         clock uncertainty           -0.235    12.910    
                         FDRE (Setup_FDRE_C_D)        0.025    12.935    u_lif/internal_value_reg[14]
  -------------------------------------------------------------------
                         required time                         12.935    
                         arrival time                          -4.992    
  -------------------------------------------------------------------
                         slack                                  7.943    

Slack (MET) :             7.943ns  (required time - arrival time)
  Source:                 u_lif/internal_value_reg[15]/C
                            (rising edge-triggered cell FDRE clocked by clk_in  {rise@0.000ns fall@5.000ns period=10.000ns})
  Destination:            u_lif/internal_value_reg[15]/D
                            (rising edge-triggered cell FDRE clocked by clk_in  {rise@0.000ns fall@5.000ns period=10.000ns})
  Path Group:             clk_in
  Path Type:              Setup (Max at Slow Process Corner)
  Requirement:            10.000ns  (clk_in rise@10.000ns - clk_in rise@0.000ns)
  Data Path Delay:        1.702ns  (logic 0.726ns (42.656%)  route 0.976ns (57.344%))
  Logic Levels:           7  (CARRY8=3 LUT2=1 LUT4=1 LUT5=1 LUT6=1)
  Clock Path Skew:        -0.145ns (DCD - SCD + CPR)
    Destination Clock Delay (DCD):    2.863ns = ( 12.863 - 10.000 ) 
    Source Clock Delay      (SCD):    3.290ns
    Clock Pessimism Removal (CPR):    0.282ns
  Clock Uncertainty:      0.235ns  ((TSJ^2 + TIJ^2)^1/2 + DJ) / 2 + PE + UU
    Total System Jitter     (TSJ):    0.071ns
    Total Input Jitter      (TIJ):    0.000ns
    Discrete Jitter          (DJ):    0.000ns
    Phase Error              (PE):    0.000ns
    User Uncertainty         (UU):    0.200ns

    Location             Delay type                Incr(ns)  Path(ns)    Netlist Resource(s)
  -------------------------------------------------------------------    -------------------
                         (clock clk_in rise edge)     0.000     0.000 r  
                                                      0.000     0.000 r  clk_in (IN)
                         net (fo=0)                   0.000     0.000    clk_in_IBUF_inst/I
                         INBUF (Prop_INBUF_PAD_O)     0.517     0.517 r  clk_in_IBUF_inst/INBUF_INST/O
                         net (fo=1, unplaced)         0.000     0.517    clk_in_IBUF_inst/OUT
                         IBUFCTRL (Prop_IBUFCTRL_I_O)
                                                      0.000     0.517 r  clk_in_IBUF_inst/IBUFCTRL_INST/O
                         net (fo=1, unplaced)         0.161     0.678    clk_in_IBUF
                         BUFGCE (Prop_BUFGCE_I_O)     0.028     0.706 r  bufg_clk/O
                         net (fo=64, unplaced)        2.584     3.290    u_lif/clk
                         FDRE                                         r  u_lif/internal_value_reg[15]/C
  -------------------------------------------------------------------    -------------------
                         FDRE (Prop_FDRE_C_Q)         0.077     3.367 r  u_lif/internal_value_reg[15]/Q
                         net (fo=7, unplaced)         0.117     3.484    u_lif/internal_value_reg_n_0_[15]
                         LUT4 (Prop_LUT4_I0_O)        0.139     3.623 r  u_lif/membrane_next__0_carry__1_i_7/O
                         net (fo=2, unplaced)         0.212     3.835    u_lif/membrane_next__0_carry__1_i_7_n_0
                         LUT5 (Prop_LUT5_I4_O)        0.037     3.872 r  u_lif/membrane_next__0_carry__1_i_15/O
                         net (fo=1, unplaced)         0.023     3.895    u_lif/membrane_next__0_carry__1_i_15_n_0
                         CARRY8 (Prop_CARRY8_S[1]_CO[7])
                                                      0.197     4.092 r  u_lif/membrane_next__0_carry__1/CO[7]
                         net (fo=1, unplaced)         0.005     4.097    u_lif/membrane_next__0_carry__1_n_0
                         CARRY8 (Prop_CARRY8_CI_O[2])
                                                      0.067     4.164 f  u_lif/membrane_next__0_carry__2/O[2]
                         net (fo=3, unplaced)         0.192     4.356    u_lif/membrane_next[26]
                         LUT2 (Prop_LUT2_I1_O)        0.074     4.430 f  u_lif/threshold_crossed0_carry__0_i_2/O
                         net (fo=1, unplaced)         0.231     4.661    u_lif/threshold_crossed0_carry__0_i_2_n_0
                         CARRY8 (Prop_CARRY8_DI[5]_CO[7])
                                                      0.097     4.758 f  u_lif/threshold_crossed0_carry__0/CO[7]
                         net (fo=30, unplaced)        0.148     4.906    u_lif/threshold_crossed0_carry__0_n_0
                         LUT6 (Prop_LUT6_I0_O)        0.038     4.944 r  u_lif/internal_value[15]_i_1/O
                         net (fo=1, unplaced)         0.048     4.992    u_lif/p_1_in[15]
                         FDRE                                         r  u_lif/internal_value_reg[15]/D
  -------------------------------------------------------------------    -------------------

                         (clock clk_in rise edge)    10.000    10.000 r  
                                                      0.000    10.000 r  clk_in (IN)
                         net (fo=0)                   0.000    10.000    clk_in_IBUF_inst/I
                         INBUF (Prop_INBUF_PAD_O)     0.267    10.267 r  clk_in_IBUF_inst/INBUF_INST/O
                         net (fo=1, unplaced)         0.000    10.267    clk_in_IBUF_inst/OUT
                         IBUFCTRL (Prop_IBUFCTRL_I_O)
                                                      0.000    10.267 r  clk_in_IBUF_inst/IBUFCTRL_INST/O
                         net (fo=1, unplaced)         0.133    10.400    clk_in_IBUF
                         BUFGCE (Prop_BUFGCE_I_O)     0.024    10.424 r  bufg_clk/O
                         net (fo=64, unplaced)        2.439    12.863    u_lif/clk
                         FDRE                                         r  u_lif/internal_value_reg[15]/C
                         clock pessimism              0.282    13.145    
                         clock uncertainty           -0.235    12.910    
                         FDRE (Setup_FDRE_C_D)        0.025    12.935    u_lif/internal_value_reg[15]
  -------------------------------------------------------------------
                         required time                         12.935    
                         arrival time                          -4.992    
  -------------------------------------------------------------------
                         slack                                  7.943    

Slack (MET) :             7.943ns  (required time - arrival time)
  Source:                 u_lif/internal_value_reg[15]/C
                            (rising edge-triggered cell FDRE clocked by clk_in  {rise@0.000ns fall@5.000ns period=10.000ns})
  Destination:            u_lif/internal_value_reg[16]/D
                            (rising edge-triggered cell FDRE clocked by clk_in  {rise@0.000ns fall@5.000ns period=10.000ns})
  Path Group:             clk_in
  Path Type:              Setup (Max at Slow Process Corner)
  Requirement:            10.000ns  (clk_in rise@10.000ns - clk_in rise@0.000ns)
  Data Path Delay:        1.702ns  (logic 0.726ns (42.656%)  route 0.976ns (57.344%))
  Logic Levels:           7  (CARRY8=3 LUT2=1 LUT4=1 LUT5=1 LUT6=1)
  Clock Path Skew:        -0.145ns (DCD - SCD + CPR)
    Destination Clock Delay (DCD):    2.863ns = ( 12.863 - 10.000 ) 
    Source Clock Delay      (SCD):    3.290ns
    Clock Pessimism Removal (CPR):    0.282ns
  Clock Uncertainty:      0.235ns  ((TSJ^2 + TIJ^2)^1/2 + DJ) / 2 + PE + UU
    Total System Jitter     (TSJ):    0.071ns
    Total Input Jitter      (TIJ):    0.000ns
    Discrete Jitter          (DJ):    0.000ns
    Phase Error              (PE):    0.000ns
    User Uncertainty         (UU):    0.200ns

    Location             Delay type                Incr(ns)  Path(ns)    Netlist Resource(s)
  -------------------------------------------------------------------    -------------------
                         (clock clk_in rise edge)     0.000     0.000 r  
                                                      0.000     0.000 r  clk_in (IN)
                         net (fo=0)                   0.000     0.000    clk_in_IBUF_inst/I
                         INBUF (Prop_INBUF_PAD_O)     0.517     0.517 r  clk_in_IBUF_inst/INBUF_INST/O
                         net (fo=1, unplaced)         0.000     0.517    clk_in_IBUF_inst/OUT
                         IBUFCTRL (Prop_IBUFCTRL_I_O)
                                                      0.000     0.517 r  clk_in_IBUF_inst/IBUFCTRL_INST/O
                         net (fo=1, unplaced)         0.161     0.678    clk_in_IBUF
                         BUFGCE (Prop_BUFGCE_I_O)     0.028     0.706 r  bufg_clk/O
                         net (fo=64, unplaced)        2.584     3.290    u_lif/clk
                         FDRE                                         r  u_lif/internal_value_reg[15]/C
  -------------------------------------------------------------------    -------------------
                         FDRE (Prop_FDRE_C_Q)         0.077     3.367 r  u_lif/internal_value_reg[15]/Q
                         net (fo=7, unplaced)         0.117     3.484    u_lif/internal_value_reg_n_0_[15]
                         LUT4 (Prop_LUT4_I0_O)        0.139     3.623 r  u_lif/membrane_next__0_carry__1_i_7/O
                         net (fo=2, unplaced)         0.212     3.835    u_lif/membrane_next__0_carry__1_i_7_n_0
                         LUT5 (Prop_LUT5_I4_O)        0.037     3.872 r  u_lif/membrane_next__0_carry__1_i_15/O
                         net (fo=1, unplaced)         0.023     3.895    u_lif/membrane_next__0_carry__1_i_15_n_0
                         CARRY8 (Prop_CARRY8_S[1]_CO[7])
                                                      0.197     4.092 r  u_lif/membrane_next__0_carry__1/CO[7]
                         net (fo=1, unplaced)         0.005     4.097    u_lif/membrane_next__0_carry__1_n_0
                         CARRY8 (Prop_CARRY8_CI_O[2])
                                                      0.067     4.164 f  u_lif/membrane_next__0_carry__2/O[2]
                         net (fo=3, unplaced)         0.192     4.356    u_lif/membrane_next[26]
                         LUT2 (Prop_LUT2_I1_O)        0.074     4.430 f  u_lif/threshold_crossed0_carry__0_i_2/O
                         net (fo=1, unplaced)         0.231     4.661    u_lif/threshold_crossed0_carry__0_i_2_n_0
                         CARRY8 (Prop_CARRY8_DI[5]_CO[7])
                                                      0.097     4.758 f  u_lif/threshold_crossed0_carry__0/CO[7]
                         net (fo=30, unplaced)        0.148     4.906    u_lif/threshold_crossed0_carry__0_n_0
                         LUT6 (Prop_LUT6_I0_O)        0.038     4.944 r  u_lif/internal_value[16]_i_1/O
                         net (fo=1, unplaced)         0.048     4.992    u_lif/p_1_in[16]
                         FDRE                                         r  u_lif/internal_value_reg[16]/D
  -------------------------------------------------------------------    -------------------

                         (clock clk_in rise edge)    10.000    10.000 r  
                                                      0.000    10.000 r  clk_in (IN)
                         net (fo=0)                   0.000    10.000    clk_in_IBUF_inst/I
                         INBUF (Prop_INBUF_PAD_O)     0.267    10.267 r  clk_in_IBUF_inst/INBUF_INST/O
                         net (fo=1, unplaced)         0.000    10.267    clk_in_IBUF_inst/OUT
                         IBUFCTRL (Prop_IBUFCTRL_I_O)
                                                      0.000    10.267 r  clk_in_IBUF_inst/IBUFCTRL_INST/O
                         net (fo=1, unplaced)         0.133    10.400    clk_in_IBUF
                         BUFGCE (Prop_BUFGCE_I_O)     0.024    10.424 r  bufg_clk/O
                         net (fo=64, unplaced)        2.439    12.863    u_lif/clk
                         FDRE                                         r  u_lif/internal_value_reg[16]/C
                         clock pessimism              0.282    13.145    
                         clock uncertainty           -0.235    12.910    
                         FDRE (Setup_FDRE_C_D)        0.025    12.935    u_lif/internal_value_reg[16]
  -------------------------------------------------------------------
                         required time                         12.935    
                         arrival time                          -4.992    
  -------------------------------------------------------------------
                         slack                                  7.943    

Slack (MET) :             7.943ns  (required time - arrival time)
  Source:                 u_lif/internal_value_reg[15]/C
                            (rising edge-triggered cell FDRE clocked by clk_in  {rise@0.000ns fall@5.000ns period=10.000ns})
  Destination:            u_lif/internal_value_reg[17]/D
                            (rising edge-triggered cell FDRE clocked by clk_in  {rise@0.000ns fall@5.000ns period=10.000ns})
  Path Group:             clk_in
  Path Type:              Setup (Max at Slow Process Corner)
  Requirement:            10.000ns  (clk_in rise@10.000ns - clk_in rise@0.000ns)
  Data Path Delay:        1.702ns  (logic 0.726ns (42.656%)  route 0.976ns (57.344%))
  Logic Levels:           7  (CARRY8=3 LUT2=1 LUT4=1 LUT5=1 LUT6=1)
  Clock Path Skew:        -0.145ns (DCD - SCD + CPR)
    Destination Clock Delay (DCD):    2.863ns = ( 12.863 - 10.000 ) 
    Source Clock Delay      (SCD):    3.290ns
    Clock Pessimism Removal (CPR):    0.282ns
  Clock Uncertainty:      0.235ns  ((TSJ^2 + TIJ^2)^1/2 + DJ) / 2 + PE + UU
    Total System Jitter     (TSJ):    0.071ns
    Total Input Jitter      (TIJ):    0.000ns
    Discrete Jitter          (DJ):    0.000ns
    Phase Error              (PE):    0.000ns
    User Uncertainty         (UU):    0.200ns

    Location             Delay type                Incr(ns)  Path(ns)    Netlist Resource(s)
  -------------------------------------------------------------------    -------------------
                         (clock clk_in rise edge)     0.000     0.000 r  
                                                      0.000     0.000 r  clk_in (IN)
                         net (fo=0)                   0.000     0.000    clk_in_IBUF_inst/I
                         INBUF (Prop_INBUF_PAD_O)     0.517     0.517 r  clk_in_IBUF_inst/INBUF_INST/O
                         net (fo=1, unplaced)         0.000     0.517    clk_in_IBUF_inst/OUT
                         IBUFCTRL (Prop_IBUFCTRL_I_O)
                                                      0.000     0.517 r  clk_in_IBUF_inst/IBUFCTRL_INST/O
                         net (fo=1, unplaced)         0.161     0.678    clk_in_IBUF
                         BUFGCE (Prop_BUFGCE_I_O)     0.028     0.706 r  bufg_clk/O
                         net (fo=64, unplaced)        2.584     3.290    u_lif/clk
                         FDRE                                         r  u_lif/internal_value_reg[15]/C
  -------------------------------------------------------------------    -------------------
                         FDRE (Prop_FDRE_C_Q)         0.077     3.367 r  u_lif/internal_value_reg[15]/Q
                         net (fo=7, unplaced)         0.117     3.484    u_lif/internal_value_reg_n_0_[15]
                         LUT4 (Prop_LUT4_I0_O)        0.139     3.623 r  u_lif/membrane_next__0_carry__1_i_7/O
                         net (fo=2, unplaced)         0.212     3.835    u_lif/membrane_next__0_carry__1_i_7_n_0
                         LUT5 (Prop_LUT5_I4_O)        0.037     3.872 r  u_lif/membrane_next__0_carry__1_i_15/O
                         net (fo=1, unplaced)         0.023     3.895    u_lif/membrane_next__0_carry__1_i_15_n_0
                         CARRY8 (Prop_CARRY8_S[1]_CO[7])
                                                      0.197     4.092 r  u_lif/membrane_next__0_carry__1/CO[7]
                         net (fo=1, unplaced)         0.005     4.097    u_lif/membrane_next__0_carry__1_n_0
                         CARRY8 (Prop_CARRY8_CI_O[2])
                                                      0.067     4.164 f  u_lif/membrane_next__0_carry__2/O[2]
                         net (fo=3, unplaced)         0.192     4.356    u_lif/membrane_next[26]
                         LUT2 (Prop_LUT2_I1_O)        0.074     4.430 f  u_lif/threshold_crossed0_carry__0_i_2/O
                         net (fo=1, unplaced)         0.231     4.661    u_lif/threshold_crossed0_carry__0_i_2_n_0
                         CARRY8 (Prop_CARRY8_DI[5]_CO[7])
                                                      0.097     4.758 f  u_lif/threshold_crossed0_carry__0/CO[7]
                         net (fo=30, unplaced)        0.148     4.906    u_lif/threshold_crossed0_carry__0_n_0
                         LUT6 (Prop_LUT6_I0_O)        0.038     4.944 r  u_lif/internal_value[17]_i_1/O
                         net (fo=1, unplaced)         0.048     4.992    u_lif/p_1_in[17]
                         FDRE                                         r  u_lif/internal_value_reg[17]/D
  -------------------------------------------------------------------    -------------------

                         (clock clk_in rise edge)    10.000    10.000 r  
                                                      0.000    10.000 r  clk_in (IN)
                         net (fo=0)                   0.000    10.000    clk_in_IBUF_inst/I
                         INBUF (Prop_INBUF_PAD_O)     0.267    10.267 r  clk_in_IBUF_inst/INBUF_INST/O
                         net (fo=1, unplaced)         0.000    10.267    clk_in_IBUF_inst/OUT
                         IBUFCTRL (Prop_IBUFCTRL_I_O)
                                                      0.000    10.267 r  clk_in_IBUF_inst/IBUFCTRL_INST/O
                         net (fo=1, unplaced)         0.133    10.400    clk_in_IBUF
                         BUFGCE (Prop_BUFGCE_I_O)     0.024    10.424 r  bufg_clk/O
                         net (fo=64, unplaced)        2.439    12.863    u_lif/clk
                         FDRE                                         r  u_lif/internal_value_reg[17]/C
                         clock pessimism              0.282    13.145    
                         clock uncertainty           -0.235    12.910    
                         FDRE (Setup_FDRE_C_D)        0.025    12.935    u_lif/internal_value_reg[17]
  -------------------------------------------------------------------
                         required time                         12.935    
                         arrival time                          -4.992    
  -------------------------------------------------------------------
                         slack                                  7.943    

Slack (MET) :             7.943ns  (required time - arrival time)
  Source:                 u_lif/internal_value_reg[15]/C
                            (rising edge-triggered cell FDRE clocked by clk_in  {rise@0.000ns fall@5.000ns period=10.000ns})
  Destination:            u_lif/internal_value_reg[18]/D
                            (rising edge-triggered cell FDRE clocked by clk_in  {rise@0.000ns fall@5.000ns period=10.000ns})
  Path Group:             clk_in
  Path Type:              Setup (Max at Slow Process Corner)
  Requirement:            10.000ns  (clk_in rise@10.000ns - clk_in rise@0.000ns)
  Data Path Delay:        1.702ns  (logic 0.726ns (42.656%)  route 0.976ns (57.344%))
  Logic Levels:           7  (CARRY8=3 LUT2=1 LUT4=1 LUT5=1 LUT6=1)
  Clock Path Skew:        -0.145ns (DCD - SCD + CPR)
    Destination Clock Delay (DCD):    2.863ns = ( 12.863 - 10.000 ) 
    Source Clock Delay      (SCD):    3.290ns
    Clock Pessimism Removal (CPR):    0.282ns
  Clock Uncertainty:      0.235ns  ((TSJ^2 + TIJ^2)^1/2 + DJ) / 2 + PE + UU
    Total System Jitter     (TSJ):    0.071ns
    Total Input Jitter      (TIJ):    0.000ns
    Discrete Jitter          (DJ):    0.000ns
    Phase Error              (PE):    0.000ns
    User Uncertainty         (UU):    0.200ns

    Location             Delay type                Incr(ns)  Path(ns)    Netlist Resource(s)
  -------------------------------------------------------------------    -------------------
                         (clock clk_in rise edge)     0.000     0.000 r  
                                                      0.000     0.000 r  clk_in (IN)
                         net (fo=0)                   0.000     0.000    clk_in_IBUF_inst/I
                         INBUF (Prop_INBUF_PAD_O)     0.517     0.517 r  clk_in_IBUF_inst/INBUF_INST/O
                         net (fo=1, unplaced)         0.000     0.517    clk_in_IBUF_inst/OUT
                         IBUFCTRL (Prop_IBUFCTRL_I_O)
                                                      0.000     0.517 r  clk_in_IBUF_inst/IBUFCTRL_INST/O
                         net (fo=1, unplaced)         0.161     0.678    clk_in_IBUF
                         BUFGCE (Prop_BUFGCE_I_O)     0.028     0.706 r  bufg_clk/O
                         net (fo=64, unplaced)        2.584     3.290    u_lif/clk
                         FDRE                                         r  u_lif/internal_value_reg[15]/C
  -------------------------------------------------------------------    -------------------
                         FDRE (Prop_FDRE_C_Q)         0.077     3.367 r  u_lif/internal_value_reg[15]/Q
                         net (fo=7, unplaced)         0.117     3.484    u_lif/internal_value_reg_n_0_[15]
                         LUT4 (Prop_LUT4_I0_O)        0.139     3.623 r  u_lif/membrane_next__0_carry__1_i_7/O
                         net (fo=2, unplaced)         0.212     3.835    u_lif/membrane_next__0_carry__1_i_7_n_0
                         LUT5 (Prop_LUT5_I4_O)        0.037     3.872 r  u_lif/membrane_next__0_carry__1_i_15/O
                         net (fo=1, unplaced)         0.023     3.895    u_lif/membrane_next__0_carry__1_i_15_n_0
                         CARRY8 (Prop_CARRY8_S[1]_CO[7])
                                                      0.197     4.092 r  u_lif/membrane_next__0_carry__1/CO[7]
                         net (fo=1, unplaced)         0.005     4.097    u_lif/membrane_next__0_carry__1_n_0
                         CARRY8 (Prop_CARRY8_CI_O[2])
                                                      0.067     4.164 f  u_lif/membrane_next__0_carry__2/O[2]
                         net (fo=3, unplaced)         0.192     4.356    u_lif/membrane_next[26]
                         LUT2 (Prop_LUT2_I1_O)        0.074     4.430 f  u_lif/threshold_crossed0_carry__0_i_2/O
                         net (fo=1, unplaced)         0.231     4.661    u_lif/threshold_crossed0_carry__0_i_2_n_0
                         CARRY8 (Prop_CARRY8_DI[5]_CO[7])
                                                      0.097     4.758 f  u_lif/threshold_crossed0_carry__0/CO[7]
                         net (fo=30, unplaced)        0.148     4.906    u_lif/threshold_crossed0_carry__0_n_0
                         LUT6 (Prop_LUT6_I0_O)        0.038     4.944 r  u_lif/internal_value[18]_i_1/O
                         net (fo=1, unplaced)         0.048     4.992    u_lif/p_1_in[18]
                         FDRE                                         r  u_lif/internal_value_reg[18]/D
  -------------------------------------------------------------------    -------------------

                         (clock clk_in rise edge)    10.000    10.000 r  
                                                      0.000    10.000 r  clk_in (IN)
                         net (fo=0)                   0.000    10.000    clk_in_IBUF_inst/I
                         INBUF (Prop_INBUF_PAD_O)     0.267    10.267 r  clk_in_IBUF_inst/INBUF_INST/O
                         net (fo=1, unplaced)         0.000    10.267    clk_in_IBUF_inst/OUT
                         IBUFCTRL (Prop_IBUFCTRL_I_O)
                                                      0.000    10.267 r  clk_in_IBUF_inst/IBUFCTRL_INST/O
                         net (fo=1, unplaced)         0.133    10.400    clk_in_IBUF
                         BUFGCE (Prop_BUFGCE_I_O)     0.024    10.424 r  bufg_clk/O
                         net (fo=64, unplaced)        2.439    12.863    u_lif/clk
                         FDRE                                         r  u_lif/internal_value_reg[18]/C
                         clock pessimism              0.282    13.145    
                         clock uncertainty           -0.235    12.910    
                         FDRE (Setup_FDRE_C_D)        0.025    12.935    u_lif/internal_value_reg[18]
  -------------------------------------------------------------------
                         required time                         12.935    
                         arrival time                          -4.992    
  -------------------------------------------------------------------
                         slack                                  7.943    

Slack (MET) :             7.943ns  (required time - arrival time)
  Source:                 u_lif/internal_value_reg[15]/C
                            (rising edge-triggered cell FDRE clocked by clk_in  {rise@0.000ns fall@5.000ns period=10.000ns})
  Destination:            u_lif/internal_value_reg[19]/D
                            (rising edge-triggered cell FDRE clocked by clk_in  {rise@0.000ns fall@5.000ns period=10.000ns})
  Path Group:             clk_in
  Path Type:              Setup (Max at Slow Process Corner)
  Requirement:            10.000ns  (clk_in rise@10.000ns - clk_in rise@0.000ns)
  Data Path Delay:        1.702ns  (logic 0.726ns (42.656%)  route 0.976ns (57.344%))
  Logic Levels:           7  (CARRY8=3 LUT2=1 LUT4=1 LUT5=1 LUT6=1)
  Clock Path Skew:        -0.145ns (DCD - SCD + CPR)
    Destination Clock Delay (DCD):    2.863ns = ( 12.863 - 10.000 ) 
    Source Clock Delay      (SCD):    3.290ns
    Clock Pessimism Removal (CPR):    0.282ns
  Clock Uncertainty:      0.235ns  ((TSJ^2 + TIJ^2)^1/2 + DJ) / 2 + PE + UU
    Total System Jitter     (TSJ):    0.071ns
    Total Input Jitter      (TIJ):    0.000ns
    Discrete Jitter          (DJ):    0.000ns
    Phase Error              (PE):    0.000ns
    User Uncertainty         (UU):    0.200ns

    Location             Delay type                Incr(ns)  Path(ns)    Netlist Resource(s)
  -------------------------------------------------------------------    -------------------
                         (clock clk_in rise edge)     0.000     0.000 r  
                                                      0.000     0.000 r  clk_in (IN)
                         net (fo=0)                   0.000     0.000    clk_in_IBUF_inst/I
                         INBUF (Prop_INBUF_PAD_O)     0.517     0.517 r  clk_in_IBUF_inst/INBUF_INST/O
                         net (fo=1, unplaced)         0.000     0.517    clk_in_IBUF_inst/OUT
                         IBUFCTRL (Prop_IBUFCTRL_I_O)
                                                      0.000     0.517 r  clk_in_IBUF_inst/IBUFCTRL_INST/O
                         net (fo=1, unplaced)         0.161     0.678    clk_in_IBUF
                         BUFGCE (Prop_BUFGCE_I_O)     0.028     0.706 r  bufg_clk/O
                         net (fo=64, unplaced)        2.584     3.290    u_lif/clk
                         FDRE                                         r  u_lif/internal_value_reg[15]/C
  -------------------------------------------------------------------    -------------------
                         FDRE (Prop_FDRE_C_Q)         0.077     3.367 r  u_lif/internal_value_reg[15]/Q
                         net (fo=7, unplaced)         0.117     3.484    u_lif/internal_value_reg_n_0_[15]
                         LUT4 (Prop_LUT4_I0_O)        0.139     3.623 r  u_lif/membrane_next__0_carry__1_i_7/O
                         net (fo=2, unplaced)         0.212     3.835    u_lif/membrane_next__0_carry__1_i_7_n_0
                         LUT5 (Prop_LUT5_I4_O)        0.037     3.872 r  u_lif/membrane_next__0_carry__1_i_15/O
                         net (fo=1, unplaced)         0.023     3.895    u_lif/membrane_next__0_carry__1_i_15_n_0
                         CARRY8 (Prop_CARRY8_S[1]_CO[7])
                                                      0.197     4.092 r  u_lif/membrane_next__0_carry__1/CO[7]
                         net (fo=1, unplaced)         0.005     4.097    u_lif/membrane_next__0_carry__1_n_0
                         CARRY8 (Prop_CARRY8_CI_O[2])
                                                      0.067     4.164 f  u_lif/membrane_next__0_carry__2/O[2]
                         net (fo=3, unplaced)         0.192     4.356    u_lif/membrane_next[26]
                         LUT2 (Prop_LUT2_I1_O)        0.074     4.430 f  u_lif/threshold_crossed0_carry__0_i_2/O
                         net (fo=1, unplaced)         0.231     4.661    u_lif/threshold_crossed0_carry__0_i_2_n_0
                         CARRY8 (Prop_CARRY8_DI[5]_CO[7])
                                                      0.097     4.758 f  u_lif/threshold_crossed0_carry__0/CO[7]
                         net (fo=30, unplaced)        0.148     4.906    u_lif/threshold_crossed0_carry__0_n_0
                         LUT6 (Prop_LUT6_I0_O)        0.038     4.944 r  u_lif/internal_value[19]_i_1/O
                         net (fo=1, unplaced)         0.048     4.992    u_lif/p_1_in[19]
                         FDRE                                         r  u_lif/internal_value_reg[19]/D
  -------------------------------------------------------------------    -------------------

                         (clock clk_in rise edge)    10.000    10.000 r  
                                                      0.000    10.000 r  clk_in (IN)
                         net (fo=0)                   0.000    10.000    clk_in_IBUF_inst/I
                         INBUF (Prop_INBUF_PAD_O)     0.267    10.267 r  clk_in_IBUF_inst/INBUF_INST/O
                         net (fo=1, unplaced)         0.000    10.267    clk_in_IBUF_inst/OUT
                         IBUFCTRL (Prop_IBUFCTRL_I_O)
                                                      0.000    10.267 r  clk_in_IBUF_inst/IBUFCTRL_INST/O
                         net (fo=1, unplaced)         0.133    10.400    clk_in_IBUF
                         BUFGCE (Prop_BUFGCE_I_O)     0.024    10.424 r  bufg_clk/O
                         net (fo=64, unplaced)        2.439    12.863    u_lif/clk
                         FDRE                                         r  u_lif/internal_value_reg[19]/C
                         clock pessimism              0.282    13.145    
                         clock uncertainty           -0.235    12.910    
                         FDRE (Setup_FDRE_C_D)        0.025    12.935    u_lif/internal_value_reg[19]
  -------------------------------------------------------------------
                         required time                         12.935    
                         arrival time                          -4.992    
  -------------------------------------------------------------------
                         slack                                  7.943    

Slack (MET) :             7.943ns  (required time - arrival time)
  Source:                 u_lif/internal_value_reg[15]/C
                            (rising edge-triggered cell FDRE clocked by clk_in  {rise@0.000ns fall@5.000ns period=10.000ns})
  Destination:            u_lif/internal_value_reg[1]/D
                            (rising edge-triggered cell FDRE clocked by clk_in  {rise@0.000ns fall@5.000ns period=10.000ns})
  Path Group:             clk_in
  Path Type:              Setup (Max at Slow Process Corner)
  Requirement:            10.000ns  (clk_in rise@10.000ns - clk_in rise@0.000ns)
  Data Path Delay:        1.702ns  (logic 0.726ns (42.656%)  route 0.976ns (57.344%))
  Logic Levels:           7  (CARRY8=3 LUT2=1 LUT4=1 LUT5=1 LUT6=1)
  Clock Path Skew:        -0.145ns (DCD - SCD + CPR)
    Destination Clock Delay (DCD):    2.863ns = ( 12.863 - 10.000 ) 
    Source Clock Delay      (SCD):    3.290ns
    Clock Pessimism Removal (CPR):    0.282ns
  Clock Uncertainty:      0.235ns  ((TSJ^2 + TIJ^2)^1/2 + DJ) / 2 + PE + UU
    Total System Jitter     (TSJ):    0.071ns
    Total Input Jitter      (TIJ):    0.000ns
    Discrete Jitter          (DJ):    0.000ns
    Phase Error              (PE):    0.000ns
    User Uncertainty         (UU):    0.200ns

    Location             Delay type                Incr(ns)  Path(ns)    Netlist Resource(s)
  -------------------------------------------------------------------    -------------------
                         (clock clk_in rise edge)     0.000     0.000 r  
                                                      0.000     0.000 r  clk_in (IN)
                         net (fo=0)                   0.000     0.000    clk_in_IBUF_inst/I
                         INBUF (Prop_INBUF_PAD_O)     0.517     0.517 r  clk_in_IBUF_inst/INBUF_INST/O
                         net (fo=1, unplaced)         0.000     0.517    clk_in_IBUF_inst/OUT
                         IBUFCTRL (Prop_IBUFCTRL_I_O)
                                                      0.000     0.517 r  clk_in_IBUF_inst/IBUFCTRL_INST/O
                         net (fo=1, unplaced)         0.161     0.678    clk_in_IBUF
                         BUFGCE (Prop_BUFGCE_I_O)     0.028     0.706 r  bufg_clk/O
                         net (fo=64, unplaced)        2.584     3.290    u_lif/clk
                         FDRE                                         r  u_lif/internal_value_reg[15]/C
  -------------------------------------------------------------------    -------------------
                         FDRE (Prop_FDRE_C_Q)         0.077     3.367 r  u_lif/internal_value_reg[15]/Q
                         net (fo=7, unplaced)         0.117     3.484    u_lif/internal_value_reg_n_0_[15]
                         LUT4 (Prop_LUT4_I0_O)        0.139     3.623 r  u_lif/membrane_next__0_carry__1_i_7/O
                         net (fo=2, unplaced)         0.212     3.835    u_lif/membrane_next__0_carry__1_i_7_n_0
                         LUT5 (Prop_LUT5_I4_O)        0.037     3.872 r  u_lif/membrane_next__0_carry__1_i_15/O
                         net (fo=1, unplaced)         0.023     3.895    u_lif/membrane_next__0_carry__1_i_15_n_0
                         CARRY8 (Prop_CARRY8_S[1]_CO[7])
                                                      0.197     4.092 r  u_lif/membrane_next__0_carry__1/CO[7]
                         net (fo=1, unplaced)         0.005     4.097    u_lif/membrane_next__0_carry__1_n_0
                         CARRY8 (Prop_CARRY8_CI_O[2])
                                                      0.067     4.164 f  u_lif/membrane_next__0_carry__2/O[2]
                         net (fo=3, unplaced)         0.192     4.356    u_lif/membrane_next[26]
                         LUT2 (Prop_LUT2_I1_O)        0.074     4.430 f  u_lif/threshold_crossed0_carry__0_i_2/O
                         net (fo=1, unplaced)         0.231     4.661    u_lif/threshold_crossed0_carry__0_i_2_n_0
                         CARRY8 (Prop_CARRY8_DI[5]_CO[7])
                                                      0.097     4.758 f  u_lif/threshold_crossed0_carry__0/CO[7]
                         net (fo=30, unplaced)        0.148     4.906    u_lif/threshold_crossed0_carry__0_n_0
                         LUT6 (Prop_LUT6_I0_O)        0.038     4.944 r  u_lif/internal_value[1]_i_1/O
                         net (fo=1, unplaced)         0.048     4.992    u_lif/p_1_in[1]
                         FDRE                                         r  u_lif/internal_value_reg[1]/D
  -------------------------------------------------------------------    -------------------

                         (clock clk_in rise edge)    10.000    10.000 r  
                                                      0.000    10.000 r  clk_in (IN)
                         net (fo=0)                   0.000    10.000    clk_in_IBUF_inst/I
                         INBUF (Prop_INBUF_PAD_O)     0.267    10.267 r  clk_in_IBUF_inst/INBUF_INST/O
                         net (fo=1, unplaced)         0.000    10.267    clk_in_IBUF_inst/OUT
                         IBUFCTRL (Prop_IBUFCTRL_I_O)
                                                      0.000    10.267 r  clk_in_IBUF_inst/IBUFCTRL_INST/O
                         net (fo=1, unplaced)         0.133    10.400    clk_in_IBUF
                         BUFGCE (Prop_BUFGCE_I_O)     0.024    10.424 r  bufg_clk/O
                         net (fo=64, unplaced)        2.439    12.863    u_lif/clk
                         FDRE                                         r  u_lif/internal_value_reg[1]/C
                         clock pessimism              0.282    13.145    
                         clock uncertainty           -0.235    12.910    
                         FDRE (Setup_FDRE_C_D)        0.025    12.935    u_lif/internal_value_reg[1]
  -------------------------------------------------------------------
                         required time                         12.935    
                         arrival time                          -4.992    
  -------------------------------------------------------------------
                         slack                                  7.943    

Slack (MET) :             7.943ns  (required time - arrival time)
  Source:                 u_lif/internal_value_reg[15]/C
                            (rising edge-triggered cell FDRE clocked by clk_in  {rise@0.000ns fall@5.000ns period=10.000ns})
  Destination:            u_lif/internal_value_reg[20]/D
                            (rising edge-triggered cell FDRE clocked by clk_in  {rise@0.000ns fall@5.000ns period=10.000ns})
  Path Group:             clk_in
  Path Type:              Setup (Max at Slow Process Corner)
  Requirement:            10.000ns  (clk_in rise@10.000ns - clk_in rise@0.000ns)
  Data Path Delay:        1.702ns  (logic 0.726ns (42.656%)  route 0.976ns (57.344%))
  Logic Levels:           7  (CARRY8=3 LUT2=1 LUT4=1 LUT5=1 LUT6=1)
  Clock Path Skew:        -0.145ns (DCD - SCD + CPR)
    Destination Clock Delay (DCD):    2.863ns = ( 12.863 - 10.000 ) 
    Source Clock Delay      (SCD):    3.290ns
    Clock Pessimism Removal (CPR):    0.282ns
  Clock Uncertainty:      0.235ns  ((TSJ^2 + TIJ^2)^1/2 + DJ) / 2 + PE + UU
    Total System Jitter     (TSJ):    0.071ns
    Total Input Jitter      (TIJ):    0.000ns
    Discrete Jitter          (DJ):    0.000ns
    Phase Error              (PE):    0.000ns
    User Uncertainty         (UU):    0.200ns

    Location             Delay type                Incr(ns)  Path(ns)    Netlist Resource(s)
  -------------------------------------------------------------------    -------------------
                         (clock clk_in rise edge)     0.000     0.000 r  
                                                      0.000     0.000 r  clk_in (IN)
                         net (fo=0)                   0.000     0.000    clk_in_IBUF_inst/I
                         INBUF (Prop_INBUF_PAD_O)     0.517     0.517 r  clk_in_IBUF_inst/INBUF_INST/O
                         net (fo=1, unplaced)         0.000     0.517    clk_in_IBUF_inst/OUT
                         IBUFCTRL (Prop_IBUFCTRL_I_O)
                                                      0.000     0.517 r  clk_in_IBUF_inst/IBUFCTRL_INST/O
                         net (fo=1, unplaced)         0.161     0.678    clk_in_IBUF
                         BUFGCE (Prop_BUFGCE_I_O)     0.028     0.706 r  bufg_clk/O
                         net (fo=64, unplaced)        2.584     3.290    u_lif/clk
                         FDRE                                         r  u_lif/internal_value_reg[15]/C
  -------------------------------------------------------------------    -------------------
                         FDRE (Prop_FDRE_C_Q)         0.077     3.367 r  u_lif/internal_value_reg[15]/Q
                         net (fo=7, unplaced)         0.117     3.484    u_lif/internal_value_reg_n_0_[15]
                         LUT4 (Prop_LUT4_I0_O)        0.139     3.623 r  u_lif/membrane_next__0_carry__1_i_7/O
                         net (fo=2, unplaced)         0.212     3.835    u_lif/membrane_next__0_carry__1_i_7_n_0
                         LUT5 (Prop_LUT5_I4_O)        0.037     3.872 r  u_lif/membrane_next__0_carry__1_i_15/O
                         net (fo=1, unplaced)         0.023     3.895    u_lif/membrane_next__0_carry__1_i_15_n_0
                         CARRY8 (Prop_CARRY8_S[1]_CO[7])
                                                      0.197     4.092 r  u_lif/membrane_next__0_carry__1/CO[7]
                         net (fo=1, unplaced)         0.005     4.097    u_lif/membrane_next__0_carry__1_n_0
                         CARRY8 (Prop_CARRY8_CI_O[2])
                                                      0.067     4.164 f  u_lif/membrane_next__0_carry__2/O[2]
                         net (fo=3, unplaced)         0.192     4.356    u_lif/membrane_next[26]
                         LUT2 (Prop_LUT2_I1_O)        0.074     4.430 f  u_lif/threshold_crossed0_carry__0_i_2/O
                         net (fo=1, unplaced)         0.231     4.661    u_lif/threshold_crossed0_carry__0_i_2_n_0
                         CARRY8 (Prop_CARRY8_DI[5]_CO[7])
                                                      0.097     4.758 f  u_lif/threshold_crossed0_carry__0/CO[7]
                         net (fo=30, unplaced)        0.148     4.906    u_lif/threshold_crossed0_carry__0_n_0
                         LUT6 (Prop_LUT6_I0_O)        0.038     4.944 r  u_lif/internal_value[20]_i_1/O
                         net (fo=1, unplaced)         0.048     4.992    u_lif/p_1_in[20]
                         FDRE                                         r  u_lif/internal_value_reg[20]/D
  -------------------------------------------------------------------    -------------------

                         (clock clk_in rise edge)    10.000    10.000 r  
                                                      0.000    10.000 r  clk_in (IN)
                         net (fo=0)                   0.000    10.000    clk_in_IBUF_inst/I
                         INBUF (Prop_INBUF_PAD_O)     0.267    10.267 r  clk_in_IBUF_inst/INBUF_INST/O
                         net (fo=1, unplaced)         0.000    10.267    clk_in_IBUF_inst/OUT
                         IBUFCTRL (Prop_IBUFCTRL_I_O)
                                                      0.000    10.267 r  clk_in_IBUF_inst/IBUFCTRL_INST/O
                         net (fo=1, unplaced)         0.133    10.400    clk_in_IBUF
                         BUFGCE (Prop_BUFGCE_I_O)     0.024    10.424 r  bufg_clk/O
                         net (fo=64, unplaced)        2.439    12.863    u_lif/clk
                         FDRE                                         r  u_lif/internal_value_reg[20]/C
                         clock pessimism              0.282    13.145    
                         clock uncertainty           -0.235    12.910    
                         FDRE (Setup_FDRE_C_D)        0.025    12.935    u_lif/internal_value_reg[20]
  -------------------------------------------------------------------
                         required time                         12.935    
                         arrival time                          -4.992    
  -------------------------------------------------------------------
                         slack                                  7.943    

Slack (MET) :             7.943ns  (required time - arrival time)
  Source:                 u_lif/internal_value_reg[15]/C
                            (rising edge-triggered cell FDRE clocked by clk_in  {rise@0.000ns fall@5.000ns period=10.000ns})
  Destination:            u_lif/internal_value_reg[21]/D
                            (rising edge-triggered cell FDRE clocked by clk_in  {rise@0.000ns fall@5.000ns period=10.000ns})
  Path Group:             clk_in
  Path Type:              Setup (Max at Slow Process Corner)
  Requirement:            10.000ns  (clk_in rise@10.000ns - clk_in rise@0.000ns)
  Data Path Delay:        1.702ns  (logic 0.726ns (42.656%)  route 0.976ns (57.344%))
  Logic Levels:           7  (CARRY8=3 LUT2=1 LUT4=1 LUT5=1 LUT6=1)
  Clock Path Skew:        -0.145ns (DCD - SCD + CPR)
    Destination Clock Delay (DCD):    2.863ns = ( 12.863 - 10.000 ) 
    Source Clock Delay      (SCD):    3.290ns
    Clock Pessimism Removal (CPR):    0.282ns
  Clock Uncertainty:      0.235ns  ((TSJ^2 + TIJ^2)^1/2 + DJ) / 2 + PE + UU
    Total System Jitter     (TSJ):    0.071ns
    Total Input Jitter      (TIJ):    0.000ns
    Discrete Jitter          (DJ):    0.000ns
    Phase Error              (PE):    0.000ns
    User Uncertainty         (UU):    0.200ns

    Location             Delay type                Incr(ns)  Path(ns)    Netlist Resource(s)
  -------------------------------------------------------------------    -------------------
                         (clock clk_in rise edge)     0.000     0.000 r  
                                                      0.000     0.000 r  clk_in (IN)
                         net (fo=0)                   0.000     0.000    clk_in_IBUF_inst/I
                         INBUF (Prop_INBUF_PAD_O)     0.517     0.517 r  clk_in_IBUF_inst/INBUF_INST/O
                         net (fo=1, unplaced)         0.000     0.517    clk_in_IBUF_inst/OUT
                         IBUFCTRL (Prop_IBUFCTRL_I_O)
                                                      0.000     0.517 r  clk_in_IBUF_inst/IBUFCTRL_INST/O
                         net (fo=1, unplaced)         0.161     0.678    clk_in_IBUF
                         BUFGCE (Prop_BUFGCE_I_O)     0.028     0.706 r  bufg_clk/O
                         net (fo=64, unplaced)        2.584     3.290    u_lif/clk
                         FDRE                                         r  u_lif/internal_value_reg[15]/C
  -------------------------------------------------------------------    -------------------
                         FDRE (Prop_FDRE_C_Q)         0.077     3.367 r  u_lif/internal_value_reg[15]/Q
                         net (fo=7, unplaced)         0.117     3.484    u_lif/internal_value_reg_n_0_[15]
                         LUT4 (Prop_LUT4_I0_O)        0.139     3.623 r  u_lif/membrane_next__0_carry__1_i_7/O
                         net (fo=2, unplaced)         0.212     3.835    u_lif/membrane_next__0_carry__1_i_7_n_0
                         LUT5 (Prop_LUT5_I4_O)        0.037     3.872 r  u_lif/membrane_next__0_carry__1_i_15/O
                         net (fo=1, unplaced)         0.023     3.895    u_lif/membrane_next__0_carry__1_i_15_n_0
                         CARRY8 (Prop_CARRY8_S[1]_CO[7])
                                                      0.197     4.092 r  u_lif/membrane_next__0_carry__1/CO[7]
                         net (fo=1, unplaced)         0.005     4.097    u_lif/membrane_next__0_carry__1_n_0
                         CARRY8 (Prop_CARRY8_CI_O[2])
                                                      0.067     4.164 f  u_lif/membrane_next__0_carry__2/O[2]
                         net (fo=3, unplaced)         0.192     4.356    u_lif/membrane_next[26]
                         LUT2 (Prop_LUT2_I1_O)        0.074     4.430 f  u_lif/threshold_crossed0_carry__0_i_2/O
                         net (fo=1, unplaced)         0.231     4.661    u_lif/threshold_crossed0_carry__0_i_2_n_0
                         CARRY8 (Prop_CARRY8_DI[5]_CO[7])
                                                      0.097     4.758 f  u_lif/threshold_crossed0_carry__0/CO[7]
                         net (fo=30, unplaced)        0.148     4.906    u_lif/threshold_crossed0_carry__0_n_0
                         LUT6 (Prop_LUT6_I0_O)        0.038     4.944 r  u_lif/internal_value[21]_i_1/O
                         net (fo=1, unplaced)         0.048     4.992    u_lif/p_1_in[21]
                         FDRE                                         r  u_lif/internal_value_reg[21]/D
  -------------------------------------------------------------------    -------------------

                         (clock clk_in rise edge)    10.000    10.000 r  
                                                      0.000    10.000 r  clk_in (IN)
                         net (fo=0)                   0.000    10.000    clk_in_IBUF_inst/I
                         INBUF (Prop_INBUF_PAD_O)     0.267    10.267 r  clk_in_IBUF_inst/INBUF_INST/O
                         net (fo=1, unplaced)         0.000    10.267    clk_in_IBUF_inst/OUT
                         IBUFCTRL (Prop_IBUFCTRL_I_O)
                                                      0.000    10.267 r  clk_in_IBUF_inst/IBUFCTRL_INST/O
                         net (fo=1, unplaced)         0.133    10.400    clk_in_IBUF
                         BUFGCE (Prop_BUFGCE_I_O)     0.024    10.424 r  bufg_clk/O
                         net (fo=64, unplaced)        2.439    12.863    u_lif/clk
                         FDRE                                         r  u_lif/internal_value_reg[21]/C
                         clock pessimism              0.282    13.145    
                         clock uncertainty           -0.235    12.910    
                         FDRE (Setup_FDRE_C_D)        0.025    12.935    u_lif/internal_value_reg[21]
  -------------------------------------------------------------------
                         required time                         12.935    
                         arrival time                          -4.992    
  -------------------------------------------------------------------
                         slack                                  7.943    





Min Delay Paths
--------------------------------------------------------------------------------------
Slack (VIOLATED) :        -2.840ns  (arrival time - required time)
  Source:                 enable
                            (input port clocked by clk_in  {rise@0.000ns fall@5.000ns period=10.000ns})
  Destination:            enable_r_reg/D
                            (rising edge-triggered cell FDRE clocked by clk_in  {rise@0.000ns fall@5.000ns period=10.000ns})
  Path Group:             clk_in
  Path Type:              Hold (Min at Slow Process Corner)
  Requirement:            0.000ns  (clk_in rise@0.000ns - clk_in rise@0.000ns)
  Data Path Delay:        0.710ns  (logic 0.267ns (37.604%)  route 0.443ns (62.396%))
  Logic Levels:           2  (IBUFCTRL=1 INBUF=1)
  Input Delay:            0.000ns
  Clock Path Skew:        3.290ns (DCD - SCD - CPR)
    Destination Clock Delay (DCD):    3.290ns
    Source Clock Delay      (SCD):    0.000ns
    Clock Pessimism Removal (CPR):    -0.000ns
  Clock Uncertainty:      0.200ns  ((TSJ^2 + TIJ^2)^1/2 + DJ) / 2 + PE + UU
    Total System Jitter     (TSJ):    0.000ns
    Total Input Jitter      (TIJ):    0.000ns
    Discrete Jitter          (DJ):    0.000ns
    Phase Error              (PE):    0.000ns
    User Uncertainty         (UU):    0.200ns

    Location             Delay type                Incr(ns)  Path(ns)    Netlist Resource(s)
  -------------------------------------------------------------------    -------------------
                         (clock clk_in rise edge)     0.000     0.000 r  
                         input delay                  0.000     0.000    
                                                      0.000     0.000 r  enable (IN)
                         net (fo=0)                   0.000     0.000    enable_IBUF_inst/I
                         INBUF (Prop_INBUF_PAD_O)     0.267     0.267 r  enable_IBUF_inst/INBUF_INST/O
                         net (fo=1, unplaced)         0.000     0.267    enable_IBUF_inst/OUT
                         IBUFCTRL (Prop_IBUFCTRL_I_O)
                                                      0.000     0.267 r  enable_IBUF_inst/IBUFCTRL_INST/O
                         net (fo=1, unplaced)         0.443     0.710    enable_IBUF
                         FDRE                                         r  enable_r_reg/D
  -------------------------------------------------------------------    -------------------

                         (clock clk_in rise edge)     0.000     0.000 r  
                                                      0.000     0.000 r  clk_in (IN)
                         net (fo=0)                   0.000     0.000    clk_in_IBUF_inst/I
                         INBUF (Prop_INBUF_PAD_O)     0.517     0.517 r  clk_in_IBUF_inst/INBUF_INST/O
                         net (fo=1, unplaced)         0.000     0.517    clk_in_IBUF_inst/OUT
                         IBUFCTRL (Prop_IBUFCTRL_I_O)
                                                      0.000     0.517 r  clk_in_IBUF_inst/IBUFCTRL_INST/O
                         net (fo=1, unplaced)         0.161     0.678    clk_in_IBUF
                         BUFGCE (Prop_BUFGCE_I_O)     0.028     0.706 r  bufg_clk/O
                         net (fo=64, unplaced)        2.584     3.290    clk
                         FDRE                                         r  enable_r_reg/C
                         clock pessimism              0.000     3.290    
                         clock uncertainty            0.200     3.490    
                         FDRE (Hold_FDRE_C_D)         0.060     3.550    enable_r_reg
  -------------------------------------------------------------------
                         required time                         -3.550    
                         arrival time                           0.710    
  -------------------------------------------------------------------
                         slack                                 -2.840    

Slack (VIOLATED) :        -2.840ns  (arrival time - required time)
  Source:                 input_current[0]
                            (input port clocked by clk_in  {rise@0.000ns fall@5.000ns period=10.000ns})
  Destination:            input_current_r_reg[0]/D
                            (rising edge-triggered cell FDRE clocked by clk_in  {rise@0.000ns fall@5.000ns period=10.000ns})
  Path Group:             clk_in
  Path Type:              Hold (Min at Slow Process Corner)
  Requirement:            0.000ns  (clk_in rise@0.000ns - clk_in rise@0.000ns)
  Data Path Delay:        0.710ns  (logic 0.267ns (37.604%)  route 0.443ns (62.396%))
  Logic Levels:           2  (IBUFCTRL=1 INBUF=1)
  Input Delay:            0.000ns
  Clock Path Skew:        3.290ns (DCD - SCD - CPR)
    Destination Clock Delay (DCD):    3.290ns
    Source Clock Delay      (SCD):    0.000ns
    Clock Pessimism Removal (CPR):    -0.000ns
  Clock Uncertainty:      0.200ns  ((TSJ^2 + TIJ^2)^1/2 + DJ) / 2 + PE + UU
    Total System Jitter     (TSJ):    0.000ns
    Total Input Jitter      (TIJ):    0.000ns
    Discrete Jitter          (DJ):    0.000ns
    Phase Error              (PE):    0.000ns
    User Uncertainty         (UU):    0.200ns

    Location             Delay type                Incr(ns)  Path(ns)    Netlist Resource(s)
  -------------------------------------------------------------------    -------------------
                         (clock clk_in rise edge)     0.000     0.000 r  
                         input delay                  0.000     0.000    
                                                      0.000     0.000 r  input_current[0] (IN)
                         net (fo=0)                   0.000     0.000    input_current_IBUF[0]_inst/I
                         INBUF (Prop_INBUF_PAD_O)     0.267     0.267 r  input_current_IBUF[0]_inst/INBUF_INST/O
                         net (fo=1, unplaced)         0.000     0.267    input_current_IBUF[0]_inst/OUT
                         IBUFCTRL (Prop_IBUFCTRL_I_O)
                                                      0.000     0.267 r  input_current_IBUF[0]_inst/IBUFCTRL_INST/O
                         net (fo=1, unplaced)         0.443     0.710    input_current_IBUF[0]
                         FDRE                                         r  input_current_r_reg[0]/D
  -------------------------------------------------------------------    -------------------

                         (clock clk_in rise edge)     0.000     0.000 r  
                                                      0.000     0.000 r  clk_in (IN)
                         net (fo=0)                   0.000     0.000    clk_in_IBUF_inst/I
                         INBUF (Prop_INBUF_PAD_O)     0.517     0.517 r  clk_in_IBUF_inst/INBUF_INST/O
                         net (fo=1, unplaced)         0.000     0.517    clk_in_IBUF_inst/OUT
                         IBUFCTRL (Prop_IBUFCTRL_I_O)
                                                      0.000     0.517 r  clk_in_IBUF_inst/IBUFCTRL_INST/O
                         net (fo=1, unplaced)         0.161     0.678    clk_in_IBUF
                         BUFGCE (Prop_BUFGCE_I_O)     0.028     0.706 r  bufg_clk/O
                         net (fo=64, unplaced)        2.584     3.290    clk
                         FDRE                                         r  input_current_r_reg[0]/C
                         clock pessimism              0.000     3.290    
                         clock uncertainty            0.200     3.490    
                         FDRE (Hold_FDRE_C_D)         0.060     3.550    input_current_r_reg[0]
  -------------------------------------------------------------------
                         required time                         -3.550    
                         arrival time                           0.710    
  -------------------------------------------------------------------
                         slack                                 -2.840    

Slack (VIOLATED) :        -2.840ns  (arrival time - required time)
  Source:                 input_current[10]
                            (input port clocked by clk_in  {rise@0.000ns fall@5.000ns period=10.000ns})
  Destination:            input_current_r_reg[10]/D
                            (rising edge-triggered cell FDRE clocked by clk_in  {rise@0.000ns fall@5.000ns period=10.000ns})
  Path Group:             clk_in
  Path Type:              Hold (Min at Slow Process Corner)
  Requirement:            0.000ns  (clk_in rise@0.000ns - clk_in rise@0.000ns)
  Data Path Delay:        0.710ns  (logic 0.267ns (37.604%)  route 0.443ns (62.396%))
  Logic Levels:           2  (IBUFCTRL=1 INBUF=1)
  Input Delay:            0.000ns
  Clock Path Skew:        3.290ns (DCD - SCD - CPR)
    Destination Clock Delay (DCD):    3.290ns
    Source Clock Delay      (SCD):    0.000ns
    Clock Pessimism Removal (CPR):    -0.000ns
  Clock Uncertainty:      0.200ns  ((TSJ^2 + TIJ^2)^1/2 + DJ) / 2 + PE + UU
    Total System Jitter     (TSJ):    0.000ns
    Total Input Jitter      (TIJ):    0.000ns
    Discrete Jitter          (DJ):    0.000ns
    Phase Error              (PE):    0.000ns
    User Uncertainty         (UU):    0.200ns

    Location             Delay type                Incr(ns)  Path(ns)    Netlist Resource(s)
  -------------------------------------------------------------------    -------------------
                         (clock clk_in rise edge)     0.000     0.000 r  
                         input delay                  0.000     0.000    
                                                      0.000     0.000 r  input_current[10] (IN)
                         net (fo=0)                   0.000     0.000    input_current_IBUF[10]_inst/I
                         INBUF (Prop_INBUF_PAD_O)     0.267     0.267 r  input_current_IBUF[10]_inst/INBUF_INST/O
                         net (fo=1, unplaced)         0.000     0.267    input_current_IBUF[10]_inst/OUT
                         IBUFCTRL (Prop_IBUFCTRL_I_O)
                                                      0.000     0.267 r  input_current_IBUF[10]_inst/IBUFCTRL_INST/O
                         net (fo=1, unplaced)         0.443     0.710    input_current_IBUF[10]
                         FDRE                                         r  input_current_r_reg[10]/D
  -------------------------------------------------------------------    -------------------

                         (clock clk_in rise edge)     0.000     0.000 r  
                                                      0.000     0.000 r  clk_in (IN)
                         net (fo=0)                   0.000     0.000    clk_in_IBUF_inst/I
                         INBUF (Prop_INBUF_PAD_O)     0.517     0.517 r  clk_in_IBUF_inst/INBUF_INST/O
                         net (fo=1, unplaced)         0.000     0.517    clk_in_IBUF_inst/OUT
                         IBUFCTRL (Prop_IBUFCTRL_I_O)
                                                      0.000     0.517 r  clk_in_IBUF_inst/IBUFCTRL_INST/O
                         net (fo=1, unplaced)         0.161     0.678    clk_in_IBUF
                         BUFGCE (Prop_BUFGCE_I_O)     0.028     0.706 r  bufg_clk/O
                         net (fo=64, unplaced)        2.584     3.290    clk
                         FDRE                                         r  input_current_r_reg[10]/C
                         clock pessimism              0.000     3.290    
                         clock uncertainty            0.200     3.490    
                         FDRE (Hold_FDRE_C_D)         0.060     3.550    input_current_r_reg[10]
  -------------------------------------------------------------------
                         required time                         -3.550    
                         arrival time                           0.710    
  -------------------------------------------------------------------
                         slack                                 -2.840    

Slack (VIOLATED) :        -2.840ns  (arrival time - required time)
  Source:                 input_current[11]
                            (input port clocked by clk_in  {rise@0.000ns fall@5.000ns period=10.000ns})
  Destination:            input_current_r_reg[11]/D
                            (rising edge-triggered cell FDRE clocked by clk_in  {rise@0.000ns fall@5.000ns period=10.000ns})
  Path Group:             clk_in
  Path Type:              Hold (Min at Slow Process Corner)
  Requirement:            0.000ns  (clk_in rise@0.000ns - clk_in rise@0.000ns)
  Data Path Delay:        0.710ns  (logic 0.267ns (37.604%)  route 0.443ns (62.396%))
  Logic Levels:           2  (IBUFCTRL=1 INBUF=1)
  Input Delay:            0.000ns
  Clock Path Skew:        3.290ns (DCD - SCD - CPR)
    Destination Clock Delay (DCD):    3.290ns
    Source Clock Delay      (SCD):    0.000ns
    Clock Pessimism Removal (CPR):    -0.000ns
  Clock Uncertainty:      0.200ns  ((TSJ^2 + TIJ^2)^1/2 + DJ) / 2 + PE + UU
    Total System Jitter     (TSJ):    0.000ns
    Total Input Jitter      (TIJ):    0.000ns
    Discrete Jitter          (DJ):    0.000ns
    Phase Error              (PE):    0.000ns
    User Uncertainty         (UU):    0.200ns

    Location             Delay type                Incr(ns)  Path(ns)    Netlist Resource(s)
  -------------------------------------------------------------------    -------------------
                         (clock clk_in rise edge)     0.000     0.000 r  
                         input delay                  0.000     0.000    
                                                      0.000     0.000 r  input_current[11] (IN)
                         net (fo=0)                   0.000     0.000    input_current_IBUF[11]_inst/I
                         INBUF (Prop_INBUF_PAD_O)     0.267     0.267 r  input_current_IBUF[11]_inst/INBUF_INST/O
                         net (fo=1, unplaced)         0.000     0.267    input_current_IBUF[11]_inst/OUT
                         IBUFCTRL (Prop_IBUFCTRL_I_O)
                                                      0.000     0.267 r  input_current_IBUF[11]_inst/IBUFCTRL_INST/O
                         net (fo=1, unplaced)         0.443     0.710    input_current_IBUF[11]
                         FDRE                                         r  input_current_r_reg[11]/D
  -------------------------------------------------------------------    -------------------

                         (clock clk_in rise edge)     0.000     0.000 r  
                                                      0.000     0.000 r  clk_in (IN)
                         net (fo=0)                   0.000     0.000    clk_in_IBUF_inst/I
                         INBUF (Prop_INBUF_PAD_O)     0.517     0.517 r  clk_in_IBUF_inst/INBUF_INST/O
                         net (fo=1, unplaced)         0.000     0.517    clk_in_IBUF_inst/OUT
                         IBUFCTRL (Prop_IBUFCTRL_I_O)
                                                      0.000     0.517 r  clk_in_IBUF_inst/IBUFCTRL_INST/O
                         net (fo=1, unplaced)         0.161     0.678    clk_in_IBUF
                         BUFGCE (Prop_BUFGCE_I_O)     0.028     0.706 r  bufg_clk/O
                         net (fo=64, unplaced)        2.584     3.290    clk
                         FDRE                                         r  input_current_r_reg[11]/C
                         clock pessimism              0.000     3.290    
                         clock uncertainty            0.200     3.490    
                         FDRE (Hold_FDRE_C_D)         0.060     3.550    input_current_r_reg[11]
  -------------------------------------------------------------------
                         required time                         -3.550    
                         arrival time                           0.710    
  -------------------------------------------------------------------
                         slack                                 -2.840    

Slack (VIOLATED) :        -2.840ns  (arrival time - required time)
  Source:                 input_current[12]
                            (input port clocked by clk_in  {rise@0.000ns fall@5.000ns period=10.000ns})
  Destination:            input_current_r_reg[12]/D
                            (rising edge-triggered cell FDRE clocked by clk_in  {rise@0.000ns fall@5.000ns period=10.000ns})
  Path Group:             clk_in
  Path Type:              Hold (Min at Slow Process Corner)
  Requirement:            0.000ns  (clk_in rise@0.000ns - clk_in rise@0.000ns)
  Data Path Delay:        0.710ns  (logic 0.267ns (37.604%)  route 0.443ns (62.396%))
  Logic Levels:           2  (IBUFCTRL=1 INBUF=1)
  Input Delay:            0.000ns
  Clock Path Skew:        3.290ns (DCD - SCD - CPR)
    Destination Clock Delay (DCD):    3.290ns
    Source Clock Delay      (SCD):    0.000ns
    Clock Pessimism Removal (CPR):    -0.000ns
  Clock Uncertainty:      0.200ns  ((TSJ^2 + TIJ^2)^1/2 + DJ) / 2 + PE + UU
    Total System Jitter     (TSJ):    0.000ns
    Total Input Jitter      (TIJ):    0.000ns
    Discrete Jitter          (DJ):    0.000ns
    Phase Error              (PE):    0.000ns
    User Uncertainty         (UU):    0.200ns

    Location             Delay type                Incr(ns)  Path(ns)    Netlist Resource(s)
  -------------------------------------------------------------------    -------------------
                         (clock clk_in rise edge)     0.000     0.000 r  
                         input delay                  0.000     0.000    
                                                      0.000     0.000 r  input_current[12] (IN)
                         net (fo=0)                   0.000     0.000    input_current_IBUF[12]_inst/I
                         INBUF (Prop_INBUF_PAD_O)     0.267     0.267 r  input_current_IBUF[12]_inst/INBUF_INST/O
                         net (fo=1, unplaced)         0.000     0.267    input_current_IBUF[12]_inst/OUT
                         IBUFCTRL (Prop_IBUFCTRL_I_O)
                                                      0.000     0.267 r  input_current_IBUF[12]_inst/IBUFCTRL_INST/O
                         net (fo=1, unplaced)         0.443     0.710    input_current_IBUF[12]
                         FDRE                                         r  input_current_r_reg[12]/D
  -------------------------------------------------------------------    -------------------

                         (clock clk_in rise edge)     0.000     0.000 r  
                                                      0.000     0.000 r  clk_in (IN)
                         net (fo=0)                   0.000     0.000    clk_in_IBUF_inst/I
                         INBUF (Prop_INBUF_PAD_O)     0.517     0.517 r  clk_in_IBUF_inst/INBUF_INST/O
                         net (fo=1, unplaced)         0.000     0.517    clk_in_IBUF_inst/OUT
                         IBUFCTRL (Prop_IBUFCTRL_I_O)
                                                      0.000     0.517 r  clk_in_IBUF_inst/IBUFCTRL_INST/O
                         net (fo=1, unplaced)         0.161     0.678    clk_in_IBUF
                         BUFGCE (Prop_BUFGCE_I_O)     0.028     0.706 r  bufg_clk/O
                         net (fo=64, unplaced)        2.584     3.290    clk
                         FDRE                                         r  input_current_r_reg[12]/C
                         clock pessimism              0.000     3.290    
                         clock uncertainty            0.200     3.490    
                         FDRE (Hold_FDRE_C_D)         0.060     3.550    input_current_r_reg[12]
  -------------------------------------------------------------------
                         required time                         -3.550    
                         arrival time                           0.710    
  -------------------------------------------------------------------
                         slack                                 -2.840    

Slack (VIOLATED) :        -2.840ns  (arrival time - required time)
  Source:                 input_current[13]
                            (input port clocked by clk_in  {rise@0.000ns fall@5.000ns period=10.000ns})
  Destination:            input_current_r_reg[13]/D
                            (rising edge-triggered cell FDRE clocked by clk_in  {rise@0.000ns fall@5.000ns period=10.000ns})
  Path Group:             clk_in
  Path Type:              Hold (Min at Slow Process Corner)
  Requirement:            0.000ns  (clk_in rise@0.000ns - clk_in rise@0.000ns)
  Data Path Delay:        0.710ns  (logic 0.267ns (37.604%)  route 0.443ns (62.396%))
  Logic Levels:           2  (IBUFCTRL=1 INBUF=1)
  Input Delay:            0.000ns
  Clock Path Skew:        3.290ns (DCD - SCD - CPR)
    Destination Clock Delay (DCD):    3.290ns
    Source Clock Delay      (SCD):    0.000ns
    Clock Pessimism Removal (CPR):    -0.000ns
  Clock Uncertainty:      0.200ns  ((TSJ^2 + TIJ^2)^1/2 + DJ) / 2 + PE + UU
    Total System Jitter     (TSJ):    0.000ns
    Total Input Jitter      (TIJ):    0.000ns
    Discrete Jitter          (DJ):    0.000ns
    Phase Error              (PE):    0.000ns
    User Uncertainty         (UU):    0.200ns

    Location             Delay type                Incr(ns)  Path(ns)    Netlist Resource(s)
  -------------------------------------------------------------------    -------------------
                         (clock clk_in rise edge)     0.000     0.000 r  
                         input delay                  0.000     0.000    
                                                      0.000     0.000 r  input_current[13] (IN)
                         net (fo=0)                   0.000     0.000    input_current_IBUF[13]_inst/I
                         INBUF (Prop_INBUF_PAD_O)     0.267     0.267 r  input_current_IBUF[13]_inst/INBUF_INST/O
                         net (fo=1, unplaced)         0.000     0.267    input_current_IBUF[13]_inst/OUT
                         IBUFCTRL (Prop_IBUFCTRL_I_O)
                                                      0.000     0.267 r  input_current_IBUF[13]_inst/IBUFCTRL_INST/O
                         net (fo=1, unplaced)         0.443     0.710    input_current_IBUF[13]
                         FDRE                                         r  input_current_r_reg[13]/D
  -------------------------------------------------------------------    -------------------

                         (clock clk_in rise edge)     0.000     0.000 r  
                                                      0.000     0.000 r  clk_in (IN)
                         net (fo=0)                   0.000     0.000    clk_in_IBUF_inst/I
                         INBUF (Prop_INBUF_PAD_O)     0.517     0.517 r  clk_in_IBUF_inst/INBUF_INST/O
                         net (fo=1, unplaced)         0.000     0.517    clk_in_IBUF_inst/OUT
                         IBUFCTRL (Prop_IBUFCTRL_I_O)
                                                      0.000     0.517 r  clk_in_IBUF_inst/IBUFCTRL_INST/O
                         net (fo=1, unplaced)         0.161     0.678    clk_in_IBUF
                         BUFGCE (Prop_BUFGCE_I_O)     0.028     0.706 r  bufg_clk/O
                         net (fo=64, unplaced)        2.584     3.290    clk
                         FDRE                                         r  input_current_r_reg[13]/C
                         clock pessimism              0.000     3.290    
                         clock uncertainty            0.200     3.490    
                         FDRE (Hold_FDRE_C_D)         0.060     3.550    input_current_r_reg[13]
  -------------------------------------------------------------------
                         required time                         -3.550    
                         arrival time                           0.710    
  -------------------------------------------------------------------
                         slack                                 -2.840    

Slack (VIOLATED) :        -2.840ns  (arrival time - required time)
  Source:                 input_current[14]
                            (input port clocked by clk_in  {rise@0.000ns fall@5.000ns period=10.000ns})
  Destination:            input_current_r_reg[14]/D
                            (rising edge-triggered cell FDRE clocked by clk_in  {rise@0.000ns fall@5.000ns period=10.000ns})
  Path Group:             clk_in
  Path Type:              Hold (Min at Slow Process Corner)
  Requirement:            0.000ns  (clk_in rise@0.000ns - clk_in rise@0.000ns)
  Data Path Delay:        0.710ns  (logic 0.267ns (37.604%)  route 0.443ns (62.396%))
  Logic Levels:           2  (IBUFCTRL=1 INBUF=1)
  Input Delay:            0.000ns
  Clock Path Skew:        3.290ns (DCD - SCD - CPR)
    Destination Clock Delay (DCD):    3.290ns
    Source Clock Delay      (SCD):    0.000ns
    Clock Pessimism Removal (CPR):    -0.000ns
  Clock Uncertainty:      0.200ns  ((TSJ^2 + TIJ^2)^1/2 + DJ) / 2 + PE + UU
    Total System Jitter     (TSJ):    0.000ns
    Total Input Jitter      (TIJ):    0.000ns
    Discrete Jitter          (DJ):    0.000ns
    Phase Error              (PE):    0.000ns
    User Uncertainty         (UU):    0.200ns

    Location             Delay type                Incr(ns)  Path(ns)    Netlist Resource(s)
  -------------------------------------------------------------------    -------------------
                         (clock clk_in rise edge)     0.000     0.000 r  
                         input delay                  0.000     0.000    
                                                      0.000     0.000 r  input_current[14] (IN)
                         net (fo=0)                   0.000     0.000    input_current_IBUF[14]_inst/I
                         INBUF (Prop_INBUF_PAD_O)     0.267     0.267 r  input_current_IBUF[14]_inst/INBUF_INST/O
                         net (fo=1, unplaced)         0.000     0.267    input_current_IBUF[14]_inst/OUT
                         IBUFCTRL (Prop_IBUFCTRL_I_O)
                                                      0.000     0.267 r  input_current_IBUF[14]_inst/IBUFCTRL_INST/O
                         net (fo=1, unplaced)         0.443     0.710    input_current_IBUF[14]
                         FDRE                                         r  input_current_r_reg[14]/D
  -------------------------------------------------------------------    -------------------

                         (clock clk_in rise edge)     0.000     0.000 r  
                                                      0.000     0.000 r  clk_in (IN)
                         net (fo=0)                   0.000     0.000    clk_in_IBUF_inst/I
                         INBUF (Prop_INBUF_PAD_O)     0.517     0.517 r  clk_in_IBUF_inst/INBUF_INST/O
                         net (fo=1, unplaced)         0.000     0.517    clk_in_IBUF_inst/OUT
                         IBUFCTRL (Prop_IBUFCTRL_I_O)
                                                      0.000     0.517 r  clk_in_IBUF_inst/IBUFCTRL_INST/O
                         net (fo=1, unplaced)         0.161     0.678    clk_in_IBUF
                         BUFGCE (Prop_BUFGCE_I_O)     0.028     0.706 r  bufg_clk/O
                         net (fo=64, unplaced)        2.584     3.290    clk
                         FDRE                                         r  input_current_r_reg[14]/C
                         clock pessimism              0.000     3.290    
                         clock uncertainty            0.200     3.490    
                         FDRE (Hold_FDRE_C_D)         0.060     3.550    input_current_r_reg[14]
  -------------------------------------------------------------------
                         required time                         -3.550    
                         arrival time                           0.710    
  -------------------------------------------------------------------
                         slack                                 -2.840    

Slack (VIOLATED) :        -2.840ns  (arrival time - required time)
  Source:                 input_current[15]
                            (input port clocked by clk_in  {rise@0.000ns fall@5.000ns period=10.000ns})
  Destination:            input_current_r_reg[15]/D
                            (rising edge-triggered cell FDRE clocked by clk_in  {rise@0.000ns fall@5.000ns period=10.000ns})
  Path Group:             clk_in
  Path Type:              Hold (Min at Slow Process Corner)
  Requirement:            0.000ns  (clk_in rise@0.000ns - clk_in rise@0.000ns)
  Data Path Delay:        0.710ns  (logic 0.267ns (37.604%)  route 0.443ns (62.396%))
  Logic Levels:           2  (IBUFCTRL=1 INBUF=1)
  Input Delay:            0.000ns
  Clock Path Skew:        3.290ns (DCD - SCD - CPR)
    Destination Clock Delay (DCD):    3.290ns
    Source Clock Delay      (SCD):    0.000ns
    Clock Pessimism Removal (CPR):    -0.000ns
  Clock Uncertainty:      0.200ns  ((TSJ^2 + TIJ^2)^1/2 + DJ) / 2 + PE + UU
    Total System Jitter     (TSJ):    0.000ns
    Total Input Jitter      (TIJ):    0.000ns
    Discrete Jitter          (DJ):    0.000ns
    Phase Error              (PE):    0.000ns
    User Uncertainty         (UU):    0.200ns

    Location             Delay type                Incr(ns)  Path(ns)    Netlist Resource(s)
  -------------------------------------------------------------------    -------------------
                         (clock clk_in rise edge)     0.000     0.000 r  
                         input delay                  0.000     0.000    
                                                      0.000     0.000 r  input_current[15] (IN)
                         net (fo=0)                   0.000     0.000    input_current_IBUF[15]_inst/I
                         INBUF (Prop_INBUF_PAD_O)     0.267     0.267 r  input_current_IBUF[15]_inst/INBUF_INST/O
                         net (fo=1, unplaced)         0.000     0.267    input_current_IBUF[15]_inst/OUT
                         IBUFCTRL (Prop_IBUFCTRL_I_O)
                                                      0.000     0.267 r  input_current_IBUF[15]_inst/IBUFCTRL_INST/O
                         net (fo=1, unplaced)         0.443     0.710    input_current_IBUF[15]
                         FDRE                                         r  input_current_r_reg[15]/D
  -------------------------------------------------------------------    -------------------

                         (clock clk_in rise edge)     0.000     0.000 r  
                                                      0.000     0.000 r  clk_in (IN)
                         net (fo=0)                   0.000     0.000    clk_in_IBUF_inst/I
                         INBUF (Prop_INBUF_PAD_O)     0.517     0.517 r  clk_in_IBUF_inst/INBUF_INST/O
                         net (fo=1, unplaced)         0.000     0.517    clk_in_IBUF_inst/OUT
                         IBUFCTRL (Prop_IBUFCTRL_I_O)
                                                      0.000     0.517 r  clk_in_IBUF_inst/IBUFCTRL_INST/O
                         net (fo=1, unplaced)         0.161     0.678    clk_in_IBUF
                         BUFGCE (Prop_BUFGCE_I_O)     0.028     0.706 r  bufg_clk/O
                         net (fo=64, unplaced)        2.584     3.290    clk
                         FDRE                                         r  input_current_r_reg[15]/C
                         clock pessimism              0.000     3.290    
                         clock uncertainty            0.200     3.490    
                         FDRE (Hold_FDRE_C_D)         0.060     3.550    input_current_r_reg[15]
  -------------------------------------------------------------------
                         required time                         -3.550    
                         arrival time                           0.710    
  -------------------------------------------------------------------
                         slack                                 -2.840    

Slack (VIOLATED) :        -2.840ns  (arrival time - required time)
  Source:                 input_current[16]
                            (input port clocked by clk_in  {rise@0.000ns fall@5.000ns period=10.000ns})
  Destination:            input_current_r_reg[16]/D
                            (rising edge-triggered cell FDRE clocked by clk_in  {rise@0.000ns fall@5.000ns period=10.000ns})
  Path Group:             clk_in
  Path Type:              Hold (Min at Slow Process Corner)
  Requirement:            0.000ns  (clk_in rise@0.000ns - clk_in rise@0.000ns)
  Data Path Delay:        0.710ns  (logic 0.267ns (37.604%)  route 0.443ns (62.396%))
  Logic Levels:           2  (IBUFCTRL=1 INBUF=1)
  Input Delay:            0.000ns
  Clock Path Skew:        3.290ns (DCD - SCD - CPR)
    Destination Clock Delay (DCD):    3.290ns
    Source Clock Delay      (SCD):    0.000ns
    Clock Pessimism Removal (CPR):    -0.000ns
  Clock Uncertainty:      0.200ns  ((TSJ^2 + TIJ^2)^1/2 + DJ) / 2 + PE + UU
    Total System Jitter     (TSJ):    0.000ns
    Total Input Jitter      (TIJ):    0.000ns
    Discrete Jitter          (DJ):    0.000ns
    Phase Error              (PE):    0.000ns
    User Uncertainty         (UU):    0.200ns

    Location             Delay type                Incr(ns)  Path(ns)    Netlist Resource(s)
  -------------------------------------------------------------------    -------------------
                         (clock clk_in rise edge)     0.000     0.000 r  
                         input delay                  0.000     0.000    
                                                      0.000     0.000 r  input_current[16] (IN)
                         net (fo=0)                   0.000     0.000    input_current_IBUF[16]_inst/I
                         INBUF (Prop_INBUF_PAD_O)     0.267     0.267 r  input_current_IBUF[16]_inst/INBUF_INST/O
                         net (fo=1, unplaced)         0.000     0.267    input_current_IBUF[16]_inst/OUT
                         IBUFCTRL (Prop_IBUFCTRL_I_O)
                                                      0.000     0.267 r  input_current_IBUF[16]_inst/IBUFCTRL_INST/O
                         net (fo=1, unplaced)         0.443     0.710    input_current_IBUF[16]
                         FDRE                                         r  input_current_r_reg[16]/D
  -------------------------------------------------------------------    -------------------

                         (clock clk_in rise edge)     0.000     0.000 r  
                                                      0.000     0.000 r  clk_in (IN)
                         net (fo=0)                   0.000     0.000    clk_in_IBUF_inst/I
                         INBUF (Prop_INBUF_PAD_O)     0.517     0.517 r  clk_in_IBUF_inst/INBUF_INST/O
                         net (fo=1, unplaced)         0.000     0.517    clk_in_IBUF_inst/OUT
                         IBUFCTRL (Prop_IBUFCTRL_I_O)
                                                      0.000     0.517 r  clk_in_IBUF_inst/IBUFCTRL_INST/O
                         net (fo=1, unplaced)         0.161     0.678    clk_in_IBUF
                         BUFGCE (Prop_BUFGCE_I_O)     0.028     0.706 r  bufg_clk/O
                         net (fo=64, unplaced)        2.584     3.290    clk
                         FDRE                                         r  input_current_r_reg[16]/C
                         clock pessimism              0.000     3.290    
                         clock uncertainty            0.200     3.490    
                         FDRE (Hold_FDRE_C_D)         0.060     3.550    input_current_r_reg[16]
  -------------------------------------------------------------------
                         required time                         -3.550    
                         arrival time                           0.710    
  -------------------------------------------------------------------
                         slack                                 -2.840    

Slack (VIOLATED) :        -2.840ns  (arrival time - required time)
  Source:                 input_current[17]
                            (input port clocked by clk_in  {rise@0.000ns fall@5.000ns period=10.000ns})
  Destination:            input_current_r_reg[17]/D
                            (rising edge-triggered cell FDRE clocked by clk_in  {rise@0.000ns fall@5.000ns period=10.000ns})
  Path Group:             clk_in
  Path Type:              Hold (Min at Slow Process Corner)
  Requirement:            0.000ns  (clk_in rise@0.000ns - clk_in rise@0.000ns)
  Data Path Delay:        0.710ns  (logic 0.267ns (37.604%)  route 0.443ns (62.396%))
  Logic Levels:           2  (IBUFCTRL=1 INBUF=1)
  Input Delay:            0.000ns
  Clock Path Skew:        3.290ns (DCD - SCD - CPR)
    Destination Clock Delay (DCD):    3.290ns
    Source Clock Delay      (SCD):    0.000ns
    Clock Pessimism Removal (CPR):    -0.000ns
  Clock Uncertainty:      0.200ns  ((TSJ^2 + TIJ^2)^1/2 + DJ) / 2 + PE + UU
    Total System Jitter     (TSJ):    0.000ns
    Total Input Jitter      (TIJ):    0.000ns
    Discrete Jitter          (DJ):    0.000ns
    Phase Error              (PE):    0.000ns
    User Uncertainty         (UU):    0.200ns

    Location             Delay type                Incr(ns)  Path(ns)    Netlist Resource(s)
  -------------------------------------------------------------------    -------------------
                         (clock clk_in rise edge)     0.000     0.000 r  
                         input delay                  0.000     0.000    
                                                      0.000     0.000 r  input_current[17] (IN)
                         net (fo=0)                   0.000     0.000    input_current_IBUF[17]_inst/I
                         INBUF (Prop_INBUF_PAD_O)     0.267     0.267 r  input_current_IBUF[17]_inst/INBUF_INST/O
                         net (fo=1, unplaced)         0.000     0.267    input_current_IBUF[17]_inst/OUT
                         IBUFCTRL (Prop_IBUFCTRL_I_O)
                                                      0.000     0.267 r  input_current_IBUF[17]_inst/IBUFCTRL_INST/O
                         net (fo=1, unplaced)         0.443     0.710    input_current_IBUF[17]
                         FDRE                                         r  input_current_r_reg[17]/D
  -------------------------------------------------------------------    -------------------

                         (clock clk_in rise edge)     0.000     0.000 r  
                                                      0.000     0.000 r  clk_in (IN)
                         net (fo=0)                   0.000     0.000    clk_in_IBUF_inst/I
                         INBUF (Prop_INBUF_PAD_O)     0.517     0.517 r  clk_in_IBUF_inst/INBUF_INST/O
                         net (fo=1, unplaced)         0.000     0.517    clk_in_IBUF_inst/OUT
                         IBUFCTRL (Prop_IBUFCTRL_I_O)
                                                      0.000     0.517 r  clk_in_IBUF_inst/IBUFCTRL_INST/O
                         net (fo=1, unplaced)         0.161     0.678    clk_in_IBUF
                         BUFGCE (Prop_BUFGCE_I_O)     0.028     0.706 r  bufg_clk/O
                         net (fo=64, unplaced)        2.584     3.290    clk
                         FDRE                                         r  input_current_r_reg[17]/C
                         clock pessimism              0.000     3.290    
                         clock uncertainty            0.200     3.490    
                         FDRE (Hold_FDRE_C_D)         0.060     3.550    input_current_r_reg[17]
  -------------------------------------------------------------------
                         required time                         -3.550    
                         arrival time                           0.710    
  -------------------------------------------------------------------
                         slack                                 -2.840    

Slack (VIOLATED) :        -2.840ns  (arrival time - required time)
  Source:                 input_current[18]
                            (input port clocked by clk_in  {rise@0.000ns fall@5.000ns period=10.000ns})
  Destination:            input_current_r_reg[18]/D
                            (rising edge-triggered cell FDRE clocked by clk_in  {rise@0.000ns fall@5.000ns period=10.000ns})
  Path Group:             clk_in
  Path Type:              Hold (Min at Slow Process Corner)
  Requirement:            0.000ns  (clk_in rise@0.000ns - clk_in rise@0.000ns)
  Data Path Delay:        0.710ns  (logic 0.267ns (37.604%)  route 0.443ns (62.396%))
  Logic Levels:           2  (IBUFCTRL=1 INBUF=1)
  Input Delay:            0.000ns
  Clock Path Skew:        3.290ns (DCD - SCD - CPR)
    Destination Clock Delay (DCD):    3.290ns
    Source Clock Delay      (SCD):    0.000ns
    Clock Pessimism Removal (CPR):    -0.000ns
  Clock Uncertainty:      0.200ns  ((TSJ^2 + TIJ^2)^1/2 + DJ) / 2 + PE + UU
    Total System Jitter     (TSJ):    0.000ns
    Total Input Jitter      (TIJ):    0.000ns
    Discrete Jitter          (DJ):    0.000ns
    Phase Error              (PE):    0.000ns
    User Uncertainty         (UU):    0.200ns

    Location             Delay type                Incr(ns)  Path(ns)    Netlist Resource(s)
  -------------------------------------------------------------------    -------------------
                         (clock clk_in rise edge)     0.000     0.000 r  
                         input delay                  0.000     0.000    
                                                      0.000     0.000 r  input_current[18] (IN)
                         net (fo=0)                   0.000     0.000    input_current_IBUF[18]_inst/I
                         INBUF (Prop_INBUF_PAD_O)     0.267     0.267 r  input_current_IBUF[18]_inst/INBUF_INST/O
                         net (fo=1, unplaced)         0.000     0.267    input_current_IBUF[18]_inst/OUT
                         IBUFCTRL (Prop_IBUFCTRL_I_O)
                                                      0.000     0.267 r  input_current_IBUF[18]_inst/IBUFCTRL_INST/O
                         net (fo=1, unplaced)         0.443     0.710    input_current_IBUF[18]
                         FDRE                                         r  input_current_r_reg[18]/D
  -------------------------------------------------------------------    -------------------

                         (clock clk_in rise edge)     0.000     0.000 r  
                                                      0.000     0.000 r  clk_in (IN)
                         net (fo=0)                   0.000     0.000    clk_in_IBUF_inst/I
                         INBUF (Prop_INBUF_PAD_O)     0.517     0.517 r  clk_in_IBUF_inst/INBUF_INST/O
                         net (fo=1, unplaced)         0.000     0.517    clk_in_IBUF_inst/OUT
                         IBUFCTRL (Prop_IBUFCTRL_I_O)
                                                      0.000     0.517 r  clk_in_IBUF_inst/IBUFCTRL_INST/O
                         net (fo=1, unplaced)         0.161     0.678    clk_in_IBUF
                         BUFGCE (Prop_BUFGCE_I_O)     0.028     0.706 r  bufg_clk/O
                         net (fo=64, unplaced)        2.584     3.290    clk
                         FDRE                                         r  input_current_r_reg[18]/C
                         clock pessimism              0.000     3.290    
                         clock uncertainty            0.200     3.490    
                         FDRE (Hold_FDRE_C_D)         0.060     3.550    input_current_r_reg[18]
  -------------------------------------------------------------------
                         required time                         -3.550    
                         arrival time                           0.710    
  -------------------------------------------------------------------
                         slack                                 -2.840    

Slack (VIOLATED) :        -2.840ns  (arrival time - required time)
  Source:                 input_current[19]
                            (input port clocked by clk_in  {rise@0.000ns fall@5.000ns period=10.000ns})
  Destination:            input_current_r_reg[19]/D
                            (rising edge-triggered cell FDRE clocked by clk_in  {rise@0.000ns fall@5.000ns period=10.000ns})
  Path Group:             clk_in
  Path Type:              Hold (Min at Slow Process Corner)
  Requirement:            0.000ns  (clk_in rise@0.000ns - clk_in rise@0.000ns)
  Data Path Delay:        0.710ns  (logic 0.267ns (37.604%)  route 0.443ns (62.396%))
  Logic Levels:           2  (IBUFCTRL=1 INBUF=1)
  Input Delay:            0.000ns
  Clock Path Skew:        3.290ns (DCD - SCD - CPR)
    Destination Clock Delay (DCD):    3.290ns
    Source Clock Delay      (SCD):    0.000ns
    Clock Pessimism Removal (CPR):    -0.000ns
  Clock Uncertainty:      0.200ns  ((TSJ^2 + TIJ^2)^1/2 + DJ) / 2 + PE + UU
    Total System Jitter     (TSJ):    0.000ns
    Total Input Jitter      (TIJ):    0.000ns
    Discrete Jitter          (DJ):    0.000ns
    Phase Error              (PE):    0.000ns
    User Uncertainty         (UU):    0.200ns

    Location             Delay type                Incr(ns)  Path(ns)    Netlist Resource(s)
  -------------------------------------------------------------------    -------------------
                         (clock clk_in rise edge)     0.000     0.000 r  
                         input delay                  0.000     0.000    
                                                      0.000     0.000 r  input_current[19] (IN)
                         net (fo=0)                   0.000     0.000    input_current_IBUF[19]_inst/I
                         INBUF (Prop_INBUF_PAD_O)     0.267     0.267 r  input_current_IBUF[19]_inst/INBUF_INST/O
                         net (fo=1, unplaced)         0.000     0.267    input_current_IBUF[19]_inst/OUT
                         IBUFCTRL (Prop_IBUFCTRL_I_O)
                                                      0.000     0.267 r  input_current_IBUF[19]_inst/IBUFCTRL_INST/O
                         net (fo=1, unplaced)         0.443     0.710    input_current_IBUF[19]
                         FDRE                                         r  input_current_r_reg[19]/D
  -------------------------------------------------------------------    -------------------

                         (clock clk_in rise edge)     0.000     0.000 r  
                                                      0.000     0.000 r  clk_in (IN)
                         net (fo=0)                   0.000     0.000    clk_in_IBUF_inst/I
                         INBUF (Prop_INBUF_PAD_O)     0.517     0.517 r  clk_in_IBUF_inst/INBUF_INST/O
                         net (fo=1, unplaced)         0.000     0.517    clk_in_IBUF_inst/OUT
                         IBUFCTRL (Prop_IBUFCTRL_I_O)
                                                      0.000     0.517 r  clk_in_IBUF_inst/IBUFCTRL_INST/O
                         net (fo=1, unplaced)         0.161     0.678    clk_in_IBUF
                         BUFGCE (Prop_BUFGCE_I_O)     0.028     0.706 r  bufg_clk/O
                         net (fo=64, unplaced)        2.584     3.290    clk
                         FDRE                                         r  input_current_r_reg[19]/C
                         clock pessimism              0.000     3.290    
                         clock uncertainty            0.200     3.490    
                         FDRE (Hold_FDRE_C_D)         0.060     3.550    input_current_r_reg[19]
  -------------------------------------------------------------------
                         required time                         -3.550    
                         arrival time                           0.710    
  -------------------------------------------------------------------
                         slack                                 -2.840    

Slack (VIOLATED) :        -2.840ns  (arrival time - required time)
  Source:                 input_current[1]
                            (input port clocked by clk_in  {rise@0.000ns fall@5.000ns period=10.000ns})
  Destination:            input_current_r_reg[1]/D
                            (rising edge-triggered cell FDRE clocked by clk_in  {rise@0.000ns fall@5.000ns period=10.000ns})
  Path Group:             clk_in
  Path Type:              Hold (Min at Slow Process Corner)
  Requirement:            0.000ns  (clk_in rise@0.000ns - clk_in rise@0.000ns)
  Data Path Delay:        0.710ns  (logic 0.267ns (37.604%)  route 0.443ns (62.396%))
  Logic Levels:           2  (IBUFCTRL=1 INBUF=1)
  Input Delay:            0.000ns
  Clock Path Skew:        3.290ns (DCD - SCD - CPR)
    Destination Clock Delay (DCD):    3.290ns
    Source Clock Delay      (SCD):    0.000ns
    Clock Pessimism Removal (CPR):    -0.000ns
  Clock Uncertainty:      0.200ns  ((TSJ^2 + TIJ^2)^1/2 + DJ) / 2 + PE + UU
    Total System Jitter     (TSJ):    0.000ns
    Total Input Jitter      (TIJ):    0.000ns
    Discrete Jitter          (DJ):    0.000ns
    Phase Error              (PE):    0.000ns
    User Uncertainty         (UU):    0.200ns

    Location             Delay type                Incr(ns)  Path(ns)    Netlist Resource(s)
  -------------------------------------------------------------------    -------------------
                         (clock clk_in rise edge)     0.000     0.000 r  
                         input delay                  0.000     0.000    
                                                      0.000     0.000 r  input_current[1] (IN)
                         net (fo=0)                   0.000     0.000    input_current_IBUF[1]_inst/I
                         INBUF (Prop_INBUF_PAD_O)     0.267     0.267 r  input_current_IBUF[1]_inst/INBUF_INST/O
                         net (fo=1, unplaced)         0.000     0.267    input_current_IBUF[1]_inst/OUT
                         IBUFCTRL (Prop_IBUFCTRL_I_O)
                                                      0.000     0.267 r  input_current_IBUF[1]_inst/IBUFCTRL_INST/O
                         net (fo=1, unplaced)         0.443     0.710    input_current_IBUF[1]
                         FDRE                                         r  input_current_r_reg[1]/D
  -------------------------------------------------------------------    -------------------

                         (clock clk_in rise edge)     0.000     0.000 r  
                                                      0.000     0.000 r  clk_in (IN)
                         net (fo=0)                   0.000     0.000    clk_in_IBUF_inst/I
                         INBUF (Prop_INBUF_PAD_O)     0.517     0.517 r  clk_in_IBUF_inst/INBUF_INST/O
                         net (fo=1, unplaced)         0.000     0.517    clk_in_IBUF_inst/OUT
                         IBUFCTRL (Prop_IBUFCTRL_I_O)
                                                      0.000     0.517 r  clk_in_IBUF_inst/IBUFCTRL_INST/O
                         net (fo=1, unplaced)         0.161     0.678    clk_in_IBUF
                         BUFGCE (Prop_BUFGCE_I_O)     0.028     0.706 r  bufg_clk/O
                         net (fo=64, unplaced)        2.584     3.290    clk
                         FDRE                                         r  input_current_r_reg[1]/C
                         clock pessimism              0.000     3.290    
                         clock uncertainty            0.200     3.490    
                         FDRE (Hold_FDRE_C_D)         0.060     3.550    input_current_r_reg[1]
  -------------------------------------------------------------------
                         required time                         -3.550    
                         arrival time                           0.710    
  -------------------------------------------------------------------
                         slack                                 -2.840    

Slack (VIOLATED) :        -2.840ns  (arrival time - required time)
  Source:                 input_current[20]
                            (input port clocked by clk_in  {rise@0.000ns fall@5.000ns period=10.000ns})
  Destination:            input_current_r_reg[20]/D
                            (rising edge-triggered cell FDRE clocked by clk_in  {rise@0.000ns fall@5.000ns period=10.000ns})
  Path Group:             clk_in
  Path Type:              Hold (Min at Slow Process Corner)
  Requirement:            0.000ns  (clk_in rise@0.000ns - clk_in rise@0.000ns)
  Data Path Delay:        0.710ns  (logic 0.267ns (37.604%)  route 0.443ns (62.396%))
  Logic Levels:           2  (IBUFCTRL=1 INBUF=1)
  Input Delay:            0.000ns
  Clock Path Skew:        3.290ns (DCD - SCD - CPR)
    Destination Clock Delay (DCD):    3.290ns
    Source Clock Delay      (SCD):    0.000ns
    Clock Pessimism Removal (CPR):    -0.000ns
  Clock Uncertainty:      0.200ns  ((TSJ^2 + TIJ^2)^1/2 + DJ) / 2 + PE + UU
    Total System Jitter     (TSJ):    0.000ns
    Total Input Jitter      (TIJ):    0.000ns
    Discrete Jitter          (DJ):    0.000ns
    Phase Error              (PE):    0.000ns
    User Uncertainty         (UU):    0.200ns

    Location             Delay type                Incr(ns)  Path(ns)    Netlist Resource(s)
  -------------------------------------------------------------------    -------------------
                         (clock clk_in rise edge)     0.000     0.000 r  
                         input delay                  0.000     0.000    
                                                      0.000     0.000 r  input_current[20] (IN)
                         net (fo=0)                   0.000     0.000    input_current_IBUF[20]_inst/I
                         INBUF (Prop_INBUF_PAD_O)     0.267     0.267 r  input_current_IBUF[20]_inst/INBUF_INST/O
                         net (fo=1, unplaced)         0.000     0.267    input_current_IBUF[20]_inst/OUT
                         IBUFCTRL (Prop_IBUFCTRL_I_O)
                                                      0.000     0.267 r  input_current_IBUF[20]_inst/IBUFCTRL_INST/O
                         net (fo=1, unplaced)         0.443     0.710    input_current_IBUF[20]
                         FDRE                                         r  input_current_r_reg[20]/D
  -------------------------------------------------------------------    -------------------

                         (clock clk_in rise edge)     0.000     0.000 r  
                                                      0.000     0.000 r  clk_in (IN)
                         net (fo=0)                   0.000     0.000    clk_in_IBUF_inst/I
                         INBUF (Prop_INBUF_PAD_O)     0.517     0.517 r  clk_in_IBUF_inst/INBUF_INST/O
                         net (fo=1, unplaced)         0.000     0.517    clk_in_IBUF_inst/OUT
                         IBUFCTRL (Prop_IBUFCTRL_I_O)
                                                      0.000     0.517 r  clk_in_IBUF_inst/IBUFCTRL_INST/O
                         net (fo=1, unplaced)         0.161     0.678    clk_in_IBUF
                         BUFGCE (Prop_BUFGCE_I_O)     0.028     0.706 r  bufg_clk/O
                         net (fo=64, unplaced)        2.584     3.290    clk
                         FDRE                                         r  input_current_r_reg[20]/C
                         clock pessimism              0.000     3.290    
                         clock uncertainty            0.200     3.490    
                         FDRE (Hold_FDRE_C_D)         0.060     3.550    input_current_r_reg[20]
  -------------------------------------------------------------------
                         required time                         -3.550    
                         arrival time                           0.710    
  -------------------------------------------------------------------
                         slack                                 -2.840    

Slack (VIOLATED) :        -2.840ns  (arrival time - required time)
  Source:                 input_current[21]
                            (input port clocked by clk_in  {rise@0.000ns fall@5.000ns period=10.000ns})
  Destination:            input_current_r_reg[21]/D
                            (rising edge-triggered cell FDRE clocked by clk_in  {rise@0.000ns fall@5.000ns period=10.000ns})
  Path Group:             clk_in
  Path Type:              Hold (Min at Slow Process Corner)
  Requirement:            0.000ns  (clk_in rise@0.000ns - clk_in rise@0.000ns)
  Data Path Delay:        0.710ns  (logic 0.267ns (37.604%)  route 0.443ns (62.396%))
  Logic Levels:           2  (IBUFCTRL=1 INBUF=1)
  Input Delay:            0.000ns
  Clock Path Skew:        3.290ns (DCD - SCD - CPR)
    Destination Clock Delay (DCD):    3.290ns
    Source Clock Delay      (SCD):    0.000ns
    Clock Pessimism Removal (CPR):    -0.000ns
  Clock Uncertainty:      0.200ns  ((TSJ^2 + TIJ^2)^1/2 + DJ) / 2 + PE + UU
    Total System Jitter     (TSJ):    0.000ns
    Total Input Jitter      (TIJ):    0.000ns
    Discrete Jitter          (DJ):    0.000ns
    Phase Error              (PE):    0.000ns
    User Uncertainty         (UU):    0.200ns

    Location             Delay type                Incr(ns)  Path(ns)    Netlist Resource(s)
  -------------------------------------------------------------------    -------------------
                         (clock clk_in rise edge)     0.000     0.000 r  
                         input delay                  0.000     0.000    
                                                      0.000     0.000 r  input_current[21] (IN)
                         net (fo=0)                   0.000     0.000    input_current_IBUF[21]_inst/I
                         INBUF (Prop_INBUF_PAD_O)     0.267     0.267 r  input_current_IBUF[21]_inst/INBUF_INST/O
                         net (fo=1, unplaced)         0.000     0.267    input_current_IBUF[21]_inst/OUT
                         IBUFCTRL (Prop_IBUFCTRL_I_O)
                                                      0.000     0.267 r  input_current_IBUF[21]_inst/IBUFCTRL_INST/O
                         net (fo=1, unplaced)         0.443     0.710    input_current_IBUF[21]
                         FDRE                                         r  input_current_r_reg[21]/D
  -------------------------------------------------------------------    -------------------

                         (clock clk_in rise edge)     0.000     0.000 r  
                                                      0.000     0.000 r  clk_in (IN)
                         net (fo=0)                   0.000     0.000    clk_in_IBUF_inst/I
                         INBUF (Prop_INBUF_PAD_O)     0.517     0.517 r  clk_in_IBUF_inst/INBUF_INST/O
                         net (fo=1, unplaced)         0.000     0.517    clk_in_IBUF_inst/OUT
                         IBUFCTRL (Prop_IBUFCTRL_I_O)
                                                      0.000     0.517 r  clk_in_IBUF_inst/IBUFCTRL_INST/O
                         net (fo=1, unplaced)         0.161     0.678    clk_in_IBUF
                         BUFGCE (Prop_BUFGCE_I_O)     0.028     0.706 r  bufg_clk/O
                         net (fo=64, unplaced)        2.584     3.290    clk
                         FDRE                                         r  input_current_r_reg[21]/C
                         clock pessimism              0.000     3.290    
                         clock uncertainty            0.200     3.490    
                         FDRE (Hold_FDRE_C_D)         0.060     3.550    input_current_r_reg[21]
  -------------------------------------------------------------------
                         required time                         -3.550    
                         arrival time                           0.710    
  -------------------------------------------------------------------
                         slack                                 -2.840    

Slack (VIOLATED) :        -2.840ns  (arrival time - required time)
  Source:                 input_current[22]
                            (input port clocked by clk_in  {rise@0.000ns fall@5.000ns period=10.000ns})
  Destination:            input_current_r_reg[22]/D
                            (rising edge-triggered cell FDRE clocked by clk_in  {rise@0.000ns fall@5.000ns period=10.000ns})
  Path Group:             clk_in
  Path Type:              Hold (Min at Slow Process Corner)
  Requirement:            0.000ns  (clk_in rise@0.000ns - clk_in rise@0.000ns)
  Data Path Delay:        0.710ns  (logic 0.267ns (37.604%)  route 0.443ns (62.396%))
  Logic Levels:           2  (IBUFCTRL=1 INBUF=1)
  Input Delay:            0.000ns
  Clock Path Skew:        3.290ns (DCD - SCD - CPR)
    Destination Clock Delay (DCD):    3.290ns
    Source Clock Delay      (SCD):    0.000ns
    Clock Pessimism Removal (CPR):    -0.000ns
  Clock Uncertainty:      0.200ns  ((TSJ^2 + TIJ^2)^1/2 + DJ) / 2 + PE + UU
    Total System Jitter     (TSJ):    0.000ns
    Total Input Jitter      (TIJ):    0.000ns
    Discrete Jitter          (DJ):    0.000ns
    Phase Error              (PE):    0.000ns
    User Uncertainty         (UU):    0.200ns

    Location             Delay type                Incr(ns)  Path(ns)    Netlist Resource(s)
  -------------------------------------------------------------------    -------------------
                         (clock clk_in rise edge)     0.000     0.000 r  
                         input delay                  0.000     0.000    
                                                      0.000     0.000 r  input_current[22] (IN)
                         net (fo=0)                   0.000     0.000    input_current_IBUF[22]_inst/I
                         INBUF (Prop_INBUF_PAD_O)     0.267     0.267 r  input_current_IBUF[22]_inst/INBUF_INST/O
                         net (fo=1, unplaced)         0.000     0.267    input_current_IBUF[22]_inst/OUT
                         IBUFCTRL (Prop_IBUFCTRL_I_O)
                                                      0.000     0.267 r  input_current_IBUF[22]_inst/IBUFCTRL_INST/O
                         net (fo=1, unplaced)         0.443     0.710    input_current_IBUF[22]
                         FDRE                                         r  input_current_r_reg[22]/D
  -------------------------------------------------------------------    -------------------

                         (clock clk_in rise edge)     0.000     0.000 r  
                                                      0.000     0.000 r  clk_in (IN)
                         net (fo=0)                   0.000     0.000    clk_in_IBUF_inst/I
                         INBUF (Prop_INBUF_PAD_O)     0.517     0.517 r  clk_in_IBUF_inst/INBUF_INST/O
                         net (fo=1, unplaced)         0.000     0.517    clk_in_IBUF_inst/OUT
                         IBUFCTRL (Prop_IBUFCTRL_I_O)
                                                      0.000     0.517 r  clk_in_IBUF_inst/IBUFCTRL_INST/O
                         net (fo=1, unplaced)         0.161     0.678    clk_in_IBUF
                         BUFGCE (Prop_BUFGCE_I_O)     0.028     0.706 r  bufg_clk/O
                         net (fo=64, unplaced)        2.584     3.290    clk
                         FDRE                                         r  input_current_r_reg[22]/C
                         clock pessimism              0.000     3.290    
                         clock uncertainty            0.200     3.490    
                         FDRE (Hold_FDRE_C_D)         0.060     3.550    input_current_r_reg[22]
  -------------------------------------------------------------------
                         required time                         -3.550    
                         arrival time                           0.710    
  -------------------------------------------------------------------
                         slack                                 -2.840    

Slack (VIOLATED) :        -2.840ns  (arrival time - required time)
  Source:                 input_current[23]
                            (input port clocked by clk_in  {rise@0.000ns fall@5.000ns period=10.000ns})
  Destination:            input_current_r_reg[23]/D
                            (rising edge-triggered cell FDRE clocked by clk_in  {rise@0.000ns fall@5.000ns period=10.000ns})
  Path Group:             clk_in
  Path Type:              Hold (Min at Slow Process Corner)
  Requirement:            0.000ns  (clk_in rise@0.000ns - clk_in rise@0.000ns)
  Data Path Delay:        0.710ns  (logic 0.267ns (37.604%)  route 0.443ns (62.396%))
  Logic Levels:           2  (IBUFCTRL=1 INBUF=1)
  Input Delay:            0.000ns
  Clock Path Skew:        3.290ns (DCD - SCD - CPR)
    Destination Clock Delay (DCD):    3.290ns
    Source Clock Delay      (SCD):    0.000ns
    Clock Pessimism Removal (CPR):    -0.000ns
  Clock Uncertainty:      0.200ns  ((TSJ^2 + TIJ^2)^1/2 + DJ) / 2 + PE + UU
    Total System Jitter     (TSJ):    0.000ns
    Total Input Jitter      (TIJ):    0.000ns
    Discrete Jitter          (DJ):    0.000ns
    Phase Error              (PE):    0.000ns
    User Uncertainty         (UU):    0.200ns

    Location             Delay type                Incr(ns)  Path(ns)    Netlist Resource(s)
  -------------------------------------------------------------------    -------------------
                         (clock clk_in rise edge)     0.000     0.000 r  
                         input delay                  0.000     0.000    
                                                      0.000     0.000 r  input_current[23] (IN)
                         net (fo=0)                   0.000     0.000    input_current_IBUF[23]_inst/I
                         INBUF (Prop_INBUF_PAD_O)     0.267     0.267 r  input_current_IBUF[23]_inst/INBUF_INST/O
                         net (fo=1, unplaced)         0.000     0.267    input_current_IBUF[23]_inst/OUT
                         IBUFCTRL (Prop_IBUFCTRL_I_O)
                                                      0.000     0.267 r  input_current_IBUF[23]_inst/IBUFCTRL_INST/O
                         net (fo=1, unplaced)         0.443     0.710    input_current_IBUF[23]
                         FDRE                                         r  input_current_r_reg[23]/D
  -------------------------------------------------------------------    -------------------

                         (clock clk_in rise edge)     0.000     0.000 r  
                                                      0.000     0.000 r  clk_in (IN)
                         net (fo=0)                   0.000     0.000    clk_in_IBUF_inst/I
                         INBUF (Prop_INBUF_PAD_O)     0.517     0.517 r  clk_in_IBUF_inst/INBUF_INST/O
                         net (fo=1, unplaced)         0.000     0.517    clk_in_IBUF_inst/OUT
                         IBUFCTRL (Prop_IBUFCTRL_I_O)
                                                      0.000     0.517 r  clk_in_IBUF_inst/IBUFCTRL_INST/O
                         net (fo=1, unplaced)         0.161     0.678    clk_in_IBUF
                         BUFGCE (Prop_BUFGCE_I_O)     0.028     0.706 r  bufg_clk/O
                         net (fo=64, unplaced)        2.584     3.290    clk
                         FDRE                                         r  input_current_r_reg[23]/C
                         clock pessimism              0.000     3.290    
                         clock uncertainty            0.200     3.490    
                         FDRE (Hold_FDRE_C_D)         0.060     3.550    input_current_r_reg[23]
  -------------------------------------------------------------------
                         required time                         -3.550    
                         arrival time                           0.710    
  -------------------------------------------------------------------
                         slack                                 -2.840    

Slack (VIOLATED) :        -2.840ns  (arrival time - required time)
  Source:                 input_current[24]
                            (input port clocked by clk_in  {rise@0.000ns fall@5.000ns period=10.000ns})
  Destination:            input_current_r_reg[24]/D
                            (rising edge-triggered cell FDRE clocked by clk_in  {rise@0.000ns fall@5.000ns period=10.000ns})
  Path Group:             clk_in
  Path Type:              Hold (Min at Slow Process Corner)
  Requirement:            0.000ns  (clk_in rise@0.000ns - clk_in rise@0.000ns)
  Data Path Delay:        0.710ns  (logic 0.267ns (37.604%)  route 0.443ns (62.396%))
  Logic Levels:           2  (IBUFCTRL=1 INBUF=1)
  Input Delay:            0.000ns
  Clock Path Skew:        3.290ns (DCD - SCD - CPR)
    Destination Clock Delay (DCD):    3.290ns
    Source Clock Delay      (SCD):    0.000ns
    Clock Pessimism Removal (CPR):    -0.000ns
  Clock Uncertainty:      0.200ns  ((TSJ^2 + TIJ^2)^1/2 + DJ) / 2 + PE + UU
    Total System Jitter     (TSJ):    0.000ns
    Total Input Jitter      (TIJ):    0.000ns
    Discrete Jitter          (DJ):    0.000ns
    Phase Error              (PE):    0.000ns
    User Uncertainty         (UU):    0.200ns

    Location             Delay type                Incr(ns)  Path(ns)    Netlist Resource(s)
  -------------------------------------------------------------------    -------------------
                         (clock clk_in rise edge)     0.000     0.000 r  
                         input delay                  0.000     0.000    
                                                      0.000     0.000 r  input_current[24] (IN)
                         net (fo=0)                   0.000     0.000    input_current_IBUF[24]_inst/I
                         INBUF (Prop_INBUF_PAD_O)     0.267     0.267 r  input_current_IBUF[24]_inst/INBUF_INST/O
                         net (fo=1, unplaced)         0.000     0.267    input_current_IBUF[24]_inst/OUT
                         IBUFCTRL (Prop_IBUFCTRL_I_O)
                                                      0.000     0.267 r  input_current_IBUF[24]_inst/IBUFCTRL_INST/O
                         net (fo=1, unplaced)         0.443     0.710    input_current_IBUF[24]
                         FDRE                                         r  input_current_r_reg[24]/D
  -------------------------------------------------------------------    -------------------

                         (clock clk_in rise edge)     0.000     0.000 r  
                                                      0.000     0.000 r  clk_in (IN)
                         net (fo=0)                   0.000     0.000    clk_in_IBUF_inst/I
                         INBUF (Prop_INBUF_PAD_O)     0.517     0.517 r  clk_in_IBUF_inst/INBUF_INST/O
                         net (fo=1, unplaced)         0.000     0.517    clk_in_IBUF_inst/OUT
                         IBUFCTRL (Prop_IBUFCTRL_I_O)
                                                      0.000     0.517 r  clk_in_IBUF_inst/IBUFCTRL_INST/O
                         net (fo=1, unplaced)         0.161     0.678    clk_in_IBUF
                         BUFGCE (Prop_BUFGCE_I_O)     0.028     0.706 r  bufg_clk/O
                         net (fo=64, unplaced)        2.584     3.290    clk
                         FDRE                                         r  input_current_r_reg[24]/C
                         clock pessimism              0.000     3.290    
                         clock uncertainty            0.200     3.490    
                         FDRE (Hold_FDRE_C_D)         0.060     3.550    input_current_r_reg[24]
  -------------------------------------------------------------------
                         required time                         -3.550    
                         arrival time                           0.710    
  -------------------------------------------------------------------
                         slack                                 -2.840    

Slack (VIOLATED) :        -2.840ns  (arrival time - required time)
  Source:                 input_current[25]
                            (input port clocked by clk_in  {rise@0.000ns fall@5.000ns period=10.000ns})
  Destination:            input_current_r_reg[25]/D
                            (rising edge-triggered cell FDRE clocked by clk_in  {rise@0.000ns fall@5.000ns period=10.000ns})
  Path Group:             clk_in
  Path Type:              Hold (Min at Slow Process Corner)
  Requirement:            0.000ns  (clk_in rise@0.000ns - clk_in rise@0.000ns)
  Data Path Delay:        0.710ns  (logic 0.267ns (37.604%)  route 0.443ns (62.396%))
  Logic Levels:           2  (IBUFCTRL=1 INBUF=1)
  Input Delay:            0.000ns
  Clock Path Skew:        3.290ns (DCD - SCD - CPR)
    Destination Clock Delay (DCD):    3.290ns
    Source Clock Delay      (SCD):    0.000ns
    Clock Pessimism Removal (CPR):    -0.000ns
  Clock Uncertainty:      0.200ns  ((TSJ^2 + TIJ^2)^1/2 + DJ) / 2 + PE + UU
    Total System Jitter     (TSJ):    0.000ns
    Total Input Jitter      (TIJ):    0.000ns
    Discrete Jitter          (DJ):    0.000ns
    Phase Error              (PE):    0.000ns
    User Uncertainty         (UU):    0.200ns

    Location             Delay type                Incr(ns)  Path(ns)    Netlist Resource(s)
  -------------------------------------------------------------------    -------------------
                         (clock clk_in rise edge)     0.000     0.000 r  
                         input delay                  0.000     0.000    
                                                      0.000     0.000 r  input_current[25] (IN)
                         net (fo=0)                   0.000     0.000    input_current_IBUF[25]_inst/I
                         INBUF (Prop_INBUF_PAD_O)     0.267     0.267 r  input_current_IBUF[25]_inst/INBUF_INST/O
                         net (fo=1, unplaced)         0.000     0.267    input_current_IBUF[25]_inst/OUT
                         IBUFCTRL (Prop_IBUFCTRL_I_O)
                                                      0.000     0.267 r  input_current_IBUF[25]_inst/IBUFCTRL_INST/O
                         net (fo=1, unplaced)         0.443     0.710    input_current_IBUF[25]
                         FDRE                                         r  input_current_r_reg[25]/D
  -------------------------------------------------------------------    -------------------

                         (clock clk_in rise edge)     0.000     0.000 r  
                                                      0.000     0.000 r  clk_in (IN)
                         net (fo=0)                   0.000     0.000    clk_in_IBUF_inst/I
                         INBUF (Prop_INBUF_PAD_O)     0.517     0.517 r  clk_in_IBUF_inst/INBUF_INST/O
                         net (fo=1, unplaced)         0.000     0.517    clk_in_IBUF_inst/OUT
                         IBUFCTRL (Prop_IBUFCTRL_I_O)
                                                      0.000     0.517 r  clk_in_IBUF_inst/IBUFCTRL_INST/O
                         net (fo=1, unplaced)         0.161     0.678    clk_in_IBUF
                         BUFGCE (Prop_BUFGCE_I_O)     0.028     0.706 r  bufg_clk/O
                         net (fo=64, unplaced)        2.584     3.290    clk
                         FDRE                                         r  input_current_r_reg[25]/C
                         clock pessimism              0.000     3.290    
                         clock uncertainty            0.200     3.490    
                         FDRE (Hold_FDRE_C_D)         0.060     3.550    input_current_r_reg[25]
  -------------------------------------------------------------------
                         required time                         -3.550    
                         arrival time                           0.710    
  -------------------------------------------------------------------
                         slack                                 -2.840    

Slack (VIOLATED) :        -2.840ns  (arrival time - required time)
  Source:                 input_current[26]
                            (input port clocked by clk_in  {rise@0.000ns fall@5.000ns period=10.000ns})
  Destination:            input_current_r_reg[26]/D
                            (rising edge-triggered cell FDRE clocked by clk_in  {rise@0.000ns fall@5.000ns period=10.000ns})
  Path Group:             clk_in
  Path Type:              Hold (Min at Slow Process Corner)
  Requirement:            0.000ns  (clk_in rise@0.000ns - clk_in rise@0.000ns)
  Data Path Delay:        0.710ns  (logic 0.267ns (37.604%)  route 0.443ns (62.396%))
  Logic Levels:           2  (IBUFCTRL=1 INBUF=1)
  Input Delay:            0.000ns
  Clock Path Skew:        3.290ns (DCD - SCD - CPR)
    Destination Clock Delay (DCD):    3.290ns
    Source Clock Delay      (SCD):    0.000ns
    Clock Pessimism Removal (CPR):    -0.000ns
  Clock Uncertainty:      0.200ns  ((TSJ^2 + TIJ^2)^1/2 + DJ) / 2 + PE + UU
    Total System Jitter     (TSJ):    0.000ns
    Total Input Jitter      (TIJ):    0.000ns
    Discrete Jitter          (DJ):    0.000ns
    Phase Error              (PE):    0.000ns
    User Uncertainty         (UU):    0.200ns

    Location             Delay type                Incr(ns)  Path(ns)    Netlist Resource(s)
  -------------------------------------------------------------------    -------------------
                         (clock clk_in rise edge)     0.000     0.000 r  
                         input delay                  0.000     0.000    
                                                      0.000     0.000 r  input_current[26] (IN)
                         net (fo=0)                   0.000     0.000    input_current_IBUF[26]_inst/I
                         INBUF (Prop_INBUF_PAD_O)     0.267     0.267 r  input_current_IBUF[26]_inst/INBUF_INST/O
                         net (fo=1, unplaced)         0.000     0.267    input_current_IBUF[26]_inst/OUT
                         IBUFCTRL (Prop_IBUFCTRL_I_O)
                                                      0.000     0.267 r  input_current_IBUF[26]_inst/IBUFCTRL_INST/O
                         net (fo=1, unplaced)         0.443     0.710    input_current_IBUF[26]
                         FDRE                                         r  input_current_r_reg[26]/D
  -------------------------------------------------------------------    -------------------

                         (clock clk_in rise edge)     0.000     0.000 r  
                                                      0.000     0.000 r  clk_in (IN)
                         net (fo=0)                   0.000     0.000    clk_in_IBUF_inst/I
                         INBUF (Prop_INBUF_PAD_O)     0.517     0.517 r  clk_in_IBUF_inst/INBUF_INST/O
                         net (fo=1, unplaced)         0.000     0.517    clk_in_IBUF_inst/OUT
                         IBUFCTRL (Prop_IBUFCTRL_I_O)
                                                      0.000     0.517 r  clk_in_IBUF_inst/IBUFCTRL_INST/O
                         net (fo=1, unplaced)         0.161     0.678    clk_in_IBUF
                         BUFGCE (Prop_BUFGCE_I_O)     0.028     0.706 r  bufg_clk/O
                         net (fo=64, unplaced)        2.584     3.290    clk
                         FDRE                                         r  input_current_r_reg[26]/C
                         clock pessimism              0.000     3.290    
                         clock uncertainty            0.200     3.490    
                         FDRE (Hold_FDRE_C_D)         0.060     3.550    input_current_r_reg[26]
  -------------------------------------------------------------------
                         required time                         -3.550    
                         arrival time                           0.710    
  -------------------------------------------------------------------
                         slack                                 -2.840    





Pulse Width Checks
--------------------------------------------------------------------------------------
Clock Name:         clk_in
Waveform(ns):       { 0.000 5.000 }
Period(ns):         10.000
Sources:            { clk_in }

Check Type        Corner  Lib Pin   Reference Pin  Required(ns)  Actual(ns)  Slack(ns)  Location  Pin
Min Period        n/a     BUFGCE/I  n/a            1.290         10.000      8.710                bufg_clk/I
Min Period        n/a     FDRE/C    n/a            0.550         10.000      9.450                enable_r_reg/C
Min Period        n/a     FDRE/C    n/a            0.550         10.000      9.450                input_current_r_reg[0]/C
Min Period        n/a     FDRE/C    n/a            0.550         10.000      9.450                input_current_r_reg[10]/C
Min Period        n/a     FDRE/C    n/a            0.550         10.000      9.450                input_current_r_reg[11]/C
Min Period        n/a     FDRE/C    n/a            0.550         10.000      9.450                input_current_r_reg[12]/C
Min Period        n/a     FDRE/C    n/a            0.550         10.000      9.450                input_current_r_reg[13]/C
Min Period        n/a     FDRE/C    n/a            0.550         10.000      9.450                input_current_r_reg[14]/C
Min Period        n/a     FDRE/C    n/a            0.550         10.000      9.450                input_current_r_reg[15]/C
Min Period        n/a     FDRE/C    n/a            0.550         10.000      9.450                input_current_r_reg[16]/C
Min Period        n/a     FDRE/C    n/a            0.550         10.000      9.450                input_current_r_reg[17]/C
Min Period        n/a     FDRE/C    n/a            0.550         10.000      9.450                input_current_r_reg[18]/C
Min Period        n/a     FDRE/C    n/a            0.550         10.000      9.450                input_current_r_reg[19]/C
Min Period        n/a     FDRE/C    n/a            0.550         10.000      9.450                input_current_r_reg[1]/C
Min Period        n/a     FDRE/C    n/a            0.550         10.000      9.450                input_current_r_reg[20]/C
Min Period        n/a     FDRE/C    n/a            0.550         10.000      9.450                input_current_r_reg[21]/C
Min Period        n/a     FDRE/C    n/a            0.550         10.000      9.450                input_current_r_reg[22]/C
Min Period        n/a     FDRE/C    n/a            0.550         10.000      9.450                input_current_r_reg[23]/C
Min Period        n/a     FDRE/C    n/a            0.550         10.000      9.450                input_current_r_reg[24]/C
Min Period        n/a     FDRE/C    n/a            0.550         10.000      9.450                input_current_r_reg[25]/C
Low Pulse Width   Slow    FDRE/C    n/a            0.275         5.000       4.725                enable_r_reg/C
Low Pulse Width   Fast    FDRE/C    n/a            0.275         5.000       4.725                enable_r_reg/C
Low Pulse Width   Slow    FDRE/C    n/a            0.275         5.000       4.725                input_current_r_reg[0]/C
Low Pulse Width   Fast    FDRE/C    n/a            0.275         5.000       4.725                input_current_r_reg[0]/C
Low Pulse Width   Slow    FDRE/C    n/a            0.275         5.000       4.725                input_current_r_reg[10]/C
Low Pulse Width   Fast    FDRE/C    n/a            0.275         5.000       4.725                input_current_r_reg[10]/C
Low Pulse Width   Slow    FDRE/C    n/a            0.275         5.000       4.725                input_current_r_reg[11]/C
Low Pulse Width   Fast    FDRE/C    n/a            0.275         5.000       4.725                input_current_r_reg[11]/C
Low Pulse Width   Slow    FDRE/C    n/a            0.275         5.000       4.725                input_current_r_reg[12]/C
Low Pulse Width   Fast    FDRE/C    n/a            0.275         5.000       4.725                input_current_r_reg[12]/C
Low Pulse Width   Slow    FDRE/C    n/a            0.275         5.000       4.725                input_current_r_reg[13]/C
Low Pulse Width   Fast    FDRE/C    n/a            0.275         5.000       4.725                input_current_r_reg[13]/C
Low Pulse Width   Slow    FDRE/C    n/a            0.275         5.000       4.725                input_current_r_reg[14]/C
Low Pulse Width   Fast    FDRE/C    n/a            0.275         5.000       4.725                input_current_r_reg[14]/C
Low Pulse Width   Slow    FDRE/C    n/a            0.275         5.000       4.725                input_current_r_reg[15]/C
Low Pulse Width   Fast    FDRE/C    n/a            0.275         5.000       4.725                input_current_r_reg[15]/C
Low Pulse Width   Slow    FDRE/C    n/a            0.275         5.000       4.725                input_current_r_reg[16]/C
Low Pulse Width   Fast    FDRE/C    n/a            0.275         5.000       4.725                input_current_r_reg[16]/C
Low Pulse Width   Slow    FDRE/C    n/a            0.275         5.000       4.725                input_current_r_reg[17]/C
Low Pulse Width   Fast    FDRE/C    n/a            0.275         5.000       4.725                input_current_r_reg[17]/C
High Pulse Width  Slow    FDRE/C    n/a            0.275         5.000       4.725                enable_r_reg/C
High Pulse Width  Fast    FDRE/C    n/a            0.275         5.000       4.725                enable_r_reg/C
High Pulse Width  Slow    FDRE/C    n/a            0.275         5.000       4.725                input_current_r_reg[0]/C
High Pulse Width  Fast    FDRE/C    n/a            0.275         5.000       4.725                input_current_r_reg[0]/C
High Pulse Width  Slow    FDRE/C    n/a            0.275         5.000       4.725                input_current_r_reg[10]/C
High Pulse Width  Fast    FDRE/C    n/a            0.275         5.000       4.725                input_current_r_reg[10]/C
High Pulse Width  Slow    FDRE/C    n/a            0.275         5.000       4.725                input_current_r_reg[11]/C
High Pulse Width  Fast    FDRE/C    n/a            0.275         5.000       4.725                input_current_r_reg[11]/C
High Pulse Width  Slow    FDRE/C    n/a            0.275         5.000       4.725                input_current_r_reg[12]/C
High Pulse Width  Fast    FDRE/C    n/a            0.275         5.000       4.725                input_current_r_reg[12]/C
High Pulse Width  Slow    FDRE/C    n/a            0.275         5.000       4.725                input_current_r_reg[13]/C
High Pulse Width  Fast    FDRE/C    n/a            0.275         5.000       4.725                input_current_r_reg[13]/C
High Pulse Width  Slow    FDRE/C    n/a            0.275         5.000       4.725                input_current_r_reg[14]/C
High Pulse Width  Fast    FDRE/C    n/a            0.275         5.000       4.725                input_current_r_reg[14]/C
High Pulse Width  Slow    FDRE/C    n/a            0.275         5.000       4.725                input_current_r_reg[15]/C
High Pulse Width  Fast    FDRE/C    n/a            0.275         5.000       4.725                input_current_r_reg[15]/C
High Pulse Width  Slow    FDRE/C    n/a            0.275         5.000       4.725                input_current_r_reg[16]/C
High Pulse Width  Fast    FDRE/C    n/a            0.275         5.000       4.725                input_current_r_reg[16]/C
High Pulse Width  Slow    FDRE/C    n/a            0.275         5.000       4.725                input_current_r_reg[17]/C
High Pulse Width  Fast    FDRE/C    n/a            0.275         5.000       4.725                input_current_r_reg[17]/C



