Copyright 1986-2022 Xilinx, Inc. All Rights Reserved.
----------------------------------------------------------------------------------------------------------------------------------------------------------------------------------------------------------------------------------------------------------
| Tool Version      : Vivado v.2022.1 (lin64) Build 3526262 Mon Apr 18 15:47:01 MDT 2022
| Date              : Wed Aug  5 02:10:02 2026
| Host              : ecetesla0 running 64-bit Ubuntu 24.04.4 LTS
| Command           : report_timing_summary -delay_type min_max -report_unconstrained -check_timing_verbose -max_paths 50 -file /home/aakumaar/team-22-512-parallel/fpga-synth/au25p/single_neuron_e2e/run/reports/lif_board_100mhz/post_route_timing.rpt
| Design            : lif_unit_board_top
| Device            : xcau25p-ffvb676
| Speed File        : -2  PRODUCTION 1.28 02-27-2020
| Temperature Grade : E
----------------------------------------------------------------------------------------------------------------------------------------------------------------------------------------------------------------------------------------------------------

Timing Summary Report

------------------------------------------------------------------------------------------------
| Timer Settings
| --------------
------------------------------------------------------------------------------------------------

  Enable Multi Corner Analysis               :  Yes
  Enable Pessimism Removal                   :  Yes
  Pessimism Removal Resolution               :  Nearest Common Node
  Enable Input Delay Default Clock           :  No
  Enable Preset / Clear Arcs                 :  No
  Disable Flight Delays                      :  No
  Ignore I/O Paths                           :  No
  Timing Early Launch at Borrowing Latches   :  No
  Borrow Time for Max Delay Exceptions       :  Yes
  Merge Timing Exceptions                    :  Yes

  Corner  Analyze    Analyze    
  Name    Max Paths  Min Paths  
  ------  ---------  ---------  
  Slow    Yes        Yes        
  Fast    Yes        Yes        


------------------------------------------------------------------------------------------------
| Report Methodology
| ------------------
------------------------------------------------------------------------------------------------

No report available as report_methodology has not been run prior. Run report_methodology on the current design for the summary of methodology violations.



check_timing report

Table of Contents
-----------------
1. checking no_clock (0)
2. checking constant_clock (0)
3. checking pulse_width_clock (0)
4. checking unconstrained_internal_endpoints (0)
5. checking no_input_delay (0)
6. checking no_output_delay (0)
7. checking multiple_clock (0)
8. checking generated_clocks (0)
9. checking loops (0)
10. checking partial_input_delay (0)
11. checking partial_output_delay (0)
12. checking latch_loops (0)

1. checking no_clock (0)
------------------------
 There are 0 register/latch pins with no clock.


2. checking constant_clock (0)
------------------------------
 There are 0 register/latch pins with constant_clock.


3. checking pulse_width_clock (0)
---------------------------------
 There are 0 register/latch pins which need pulse_width check


4. checking unconstrained_internal_endpoints (0)
------------------------------------------------
 There are 0 pins that are not constrained for maximum delay.

 There are 0 pins that are not constrained for maximum delay due to constant clock.


5. checking no_input_delay (0)
------------------------------
 There are 0 input ports with no input delay specified.

 There are 0 input ports with no input delay but user has a false path constraint.


6. checking no_output_delay (0)
-------------------------------
 There are 0 ports with no output delay specified.

 There are 0 ports with no output delay but user has a false path constraint

 There are 0 ports with no output delay but with a timing clock defined on it or propagating through it


7. checking multiple_clock (0)
------------------------------
 There are 0 register/latch pins with multiple clocks.


8. checking generated_clocks (0)
--------------------------------
 There are 0 generated clocks that are not connected to a clock source.


9. checking loops (0)
---------------------
 There are 0 combinational loops in the design.


10. checking partial_input_delay (0)
------------------------------------
 There are 0 input ports with partial input delay specified.


11. checking partial_output_delay (0)
-------------------------------------
 There are 0 ports with partial output delay specified.


12. checking latch_loops (0)
----------------------------
 There are 0 combinational latch loops in the design through latch input



------------------------------------------------------------------------------------------------
| Design Timing Summary
| ---------------------
------------------------------------------------------------------------------------------------

    WNS(ns)      TNS(ns)  TNS Failing Endpoints  TNS Total Endpoints      WHS(ns)      THS(ns)  THS Failing Endpoints  THS Total Endpoints     WPWS(ns)     TPWS(ns)  TPWS Failing Endpoints  TPWS Total Endpoints  
    -------      -------  ---------------------  -------------------      -------      -------  ---------------------  -------------------     --------     --------  ----------------------  --------------------  
      1.758        0.000                      0                  125        0.011        0.000                      0                  125        4.725        0.000                       0                    65  


All user specified timing constraints are met.


------------------------------------------------------------------------------------------------
| Clock Summary
| -------------
------------------------------------------------------------------------------------------------

Clock   Waveform(ns)       Period(ns)      Frequency(MHz)
-----   ------------       ----------      --------------
clk_in  {0.000 5.000}      10.000          100.000         


------------------------------------------------------------------------------------------------
| Intra Clock Table
| -----------------
------------------------------------------------------------------------------------------------

Clock             WNS(ns)      TNS(ns)  TNS Failing Endpoints  TNS Total Endpoints      WHS(ns)      THS(ns)  THS Failing Endpoints  THS Total Endpoints     WPWS(ns)     TPWS(ns)  TPWS Failing Endpoints  TPWS Total Endpoints  
-----             -------      -------  ---------------------  -------------------      -------      -------  ---------------------  -------------------     --------     --------  ----------------------  --------------------  
clk_in              1.758        0.000                      0                  125        0.011        0.000                      0                  125        4.725        0.000                       0                    65  


------------------------------------------------------------------------------------------------
| Inter Clock Table
| -----------------
------------------------------------------------------------------------------------------------

From Clock    To Clock          WNS(ns)      TNS(ns)  TNS Failing Endpoints  TNS Total Endpoints      WHS(ns)      THS(ns)  THS Failing Endpoints  THS Total Endpoints  
----------    --------          -------      -------  ---------------------  -------------------      -------      -------  ---------------------  -------------------  


------------------------------------------------------------------------------------------------
| Other Path Groups Table
| -----------------------
------------------------------------------------------------------------------------------------

Path Group    From Clock    To Clock          WNS(ns)      TNS(ns)  TNS Failing Endpoints  TNS Total Endpoints      WHS(ns)      THS(ns)  THS Failing Endpoints  THS Total Endpoints  
----------    ----------    --------          -------      -------  ---------------------  -------------------      -------      -------  ---------------------  -------------------  


------------------------------------------------------------------------------------------------
| User Ignored Path Table
| -----------------------
------------------------------------------------------------------------------------------------

Path Group    From Clock    To Clock    
----------    ----------    --------    


------------------------------------------------------------------------------------------------
| Unconstrained Path Table
| ------------------------
------------------------------------------------------------------------------------------------

Path Group    From Clock    To Clock    
----------    ----------    --------    


------------------------------------------------------------------------------------------------
| Timing Details
| --------------
------------------------------------------------------------------------------------------------


---------------------------------------------------------------------------------------------------
From Clock:  clk_in
  To Clock:  clk_in

Setup :            0  Failing Endpoints,  Worst Slack        1.758ns,  Total Violation        0.000ns
Hold  :            0  Failing Endpoints,  Worst Slack        0.011ns,  Total Violation        0.000ns
PW    :            0  Failing Endpoints,  Worst Slack        4.725ns,  Total Violation        0.000ns
---------------------------------------------------------------------------------------------------


Max Delay Paths
--------------------------------------------------------------------------------------
Slack (MET) :             1.758ns  (required time - arrival time)
  Source:                 spike_reg/C
                            (rising edge-triggered cell FDRE clocked by clk_in  {rise@0.000ns fall@5.000ns period=10.000ns})
  Destination:            spike
                            (output port clocked by clk_in  {rise@0.000ns fall@5.000ns period=10.000ns})
  Path Group:             clk_in
  Path Type:              Max at Slow Process Corner
  Requirement:            10.000ns  (clk_in rise@10.000ns - clk_in rise@0.000ns)
  Data Path Delay:        3.491ns  (logic 2.382ns (68.231%)  route 1.109ns (31.769%))
  Logic Levels:           1  (OBUF=1)
  Output Delay:           2.000ns
  Clock Path Skew:        -2.516ns (DCD - SCD + CPR)
    Destination Clock Delay (DCD):    0.000ns = ( 10.000 - 10.000 ) 
    Source Clock Delay      (SCD):    2.516ns
    Clock Pessimism Removal (CPR):    0.000ns
  Clock Uncertainty:      0.235ns  ((TSJ^2 + TIJ^2)^1/2 + DJ) / 2 + PE + UU
    Total System Jitter     (TSJ):    0.071ns
    Total Input Jitter      (TIJ):    0.000ns
    Discrete Jitter          (DJ):    0.000ns
    Phase Error              (PE):    0.000ns
    User Uncertainty         (UU):    0.200ns
  Clock Net Delay (Source):      1.282ns (routing 0.438ns, distribution 0.844ns)

    Location             Delay type                Incr(ns)  Path(ns)    Netlist Resource(s)
  -------------------------------------------------------------------    -------------------
                         (clock clk_in rise edge)     0.000     0.000 r  
    D14                                               0.000     0.000 r  clk_in (IN)
                         net (fo=0)                   0.000     0.000    clk_in_IBUF_inst/I
    D14                  INBUF (Prop_INBUF_HDIOB_M_PAD_O)
                                                      1.002     1.002 r  clk_in_IBUF_inst/INBUF_INST/O
                         net (fo=1, routed)           0.000     1.002    clk_in_IBUF_inst/OUT
    D14                  IBUFCTRL (Prop_IBUFCTRL_HDIOB_M_I_O)
                                                      0.000     1.002 r  clk_in_IBUF_inst/IBUFCTRL_INST/O
                         net (fo=1, routed)           0.204     1.206    clk_in_IBUF
    BUFGCE_HDIO_X0Y6     BUFGCE (Prop_BUFCE_BUFGCE_HDIO_I_O)
                                                      0.028     1.234 r  bufg_clk/O
    X0Y3 (CLOCK_ROOT)    net (fo=64, routed)          1.282     2.516    clk
    SLICE_X4Y224         FDRE                                         r  spike_reg/C
  -------------------------------------------------------------------    -------------------
    SLICE_X4Y224         FDRE (Prop_DFF_SLICEM_C_Q)
                                                      0.078     2.594 r  spike_reg/Q
                         net (fo=1, routed)           1.109     3.703    spike_OBUF
    A12                  OBUF (Prop_OUTBUF_HDIOB_S_I_O)
                                                      2.304     6.007 r  spike_OBUF_inst/O
                         net (fo=0)                   0.000     6.007    spike
    A12                                                               r  spike (OUT)
  -------------------------------------------------------------------    -------------------

                         (clock clk_in rise edge)    10.000    10.000 r  
                         clock pessimism              0.000    10.000    
                         clock uncertainty           -0.235     9.765    
                         output delay                -2.000     7.765    
  -------------------------------------------------------------------
                         required time                          7.765    
                         arrival time                          -6.007    
  -------------------------------------------------------------------
                         slack                                  1.758    

Slack (MET) :             4.445ns  (required time - arrival time)
  Source:                 new_image
                            (input port clocked by clk_in  {rise@0.000ns fall@5.000ns period=10.000ns})
  Destination:            new_image_r_reg/D
                            (rising edge-triggered cell FDRE clocked by clk_in  {rise@0.000ns fall@5.000ns period=10.000ns})
  Path Group:             clk_in
  Path Type:              Setup (Max at Slow Process Corner)
  Requirement:            10.000ns  (clk_in rise@10.000ns - clk_in rise@0.000ns)
  Data Path Delay:        5.165ns  (logic 1.171ns (22.668%)  route 3.994ns (77.332%))
  Logic Levels:           3  (IBUFCTRL=1 INBUF=1 LUT1=1)
  Input Delay:            2.000ns
  Clock Path Skew:        1.820ns (DCD - SCD + CPR)
    Destination Clock Delay (DCD):    1.820ns = ( 11.820 - 10.000 ) 
    Source Clock Delay      (SCD):    0.000ns
    Clock Pessimism Removal (CPR):    0.000ns
  Clock Uncertainty:      0.235ns  ((TSJ^2 + TIJ^2)^1/2 + DJ) / 2 + PE + UU
    Total System Jitter     (TSJ):    0.071ns
    Total Input Jitter      (TIJ):    0.000ns
    Discrete Jitter          (DJ):    0.000ns
    Phase Error              (PE):    0.000ns
    User Uncertainty         (UU):    0.200ns
  Clock Net Delay (Destination): 1.133ns (routing 0.400ns, distribution 0.733ns)

    Location             Delay type                Incr(ns)  Path(ns)    Netlist Resource(s)
  -------------------------------------------------------------------    -------------------
                         (clock clk_in rise edge)     0.000     0.000 r  
                         input delay                  2.000     2.000    
    A14                                               0.000     2.000 r  new_image (IN)
                         net (fo=0)                   0.000     2.000    new_image_IBUF_inst/I
    A14                  INBUF (Prop_INBUF_HDIOB_S_PAD_O)
                                                      1.006     3.006 r  new_image_IBUF_inst/INBUF_INST/O
                         net (fo=1, routed)           0.000     3.006    new_image_IBUF_inst/OUT
    A14                  IBUFCTRL (Prop_IBUFCTRL_HDIOB_S_I_O)
                                                      0.000     3.006 r  new_image_IBUF_inst/IBUFCTRL_INST/O
                         net (fo=1, routed)           1.814     4.820    new_image_IBUF
    SLICE_X105Y239       LUT1 (Prop_B5LUT_SLICEL_I0_O)
                                                      0.165     4.985 r  new_image_IBUF_hold_fix/O
                         net (fo=1, routed)           2.180     7.165    new_image_IBUF_hold_fix_1
    SLICE_X4Y225         FDRE                                         r  new_image_r_reg/D
  -------------------------------------------------------------------    -------------------

                         (clock clk_in rise edge)    10.000    10.000 r  
    D14                                               0.000    10.000 r  clk_in (IN)
                         net (fo=0)                   0.000    10.000    clk_in_IBUF_inst/I
    D14                  INBUF (Prop_INBUF_HDIOB_M_PAD_O)
                                                      0.495    10.495 r  clk_in_IBUF_inst/INBUF_INST/O
                         net (fo=1, routed)           0.000    10.495    clk_in_IBUF_inst/OUT
    D14                  IBUFCTRL (Prop_IBUFCTRL_HDIOB_M_I_O)
                                                      0.000    10.495 r  clk_in_IBUF_inst/IBUFCTRL_INST/O
                         net (fo=1, routed)           0.169    10.664    clk_in_IBUF
    BUFGCE_HDIO_X0Y6     BUFGCE (Prop_BUFCE_BUFGCE_HDIO_I_O)
                                                      0.024    10.688 r  bufg_clk/O
    X0Y3 (CLOCK_ROOT)    net (fo=64, routed)          1.133    11.820    clk
    SLICE_X4Y225         FDRE                                         r  new_image_r_reg/C
                         clock pessimism              0.000    11.820    
                         clock uncertainty           -0.235    11.585    
    SLICE_X4Y225         FDRE (Setup_EFF2_SLICEM_C_D)
                                                      0.025    11.610    new_image_r_reg
  -------------------------------------------------------------------
                         required time                         11.610    
                         arrival time                          -7.165    
  -------------------------------------------------------------------
                         slack                                  4.445    

Slack (MET) :             4.513ns  (required time - arrival time)
  Source:                 rst
                            (input port clocked by clk_in  {rise@0.000ns fall@5.000ns period=10.000ns})
  Destination:            rst_r_reg/D
                            (rising edge-triggered cell FDRE clocked by clk_in  {rise@0.000ns fall@5.000ns period=10.000ns})
  Path Group:             clk_in
  Path Type:              Setup (Max at Slow Process Corner)
  Requirement:            10.000ns  (clk_in rise@10.000ns - clk_in rise@0.000ns)
  Data Path Delay:        5.097ns  (logic 1.174ns (23.035%)  route 3.923ns (76.965%))
  Logic Levels:           3  (IBUFCTRL=1 INBUF=1 LUT1=1)
  Input Delay:            2.000ns
  Clock Path Skew:        1.820ns (DCD - SCD + CPR)
    Destination Clock Delay (DCD):    1.820ns = ( 11.820 - 10.000 ) 
    Source Clock Delay      (SCD):    0.000ns
    Clock Pessimism Removal (CPR):    0.000ns
  Clock Uncertainty:      0.235ns  ((TSJ^2 + TIJ^2)^1/2 + DJ) / 2 + PE + UU
    Total System Jitter     (TSJ):    0.071ns
    Total Input Jitter      (TIJ):    0.000ns
    Discrete Jitter          (DJ):    0.000ns
    Phase Error              (PE):    0.000ns
    User Uncertainty         (UU):    0.200ns
  Clock Net Delay (Destination): 1.133ns (routing 0.400ns, distribution 0.733ns)

    Location             Delay type                Incr(ns)  Path(ns)    Netlist Resource(s)
  -------------------------------------------------------------------    -------------------
                         (clock clk_in rise edge)     0.000     0.000 r  
                         input delay                  2.000     2.000    
    A13                                               0.000     2.000 r  rst (IN)
                         net (fo=0)                   0.000     2.000    rst_IBUF_inst/I
    A13                  INBUF (Prop_INBUF_HDIOB_M_PAD_O)
                                                      1.013     3.013 r  rst_IBUF_inst/INBUF_INST/O
                         net (fo=1, routed)           0.000     3.013    rst_IBUF_inst/OUT
    A13                  IBUFCTRL (Prop_IBUFCTRL_HDIOB_M_I_O)
                                                      0.000     3.013 r  rst_IBUF_inst/IBUFCTRL_INST/O
                         net (fo=1, routed)           1.776     4.789    rst_IBUF
    SLICE_X104Y239       LUT1 (Prop_A5LUT_SLICEL_I0_O)
                                                      0.161     4.950 r  rst_IBUF_hold_fix/O
                         net (fo=1, routed)           2.147     7.097    rst_IBUF_hold_fix_1
    SLICE_X4Y225         FDRE                                         r  rst_r_reg/D
  -------------------------------------------------------------------    -------------------

                         (clock clk_in rise edge)    10.000    10.000 r  
    D14                                               0.000    10.000 r  clk_in (IN)
                         net (fo=0)                   0.000    10.000    clk_in_IBUF_inst/I
    D14                  INBUF (Prop_INBUF_HDIOB_M_PAD_O)
                                                      0.495    10.495 r  clk_in_IBUF_inst/INBUF_INST/O
                         net (fo=1, routed)           0.000    10.495    clk_in_IBUF_inst/OUT
    D14                  IBUFCTRL (Prop_IBUFCTRL_HDIOB_M_I_O)
                                                      0.000    10.495 r  clk_in_IBUF_inst/IBUFCTRL_INST/O
                         net (fo=1, routed)           0.169    10.664    clk_in_IBUF
    BUFGCE_HDIO_X0Y6     BUFGCE (Prop_BUFCE_BUFGCE_HDIO_I_O)
                                                      0.024    10.688 r  bufg_clk/O
    X0Y3 (CLOCK_ROOT)    net (fo=64, routed)          1.133    11.820    clk
    SLICE_X4Y225         FDRE                                         r  rst_r_reg/C
                         clock pessimism              0.000    11.820    
                         clock uncertainty           -0.235    11.585    
    SLICE_X4Y225         FDRE (Setup_FFF_SLICEM_C_D)
                                                      0.025    11.610    rst_r_reg
  -------------------------------------------------------------------
                         required time                         11.610    
                         arrival time                          -7.097    
  -------------------------------------------------------------------
                         slack                                  4.513    

Slack (MET) :             4.717ns  (required time - arrival time)
  Source:                 enable
                            (input port clocked by clk_in  {rise@0.000ns fall@5.000ns period=10.000ns})
  Destination:            enable_r_reg/D
                            (rising edge-triggered cell FDRE clocked by clk_in  {rise@0.000ns fall@5.000ns period=10.000ns})
  Path Group:             clk_in
  Path Type:              Setup (Max at Slow Process Corner)
  Requirement:            10.000ns  (clk_in rise@10.000ns - clk_in rise@0.000ns)
  Data Path Delay:        4.893ns  (logic 1.103ns (22.544%)  route 3.790ns (77.456%))
  Logic Levels:           3  (IBUFCTRL=1 INBUF=1 LUT1=1)
  Input Delay:            2.000ns
  Clock Path Skew:        1.820ns (DCD - SCD + CPR)
    Destination Clock Delay (DCD):    1.820ns = ( 11.820 - 10.000 ) 
    Source Clock Delay      (SCD):    0.000ns
    Clock Pessimism Removal (CPR):    0.000ns
  Clock Uncertainty:      0.235ns  ((TSJ^2 + TIJ^2)^1/2 + DJ) / 2 + PE + UU
    Total System Jitter     (TSJ):    0.071ns
    Total Input Jitter      (TIJ):    0.000ns
    Discrete Jitter          (DJ):    0.000ns
    Phase Error              (PE):    0.000ns
    User Uncertainty         (UU):    0.200ns
  Clock Net Delay (Destination): 1.133ns (routing 0.400ns, distribution 0.733ns)

    Location             Delay type                Incr(ns)  Path(ns)    Netlist Resource(s)
  -------------------------------------------------------------------    -------------------
                         (clock clk_in rise edge)     0.000     0.000 r  
                         input delay                  2.000     2.000    
    B14                                               0.000     2.000 r  enable (IN)
                         net (fo=0)                   0.000     2.000    enable_IBUF_inst/I
    B14                  INBUF (Prop_INBUF_HDIOB_M_PAD_O)
                                                      1.003     3.003 r  enable_IBUF_inst/INBUF_INST/O
                         net (fo=1, routed)           0.000     3.003    enable_IBUF_inst/OUT
    B14                  IBUFCTRL (Prop_IBUFCTRL_HDIOB_M_I_O)
                                                      0.000     3.003 r  enable_IBUF_inst/IBUFCTRL_INST/O
                         net (fo=1, routed)           1.673     4.676    enable_IBUF
    SLICE_X105Y239       LUT1 (Prop_A5LUT_SLICEL_I0_O)
                                                      0.100     4.776 r  enable_IBUF_hold_fix/O
                         net (fo=1, routed)           2.117     6.893    enable_IBUF_hold_fix_1
    SLICE_X4Y225         FDRE                                         r  enable_r_reg/D
  -------------------------------------------------------------------    -------------------

                         (clock clk_in rise edge)    10.000    10.000 r  
    D14                                               0.000    10.000 r  clk_in (IN)
                         net (fo=0)                   0.000    10.000    clk_in_IBUF_inst/I
    D14                  INBUF (Prop_INBUF_HDIOB_M_PAD_O)
                                                      0.495    10.495 r  clk_in_IBUF_inst/INBUF_INST/O
                         net (fo=1, routed)           0.000    10.495    clk_in_IBUF_inst/OUT
    D14                  IBUFCTRL (Prop_IBUFCTRL_HDIOB_M_I_O)
                                                      0.000    10.495 r  clk_in_IBUF_inst/IBUFCTRL_INST/O
                         net (fo=1, routed)           0.169    10.664    clk_in_IBUF
    BUFGCE_HDIO_X0Y6     BUFGCE (Prop_BUFCE_BUFGCE_HDIO_I_O)
                                                      0.024    10.688 r  bufg_clk/O
    X0Y3 (CLOCK_ROOT)    net (fo=64, routed)          1.133    11.820    clk
    SLICE_X4Y225         FDRE                                         r  enable_r_reg/C
                         clock pessimism              0.000    11.820    
                         clock uncertainty           -0.235    11.585    
    SLICE_X4Y225         FDRE (Setup_EFF_SLICEM_C_D)
                                                      0.025    11.610    enable_r_reg
  -------------------------------------------------------------------
                         required time                         11.610    
                         arrival time                          -6.893    
  -------------------------------------------------------------------
                         slack                                  4.717    

Slack (MET) :             4.720ns  (required time - arrival time)
  Source:                 input_current[6]
                            (input port clocked by clk_in  {rise@0.000ns fall@5.000ns period=10.000ns})
  Destination:            input_current_r_reg[6]/D
                            (rising edge-triggered cell FDRE clocked by clk_in  {rise@0.000ns fall@5.000ns period=10.000ns})
  Path Group:             clk_in
  Path Type:              Setup (Max at Slow Process Corner)
  Requirement:            10.000ns  (clk_in rise@10.000ns - clk_in rise@0.000ns)
  Data Path Delay:        4.895ns  (logic 0.672ns (13.730%)  route 4.223ns (86.270%))
  Logic Levels:           3  (IBUFCTRL=1 INBUF=1 LUT1=1)
  Input Delay:            2.000ns
  Clock Path Skew:        1.826ns (DCD - SCD + CPR)
    Destination Clock Delay (DCD):    1.826ns = ( 11.826 - 10.000 ) 
    Source Clock Delay      (SCD):    0.000ns
    Clock Pessimism Removal (CPR):    0.000ns
  Clock Uncertainty:      0.235ns  ((TSJ^2 + TIJ^2)^1/2 + DJ) / 2 + PE + UU
    Total System Jitter     (TSJ):    0.071ns
    Total Input Jitter      (TIJ):    0.000ns
    Discrete Jitter          (DJ):    0.000ns
    Phase Error              (PE):    0.000ns
    User Uncertainty         (UU):    0.200ns
  Clock Net Delay (Destination): 1.138ns (routing 0.400ns, distribution 0.738ns)

    Location             Delay type                Incr(ns)  Path(ns)    Netlist Resource(s)
  -------------------------------------------------------------------    -------------------
                         (clock clk_in rise edge)     0.000     0.000 r  
                         input delay                  2.000     2.000    
    C23                                               0.000     2.000 r  input_current[6] (IN)
                         net (fo=0)                   0.000     2.000    input_current_IBUF[6]_inst/I
    C23                  INBUF (Prop_INBUF_HPIOB_M_PAD_O)
                                                      0.509     2.509 r  input_current_IBUF[6]_inst/INBUF_INST/O
                         net (fo=1, routed)           0.000     2.509    input_current_IBUF[6]_inst/OUT
    C23                  IBUFCTRL (Prop_IBUFCTRL_HPIOB_M_I_O)
                                                      0.000     2.509 r  input_current_IBUF[6]_inst/IBUFCTRL_INST/O
                         net (fo=1, routed)           2.456     4.965    input_current_IBUF[6]
    SLICE_X89Y239        LUT1 (Prop_A5LUT_SLICEM_I0_O)
                                                      0.163     5.128 r  input_current_IBUF[6]_hold_fix/O
                         net (fo=1, routed)           1.767     6.895    input_current_IBUF[6]_hold_fix_1
    SLICE_X1Y228         FDRE                                         r  input_current_r_reg[6]/D
  -------------------------------------------------------------------    -------------------

                         (clock clk_in rise edge)    10.000    10.000 r  
    D14                                               0.000    10.000 r  clk_in (IN)
                         net (fo=0)                   0.000    10.000    clk_in_IBUF_inst/I
    D14                  INBUF (Prop_INBUF_HDIOB_M_PAD_O)
                                                      0.495    10.495 r  clk_in_IBUF_inst/INBUF_INST/O
                         net (fo=1, routed)           0.000    10.495    clk_in_IBUF_inst/OUT
    D14                  IBUFCTRL (Prop_IBUFCTRL_HDIOB_M_I_O)
                                                      0.000    10.495 r  clk_in_IBUF_inst/IBUFCTRL_INST/O
                         net (fo=1, routed)           0.169    10.664    clk_in_IBUF
    BUFGCE_HDIO_X0Y6     BUFGCE (Prop_BUFCE_BUFGCE_HDIO_I_O)
                                                      0.024    10.688 r  bufg_clk/O
    X0Y3 (CLOCK_ROOT)    net (fo=64, routed)          1.138    11.826    clk
    SLICE_X1Y228         FDRE                                         r  input_current_r_reg[6]/C
                         clock pessimism              0.000    11.826    
                         clock uncertainty           -0.235    11.590    
    SLICE_X1Y228         FDRE (Setup_EFF_SLICEM_C_D)
                                                      0.025    11.615    input_current_r_reg[6]
  -------------------------------------------------------------------
                         required time                         11.615    
                         arrival time                          -6.895    
  -------------------------------------------------------------------
                         slack                                  4.720    

Slack (MET) :             4.796ns  (required time - arrival time)
  Source:                 input_current[4]
                            (input port clocked by clk_in  {rise@0.000ns fall@5.000ns period=10.000ns})
  Destination:            input_current_r_reg[4]/D
                            (rising edge-triggered cell FDRE clocked by clk_in  {rise@0.000ns fall@5.000ns period=10.000ns})
  Path Group:             clk_in
  Path Type:              Setup (Max at Slow Process Corner)
  Requirement:            10.000ns  (clk_in rise@10.000ns - clk_in rise@0.000ns)
  Data Path Delay:        4.821ns  (logic 0.673ns (13.952%)  route 4.148ns (86.048%))
  Logic Levels:           3  (IBUFCTRL=1 INBUF=1 LUT1=1)
  Input Delay:            2.000ns
  Clock Path Skew:        1.827ns (DCD - SCD + CPR)
    Destination Clock Delay (DCD):    1.827ns = ( 11.827 - 10.000 ) 
    Source Clock Delay      (SCD):    0.000ns
    Clock Pessimism Removal (CPR):    0.000ns
  Clock Uncertainty:      0.235ns  ((TSJ^2 + TIJ^2)^1/2 + DJ) / 2 + PE + UU
    Total System Jitter     (TSJ):    0.071ns
    Total Input Jitter      (TIJ):    0.000ns
    Discrete Jitter          (DJ):    0.000ns
    Phase Error              (PE):    0.000ns
    User Uncertainty         (UU):    0.200ns
  Clock Net Delay (Destination): 1.139ns (routing 0.400ns, distribution 0.739ns)

    Location             Delay type                Incr(ns)  Path(ns)    Netlist Resource(s)
  -------------------------------------------------------------------    -------------------
                         (clock clk_in rise edge)     0.000     0.000 r  
                         input delay                  2.000     2.000    
    C21                                               0.000     2.000 r  input_current[4] (IN)
                         net (fo=0)                   0.000     2.000    input_current_IBUF[4]_inst/I
    C21                  INBUF (Prop_INBUF_HPIOB_M_PAD_O)
                                                      0.506     2.506 r  input_current_IBUF[4]_inst/INBUF_INST/O
                         net (fo=1, routed)           0.000     2.506    input_current_IBUF[4]_inst/OUT
    C21                  IBUFCTRL (Prop_IBUFCTRL_HPIOB_M_I_O)
                                                      0.000     2.506 r  input_current_IBUF[4]_inst/IBUFCTRL_INST/O
                         net (fo=1, routed)           2.324     4.830    input_current_IBUF[4]
    SLICE_X89Y239        LUT1 (Prop_B5LUT_SLICEM_I0_O)
                                                      0.167     4.997 r  input_current_IBUF[4]_hold_fix/O
                         net (fo=1, routed)           1.824     6.821    input_current_IBUF[4]_hold_fix_1
    SLICE_X1Y230         FDRE                                         r  input_current_r_reg[4]/D
  -------------------------------------------------------------------    -------------------

                         (clock clk_in rise edge)    10.000    10.000 r  
    D14                                               0.000    10.000 r  clk_in (IN)
                         net (fo=0)                   0.000    10.000    clk_in_IBUF_inst/I
    D14                  INBUF (Prop_INBUF_HDIOB_M_PAD_O)
                                                      0.495    10.495 r  clk_in_IBUF_inst/INBUF_INST/O
                         net (fo=1, routed)           0.000    10.495    clk_in_IBUF_inst/OUT
    D14                  IBUFCTRL (Prop_IBUFCTRL_HDIOB_M_I_O)
                                                      0.000    10.495 r  clk_in_IBUF_inst/IBUFCTRL_INST/O
                         net (fo=1, routed)           0.169    10.664    clk_in_IBUF
    BUFGCE_HDIO_X0Y6     BUFGCE (Prop_BUFCE_BUFGCE_HDIO_I_O)
                                                      0.024    10.688 r  bufg_clk/O
    X0Y3 (CLOCK_ROOT)    net (fo=64, routed)          1.139    11.827    clk
    SLICE_X1Y230         FDRE                                         r  input_current_r_reg[4]/C
                         clock pessimism              0.000    11.827    
                         clock uncertainty           -0.235    11.591    
    SLICE_X1Y230         FDRE (Setup_GFF_SLICEM_C_D)
                                                      0.025    11.616    input_current_r_reg[4]
  -------------------------------------------------------------------
                         required time                         11.616    
                         arrival time                          -6.821    
  -------------------------------------------------------------------
                         slack                                  4.796    

Slack (MET) :             4.809ns  (required time - arrival time)
  Source:                 input_current[16]
                            (input port clocked by clk_in  {rise@0.000ns fall@5.000ns period=10.000ns})
  Destination:            input_current_r_reg[16]/D
                            (rising edge-triggered cell FDRE clocked by clk_in  {rise@0.000ns fall@5.000ns period=10.000ns})
  Path Group:             clk_in
  Path Type:              Setup (Max at Slow Process Corner)
  Requirement:            10.000ns  (clk_in rise@10.000ns - clk_in rise@0.000ns)
  Data Path Delay:        4.798ns  (logic 0.697ns (14.533%)  route 4.101ns (85.467%))
  Logic Levels:           3  (IBUFCTRL=1 INBUF=1 LUT1=1)
  Input Delay:            2.000ns
  Clock Path Skew:        1.818ns (DCD - SCD + CPR)
    Destination Clock Delay (DCD):    1.818ns = ( 11.818 - 10.000 ) 
    Source Clock Delay      (SCD):    0.000ns
    Clock Pessimism Removal (CPR):    0.000ns
  Clock Uncertainty:      0.235ns  ((TSJ^2 + TIJ^2)^1/2 + DJ) / 2 + PE + UU
    Total System Jitter     (TSJ):    0.071ns
    Total Input Jitter      (TIJ):    0.000ns
    Discrete Jitter          (DJ):    0.000ns
    Phase Error              (PE):    0.000ns
    User Uncertainty         (UU):    0.200ns
  Clock Net Delay (Destination): 1.130ns (routing 0.400ns, distribution 0.730ns)

    Location             Delay type                Incr(ns)  Path(ns)    Netlist Resource(s)
  -------------------------------------------------------------------    -------------------
                         (clock clk_in rise edge)     0.000     0.000 r  
                         input delay                  2.000     2.000    
    A17                                               0.000     2.000 r  input_current[16] (IN)
                         net (fo=0)                   0.000     2.000    input_current_IBUF[16]_inst/I
    A17                  INBUF (Prop_INBUF_HPIOB_M_PAD_O)
                                                      0.534     2.534 r  input_current_IBUF[16]_inst/INBUF_INST/O
                         net (fo=1, routed)           0.000     2.534    input_current_IBUF[16]_inst/OUT
    A17                  IBUFCTRL (Prop_IBUFCTRL_HPIOB_M_I_O)
                                                      0.000     2.534 r  input_current_IBUF[16]_inst/IBUFCTRL_INST/O
                         net (fo=1, routed)           2.333     4.867    input_current_IBUF[16]
    SLICE_X86Y239        LUT1 (Prop_A5LUT_SLICEM_I0_O)
                                                      0.163     5.030 r  input_current_IBUF[16]_hold_fix/O
                         net (fo=1, routed)           1.768     6.798    input_current_IBUF[16]_hold_fix_1
    SLICE_X0Y218         FDRE                                         r  input_current_r_reg[16]/D
  -------------------------------------------------------------------    -------------------

                         (clock clk_in rise edge)    10.000    10.000 r  
    D14                                               0.000    10.000 r  clk_in (IN)
                         net (fo=0)                   0.000    10.000    clk_in_IBUF_inst/I
    D14                  INBUF (Prop_INBUF_HDIOB_M_PAD_O)
                                                      0.495    10.495 r  clk_in_IBUF_inst/INBUF_INST/O
                         net (fo=1, routed)           0.000    10.495    clk_in_IBUF_inst/OUT
    D14                  IBUFCTRL (Prop_IBUFCTRL_HDIOB_M_I_O)
                                                      0.000    10.495 r  clk_in_IBUF_inst/IBUFCTRL_INST/O
                         net (fo=1, routed)           0.169    10.664    clk_in_IBUF
    BUFGCE_HDIO_X0Y6     BUFGCE (Prop_BUFCE_BUFGCE_HDIO_I_O)
                                                      0.024    10.688 r  bufg_clk/O
    X0Y3 (CLOCK_ROOT)    net (fo=64, routed)          1.130    11.818    clk
    SLICE_X0Y218         FDRE                                         r  input_current_r_reg[16]/C
                         clock pessimism              0.000    11.818    
                         clock uncertainty           -0.235    11.582    
    SLICE_X0Y218         FDRE (Setup_EFF2_SLICEL_C_D)
                                                      0.025    11.607    input_current_r_reg[16]
  -------------------------------------------------------------------
                         required time                         11.607    
                         arrival time                          -6.798    
  -------------------------------------------------------------------
                         slack                                  4.809    

Slack (MET) :             4.814ns  (required time - arrival time)
  Source:                 input_current[17]
                            (input port clocked by clk_in  {rise@0.000ns fall@5.000ns period=10.000ns})
  Destination:            input_current_r_reg[17]/D
                            (rising edge-triggered cell FDRE clocked by clk_in  {rise@0.000ns fall@5.000ns period=10.000ns})
  Path Group:             clk_in
  Path Type:              Setup (Max at Slow Process Corner)
  Requirement:            10.000ns  (clk_in rise@10.000ns - clk_in rise@0.000ns)
  Data Path Delay:        4.794ns  (logic 0.651ns (13.581%)  route 4.143ns (86.419%))
  Logic Levels:           3  (IBUFCTRL=1 INBUF=1 LUT1=1)
  Input Delay:            2.000ns
  Clock Path Skew:        1.819ns (DCD - SCD + CPR)
    Destination Clock Delay (DCD):    1.819ns = ( 11.819 - 10.000 ) 
    Source Clock Delay      (SCD):    0.000ns
    Clock Pessimism Removal (CPR):    0.000ns
  Clock Uncertainty:      0.235ns  ((TSJ^2 + TIJ^2)^1/2 + DJ) / 2 + PE + UU
    Total System Jitter     (TSJ):    0.071ns
    Total Input Jitter      (TIJ):    0.000ns
    Discrete Jitter          (DJ):    0.000ns
    Phase Error              (PE):    0.000ns
    User Uncertainty         (UU):    0.200ns
  Clock Net Delay (Destination): 1.131ns (routing 0.400ns, distribution 0.731ns)

    Location             Delay type                Incr(ns)  Path(ns)    Netlist Resource(s)
  -------------------------------------------------------------------    -------------------
                         (clock clk_in rise edge)     0.000     0.000 r  
                         input delay                  2.000     2.000    
    A18                                               0.000     2.000 r  input_current[17] (IN)
                         net (fo=0)                   0.000     2.000    input_current_IBUF[17]_inst/I
    A18                  INBUF (Prop_INBUF_HPIOB_S_PAD_O)
                                                      0.535     2.535 r  input_current_IBUF[17]_inst/INBUF_INST/O
                         net (fo=1, routed)           0.000     2.535    input_current_IBUF[17]_inst/OUT
    A18                  IBUFCTRL (Prop_IBUFCTRL_HPIOB_S_I_O)
                                                      0.000     2.535 r  input_current_IBUF[17]_inst/IBUFCTRL_INST/O
                         net (fo=1, routed)           2.352     4.887    input_current_IBUF[17]
    SLICE_X86Y239        LUT1 (Prop_B5LUT_SLICEM_I0_O)
                                                      0.116     5.003 r  input_current_IBUF[17]_hold_fix/O
                         net (fo=1, routed)           1.791     6.794    input_current_IBUF[17]_hold_fix_1
    SLICE_X0Y219         FDRE                                         r  input_current_r_reg[17]/D
  -------------------------------------------------------------------    -------------------

                         (clock clk_in rise edge)    10.000    10.000 r  
    D14                                               0.000    10.000 r  clk_in (IN)
                         net (fo=0)                   0.000    10.000    clk_in_IBUF_inst/I
    D14                  INBUF (Prop_INBUF_HDIOB_M_PAD_O)
                                                      0.495    10.495 r  clk_in_IBUF_inst/INBUF_INST/O
                         net (fo=1, routed)           0.000    10.495    clk_in_IBUF_inst/OUT
    D14                  IBUFCTRL (Prop_IBUFCTRL_HDIOB_M_I_O)
                                                      0.000    10.495 r  clk_in_IBUF_inst/IBUFCTRL_INST/O
                         net (fo=1, routed)           0.169    10.664    clk_in_IBUF
    BUFGCE_HDIO_X0Y6     BUFGCE (Prop_BUFCE_BUFGCE_HDIO_I_O)
                                                      0.024    10.688 r  bufg_clk/O
    X0Y3 (CLOCK_ROOT)    net (fo=64, routed)          1.131    11.819    clk
    SLICE_X0Y219         FDRE                                         r  input_current_r_reg[17]/C
                         clock pessimism              0.000    11.819    
                         clock uncertainty           -0.235    11.583    
    SLICE_X0Y219         FDRE (Setup_EFF_SLICEL_C_D)
                                                      0.025    11.608    input_current_r_reg[17]
  -------------------------------------------------------------------
                         required time                         11.608    
                         arrival time                          -6.794    
  -------------------------------------------------------------------
                         slack                                  4.814    

Slack (MET) :             4.834ns  (required time - arrival time)
  Source:                 input_current[18]
                            (input port clocked by clk_in  {rise@0.000ns fall@5.000ns period=10.000ns})
  Destination:            input_current_r_reg[18]/D
                            (rising edge-triggered cell FDRE clocked by clk_in  {rise@0.000ns fall@5.000ns period=10.000ns})
  Path Group:             clk_in
  Path Type:              Setup (Max at Slow Process Corner)
  Requirement:            10.000ns  (clk_in rise@10.000ns - clk_in rise@0.000ns)
  Data Path Delay:        4.775ns  (logic 0.666ns (13.940%)  route 4.109ns (86.060%))
  Logic Levels:           3  (IBUFCTRL=1 INBUF=1 LUT1=1)
  Input Delay:            2.000ns
  Clock Path Skew:        1.819ns (DCD - SCD + CPR)
    Destination Clock Delay (DCD):    1.819ns = ( 11.819 - 10.000 ) 
    Source Clock Delay      (SCD):    0.000ns
    Clock Pessimism Removal (CPR):    0.000ns
  Clock Uncertainty:      0.235ns  ((TSJ^2 + TIJ^2)^1/2 + DJ) / 2 + PE + UU
    Total System Jitter     (TSJ):    0.071ns
    Total Input Jitter      (TIJ):    0.000ns
    Discrete Jitter          (DJ):    0.000ns
    Phase Error              (PE):    0.000ns
    User Uncertainty         (UU):    0.200ns
  Clock Net Delay (Destination): 1.132ns (routing 0.400ns, distribution 0.732ns)

    Location             Delay type                Incr(ns)  Path(ns)    Netlist Resource(s)
  -------------------------------------------------------------------    -------------------
                         (clock clk_in rise edge)     0.000     0.000 r  
                         input delay                  2.000     2.000    
    C17                                               0.000     2.000 r  input_current[18] (IN)
                         net (fo=0)                   0.000     2.000    input_current_IBUF[18]_inst/I
    C17                  INBUF (Prop_INBUF_HPIOB_M_PAD_O)
                                                      0.523     2.523 r  input_current_IBUF[18]_inst/INBUF_INST/O
                         net (fo=1, routed)           0.000     2.523    input_current_IBUF[18]_inst/OUT
    C17                  IBUFCTRL (Prop_IBUFCTRL_HPIOB_M_I_O)
                                                      0.000     2.523 r  input_current_IBUF[18]_inst/IBUFCTRL_INST/O
                         net (fo=1, routed)           2.402     4.925    input_current_IBUF[18]
    SLICE_X81Y239        LUT1 (Prop_B5LUT_SLICEM_I0_O)
                                                      0.143     5.068 r  input_current_IBUF[18]_hold_fix/O
                         net (fo=1, routed)           1.707     6.775    input_current_IBUF[18]_hold_fix_1
    SLICE_X2Y217         FDRE                                         r  input_current_r_reg[18]/D
  -------------------------------------------------------------------    -------------------

                         (clock clk_in rise edge)    10.000    10.000 r  
    D14                                               0.000    10.000 r  clk_in (IN)
                         net (fo=0)                   0.000    10.000    clk_in_IBUF_inst/I
    D14                  INBUF (Prop_INBUF_HDIOB_M_PAD_O)
                                                      0.495    10.495 r  clk_in_IBUF_inst/INBUF_INST/O
                         net (fo=1, routed)           0.000    10.495    clk_in_IBUF_inst/OUT
    D14                  IBUFCTRL (Prop_IBUFCTRL_HDIOB_M_I_O)
                                                      0.000    10.495 r  clk_in_IBUF_inst/IBUFCTRL_INST/O
                         net (fo=1, routed)           0.169    10.664    clk_in_IBUF
    BUFGCE_HDIO_X0Y6     BUFGCE (Prop_BUFCE_BUFGCE_HDIO_I_O)
                                                      0.024    10.688 r  bufg_clk/O
    X0Y3 (CLOCK_ROOT)    net (fo=64, routed)          1.132    11.819    clk
    SLICE_X2Y217         FDRE                                         r  input_current_r_reg[18]/C
                         clock pessimism              0.000    11.819    
                         clock uncertainty           -0.235    11.584    
    SLICE_X2Y217         FDRE (Setup_EFF_SLICEL_C_D)
                                                      0.025    11.609    input_current_r_reg[18]
  -------------------------------------------------------------------
                         required time                         11.609    
                         arrival time                          -6.775    
  -------------------------------------------------------------------
                         slack                                  4.834    

Slack (MET) :             4.836ns  (required time - arrival time)
  Source:                 input_current[21]
                            (input port clocked by clk_in  {rise@0.000ns fall@5.000ns period=10.000ns})
  Destination:            input_current_r_reg[21]/D
                            (rising edge-triggered cell FDRE clocked by clk_in  {rise@0.000ns fall@5.000ns period=10.000ns})
  Path Group:             clk_in
  Path Type:              Setup (Max at Slow Process Corner)
  Requirement:            10.000ns  (clk_in rise@10.000ns - clk_in rise@0.000ns)
  Data Path Delay:        4.765ns  (logic 0.655ns (13.740%)  route 4.110ns (86.260%))
  Logic Levels:           3  (IBUFCTRL=1 INBUF=1 LUT1=1)
  Input Delay:            2.000ns
  Clock Path Skew:        1.811ns (DCD - SCD + CPR)
    Destination Clock Delay (DCD):    1.811ns = ( 11.811 - 10.000 ) 
    Source Clock Delay      (SCD):    0.000ns
    Clock Pessimism Removal (CPR):    0.000ns
  Clock Uncertainty:      0.235ns  ((TSJ^2 + TIJ^2)^1/2 + DJ) / 2 + PE + UU
    Total System Jitter     (TSJ):    0.071ns
    Total Input Jitter      (TIJ):    0.000ns
    Discrete Jitter          (DJ):    0.000ns
    Phase Error              (PE):    0.000ns
    User Uncertainty         (UU):    0.200ns
  Clock Net Delay (Destination): 1.123ns (routing 0.400ns, distribution 0.723ns)

    Location             Delay type                Incr(ns)  Path(ns)    Netlist Resource(s)
  -------------------------------------------------------------------    -------------------
                         (clock clk_in rise edge)     0.000     0.000 r  
                         input delay                  2.000     2.000    
    B20                                               0.000     2.000 r  input_current[21] (IN)
                         net (fo=0)                   0.000     2.000    input_current_IBUF[21]_inst/I
    B20                  INBUF (Prop_INBUF_HPIOB_S_PAD_O)
                                                      0.517     2.517 r  input_current_IBUF[21]_inst/INBUF_INST/O
                         net (fo=1, routed)           0.000     2.517    input_current_IBUF[21]_inst/OUT
    B20                  IBUFCTRL (Prop_IBUFCTRL_HPIOB_S_I_O)
                                                      0.000     2.517 r  input_current_IBUF[21]_inst/IBUFCTRL_INST/O
                         net (fo=1, routed)           2.382     4.899    input_current_IBUF[21]
    SLICE_X80Y239        LUT1 (Prop_A5LUT_SLICEL_I0_O)
                                                      0.138     5.037 r  input_current_IBUF[21]_hold_fix/O
                         net (fo=1, routed)           1.728     6.765    input_current_IBUF[21]_hold_fix_1
    SLICE_X0Y213         FDRE                                         r  input_current_r_reg[21]/D
  -------------------------------------------------------------------    -------------------

                         (clock clk_in rise edge)    10.000    10.000 r  
    D14                                               0.000    10.000 r  clk_in (IN)
                         net (fo=0)                   0.000    10.000    clk_in_IBUF_inst/I
    D14                  INBUF (Prop_INBUF_HDIOB_M_PAD_O)
                                                      0.495    10.495 r  clk_in_IBUF_inst/INBUF_INST/O
                         net (fo=1, routed)           0.000    10.495    clk_in_IBUF_inst/OUT
    D14                  IBUFCTRL (Prop_IBUFCTRL_HDIOB_M_I_O)
                                                      0.000    10.495 r  clk_in_IBUF_inst/IBUFCTRL_INST/O
                         net (fo=1, routed)           0.169    10.664    clk_in_IBUF
    BUFGCE_HDIO_X0Y6     BUFGCE (Prop_BUFCE_BUFGCE_HDIO_I_O)
                                                      0.024    10.688 r  bufg_clk/O
    X0Y3 (CLOCK_ROOT)    net (fo=64, routed)          1.123    11.811    clk
    SLICE_X0Y213         FDRE                                         r  input_current_r_reg[21]/C
                         clock pessimism              0.000    11.811    
                         clock uncertainty           -0.235    11.575    
    SLICE_X0Y213         FDRE (Setup_EFF_SLICEL_C_D)
                                                      0.025    11.600    input_current_r_reg[21]
  -------------------------------------------------------------------
                         required time                         11.600    
                         arrival time                          -6.765    
  -------------------------------------------------------------------
                         slack                                  4.836    

Slack (MET) :             4.907ns  (required time - arrival time)
  Source:                 input_current[7]
                            (input port clocked by clk_in  {rise@0.000ns fall@5.000ns period=10.000ns})
  Destination:            input_current_r_reg[7]/D
                            (rising edge-triggered cell FDRE clocked by clk_in  {rise@0.000ns fall@5.000ns period=10.000ns})
  Path Group:             clk_in
  Path Type:              Setup (Max at Slow Process Corner)
  Requirement:            10.000ns  (clk_in rise@10.000ns - clk_in rise@0.000ns)
  Data Path Delay:        4.710ns  (logic 0.580ns (12.306%)  route 4.130ns (87.694%))
  Logic Levels:           3  (IBUFCTRL=1 INBUF=1 LUT1=1)
  Input Delay:            2.000ns
  Clock Path Skew:        1.827ns (DCD - SCD + CPR)
    Destination Clock Delay (DCD):    1.827ns = ( 11.827 - 10.000 ) 
    Source Clock Delay      (SCD):    0.000ns
    Clock Pessimism Removal (CPR):    0.000ns
  Clock Uncertainty:      0.235ns  ((TSJ^2 + TIJ^2)^1/2 + DJ) / 2 + PE + UU
    Total System Jitter     (TSJ):    0.071ns
    Total Input Jitter      (TIJ):    0.000ns
    Discrete Jitter          (DJ):    0.000ns
    Phase Error              (PE):    0.000ns
    User Uncertainty         (UU):    0.200ns
  Clock Net Delay (Destination): 1.139ns (routing 0.400ns, distribution 0.739ns)

    Location             Delay type                Incr(ns)  Path(ns)    Netlist Resource(s)
  -------------------------------------------------------------------    -------------------
                         (clock clk_in rise edge)     0.000     0.000 r  
                         input delay                  2.000     2.000    
    B24                                               0.000     2.000 r  input_current[7] (IN)
                         net (fo=0)                   0.000     2.000    input_current_IBUF[7]_inst/I
    B24                  INBUF (Prop_INBUF_HPIOB_S_PAD_O)
                                                      0.510     2.510 r  input_current_IBUF[7]_inst/INBUF_INST/O
                         net (fo=1, routed)           0.000     2.510    input_current_IBUF[7]_inst/OUT
    B24                  IBUFCTRL (Prop_IBUFCTRL_HPIOB_S_I_O)
                                                      0.000     2.510 r  input_current_IBUF[7]_inst/IBUFCTRL_INST/O
                         net (fo=1, routed)           2.371     4.881    input_current_IBUF[7]
    SLICE_X93Y239        LUT1 (Prop_A5LUT_SLICEM_I0_O)
                                                      0.070     4.951 r  input_current_IBUF[7]_hold_fix/O
                         net (fo=1, routed)           1.759     6.710    input_current_IBUF[7]_hold_fix_1
    SLICE_X1Y230         FDRE                                         r  input_current_r_reg[7]/D
  -------------------------------------------------------------------    -------------------

                         (clock clk_in rise edge)    10.000    10.000 r  
    D14                                               0.000    10.000 r  clk_in (IN)
                         net (fo=0)                   0.000    10.000    clk_in_IBUF_inst/I
    D14                  INBUF (Prop_INBUF_HDIOB_M_PAD_O)
                                                      0.495    10.495 r  clk_in_IBUF_inst/INBUF_INST/O
                         net (fo=1, routed)           0.000    10.495    clk_in_IBUF_inst/OUT
    D14                  IBUFCTRL (Prop_IBUFCTRL_HDIOB_M_I_O)
                                                      0.000    10.495 r  clk_in_IBUF_inst/IBUFCTRL_INST/O
                         net (fo=1, routed)           0.169    10.664    clk_in_IBUF
    BUFGCE_HDIO_X0Y6     BUFGCE (Prop_BUFCE_BUFGCE_HDIO_I_O)
                                                      0.024    10.688 r  bufg_clk/O
    X0Y3 (CLOCK_ROOT)    net (fo=64, routed)          1.139    11.827    clk
    SLICE_X1Y230         FDRE                                         r  input_current_r_reg[7]/C
                         clock pessimism              0.000    11.827    
                         clock uncertainty           -0.235    11.591    
    SLICE_X1Y230         FDRE (Setup_HFF_SLICEM_C_D)
                                                      0.025    11.616    input_current_r_reg[7]
  -------------------------------------------------------------------
                         required time                         11.616    
                         arrival time                          -6.710    
  -------------------------------------------------------------------
                         slack                                  4.907    

Slack (MET) :             4.908ns  (required time - arrival time)
  Source:                 input_current[23]
                            (input port clocked by clk_in  {rise@0.000ns fall@5.000ns period=10.000ns})
  Destination:            input_current_r_reg[23]/D
                            (rising edge-triggered cell FDRE clocked by clk_in  {rise@0.000ns fall@5.000ns period=10.000ns})
  Path Group:             clk_in
  Path Type:              Setup (Max at Slow Process Corner)
  Requirement:            10.000ns  (clk_in rise@10.000ns - clk_in rise@0.000ns)
  Data Path Delay:        4.692ns  (logic 0.679ns (14.476%)  route 4.013ns (85.524%))
  Logic Levels:           3  (IBUFCTRL=1 INBUF=1 LUT1=1)
  Input Delay:            2.000ns
  Clock Path Skew:        1.811ns (DCD - SCD + CPR)
    Destination Clock Delay (DCD):    1.811ns = ( 11.811 - 10.000 ) 
    Source Clock Delay      (SCD):    0.000ns
    Clock Pessimism Removal (CPR):    0.000ns
  Clock Uncertainty:      0.235ns  ((TSJ^2 + TIJ^2)^1/2 + DJ) / 2 + PE + UU
    Total System Jitter     (TSJ):    0.071ns
    Total Input Jitter      (TIJ):    0.000ns
    Discrete Jitter          (DJ):    0.000ns
    Phase Error              (PE):    0.000ns
    User Uncertainty         (UU):    0.200ns
  Clock Net Delay (Destination): 1.123ns (routing 0.400ns, distribution 0.723ns)

    Location             Delay type                Incr(ns)  Path(ns)    Netlist Resource(s)
  -------------------------------------------------------------------    -------------------
                         (clock clk_in rise edge)     0.000     0.000 r  
                         input delay                  2.000     2.000    
    C19                                               0.000     2.000 r  input_current[23] (IN)
                         net (fo=0)                   0.000     2.000    input_current_IBUF[23]_inst/I
    C19                  INBUF (Prop_INBUF_HPIOB_S_PAD_O)
                                                      0.516     2.516 r  input_current_IBUF[23]_inst/INBUF_INST/O
                         net (fo=1, routed)           0.000     2.516    input_current_IBUF[23]_inst/OUT
    C19                  IBUFCTRL (Prop_IBUFCTRL_HPIOB_S_I_O)
                                                      0.000     2.516 r  input_current_IBUF[23]_inst/IBUFCTRL_INST/O
                         net (fo=1, routed)           2.326     4.842    input_current_IBUF[23]
    SLICE_X81Y239        LUT1 (Prop_A5LUT_SLICEM_I0_O)
                                                      0.163     5.005 r  input_current_IBUF[23]_hold_fix/O
                         net (fo=1, routed)           1.687     6.692    input_current_IBUF[23]_hold_fix_1
    SLICE_X0Y213         FDRE                                         r  input_current_r_reg[23]/D
  -------------------------------------------------------------------    -------------------

                         (clock clk_in rise edge)    10.000    10.000 r  
    D14                                               0.000    10.000 r  clk_in (IN)
                         net (fo=0)                   0.000    10.000    clk_in_IBUF_inst/I
    D14                  INBUF (Prop_INBUF_HDIOB_M_PAD_O)
                                                      0.495    10.495 r  clk_in_IBUF_inst/INBUF_INST/O
                         net (fo=1, routed)           0.000    10.495    clk_in_IBUF_inst/OUT
    D14                  IBUFCTRL (Prop_IBUFCTRL_HDIOB_M_I_O)
                                                      0.000    10.495 r  clk_in_IBUF_inst/IBUFCTRL_INST/O
                         net (fo=1, routed)           0.169    10.664    clk_in_IBUF
    BUFGCE_HDIO_X0Y6     BUFGCE (Prop_BUFCE_BUFGCE_HDIO_I_O)
                                                      0.024    10.688 r  bufg_clk/O
    X0Y3 (CLOCK_ROOT)    net (fo=64, routed)          1.123    11.811    clk
    SLICE_X0Y213         FDRE                                         r  input_current_r_reg[23]/C
                         clock pessimism              0.000    11.811    
                         clock uncertainty           -0.235    11.575    
    SLICE_X0Y213         FDRE (Setup_EFF2_SLICEL_C_D)
                                                      0.025    11.600    input_current_r_reg[23]
  -------------------------------------------------------------------
                         required time                         11.600    
                         arrival time                          -6.692    
  -------------------------------------------------------------------
                         slack                                  4.908    

Slack (MET) :             4.921ns  (required time - arrival time)
  Source:                 input_current[1]
                            (input port clocked by clk_in  {rise@0.000ns fall@5.000ns period=10.000ns})
  Destination:            input_current_r_reg[1]/D
                            (rising edge-triggered cell FDRE clocked by clk_in  {rise@0.000ns fall@5.000ns period=10.000ns})
  Path Group:             clk_in
  Path Type:              Setup (Max at Slow Process Corner)
  Requirement:            10.000ns  (clk_in rise@10.000ns - clk_in rise@0.000ns)
  Data Path Delay:        4.696ns  (logic 0.665ns (14.159%)  route 4.031ns (85.841%))
  Logic Levels:           3  (IBUFCTRL=1 INBUF=1 LUT1=1)
  Input Delay:            2.000ns
  Clock Path Skew:        1.827ns (DCD - SCD + CPR)
    Destination Clock Delay (DCD):    1.827ns = ( 11.827 - 10.000 ) 
    Source Clock Delay      (SCD):    0.000ns
    Clock Pessimism Removal (CPR):    0.000ns
  Clock Uncertainty:      0.235ns  ((TSJ^2 + TIJ^2)^1/2 + DJ) / 2 + PE + UU
    Total System Jitter     (TSJ):    0.071ns
    Total Input Jitter      (TIJ):    0.000ns
    Discrete Jitter          (DJ):    0.000ns
    Phase Error              (PE):    0.000ns
    User Uncertainty         (UU):    0.200ns
  Clock Net Delay (Destination): 1.139ns (routing 0.400ns, distribution 0.739ns)

    Location             Delay type                Incr(ns)  Path(ns)    Netlist Resource(s)
  -------------------------------------------------------------------    -------------------
                         (clock clk_in rise edge)     0.000     0.000 r  
                         input delay                  2.000     2.000    
    B22                                               0.000     2.000 r  input_current[1] (IN)
                         net (fo=0)                   0.000     2.000    input_current_IBUF[1]_inst/I
    B22                  INBUF (Prop_INBUF_HPIOB_S_PAD_O)
                                                      0.500     2.500 r  input_current_IBUF[1]_inst/INBUF_INST/O
                         net (fo=1, routed)           0.000     2.500    input_current_IBUF[1]_inst/OUT
    B22                  IBUFCTRL (Prop_IBUFCTRL_HPIOB_S_I_O)
                                                      0.000     2.500 r  input_current_IBUF[1]_inst/IBUFCTRL_INST/O
                         net (fo=1, routed)           2.161     4.661    input_current_IBUF[1]
    SLICE_X88Y239        LUT1 (Prop_B5LUT_SLICEL_I0_O)
                                                      0.165     4.826 r  input_current_IBUF[1]_hold_fix/O
                         net (fo=1, routed)           1.870     6.696    input_current_IBUF[1]_hold_fix_1
    SLICE_X1Y230         FDRE                                         r  input_current_r_reg[1]/D
  -------------------------------------------------------------------    -------------------

                         (clock clk_in rise edge)    10.000    10.000 r  
    D14                                               0.000    10.000 r  clk_in (IN)
                         net (fo=0)                   0.000    10.000    clk_in_IBUF_inst/I
    D14                  INBUF (Prop_INBUF_HDIOB_M_PAD_O)
                                                      0.495    10.495 r  clk_in_IBUF_inst/INBUF_INST/O
                         net (fo=1, routed)           0.000    10.495    clk_in_IBUF_inst/OUT
    D14                  IBUFCTRL (Prop_IBUFCTRL_HDIOB_M_I_O)
                                                      0.000    10.495 r  clk_in_IBUF_inst/IBUFCTRL_INST/O
                         net (fo=1, routed)           0.169    10.664    clk_in_IBUF
    BUFGCE_HDIO_X0Y6     BUFGCE (Prop_BUFCE_BUFGCE_HDIO_I_O)
                                                      0.024    10.688 r  bufg_clk/O
    X0Y3 (CLOCK_ROOT)    net (fo=64, routed)          1.139    11.827    clk
    SLICE_X1Y230         FDRE                                         r  input_current_r_reg[1]/C
                         clock pessimism              0.000    11.827    
                         clock uncertainty           -0.235    11.591    
    SLICE_X1Y230         FDRE (Setup_EFF2_SLICEM_C_D)
                                                      0.025    11.616    input_current_r_reg[1]
  -------------------------------------------------------------------
                         required time                         11.616    
                         arrival time                          -6.696    
  -------------------------------------------------------------------
                         slack                                  4.921    

Slack (MET) :             4.937ns  (required time - arrival time)
  Source:                 input_current[5]
                            (input port clocked by clk_in  {rise@0.000ns fall@5.000ns period=10.000ns})
  Destination:            input_current_r_reg[5]/D
                            (rising edge-triggered cell FDRE clocked by clk_in  {rise@0.000ns fall@5.000ns period=10.000ns})
  Path Group:             clk_in
  Path Type:              Setup (Max at Slow Process Corner)
  Requirement:            10.000ns  (clk_in rise@10.000ns - clk_in rise@0.000ns)
  Data Path Delay:        4.680ns  (logic 0.645ns (13.774%)  route 4.035ns (86.226%))
  Logic Levels:           3  (IBUFCTRL=1 INBUF=1 LUT1=1)
  Input Delay:            2.000ns
  Clock Path Skew:        1.827ns (DCD - SCD + CPR)
    Destination Clock Delay (DCD):    1.827ns = ( 11.827 - 10.000 ) 
    Source Clock Delay      (SCD):    0.000ns
    Clock Pessimism Removal (CPR):    0.000ns
  Clock Uncertainty:      0.235ns  ((TSJ^2 + TIJ^2)^1/2 + DJ) / 2 + PE + UU
    Total System Jitter     (TSJ):    0.071ns
    Total Input Jitter      (TIJ):    0.000ns
    Discrete Jitter          (DJ):    0.000ns
    Phase Error              (PE):    0.000ns
    User Uncertainty         (UU):    0.200ns
  Clock Net Delay (Destination): 1.139ns (routing 0.400ns, distribution 0.739ns)

    Location             Delay type                Incr(ns)  Path(ns)    Netlist Resource(s)
  -------------------------------------------------------------------    -------------------
                         (clock clk_in rise edge)     0.000     0.000 r  
                         input delay                  2.000     2.000    
    B21                                               0.000     2.000 r  input_current[5] (IN)
                         net (fo=0)                   0.000     2.000    input_current_IBUF[5]_inst/I
    B21                  INBUF (Prop_INBUF_HPIOB_S_PAD_O)
                                                      0.506     2.506 r  input_current_IBUF[5]_inst/INBUF_INST/O
                         net (fo=1, routed)           0.000     2.506    input_current_IBUF[5]_inst/OUT
    B21                  IBUFCTRL (Prop_IBUFCTRL_HPIOB_S_I_O)
                                                      0.000     2.506 r  input_current_IBUF[5]_inst/IBUFCTRL_INST/O
                         net (fo=1, routed)           2.309     4.815    input_current_IBUF[5]
    SLICE_X90Y239        LUT1 (Prop_A5LUT_SLICEM_I0_O)
                                                      0.139     4.954 r  input_current_IBUF[5]_hold_fix/O
                         net (fo=1, routed)           1.726     6.680    input_current_IBUF[5]_hold_fix_1
    SLICE_X1Y230         FDRE                                         r  input_current_r_reg[5]/D
  -------------------------------------------------------------------    -------------------

                         (clock clk_in rise edge)    10.000    10.000 r  
    D14                                               0.000    10.000 r  clk_in (IN)
                         net (fo=0)                   0.000    10.000    clk_in_IBUF_inst/I
    D14                  INBUF (Prop_INBUF_HDIOB_M_PAD_O)
                                                      0.495    10.495 r  clk_in_IBUF_inst/INBUF_INST/O
                         net (fo=1, routed)           0.000    10.495    clk_in_IBUF_inst/OUT
    D14                  IBUFCTRL (Prop_IBUFCTRL_HDIOB_M_I_O)
                                                      0.000    10.495 r  clk_in_IBUF_inst/IBUFCTRL_INST/O
                         net (fo=1, routed)           0.169    10.664    clk_in_IBUF
    BUFGCE_HDIO_X0Y6     BUFGCE (Prop_BUFCE_BUFGCE_HDIO_I_O)
                                                      0.024    10.688 r  bufg_clk/O
    X0Y3 (CLOCK_ROOT)    net (fo=64, routed)          1.139    11.827    clk
    SLICE_X1Y230         FDRE                                         r  input_current_r_reg[5]/C
                         clock pessimism              0.000    11.827    
                         clock uncertainty           -0.235    11.591    
    SLICE_X1Y230         FDRE (Setup_GFF2_SLICEM_C_D)
                                                      0.025    11.616    input_current_r_reg[5]
  -------------------------------------------------------------------
                         required time                         11.616    
                         arrival time                          -6.680    
  -------------------------------------------------------------------
                         slack                                  4.937    

Slack (MET) :             4.946ns  (required time - arrival time)
  Source:                 input_current[8]
                            (input port clocked by clk_in  {rise@0.000ns fall@5.000ns period=10.000ns})
  Destination:            input_current_r_reg[8]/D
                            (rising edge-triggered cell FDRE clocked by clk_in  {rise@0.000ns fall@5.000ns period=10.000ns})
  Path Group:             clk_in
  Path Type:              Setup (Max at Slow Process Corner)
  Requirement:            10.000ns  (clk_in rise@10.000ns - clk_in rise@0.000ns)
  Data Path Delay:        4.661ns  (logic 0.654ns (14.030%)  route 4.007ns (85.970%))
  Logic Levels:           3  (IBUFCTRL=1 INBUF=1 LUT1=1)
  Input Delay:            2.000ns
  Clock Path Skew:        1.817ns (DCD - SCD + CPR)
    Destination Clock Delay (DCD):    1.817ns = ( 11.817 - 10.000 ) 
    Source Clock Delay      (SCD):    0.000ns
    Clock Pessimism Removal (CPR):    0.000ns
  Clock Uncertainty:      0.235ns  ((TSJ^2 + TIJ^2)^1/2 + DJ) / 2 + PE + UU
    Total System Jitter     (TSJ):    0.071ns
    Total Input Jitter      (TIJ):    0.000ns
    Discrete Jitter          (DJ):    0.000ns
    Phase Error              (PE):    0.000ns
    User Uncertainty         (UU):    0.200ns
  Clock Net Delay (Destination): 1.129ns (routing 0.400ns, distribution 0.729ns)

    Location             Delay type                Incr(ns)  Path(ns)    Netlist Resource(s)
  -------------------------------------------------------------------    -------------------
                         (clock clk_in rise edge)     0.000     0.000 r  
                         input delay                  2.000     2.000    
    E21                                               0.000     2.000 r  input_current[8] (IN)
                         net (fo=0)                   0.000     2.000    input_current_IBUF[8]_inst/I
    E21                  INBUF (Prop_INBUF_HPIOB_M_PAD_O)
                                                      0.493     2.493 r  input_current_IBUF[8]_inst/INBUF_INST/O
                         net (fo=1, routed)           0.000     2.493    input_current_IBUF[8]_inst/OUT
    E21                  IBUFCTRL (Prop_IBUFCTRL_HPIOB_M_I_O)
                                                      0.000     2.493 r  input_current_IBUF[8]_inst/IBUFCTRL_INST/O
                         net (fo=1, routed)           2.257     4.750    input_current_IBUF[8]
    SLICE_X88Y239        LUT1 (Prop_A5LUT_SLICEL_I0_O)
                                                      0.161     4.911 r  input_current_IBUF[8]_hold_fix/O
                         net (fo=1, routed)           1.750     6.661    input_current_IBUF[8]_hold_fix_1
    SLICE_X3Y225         FDRE                                         r  input_current_r_reg[8]/D
  -------------------------------------------------------------------    -------------------

                         (clock clk_in rise edge)    10.000    10.000 r  
    D14                                               0.000    10.000 r  clk_in (IN)
                         net (fo=0)                   0.000    10.000    clk_in_IBUF_inst/I
    D14                  INBUF (Prop_INBUF_HDIOB_M_PAD_O)
                                                      0.495    10.495 r  clk_in_IBUF_inst/INBUF_INST/O
                         net (fo=1, routed)           0.000    10.495    clk_in_IBUF_inst/OUT
    D14                  IBUFCTRL (Prop_IBUFCTRL_HDIOB_M_I_O)
                                                      0.000    10.495 r  clk_in_IBUF_inst/IBUFCTRL_INST/O
                         net (fo=1, routed)           0.169    10.664    clk_in_IBUF
    BUFGCE_HDIO_X0Y6     BUFGCE (Prop_BUFCE_BUFGCE_HDIO_I_O)
                                                      0.024    10.688 r  bufg_clk/O
    X0Y3 (CLOCK_ROOT)    net (fo=64, routed)          1.129    11.817    clk
    SLICE_X3Y225         FDRE                                         r  input_current_r_reg[8]/C
                         clock pessimism              0.000    11.817    
                         clock uncertainty           -0.235    11.581    
    SLICE_X3Y225         FDRE (Setup_EFF_SLICEL_C_D)
                                                      0.025    11.606    input_current_r_reg[8]
  -------------------------------------------------------------------
                         required time                         11.606    
                         arrival time                          -6.661    
  -------------------------------------------------------------------
                         slack                                  4.946    

Slack (MET) :             4.946ns  (required time - arrival time)
  Source:                 input_current[19]
                            (input port clocked by clk_in  {rise@0.000ns fall@5.000ns period=10.000ns})
  Destination:            input_current_r_reg[19]/D
                            (rising edge-triggered cell FDRE clocked by clk_in  {rise@0.000ns fall@5.000ns period=10.000ns})
  Path Group:             clk_in
  Path Type:              Setup (Max at Slow Process Corner)
  Requirement:            10.000ns  (clk_in rise@10.000ns - clk_in rise@0.000ns)
  Data Path Delay:        4.657ns  (logic 0.685ns (14.710%)  route 3.972ns (85.290%))
  Logic Levels:           3  (IBUFCTRL=1 INBUF=1 LUT1=1)
  Input Delay:            2.000ns
  Clock Path Skew:        1.814ns (DCD - SCD + CPR)
    Destination Clock Delay (DCD):    1.814ns = ( 11.814 - 10.000 ) 
    Source Clock Delay      (SCD):    0.000ns
    Clock Pessimism Removal (CPR):    0.000ns
  Clock Uncertainty:      0.235ns  ((TSJ^2 + TIJ^2)^1/2 + DJ) / 2 + PE + UU
    Total System Jitter     (TSJ):    0.071ns
    Total Input Jitter      (TIJ):    0.000ns
    Discrete Jitter          (DJ):    0.000ns
    Phase Error              (PE):    0.000ns
    User Uncertainty         (UU):    0.200ns
  Clock Net Delay (Destination): 1.126ns (routing 0.400ns, distribution 0.726ns)

    Location             Delay type                Incr(ns)  Path(ns)    Netlist Resource(s)
  -------------------------------------------------------------------    -------------------
                         (clock clk_in rise edge)     0.000     0.000 r  
                         input delay                  2.000     2.000    
    B17                                               0.000     2.000 r  input_current[19] (IN)
                         net (fo=0)                   0.000     2.000    input_current_IBUF[19]_inst/I
    B17                  INBUF (Prop_INBUF_HPIOB_S_PAD_O)
                                                      0.524     2.524 r  input_current_IBUF[19]_inst/INBUF_INST/O
                         net (fo=1, routed)           0.000     2.524    input_current_IBUF[19]_inst/OUT
    B17                  IBUFCTRL (Prop_IBUFCTRL_HPIOB_S_I_O)
                                                      0.000     2.524 r  input_current_IBUF[19]_inst/IBUFCTRL_INST/O
                         net (fo=1, routed)           2.327     4.851    input_current_IBUF[19]
    SLICE_X84Y239        LUT1 (Prop_A5LUT_SLICEL_I0_O)
                                                      0.161     5.012 r  input_current_IBUF[19]_hold_fix/O
                         net (fo=1, routed)           1.645     6.657    input_current_IBUF[19]_hold_fix_1
    SLICE_X0Y215         FDRE                                         r  input_current_r_reg[19]/D
  -------------------------------------------------------------------    -------------------

                         (clock clk_in rise edge)    10.000    10.000 r  
    D14                                               0.000    10.000 r  clk_in (IN)
                         net (fo=0)                   0.000    10.000    clk_in_IBUF_inst/I
    D14                  INBUF (Prop_INBUF_HDIOB_M_PAD_O)
                                                      0.495    10.495 r  clk_in_IBUF_inst/INBUF_INST/O
                         net (fo=1, routed)           0.000    10.495    clk_in_IBUF_inst/OUT
    D14                  IBUFCTRL (Prop_IBUFCTRL_HDIOB_M_I_O)
                                                      0.000    10.495 r  clk_in_IBUF_inst/IBUFCTRL_INST/O
                         net (fo=1, routed)           0.169    10.664    clk_in_IBUF
    BUFGCE_HDIO_X0Y6     BUFGCE (Prop_BUFCE_BUFGCE_HDIO_I_O)
                                                      0.024    10.688 r  bufg_clk/O
    X0Y3 (CLOCK_ROOT)    net (fo=64, routed)          1.126    11.814    clk
    SLICE_X0Y215         FDRE                                         r  input_current_r_reg[19]/C
                         clock pessimism              0.000    11.814    
                         clock uncertainty           -0.235    11.578    
    SLICE_X0Y215         FDRE (Setup_EFF_SLICEL_C_D)
                                                      0.025    11.603    input_current_r_reg[19]
  -------------------------------------------------------------------
                         required time                         11.603    
                         arrival time                          -6.657    
  -------------------------------------------------------------------
                         slack                                  4.946    

Slack (MET) :             4.950ns  (required time - arrival time)
  Source:                 input_current[0]
                            (input port clocked by clk_in  {rise@0.000ns fall@5.000ns period=10.000ns})
  Destination:            input_current_r_reg[0]/D
                            (rising edge-triggered cell FDRE clocked by clk_in  {rise@0.000ns fall@5.000ns period=10.000ns})
  Path Group:             clk_in
  Path Type:              Setup (Max at Slow Process Corner)
  Requirement:            10.000ns  (clk_in rise@10.000ns - clk_in rise@0.000ns)
  Data Path Delay:        4.667ns  (logic 0.566ns (12.122%)  route 4.101ns (87.878%))
  Logic Levels:           3  (IBUFCTRL=1 INBUF=1 LUT1=1)
  Input Delay:            2.000ns
  Clock Path Skew:        1.827ns (DCD - SCD + CPR)
    Destination Clock Delay (DCD):    1.827ns = ( 11.827 - 10.000 ) 
    Source Clock Delay      (SCD):    0.000ns
    Clock Pessimism Removal (CPR):    0.000ns
  Clock Uncertainty:      0.235ns  ((TSJ^2 + TIJ^2)^1/2 + DJ) / 2 + PE + UU
    Total System Jitter     (TSJ):    0.071ns
    Total Input Jitter      (TIJ):    0.000ns
    Discrete Jitter          (DJ):    0.000ns
    Phase Error              (PE):    0.000ns
    User Uncertainty         (UU):    0.200ns
  Clock Net Delay (Destination): 1.139ns (routing 0.400ns, distribution 0.739ns)

    Location             Delay type                Incr(ns)  Path(ns)    Netlist Resource(s)
  -------------------------------------------------------------------    -------------------
                         (clock clk_in rise edge)     0.000     0.000 r  
                         input delay                  2.000     2.000    
    C22                                               0.000     2.000 r  input_current[0] (IN)
                         net (fo=0)                   0.000     2.000    input_current_IBUF[0]_inst/I
    C22                  INBUF (Prop_INBUF_HPIOB_M_PAD_O)
                                                      0.498     2.498 r  input_current_IBUF[0]_inst/INBUF_INST/O
                         net (fo=1, routed)           0.000     2.498    input_current_IBUF[0]_inst/OUT
    C22                  IBUFCTRL (Prop_IBUFCTRL_HPIOB_M_I_O)
                                                      0.000     2.498 r  input_current_IBUF[0]_inst/IBUFCTRL_INST/O
                         net (fo=1, routed)           2.202     4.700    input_current_IBUF[0]
    SLICE_X88Y239        LUT1 (Prop_C5LUT_SLICEL_I0_O)
                                                      0.068     4.768 r  input_current_IBUF[0]_hold_fix/O
                         net (fo=1, routed)           1.899     6.667    input_current_IBUF[0]_hold_fix_1
    SLICE_X1Y230         FDRE                                         r  input_current_r_reg[0]/D
  -------------------------------------------------------------------    -------------------

                         (clock clk_in rise edge)    10.000    10.000 r  
    D14                                               0.000    10.000 r  clk_in (IN)
                         net (fo=0)                   0.000    10.000    clk_in_IBUF_inst/I
    D14                  INBUF (Prop_INBUF_HDIOB_M_PAD_O)
                                                      0.495    10.495 r  clk_in_IBUF_inst/INBUF_INST/O
                         net (fo=1, routed)           0.000    10.495    clk_in_IBUF_inst/OUT
    D14                  IBUFCTRL (Prop_IBUFCTRL_HDIOB_M_I_O)
                                                      0.000    10.495 r  clk_in_IBUF_inst/IBUFCTRL_INST/O
                         net (fo=1, routed)           0.169    10.664    clk_in_IBUF
    BUFGCE_HDIO_X0Y6     BUFGCE (Prop_BUFCE_BUFGCE_HDIO_I_O)
                                                      0.024    10.688 r  bufg_clk/O
    X0Y3 (CLOCK_ROOT)    net (fo=64, routed)          1.139    11.827    clk
    SLICE_X1Y230         FDRE                                         r  input_current_r_reg[0]/C
                         clock pessimism              0.000    11.827    
                         clock uncertainty           -0.235    11.591    
    SLICE_X1Y230         FDRE (Setup_EFF_SLICEM_C_D)
                                                      0.025    11.616    input_current_r_reg[0]
  -------------------------------------------------------------------
                         required time                         11.616    
                         arrival time                          -6.667    
  -------------------------------------------------------------------
                         slack                                  4.950    

Slack (MET) :             4.953ns  (required time - arrival time)
  Source:                 input_current[20]
                            (input port clocked by clk_in  {rise@0.000ns fall@5.000ns period=10.000ns})
  Destination:            input_current_r_reg[20]/D
                            (rising edge-triggered cell FDRE clocked by clk_in  {rise@0.000ns fall@5.000ns period=10.000ns})
  Path Group:             clk_in
  Path Type:              Setup (Max at Slow Process Corner)
  Requirement:            10.000ns  (clk_in rise@10.000ns - clk_in rise@0.000ns)
  Data Path Delay:        4.646ns  (logic 0.587ns (12.634%)  route 4.059ns (87.366%))
  Logic Levels:           3  (IBUFCTRL=1 INBUF=1 LUT1=1)
  Input Delay:            2.000ns
  Clock Path Skew:        1.810ns (DCD - SCD + CPR)
    Destination Clock Delay (DCD):    1.810ns = ( 11.810 - 10.000 ) 
    Source Clock Delay      (SCD):    0.000ns
    Clock Pessimism Removal (CPR):    0.000ns
  Clock Uncertainty:      0.235ns  ((TSJ^2 + TIJ^2)^1/2 + DJ) / 2 + PE + UU
    Total System Jitter     (TSJ):    0.071ns
    Total Input Jitter      (TIJ):    0.000ns
    Discrete Jitter          (DJ):    0.000ns
    Phase Error              (PE):    0.000ns
    User Uncertainty         (UU):    0.200ns
  Clock Net Delay (Destination): 1.122ns (routing 0.400ns, distribution 0.722ns)

    Location             Delay type                Incr(ns)  Path(ns)    Netlist Resource(s)
  -------------------------------------------------------------------    -------------------
                         (clock clk_in rise edge)     0.000     0.000 r  
                         input delay                  2.000     2.000    
    B19                                               0.000     2.000 r  input_current[20] (IN)
                         net (fo=0)                   0.000     2.000    input_current_IBUF[20]_inst/I
    B19                  INBUF (Prop_INBUF_HPIOB_M_PAD_O)
                                                      0.517     2.517 r  input_current_IBUF[20]_inst/INBUF_INST/O
                         net (fo=1, routed)           0.000     2.517    input_current_IBUF[20]_inst/OUT
    B19                  IBUFCTRL (Prop_IBUFCTRL_HPIOB_M_I_O)
                                                      0.000     2.517 r  input_current_IBUF[20]_inst/IBUFCTRL_INST/O
                         net (fo=1, routed)           2.343     4.860    input_current_IBUF[20]
    SLICE_X82Y239        LUT1 (Prop_A5LUT_SLICEM_I0_O)
                                                      0.070     4.930 r  input_current_IBUF[20]_hold_fix/O
                         net (fo=1, routed)           1.716     6.646    input_current_IBUF[20]_hold_fix_1
    SLICE_X0Y212         FDRE                                         r  input_current_r_reg[20]/D
  -------------------------------------------------------------------    -------------------

                         (clock clk_in rise edge)    10.000    10.000 r  
    D14                                               0.000    10.000 r  clk_in (IN)
                         net (fo=0)                   0.000    10.000    clk_in_IBUF_inst/I
    D14                  INBUF (Prop_INBUF_HDIOB_M_PAD_O)
                                                      0.495    10.495 r  clk_in_IBUF_inst/INBUF_INST/O
                         net (fo=1, routed)           0.000    10.495    clk_in_IBUF_inst/OUT
    D14                  IBUFCTRL (Prop_IBUFCTRL_HDIOB_M_I_O)
                                                      0.000    10.495 r  clk_in_IBUF_inst/IBUFCTRL_INST/O
                         net (fo=1, routed)           0.169    10.664    clk_in_IBUF
    BUFGCE_HDIO_X0Y6     BUFGCE (Prop_BUFCE_BUFGCE_HDIO_I_O)
                                                      0.024    10.688 r  bufg_clk/O
    X0Y3 (CLOCK_ROOT)    net (fo=64, routed)          1.122    11.810    clk
    SLICE_X0Y212         FDRE                                         r  input_current_r_reg[20]/C
                         clock pessimism              0.000    11.810    
                         clock uncertainty           -0.235    11.574    
    SLICE_X0Y212         FDRE (Setup_EFF_SLICEL_C_D)
                                                      0.025    11.599    input_current_r_reg[20]
  -------------------------------------------------------------------
                         required time                         11.599    
                         arrival time                          -6.646    
  -------------------------------------------------------------------
                         slack                                  4.953    

Slack (MET) :             4.960ns  (required time - arrival time)
  Source:                 input_current[22]
                            (input port clocked by clk_in  {rise@0.000ns fall@5.000ns period=10.000ns})
  Destination:            input_current_r_reg[22]/D
                            (rising edge-triggered cell FDRE clocked by clk_in  {rise@0.000ns fall@5.000ns period=10.000ns})
  Path Group:             clk_in
  Path Type:              Setup (Max at Slow Process Corner)
  Requirement:            10.000ns  (clk_in rise@10.000ns - clk_in rise@0.000ns)
  Data Path Delay:        4.643ns  (logic 0.589ns (12.692%)  route 4.054ns (87.308%))
  Logic Levels:           3  (IBUFCTRL=1 INBUF=1 LUT1=1)
  Input Delay:            2.000ns
  Clock Path Skew:        1.814ns (DCD - SCD + CPR)
    Destination Clock Delay (DCD):    1.814ns = ( 11.814 - 10.000 ) 
    Source Clock Delay      (SCD):    0.000ns
    Clock Pessimism Removal (CPR):    0.000ns
  Clock Uncertainty:      0.235ns  ((TSJ^2 + TIJ^2)^1/2 + DJ) / 2 + PE + UU
    Total System Jitter     (TSJ):    0.071ns
    Total Input Jitter      (TIJ):    0.000ns
    Discrete Jitter          (DJ):    0.000ns
    Phase Error              (PE):    0.000ns
    User Uncertainty         (UU):    0.200ns
  Clock Net Delay (Destination): 1.126ns (routing 0.400ns, distribution 0.726ns)

    Location             Delay type                Incr(ns)  Path(ns)    Netlist Resource(s)
  -------------------------------------------------------------------    -------------------
                         (clock clk_in rise edge)     0.000     0.000 r  
                         input delay                  2.000     2.000    
    C18                                               0.000     2.000 r  input_current[22] (IN)
                         net (fo=0)                   0.000     2.000    input_current_IBUF[22]_inst/I
    C18                  INBUF (Prop_INBUF_HPIOB_M_PAD_O)
                                                      0.516     2.516 r  input_current_IBUF[22]_inst/INBUF_INST/O
                         net (fo=1, routed)           0.000     2.516    input_current_IBUF[22]_inst/OUT
    C18                  IBUFCTRL (Prop_IBUFCTRL_HPIOB_M_I_O)
                                                      0.000     2.516 r  input_current_IBUF[22]_inst/IBUFCTRL_INST/O
                         net (fo=1, routed)           2.385     4.901    input_current_IBUF[22]
    SLICE_X80Y239        LUT1 (Prop_B5LUT_SLICEL_I0_O)
                                                      0.073     4.974 r  input_current_IBUF[22]_hold_fix/O
                         net (fo=1, routed)           1.669     6.643    input_current_IBUF[22]_hold_fix_1
    SLICE_X2Y216         FDRE                                         r  input_current_r_reg[22]/D
  -------------------------------------------------------------------    -------------------

                         (clock clk_in rise edge)    10.000    10.000 r  
    D14                                               0.000    10.000 r  clk_in (IN)
                         net (fo=0)                   0.000    10.000    clk_in_IBUF_inst/I
    D14                  INBUF (Prop_INBUF_HDIOB_M_PAD_O)
                                                      0.495    10.495 r  clk_in_IBUF_inst/INBUF_INST/O
                         net (fo=1, routed)           0.000    10.495    clk_in_IBUF_inst/OUT
    D14                  IBUFCTRL (Prop_IBUFCTRL_HDIOB_M_I_O)
                                                      0.000    10.495 r  clk_in_IBUF_inst/IBUFCTRL_INST/O
                         net (fo=1, routed)           0.169    10.664    clk_in_IBUF
    BUFGCE_HDIO_X0Y6     BUFGCE (Prop_BUFCE_BUFGCE_HDIO_I_O)
                                                      0.024    10.688 r  bufg_clk/O
    X0Y3 (CLOCK_ROOT)    net (fo=64, routed)          1.126    11.814    clk
    SLICE_X2Y216         FDRE                                         r  input_current_r_reg[22]/C
                         clock pessimism              0.000    11.814    
                         clock uncertainty           -0.235    11.578    
    SLICE_X2Y216         FDRE (Setup_EFF_SLICEL_C_D)
                                                      0.025    11.603    input_current_r_reg[22]
  -------------------------------------------------------------------
                         required time                         11.603    
                         arrival time                          -6.643    
  -------------------------------------------------------------------
                         slack                                  4.960    

Slack (MET) :             4.969ns  (required time - arrival time)
  Source:                 input_current[27]
                            (input port clocked by clk_in  {rise@0.000ns fall@5.000ns period=10.000ns})
  Destination:            input_current_r_reg[27]/D
                            (rising edge-triggered cell FDRE clocked by clk_in  {rise@0.000ns fall@5.000ns period=10.000ns})
  Path Group:             clk_in
  Path Type:              Setup (Max at Slow Process Corner)
  Requirement:            10.000ns  (clk_in rise@10.000ns - clk_in rise@0.000ns)
  Data Path Delay:        4.630ns  (logic 0.669ns (14.449%)  route 3.961ns (85.551%))
  Logic Levels:           3  (IBUFCTRL=1 INBUF=1 LUT1=1)
  Input Delay:            2.000ns
  Clock Path Skew:        1.810ns (DCD - SCD + CPR)
    Destination Clock Delay (DCD):    1.810ns = ( 11.810 - 10.000 ) 
    Source Clock Delay      (SCD):    0.000ns
    Clock Pessimism Removal (CPR):    0.000ns
  Clock Uncertainty:      0.235ns  ((TSJ^2 + TIJ^2)^1/2 + DJ) / 2 + PE + UU
    Total System Jitter     (TSJ):    0.071ns
    Total Input Jitter      (TIJ):    0.000ns
    Discrete Jitter          (DJ):    0.000ns
    Phase Error              (PE):    0.000ns
    User Uncertainty         (UU):    0.200ns
  Clock Net Delay (Destination): 1.122ns (routing 0.400ns, distribution 0.722ns)

    Location             Delay type                Incr(ns)  Path(ns)    Netlist Resource(s)
  -------------------------------------------------------------------    -------------------
                         (clock clk_in rise edge)     0.000     0.000 r  
                         input delay                  2.000     2.000    
    D18                                               0.000     2.000 r  input_current[27] (IN)
                         net (fo=0)                   0.000     2.000    input_current_IBUF[27]_inst/I
    D18                  INBUF (Prop_INBUF_HPIOB_S_PAD_O)
                                                      0.506     2.506 r  input_current_IBUF[27]_inst/INBUF_INST/O
                         net (fo=1, routed)           0.000     2.506    input_current_IBUF[27]_inst/OUT
    D18                  IBUFCTRL (Prop_IBUFCTRL_HPIOB_S_I_O)
                                                      0.000     2.506 r  input_current_IBUF[27]_inst/IBUFCTRL_INST/O
                         net (fo=1, routed)           2.307     4.813    input_current_IBUF[27]
    SLICE_X79Y239        LUT1 (Prop_A5LUT_SLICEM_I0_O)
                                                      0.163     4.976 r  input_current_IBUF[27]_hold_fix/O
                         net (fo=1, routed)           1.654     6.630    input_current_IBUF[27]_hold_fix_1
    SLICE_X0Y212         FDRE                                         r  input_current_r_reg[27]/D
  -------------------------------------------------------------------    -------------------

                         (clock clk_in rise edge)    10.000    10.000 r  
    D14                                               0.000    10.000 r  clk_in (IN)
                         net (fo=0)                   0.000    10.000    clk_in_IBUF_inst/I
    D14                  INBUF (Prop_INBUF_HDIOB_M_PAD_O)
                                                      0.495    10.495 r  clk_in_IBUF_inst/INBUF_INST/O
                         net (fo=1, routed)           0.000    10.495    clk_in_IBUF_inst/OUT
    D14                  IBUFCTRL (Prop_IBUFCTRL_HDIOB_M_I_O)
                                                      0.000    10.495 r  clk_in_IBUF_inst/IBUFCTRL_INST/O
                         net (fo=1, routed)           0.169    10.664    clk_in_IBUF
    BUFGCE_HDIO_X0Y6     BUFGCE (Prop_BUFCE_BUFGCE_HDIO_I_O)
                                                      0.024    10.688 r  bufg_clk/O
    X0Y3 (CLOCK_ROOT)    net (fo=64, routed)          1.122    11.810    clk
    SLICE_X0Y212         FDRE                                         r  input_current_r_reg[27]/C
                         clock pessimism              0.000    11.810    
                         clock uncertainty           -0.235    11.574    
    SLICE_X0Y212         FDRE (Setup_FFF2_SLICEL_C_D)
                                                      0.025    11.599    input_current_r_reg[27]
  -------------------------------------------------------------------
                         required time                         11.599    
                         arrival time                          -6.630    
  -------------------------------------------------------------------
                         slack                                  4.969    

Slack (MET) :             4.970ns  (required time - arrival time)
  Source:                 input_current[12]
                            (input port clocked by clk_in  {rise@0.000ns fall@5.000ns period=10.000ns})
  Destination:            input_current_r_reg[12]/D
                            (rising edge-triggered cell FDRE clocked by clk_in  {rise@0.000ns fall@5.000ns period=10.000ns})
  Path Group:             clk_in
  Path Type:              Setup (Max at Slow Process Corner)
  Requirement:            10.000ns  (clk_in rise@10.000ns - clk_in rise@0.000ns)
  Data Path Delay:        4.643ns  (logic 0.685ns (14.760%)  route 3.958ns (85.240%))
  Logic Levels:           3  (IBUFCTRL=1 INBUF=1 LUT1=1)
  Input Delay:            2.000ns
  Clock Path Skew:        1.823ns (DCD - SCD + CPR)
    Destination Clock Delay (DCD):    1.823ns = ( 11.823 - 10.000 ) 
    Source Clock Delay      (SCD):    0.000ns
    Clock Pessimism Removal (CPR):    0.000ns
  Clock Uncertainty:      0.235ns  ((TSJ^2 + TIJ^2)^1/2 + DJ) / 2 + PE + UU
    Total System Jitter     (TSJ):    0.071ns
    Total Input Jitter      (TIJ):    0.000ns
    Discrete Jitter          (DJ):    0.000ns
    Phase Error              (PE):    0.000ns
    User Uncertainty         (UU):    0.200ns
  Clock Net Delay (Destination): 1.136ns (routing 0.400ns, distribution 0.736ns)

    Location             Delay type                Incr(ns)  Path(ns)    Netlist Resource(s)
  -------------------------------------------------------------------    -------------------
                         (clock clk_in rise edge)     0.000     0.000 r  
                         input delay                  2.000     2.000    
    A19                                               0.000     2.000 r  input_current[12] (IN)
                         net (fo=0)                   0.000     2.000    input_current_IBUF[12]_inst/I
    A19                  INBUF (Prop_INBUF_HPIOB_M_PAD_O)
                                                      0.520     2.520 r  input_current_IBUF[12]_inst/INBUF_INST/O
                         net (fo=1, routed)           0.000     2.520    input_current_IBUF[12]_inst/OUT
    A19                  IBUFCTRL (Prop_IBUFCTRL_HPIOB_M_I_O)
                                                      0.000     2.520 r  input_current_IBUF[12]_inst/IBUFCTRL_INST/O
                         net (fo=1, routed)           2.240     4.760    input_current_IBUF[12]
    SLICE_X83Y239        LUT1 (Prop_B5LUT_SLICEL_I0_O)
                                                      0.165     4.925 r  input_current_IBUF[12]_hold_fix/O
                         net (fo=1, routed)           1.718     6.643    input_current_IBUF[12]_hold_fix_1
    SLICE_X2Y220         FDRE                                         r  input_current_r_reg[12]/D
  -------------------------------------------------------------------    -------------------

                         (clock clk_in rise edge)    10.000    10.000 r  
    D14                                               0.000    10.000 r  clk_in (IN)
                         net (fo=0)                   0.000    10.000    clk_in_IBUF_inst/I
    D14                  INBUF (Prop_INBUF_HDIOB_M_PAD_O)
                                                      0.495    10.495 r  clk_in_IBUF_inst/INBUF_INST/O
                         net (fo=1, routed)           0.000    10.495    clk_in_IBUF_inst/OUT
    D14                  IBUFCTRL (Prop_IBUFCTRL_HDIOB_M_I_O)
                                                      0.000    10.495 r  clk_in_IBUF_inst/IBUFCTRL_INST/O
                         net (fo=1, routed)           0.169    10.664    clk_in_IBUF
    BUFGCE_HDIO_X0Y6     BUFGCE (Prop_BUFCE_BUFGCE_HDIO_I_O)
                                                      0.024    10.688 r  bufg_clk/O
    X0Y3 (CLOCK_ROOT)    net (fo=64, routed)          1.136    11.823    clk
    SLICE_X2Y220         FDRE                                         r  input_current_r_reg[12]/C
                         clock pessimism              0.000    11.823    
                         clock uncertainty           -0.235    11.588    
    SLICE_X2Y220         FDRE (Setup_EFF2_SLICEL_C_D)
                                                      0.025    11.613    input_current_r_reg[12]
  -------------------------------------------------------------------
                         required time                         11.613    
                         arrival time                          -6.643    
  -------------------------------------------------------------------
                         slack                                  4.970    

Slack (MET) :             4.970ns  (required time - arrival time)
  Source:                 input_current[14]
                            (input port clocked by clk_in  {rise@0.000ns fall@5.000ns period=10.000ns})
  Destination:            input_current_r_reg[14]/D
                            (rising edge-triggered cell FDRE clocked by clk_in  {rise@0.000ns fall@5.000ns period=10.000ns})
  Path Group:             clk_in
  Path Type:              Setup (Max at Slow Process Corner)
  Requirement:            10.000ns  (clk_in rise@10.000ns - clk_in rise@0.000ns)
  Data Path Delay:        4.637ns  (logic 0.674ns (14.542%)  route 3.963ns (85.458%))
  Logic Levels:           3  (IBUFCTRL=1 INBUF=1 LUT1=1)
  Input Delay:            2.000ns
  Clock Path Skew:        1.818ns (DCD - SCD + CPR)
    Destination Clock Delay (DCD):    1.818ns = ( 11.818 - 10.000 ) 
    Source Clock Delay      (SCD):    0.000ns
    Clock Pessimism Removal (CPR):    0.000ns
  Clock Uncertainty:      0.235ns  ((TSJ^2 + TIJ^2)^1/2 + DJ) / 2 + PE + UU
    Total System Jitter     (TSJ):    0.071ns
    Total Input Jitter      (TIJ):    0.000ns
    Discrete Jitter          (DJ):    0.000ns
    Phase Error              (PE):    0.000ns
    User Uncertainty         (UU):    0.200ns
  Clock Net Delay (Destination): 1.130ns (routing 0.400ns, distribution 0.730ns)

    Location             Delay type                Incr(ns)  Path(ns)    Netlist Resource(s)
  -------------------------------------------------------------------    -------------------
                         (clock clk_in rise edge)     0.000     0.000 r  
                         input delay                  2.000     2.000    
    B15                                               0.000     2.000 r  input_current[14] (IN)
                         net (fo=0)                   0.000     2.000    input_current_IBUF[14]_inst/I
    B15                  INBUF (Prop_INBUF_HPIOB_M_PAD_O)
                                                      0.536     2.536 r  input_current_IBUF[14]_inst/INBUF_INST/O
                         net (fo=1, routed)           0.000     2.536    input_current_IBUF[14]_inst/OUT
    B15                  IBUFCTRL (Prop_IBUFCTRL_HPIOB_M_I_O)
                                                      0.000     2.536 r  input_current_IBUF[14]_inst/IBUFCTRL_INST/O
                         net (fo=1, routed)           2.230     4.766    input_current_IBUF[14]
    SLICE_X83Y239        LUT1 (Prop_A5LUT_SLICEL_I0_O)
                                                      0.138     4.904 r  input_current_IBUF[14]_hold_fix/O
                         net (fo=1, routed)           1.733     6.637    input_current_IBUF[14]_hold_fix_1
    SLICE_X0Y218         FDRE                                         r  input_current_r_reg[14]/D
  -------------------------------------------------------------------    -------------------

                         (clock clk_in rise edge)    10.000    10.000 r  
    D14                                               0.000    10.000 r  clk_in (IN)
                         net (fo=0)                   0.000    10.000    clk_in_IBUF_inst/I
    D14                  INBUF (Prop_INBUF_HDIOB_M_PAD_O)
                                                      0.495    10.495 r  clk_in_IBUF_inst/INBUF_INST/O
                         net (fo=1, routed)           0.000    10.495    clk_in_IBUF_inst/OUT
    D14                  IBUFCTRL (Prop_IBUFCTRL_HDIOB_M_I_O)
                                                      0.000    10.495 r  clk_in_IBUF_inst/IBUFCTRL_INST/O
                         net (fo=1, routed)           0.169    10.664    clk_in_IBUF
    BUFGCE_HDIO_X0Y6     BUFGCE (Prop_BUFCE_BUFGCE_HDIO_I_O)
                                                      0.024    10.688 r  bufg_clk/O
    X0Y3 (CLOCK_ROOT)    net (fo=64, routed)          1.130    11.818    clk
    SLICE_X0Y218         FDRE                                         r  input_current_r_reg[14]/C
                         clock pessimism              0.000    11.818    
                         clock uncertainty           -0.235    11.582    
    SLICE_X0Y218         FDRE (Setup_EFF_SLICEL_C_D)
                                                      0.025    11.607    input_current_r_reg[14]
  -------------------------------------------------------------------
                         required time                         11.607    
                         arrival time                          -6.637    
  -------------------------------------------------------------------
                         slack                                  4.970    

Slack (MET) :             4.986ns  (required time - arrival time)
  Source:                 input_current[24]
                            (input port clocked by clk_in  {rise@0.000ns fall@5.000ns period=10.000ns})
  Destination:            input_current_r_reg[24]/D
                            (rising edge-triggered cell FDRE clocked by clk_in  {rise@0.000ns fall@5.000ns period=10.000ns})
  Path Group:             clk_in
  Path Type:              Setup (Max at Slow Process Corner)
  Requirement:            10.000ns  (clk_in rise@10.000ns - clk_in rise@0.000ns)
  Data Path Delay:        4.614ns  (logic 0.682ns (14.774%)  route 3.932ns (85.226%))
  Logic Levels:           3  (IBUFCTRL=1 INBUF=1 LUT1=1)
  Input Delay:            2.000ns
  Clock Path Skew:        1.810ns (DCD - SCD + CPR)
    Destination Clock Delay (DCD):    1.810ns = ( 11.810 - 10.000 ) 
    Source Clock Delay      (SCD):    0.000ns
    Clock Pessimism Removal (CPR):    0.000ns
  Clock Uncertainty:      0.235ns  ((TSJ^2 + TIJ^2)^1/2 + DJ) / 2 + PE + UU
    Total System Jitter     (TSJ):    0.071ns
    Total Input Jitter      (TIJ):    0.000ns
    Discrete Jitter          (DJ):    0.000ns
    Phase Error              (PE):    0.000ns
    User Uncertainty         (UU):    0.200ns
  Clock Net Delay (Destination): 1.122ns (routing 0.400ns, distribution 0.722ns)

    Location             Delay type                Incr(ns)  Path(ns)    Netlist Resource(s)
  -------------------------------------------------------------------    -------------------
                         (clock clk_in rise edge)     0.000     0.000 r  
                         input delay                  2.000     2.000    
    D19                                               0.000     2.000 r  input_current[24] (IN)
                         net (fo=0)                   0.000     2.000    input_current_IBUF[24]_inst/I
    D19                  INBUF (Prop_INBUF_HPIOB_M_PAD_O)
                                                      0.515     2.515 r  input_current_IBUF[24]_inst/INBUF_INST/O
                         net (fo=1, routed)           0.000     2.515    input_current_IBUF[24]_inst/OUT
    D19                  IBUFCTRL (Prop_IBUFCTRL_HPIOB_M_I_O)
                                                      0.000     2.515 r  input_current_IBUF[24]_inst/IBUFCTRL_INST/O
                         net (fo=1, routed)           2.296     4.811    input_current_IBUF[24]
    SLICE_X79Y239        LUT1 (Prop_B5LUT_SLICEM_I0_O)
                                                      0.167     4.978 r  input_current_IBUF[24]_hold_fix/O
                         net (fo=1, routed)           1.636     6.614    input_current_IBUF[24]_hold_fix_1
    SLICE_X0Y212         FDRE                                         r  input_current_r_reg[24]/D
  -------------------------------------------------------------------    -------------------

                         (clock clk_in rise edge)    10.000    10.000 r  
    D14                                               0.000    10.000 r  clk_in (IN)
                         net (fo=0)                   0.000    10.000    clk_in_IBUF_inst/I
    D14                  INBUF (Prop_INBUF_HDIOB_M_PAD_O)
                                                      0.495    10.495 r  clk_in_IBUF_inst/INBUF_INST/O
                         net (fo=1, routed)           0.000    10.495    clk_in_IBUF_inst/OUT
    D14                  IBUFCTRL (Prop_IBUFCTRL_HDIOB_M_I_O)
                                                      0.000    10.495 r  clk_in_IBUF_inst/IBUFCTRL_INST/O
                         net (fo=1, routed)           0.169    10.664    clk_in_IBUF
    BUFGCE_HDIO_X0Y6     BUFGCE (Prop_BUFCE_BUFGCE_HDIO_I_O)
                                                      0.024    10.688 r  bufg_clk/O
    X0Y3 (CLOCK_ROOT)    net (fo=64, routed)          1.122    11.810    clk
    SLICE_X0Y212         FDRE                                         r  input_current_r_reg[24]/C
                         clock pessimism              0.000    11.810    
                         clock uncertainty           -0.235    11.574    
    SLICE_X0Y212         FDRE (Setup_EFF2_SLICEL_C_D)
                                                      0.025    11.599    input_current_r_reg[24]
  -------------------------------------------------------------------
                         required time                         11.599    
                         arrival time                          -6.614    
  -------------------------------------------------------------------
                         slack                                  4.986    

Slack (MET) :             5.002ns  (required time - arrival time)
  Source:                 input_current[10]
                            (input port clocked by clk_in  {rise@0.000ns fall@5.000ns period=10.000ns})
  Destination:            input_current_r_reg[10]/D
                            (rising edge-triggered cell FDRE clocked by clk_in  {rise@0.000ns fall@5.000ns period=10.000ns})
  Path Group:             clk_in
  Path Type:              Setup (Max at Slow Process Corner)
  Requirement:            10.000ns  (clk_in rise@10.000ns - clk_in rise@0.000ns)
  Data Path Delay:        4.608ns  (logic 0.653ns (14.169%)  route 3.955ns (85.831%))
  Logic Levels:           3  (IBUFCTRL=1 INBUF=1 LUT1=1)
  Input Delay:            2.000ns
  Clock Path Skew:        1.820ns (DCD - SCD + CPR)
    Destination Clock Delay (DCD):    1.820ns = ( 11.820 - 10.000 ) 
    Source Clock Delay      (SCD):    0.000ns
    Clock Pessimism Removal (CPR):    0.000ns
  Clock Uncertainty:      0.235ns  ((TSJ^2 + TIJ^2)^1/2 + DJ) / 2 + PE + UU
    Total System Jitter     (TSJ):    0.071ns
    Total Input Jitter      (TIJ):    0.000ns
    Discrete Jitter          (DJ):    0.000ns
    Phase Error              (PE):    0.000ns
    User Uncertainty         (UU):    0.200ns
  Clock Net Delay (Destination): 1.132ns (routing 0.400ns, distribution 0.732ns)

    Location             Delay type                Incr(ns)  Path(ns)    Netlist Resource(s)
  -------------------------------------------------------------------    -------------------
                         (clock clk_in rise edge)     0.000     0.000 r  
                         input delay                  2.000     2.000    
    A22                                               0.000     2.000 r  input_current[10] (IN)
                         net (fo=0)                   0.000     2.000    input_current_IBUF[10]_inst/I
    A22                  INBUF (Prop_INBUF_HPIOB_M_PAD_O)
                                                      0.516     2.516 r  input_current_IBUF[10]_inst/INBUF_INST/O
                         net (fo=1, routed)           0.000     2.516    input_current_IBUF[10]_inst/OUT
    A22                  IBUFCTRL (Prop_IBUFCTRL_HPIOB_M_I_O)
                                                      0.000     2.516 r  input_current_IBUF[10]_inst/IBUFCTRL_INST/O
                         net (fo=1, routed)           2.214     4.730    input_current_IBUF[10]
    SLICE_X86Y239        LUT1 (Prop_C5LUT_SLICEM_I0_O)
                                                      0.137     4.867 r  input_current_IBUF[10]_hold_fix/O
                         net (fo=1, routed)           1.741     6.608    input_current_IBUF[10]_hold_fix_1
    SLICE_X2Y221         FDRE                                         r  input_current_r_reg[10]/D
  -------------------------------------------------------------------    -------------------

                         (clock clk_in rise edge)    10.000    10.000 r  
    D14                                               0.000    10.000 r  clk_in (IN)
                         net (fo=0)                   0.000    10.000    clk_in_IBUF_inst/I
    D14                  INBUF (Prop_INBUF_HDIOB_M_PAD_O)
                                                      0.495    10.495 r  clk_in_IBUF_inst/INBUF_INST/O
                         net (fo=1, routed)           0.000    10.495    clk_in_IBUF_inst/OUT
    D14                  IBUFCTRL (Prop_IBUFCTRL_HDIOB_M_I_O)
                                                      0.000    10.495 r  clk_in_IBUF_inst/IBUFCTRL_INST/O
                         net (fo=1, routed)           0.169    10.664    clk_in_IBUF
    BUFGCE_HDIO_X0Y6     BUFGCE (Prop_BUFCE_BUFGCE_HDIO_I_O)
                                                      0.024    10.688 r  bufg_clk/O
    X0Y3 (CLOCK_ROOT)    net (fo=64, routed)          1.132    11.820    clk
    SLICE_X2Y221         FDRE                                         r  input_current_r_reg[10]/C
                         clock pessimism              0.000    11.820    
                         clock uncertainty           -0.235    11.584    
    SLICE_X2Y221         FDRE (Setup_EFF_SLICEL_C_D)
                                                      0.025    11.609    input_current_r_reg[10]
  -------------------------------------------------------------------
                         required time                         11.609    
                         arrival time                          -6.608    
  -------------------------------------------------------------------
                         slack                                  5.002    

Slack (MET) :             5.030ns  (required time - arrival time)
  Source:                 input_current[15]
                            (input port clocked by clk_in  {rise@0.000ns fall@5.000ns period=10.000ns})
  Destination:            input_current_r_reg[15]/D
                            (rising edge-triggered cell FDRE clocked by clk_in  {rise@0.000ns fall@5.000ns period=10.000ns})
  Path Group:             clk_in
  Path Type:              Setup (Max at Slow Process Corner)
  Requirement:            10.000ns  (clk_in rise@10.000ns - clk_in rise@0.000ns)
  Data Path Delay:        4.583ns  (logic 0.695ns (15.169%)  route 3.888ns (84.831%))
  Logic Levels:           3  (IBUFCTRL=1 INBUF=1 LUT1=1)
  Input Delay:            2.000ns
  Clock Path Skew:        1.823ns (DCD - SCD + CPR)
    Destination Clock Delay (DCD):    1.823ns = ( 11.823 - 10.000 ) 
    Source Clock Delay      (SCD):    0.000ns
    Clock Pessimism Removal (CPR):    0.000ns
  Clock Uncertainty:      0.235ns  ((TSJ^2 + TIJ^2)^1/2 + DJ) / 2 + PE + UU
    Total System Jitter     (TSJ):    0.071ns
    Total Input Jitter      (TIJ):    0.000ns
    Discrete Jitter          (DJ):    0.000ns
    Phase Error              (PE):    0.000ns
    User Uncertainty         (UU):    0.200ns
  Clock Net Delay (Destination): 1.136ns (routing 0.400ns, distribution 0.736ns)

    Location             Delay type                Incr(ns)  Path(ns)    Netlist Resource(s)
  -------------------------------------------------------------------    -------------------
                         (clock clk_in rise edge)     0.000     0.000 r  
                         input delay                  2.000     2.000    
    A15                                               0.000     2.000 r  input_current[15] (IN)
                         net (fo=0)                   0.000     2.000    input_current_IBUF[15]_inst/I
    A15                  INBUF (Prop_INBUF_HPIOB_S_PAD_O)
                                                      0.537     2.537 r  input_current_IBUF[15]_inst/INBUF_INST/O
                         net (fo=1, routed)           0.000     2.537    input_current_IBUF[15]_inst/OUT
    A15                  IBUFCTRL (Prop_IBUFCTRL_HPIOB_S_I_O)
                                                      0.000     2.537 r  input_current_IBUF[15]_inst/IBUFCTRL_INST/O
                         net (fo=1, routed)           2.166     4.703    input_current_IBUF[15]
    SLICE_X83Y239        LUT1 (Prop_C5LUT_SLICEL_I0_O)
                                                      0.158     4.861 r  input_current_IBUF[15]_hold_fix/O
                         net (fo=1, routed)           1.722     6.583    input_current_IBUF[15]_hold_fix_1
    SLICE_X2Y220         FDRE                                         r  input_current_r_reg[15]/D
  -------------------------------------------------------------------    -------------------

                         (clock clk_in rise edge)    10.000    10.000 r  
    D14                                               0.000    10.000 r  clk_in (IN)
                         net (fo=0)                   0.000    10.000    clk_in_IBUF_inst/I
    D14                  INBUF (Prop_INBUF_HDIOB_M_PAD_O)
                                                      0.495    10.495 r  clk_in_IBUF_inst/INBUF_INST/O
                         net (fo=1, routed)           0.000    10.495    clk_in_IBUF_inst/OUT
    D14                  IBUFCTRL (Prop_IBUFCTRL_HDIOB_M_I_O)
                                                      0.000    10.495 r  clk_in_IBUF_inst/IBUFCTRL_INST/O
                         net (fo=1, routed)           0.169    10.664    clk_in_IBUF
    BUFGCE_HDIO_X0Y6     BUFGCE (Prop_BUFCE_BUFGCE_HDIO_I_O)
                                                      0.024    10.688 r  bufg_clk/O
    X0Y3 (CLOCK_ROOT)    net (fo=64, routed)          1.136    11.823    clk
    SLICE_X2Y220         FDRE                                         r  input_current_r_reg[15]/C
                         clock pessimism              0.000    11.823    
                         clock uncertainty           -0.235    11.588    
    SLICE_X2Y220         FDRE (Setup_FFF2_SLICEL_C_D)
                                                      0.025    11.613    input_current_r_reg[15]
  -------------------------------------------------------------------
                         required time                         11.613    
                         arrival time                          -6.583    
  -------------------------------------------------------------------
                         slack                                  5.030    

Slack (MET) :             5.048ns  (required time - arrival time)
  Source:                 input_current[25]
                            (input port clocked by clk_in  {rise@0.000ns fall@5.000ns period=10.000ns})
  Destination:            input_current_r_reg[25]/D
                            (rising edge-triggered cell FDRE clocked by clk_in  {rise@0.000ns fall@5.000ns period=10.000ns})
  Path Group:             clk_in
  Path Type:              Setup (Max at Slow Process Corner)
  Requirement:            10.000ns  (clk_in rise@10.000ns - clk_in rise@0.000ns)
  Data Path Delay:        4.552ns  (logic 0.653ns (14.341%)  route 3.899ns (85.659%))
  Logic Levels:           3  (IBUFCTRL=1 INBUF=1 LUT1=1)
  Input Delay:            2.000ns
  Clock Path Skew:        1.810ns (DCD - SCD + CPR)
    Destination Clock Delay (DCD):    1.810ns = ( 11.810 - 10.000 ) 
    Source Clock Delay      (SCD):    0.000ns
    Clock Pessimism Removal (CPR):    0.000ns
  Clock Uncertainty:      0.235ns  ((TSJ^2 + TIJ^2)^1/2 + DJ) / 2 + PE + UU
    Total System Jitter     (TSJ):    0.071ns
    Total Input Jitter      (TIJ):    0.000ns
    Discrete Jitter          (DJ):    0.000ns
    Phase Error              (PE):    0.000ns
    User Uncertainty         (UU):    0.200ns
  Clock Net Delay (Destination): 1.122ns (routing 0.400ns, distribution 0.722ns)

    Location             Delay type                Incr(ns)  Path(ns)    Netlist Resource(s)
  -------------------------------------------------------------------    -------------------
                         (clock clk_in rise edge)     0.000     0.000 r  
                         input delay                  2.000     2.000    
    D20                                               0.000     2.000 r  input_current[25] (IN)
                         net (fo=0)                   0.000     2.000    input_current_IBUF[25]_inst/I
    D20                  INBUF (Prop_INBUF_HPIOB_S_PAD_O)
                                                      0.515     2.515 r  input_current_IBUF[25]_inst/INBUF_INST/O
                         net (fo=1, routed)           0.000     2.515    input_current_IBUF[25]_inst/OUT
    D20                  IBUFCTRL (Prop_IBUFCTRL_HPIOB_S_I_O)
                                                      0.000     2.515 r  input_current_IBUF[25]_inst/IBUFCTRL_INST/O
                         net (fo=1, routed)           2.243     4.758    input_current_IBUF[25]
    SLICE_X78Y239        LUT1 (Prop_A5LUT_SLICEL_I0_O)
                                                      0.138     4.896 r  input_current_IBUF[25]_hold_fix/O
                         net (fo=1, routed)           1.656     6.552    input_current_IBUF[25]_hold_fix_1
    SLICE_X0Y212         FDRE                                         r  input_current_r_reg[25]/D
  -------------------------------------------------------------------    -------------------

                         (clock clk_in rise edge)    10.000    10.000 r  
    D14                                               0.000    10.000 r  clk_in (IN)
                         net (fo=0)                   0.000    10.000    clk_in_IBUF_inst/I
    D14                  INBUF (Prop_INBUF_HDIOB_M_PAD_O)
                                                      0.495    10.495 r  clk_in_IBUF_inst/INBUF_INST/O
                         net (fo=1, routed)           0.000    10.495    clk_in_IBUF_inst/OUT
    D14                  IBUFCTRL (Prop_IBUFCTRL_HDIOB_M_I_O)
                                                      0.000    10.495 r  clk_in_IBUF_inst/IBUFCTRL_INST/O
                         net (fo=1, routed)           0.169    10.664    clk_in_IBUF
    BUFGCE_HDIO_X0Y6     BUFGCE (Prop_BUFCE_BUFGCE_HDIO_I_O)
                                                      0.024    10.688 r  bufg_clk/O
    X0Y3 (CLOCK_ROOT)    net (fo=64, routed)          1.122    11.810    clk
    SLICE_X0Y212         FDRE                                         r  input_current_r_reg[25]/C
                         clock pessimism              0.000    11.810    
                         clock uncertainty           -0.235    11.574    
    SLICE_X0Y212         FDRE (Setup_FFF_SLICEL_C_D)
                                                      0.025    11.599    input_current_r_reg[25]
  -------------------------------------------------------------------
                         required time                         11.599    
                         arrival time                          -6.552    
  -------------------------------------------------------------------
                         slack                                  5.048    

Slack (MET) :             5.050ns  (required time - arrival time)
  Source:                 input_current[26]
                            (input port clocked by clk_in  {rise@0.000ns fall@5.000ns period=10.000ns})
  Destination:            input_current_r_reg[26]/D
                            (rising edge-triggered cell FDRE clocked by clk_in  {rise@0.000ns fall@5.000ns period=10.000ns})
  Path Group:             clk_in
  Path Type:              Setup (Max at Slow Process Corner)
  Requirement:            10.000ns  (clk_in rise@10.000ns - clk_in rise@0.000ns)
  Data Path Delay:        4.552ns  (logic 0.604ns (13.271%)  route 3.948ns (86.729%))
  Logic Levels:           3  (IBUFCTRL=1 INBUF=1 LUT1=1)
  Input Delay:            2.000ns
  Clock Path Skew:        1.813ns (DCD - SCD + CPR)
    Destination Clock Delay (DCD):    1.813ns = ( 11.813 - 10.000 ) 
    Source Clock Delay      (SCD):    0.000ns
    Clock Pessimism Removal (CPR):    0.000ns
  Clock Uncertainty:      0.235ns  ((TSJ^2 + TIJ^2)^1/2 + DJ) / 2 + PE + UU
    Total System Jitter     (TSJ):    0.071ns
    Total Input Jitter      (TIJ):    0.000ns
    Discrete Jitter          (DJ):    0.000ns
    Phase Error              (PE):    0.000ns
    User Uncertainty         (UU):    0.200ns
  Clock Net Delay (Destination): 1.125ns (routing 0.400ns, distribution 0.725ns)

    Location             Delay type                Incr(ns)  Path(ns)    Netlist Resource(s)
  -------------------------------------------------------------------    -------------------
                         (clock clk_in rise edge)     0.000     0.000 r  
                         input delay                  2.000     2.000    
    E18                                               0.000     2.000 r  input_current[26] (IN)
                         net (fo=0)                   0.000     2.000    input_current_IBUF[26]_inst/I
    E18                  INBUF (Prop_INBUF_HPIOB_M_PAD_O)
                                                      0.505     2.505 r  input_current_IBUF[26]_inst/INBUF_INST/O
                         net (fo=1, routed)           0.000     2.505    input_current_IBUF[26]_inst/OUT
    E18                  IBUFCTRL (Prop_IBUFCTRL_HPIOB_M_I_O)
                                                      0.000     2.505 r  input_current_IBUF[26]_inst/IBUFCTRL_INST/O
                         net (fo=1, routed)           2.280     4.785    input_current_IBUF[26]
    SLICE_X79Y239        LUT1 (Prop_C5LUT_SLICEM_I0_O)
                                                      0.099     4.884 r  input_current_IBUF[26]_hold_fix/O
                         net (fo=1, routed)           1.668     6.552    input_current_IBUF[26]_hold_fix_1
    SLICE_X3Y220         FDRE                                         r  input_current_r_reg[26]/D
  -------------------------------------------------------------------    -------------------

                         (clock clk_in rise edge)    10.000    10.000 r  
    D14                                               0.000    10.000 r  clk_in (IN)
                         net (fo=0)                   0.000    10.000    clk_in_IBUF_inst/I
    D14                  INBUF (Prop_INBUF_HDIOB_M_PAD_O)
                                                      0.495    10.495 r  clk_in_IBUF_inst/INBUF_INST/O
                         net (fo=1, routed)           0.000    10.495    clk_in_IBUF_inst/OUT
    D14                  IBUFCTRL (Prop_IBUFCTRL_HDIOB_M_I_O)
                                                      0.000    10.495 r  clk_in_IBUF_inst/IBUFCTRL_INST/O
                         net (fo=1, routed)           0.169    10.664    clk_in_IBUF
    BUFGCE_HDIO_X0Y6     BUFGCE (Prop_BUFCE_BUFGCE_HDIO_I_O)
                                                      0.024    10.688 r  bufg_clk/O
    X0Y3 (CLOCK_ROOT)    net (fo=64, routed)          1.125    11.813    clk
    SLICE_X3Y220         FDRE                                         r  input_current_r_reg[26]/C
                         clock pessimism              0.000    11.813    
                         clock uncertainty           -0.235    11.577    
    SLICE_X3Y220         FDRE (Setup_EFF_SLICEL_C_D)
                                                      0.025    11.602    input_current_r_reg[26]
  -------------------------------------------------------------------
                         required time                         11.602    
                         arrival time                          -6.552    
  -------------------------------------------------------------------
                         slack                                  5.050    

Slack (MET) :             5.067ns  (required time - arrival time)
  Source:                 input_current[9]
                            (input port clocked by clk_in  {rise@0.000ns fall@5.000ns period=10.000ns})
  Destination:            input_current_r_reg[9]/D
                            (rising edge-triggered cell FDRE clocked by clk_in  {rise@0.000ns fall@5.000ns period=10.000ns})
  Path Group:             clk_in
  Path Type:              Setup (Max at Slow Process Corner)
  Requirement:            10.000ns  (clk_in rise@10.000ns - clk_in rise@0.000ns)
  Data Path Delay:        4.537ns  (logic 0.628ns (13.843%)  route 3.909ns (86.157%))
  Logic Levels:           3  (IBUFCTRL=1 INBUF=1 LUT1=1)
  Input Delay:            2.000ns
  Clock Path Skew:        1.815ns (DCD - SCD + CPR)
    Destination Clock Delay (DCD):    1.815ns = ( 11.815 - 10.000 ) 
    Source Clock Delay      (SCD):    0.000ns
    Clock Pessimism Removal (CPR):    0.000ns
  Clock Uncertainty:      0.235ns  ((TSJ^2 + TIJ^2)^1/2 + DJ) / 2 + PE + UU
    Total System Jitter     (TSJ):    0.071ns
    Total Input Jitter      (TIJ):    0.000ns
    Discrete Jitter          (DJ):    0.000ns
    Phase Error              (PE):    0.000ns
    User Uncertainty         (UU):    0.200ns
  Clock Net Delay (Destination): 1.127ns (routing 0.400ns, distribution 0.727ns)

    Location             Delay type                Incr(ns)  Path(ns)    Netlist Resource(s)
  -------------------------------------------------------------------    -------------------
                         (clock clk_in rise edge)     0.000     0.000 r  
                         input delay                  2.000     2.000    
    D21                                               0.000     2.000 r  input_current[9] (IN)
                         net (fo=0)                   0.000     2.000    input_current_IBUF[9]_inst/I
    D21                  INBUF (Prop_INBUF_HPIOB_S_PAD_O)
                                                      0.492     2.492 r  input_current_IBUF[9]_inst/INBUF_INST/O
                         net (fo=1, routed)           0.000     2.492    input_current_IBUF[9]_inst/OUT
    D21                  IBUFCTRL (Prop_IBUFCTRL_HPIOB_S_I_O)
                                                      0.000     2.492 r  input_current_IBUF[9]_inst/IBUFCTRL_INST/O
                         net (fo=1, routed)           2.220     4.712    input_current_IBUF[9]
    SLICE_X87Y239        LUT1 (Prop_C5LUT_SLICEL_I0_O)
                                                      0.136     4.848 r  input_current_IBUF[9]_hold_fix/O
                         net (fo=1, routed)           1.689     6.537    input_current_IBUF[9]_hold_fix_1
    SLICE_X3Y222         FDRE                                         r  input_current_r_reg[9]/D
  -------------------------------------------------------------------    -------------------

                         (clock clk_in rise edge)    10.000    10.000 r  
    D14                                               0.000    10.000 r  clk_in (IN)
                         net (fo=0)                   0.000    10.000    clk_in_IBUF_inst/I
    D14                  INBUF (Prop_INBUF_HDIOB_M_PAD_O)
                                                      0.495    10.495 r  clk_in_IBUF_inst/INBUF_INST/O
                         net (fo=1, routed)           0.000    10.495    clk_in_IBUF_inst/OUT
    D14                  IBUFCTRL (Prop_IBUFCTRL_HDIOB_M_I_O)
                                                      0.000    10.495 r  clk_in_IBUF_inst/IBUFCTRL_INST/O
                         net (fo=1, routed)           0.169    10.664    clk_in_IBUF
    BUFGCE_HDIO_X0Y6     BUFGCE (Prop_BUFCE_BUFGCE_HDIO_I_O)
                                                      0.024    10.688 r  bufg_clk/O
    X0Y3 (CLOCK_ROOT)    net (fo=64, routed)          1.127    11.815    clk
    SLICE_X3Y222         FDRE                                         r  input_current_r_reg[9]/C
                         clock pessimism              0.000    11.815    
                         clock uncertainty           -0.235    11.579    
    SLICE_X3Y222         FDRE (Setup_EFF_SLICEL_C_D)
                                                      0.025    11.604    input_current_r_reg[9]
  -------------------------------------------------------------------
                         required time                         11.604    
                         arrival time                          -6.537    
  -------------------------------------------------------------------
                         slack                                  5.067    

Slack (MET) :             5.131ns  (required time - arrival time)
  Source:                 input_current[2]
                            (input port clocked by clk_in  {rise@0.000ns fall@5.000ns period=10.000ns})
  Destination:            input_current_r_reg[2]/D
                            (rising edge-triggered cell FDRE clocked by clk_in  {rise@0.000ns fall@5.000ns period=10.000ns})
  Path Group:             clk_in
  Path Type:              Setup (Max at Slow Process Corner)
  Requirement:            10.000ns  (clk_in rise@10.000ns - clk_in rise@0.000ns)
  Data Path Delay:        4.485ns  (logic 0.592ns (13.200%)  route 3.893ns (86.800%))
  Logic Levels:           3  (IBUFCTRL=1 INBUF=1 LUT1=1)
  Input Delay:            2.000ns
  Clock Path Skew:        1.827ns (DCD - SCD + CPR)
    Destination Clock Delay (DCD):    1.827ns = ( 11.827 - 10.000 ) 
    Source Clock Delay      (SCD):    0.000ns
    Clock Pessimism Removal (CPR):    0.000ns
  Clock Uncertainty:      0.235ns  ((TSJ^2 + TIJ^2)^1/2 + DJ) / 2 + PE + UU
    Total System Jitter     (TSJ):    0.071ns
    Total Input Jitter      (TIJ):    0.000ns
    Discrete Jitter          (DJ):    0.000ns
    Phase Error              (PE):    0.000ns
    User Uncertainty         (UU):    0.200ns
  Clock Net Delay (Destination): 1.139ns (routing 0.400ns, distribution 0.739ns)

    Location             Delay type                Incr(ns)  Path(ns)    Netlist Resource(s)
  -------------------------------------------------------------------    -------------------
                         (clock clk_in rise edge)     0.000     0.000 r  
                         input delay                  2.000     2.000    
    A24                                               0.000     2.000 r  input_current[2] (IN)
                         net (fo=0)                   0.000     2.000    input_current_IBUF[2]_inst/I
    A24                  INBUF (Prop_INBUF_HPIOB_M_PAD_O)
                                                      0.519     2.519 r  input_current_IBUF[2]_inst/INBUF_INST/O
                         net (fo=1, routed)           0.000     2.519    input_current_IBUF[2]_inst/OUT
    A24                  IBUFCTRL (Prop_IBUFCTRL_HPIOB_M_I_O)
                                                      0.000     2.519 r  input_current_IBUF[2]_inst/IBUFCTRL_INST/O
                         net (fo=1, routed)           2.177     4.696    input_current_IBUF[2]
    SLICE_X87Y239        LUT1 (Prop_B5LUT_SLICEL_I0_O)
                                                      0.073     4.769 r  input_current_IBUF[2]_hold_fix/O
                         net (fo=1, routed)           1.716     6.485    input_current_IBUF[2]_hold_fix_1
    SLICE_X1Y230         FDRE                                         r  input_current_r_reg[2]/D
  -------------------------------------------------------------------    -------------------

                         (clock clk_in rise edge)    10.000    10.000 r  
    D14                                               0.000    10.000 r  clk_in (IN)
                         net (fo=0)                   0.000    10.000    clk_in_IBUF_inst/I
    D14                  INBUF (Prop_INBUF_HDIOB_M_PAD_O)
                                                      0.495    10.495 r  clk_in_IBUF_inst/INBUF_INST/O
                         net (fo=1, routed)           0.000    10.495    clk_in_IBUF_inst/OUT
    D14                  IBUFCTRL (Prop_IBUFCTRL_HDIOB_M_I_O)
                                                      0.000    10.495 r  clk_in_IBUF_inst/IBUFCTRL_INST/O
                         net (fo=1, routed)           0.169    10.664    clk_in_IBUF
    BUFGCE_HDIO_X0Y6     BUFGCE (Prop_BUFCE_BUFGCE_HDIO_I_O)
                                                      0.024    10.688 r  bufg_clk/O
    X0Y3 (CLOCK_ROOT)    net (fo=64, routed)          1.139    11.827    clk
    SLICE_X1Y230         FDRE                                         r  input_current_r_reg[2]/C
                         clock pessimism              0.000    11.827    
                         clock uncertainty           -0.235    11.591    
    SLICE_X1Y230         FDRE (Setup_FFF_SLICEM_C_D)
                                                      0.025    11.616    input_current_r_reg[2]
  -------------------------------------------------------------------
                         required time                         11.616    
                         arrival time                          -6.485    
  -------------------------------------------------------------------
                         slack                                  5.131    

Slack (MET) :             5.151ns  (required time - arrival time)
  Source:                 input_current[11]
                            (input port clocked by clk_in  {rise@0.000ns fall@5.000ns period=10.000ns})
  Destination:            input_current_r_reg[11]/D
                            (rising edge-triggered cell FDRE clocked by clk_in  {rise@0.000ns fall@5.000ns period=10.000ns})
  Path Group:             clk_in
  Path Type:              Setup (Max at Slow Process Corner)
  Requirement:            10.000ns  (clk_in rise@10.000ns - clk_in rise@0.000ns)
  Data Path Delay:        4.462ns  (logic 0.585ns (13.108%)  route 3.877ns (86.892%))
  Logic Levels:           3  (IBUFCTRL=1 INBUF=1 LUT1=1)
  Input Delay:            2.000ns
  Clock Path Skew:        1.823ns (DCD - SCD + CPR)
    Destination Clock Delay (DCD):    1.823ns = ( 11.823 - 10.000 ) 
    Source Clock Delay      (SCD):    0.000ns
    Clock Pessimism Removal (CPR):    0.000ns
  Clock Uncertainty:      0.235ns  ((TSJ^2 + TIJ^2)^1/2 + DJ) / 2 + PE + UU
    Total System Jitter     (TSJ):    0.071ns
    Total Input Jitter      (TIJ):    0.000ns
    Discrete Jitter          (DJ):    0.000ns
    Phase Error              (PE):    0.000ns
    User Uncertainty         (UU):    0.200ns
  Clock Net Delay (Destination): 1.136ns (routing 0.400ns, distribution 0.736ns)

    Location             Delay type                Incr(ns)  Path(ns)    Netlist Resource(s)
  -------------------------------------------------------------------    -------------------
                         (clock clk_in rise edge)     0.000     0.000 r  
                         input delay                  2.000     2.000    
    A23                                               0.000     2.000 r  input_current[11] (IN)
                         net (fo=0)                   0.000     2.000    input_current_IBUF[11]_inst/I
    A23                  INBUF (Prop_INBUF_HPIOB_S_PAD_O)
                                                      0.516     2.516 r  input_current_IBUF[11]_inst/INBUF_INST/O
                         net (fo=1, routed)           0.000     2.516    input_current_IBUF[11]_inst/OUT
    A23                  IBUFCTRL (Prop_IBUFCTRL_HPIOB_S_I_O)
                                                      0.000     2.516 r  input_current_IBUF[11]_inst/IBUFCTRL_INST/O
                         net (fo=1, routed)           2.227     4.743    input_current_IBUF[11]
    SLICE_X85Y239        LUT1 (Prop_A5LUT_SLICEL_I0_O)
                                                      0.069     4.812 r  input_current_IBUF[11]_hold_fix/O
                         net (fo=1, routed)           1.650     6.462    input_current_IBUF[11]_hold_fix_1
    SLICE_X2Y220         FDRE                                         r  input_current_r_reg[11]/D
  -------------------------------------------------------------------    -------------------

                         (clock clk_in rise edge)    10.000    10.000 r  
    D14                                               0.000    10.000 r  clk_in (IN)
                         net (fo=0)                   0.000    10.000    clk_in_IBUF_inst/I
    D14                  INBUF (Prop_INBUF_HDIOB_M_PAD_O)
                                                      0.495    10.495 r  clk_in_IBUF_inst/INBUF_INST/O
                         net (fo=1, routed)           0.000    10.495    clk_in_IBUF_inst/OUT
    D14                  IBUFCTRL (Prop_IBUFCTRL_HDIOB_M_I_O)
                                                      0.000    10.495 r  clk_in_IBUF_inst/IBUFCTRL_INST/O
                         net (fo=1, routed)           0.169    10.664    clk_in_IBUF
    BUFGCE_HDIO_X0Y6     BUFGCE (Prop_BUFCE_BUFGCE_HDIO_I_O)
                                                      0.024    10.688 r  bufg_clk/O
    X0Y3 (CLOCK_ROOT)    net (fo=64, routed)          1.136    11.823    clk
    SLICE_X2Y220         FDRE                                         r  input_current_r_reg[11]/C
                         clock pessimism              0.000    11.823    
                         clock uncertainty           -0.235    11.588    
    SLICE_X2Y220         FDRE (Setup_EFF_SLICEL_C_D)
                                                      0.025    11.613    input_current_r_reg[11]
  -------------------------------------------------------------------
                         required time                         11.613    
                         arrival time                          -6.462    
  -------------------------------------------------------------------
                         slack                                  5.151    

Slack (MET) :             5.190ns  (required time - arrival time)
  Source:                 input_current[3]
                            (input port clocked by clk_in  {rise@0.000ns fall@5.000ns period=10.000ns})
  Destination:            input_current_r_reg[3]/D
                            (rising edge-triggered cell FDRE clocked by clk_in  {rise@0.000ns fall@5.000ns period=10.000ns})
  Path Group:             clk_in
  Path Type:              Setup (Max at Slow Process Corner)
  Requirement:            10.000ns  (clk_in rise@10.000ns - clk_in rise@0.000ns)
  Data Path Delay:        4.427ns  (logic 0.631ns (14.247%)  route 3.796ns (85.753%))
  Logic Levels:           3  (IBUFCTRL=1 INBUF=1 LUT1=1)
  Input Delay:            2.000ns
  Clock Path Skew:        1.827ns (DCD - SCD + CPR)
    Destination Clock Delay (DCD):    1.827ns = ( 11.827 - 10.000 ) 
    Source Clock Delay      (SCD):    0.000ns
    Clock Pessimism Removal (CPR):    0.000ns
  Clock Uncertainty:      0.235ns  ((TSJ^2 + TIJ^2)^1/2 + DJ) / 2 + PE + UU
    Total System Jitter     (TSJ):    0.071ns
    Total Input Jitter      (TIJ):    0.000ns
    Discrete Jitter          (DJ):    0.000ns
    Phase Error              (PE):    0.000ns
    User Uncertainty         (UU):    0.200ns
  Clock Net Delay (Destination): 1.139ns (routing 0.400ns, distribution 0.739ns)

    Location             Delay type                Incr(ns)  Path(ns)    Netlist Resource(s)
  -------------------------------------------------------------------    -------------------
                         (clock clk_in rise edge)     0.000     0.000 r  
                         input delay                  2.000     2.000    
    A25                                               0.000     2.000 r  input_current[3] (IN)
                         net (fo=0)                   0.000     2.000    input_current_IBUF[3]_inst/I
    A25                  INBUF (Prop_INBUF_HPIOB_S_PAD_O)
                                                      0.519     2.519 r  input_current_IBUF[3]_inst/INBUF_INST/O
                         net (fo=1, routed)           0.000     2.519    input_current_IBUF[3]_inst/OUT
    A25                  IBUFCTRL (Prop_IBUFCTRL_HPIOB_S_I_O)
                                                      0.000     2.519 r  input_current_IBUF[3]_inst/IBUFCTRL_INST/O
                         net (fo=1, routed)           2.104     4.623    input_current_IBUF[3]
    SLICE_X87Y239        LUT1 (Prop_A5LUT_SLICEL_I0_O)
                                                      0.112     4.735 r  input_current_IBUF[3]_hold_fix/O
                         net (fo=1, routed)           1.692     6.427    input_current_IBUF[3]_hold_fix_1
    SLICE_X1Y230         FDRE                                         r  input_current_r_reg[3]/D
  -------------------------------------------------------------------    -------------------

                         (clock clk_in rise edge)    10.000    10.000 r  
    D14                                               0.000    10.000 r  clk_in (IN)
                         net (fo=0)                   0.000    10.000    clk_in_IBUF_inst/I
    D14                  INBUF (Prop_INBUF_HDIOB_M_PAD_O)
                                                      0.495    10.495 r  clk_in_IBUF_inst/INBUF_INST/O
                         net (fo=1, routed)           0.000    10.495    clk_in_IBUF_inst/OUT
    D14                  IBUFCTRL (Prop_IBUFCTRL_HDIOB_M_I_O)
                                                      0.000    10.495 r  clk_in_IBUF_inst/IBUFCTRL_INST/O
                         net (fo=1, routed)           0.169    10.664    clk_in_IBUF
    BUFGCE_HDIO_X0Y6     BUFGCE (Prop_BUFCE_BUFGCE_HDIO_I_O)
                                                      0.024    10.688 r  bufg_clk/O
    X0Y3 (CLOCK_ROOT)    net (fo=64, routed)          1.139    11.827    clk
    SLICE_X1Y230         FDRE                                         r  input_current_r_reg[3]/C
                         clock pessimism              0.000    11.827    
                         clock uncertainty           -0.235    11.591    
    SLICE_X1Y230         FDRE (Setup_FFF2_SLICEM_C_D)
                                                      0.025    11.616    input_current_r_reg[3]
  -------------------------------------------------------------------
                         required time                         11.616    
                         arrival time                          -6.427    
  -------------------------------------------------------------------
                         slack                                  5.190    

Slack (MET) :             5.203ns  (required time - arrival time)
  Source:                 input_current[13]
                            (input port clocked by clk_in  {rise@0.000ns fall@5.000ns period=10.000ns})
  Destination:            input_current_r_reg[13]/D
                            (rising edge-triggered cell FDRE clocked by clk_in  {rise@0.000ns fall@5.000ns period=10.000ns})
  Path Group:             clk_in
  Path Type:              Setup (Max at Slow Process Corner)
  Requirement:            10.000ns  (clk_in rise@10.000ns - clk_in rise@0.000ns)
  Data Path Delay:        4.410ns  (logic 0.592ns (13.423%)  route 3.818ns (86.577%))
  Logic Levels:           3  (IBUFCTRL=1 INBUF=1 LUT1=1)
  Input Delay:            2.000ns
  Clock Path Skew:        1.823ns (DCD - SCD + CPR)
    Destination Clock Delay (DCD):    1.823ns = ( 11.823 - 10.000 ) 
    Source Clock Delay      (SCD):    0.000ns
    Clock Pessimism Removal (CPR):    0.000ns
  Clock Uncertainty:      0.235ns  ((TSJ^2 + TIJ^2)^1/2 + DJ) / 2 + PE + UU
    Total System Jitter     (TSJ):    0.071ns
    Total Input Jitter      (TIJ):    0.000ns
    Discrete Jitter          (DJ):    0.000ns
    Phase Error              (PE):    0.000ns
    User Uncertainty         (UU):    0.200ns
  Clock Net Delay (Destination): 1.136ns (routing 0.400ns, distribution 0.736ns)

    Location             Delay type                Incr(ns)  Path(ns)    Netlist Resource(s)
  -------------------------------------------------------------------    -------------------
                         (clock clk_in rise edge)     0.000     0.000 r  
                         input delay                  2.000     2.000    
    A20                                               0.000     2.000 r  input_current[13] (IN)
                         net (fo=0)                   0.000     2.000    input_current_IBUF[13]_inst/I
    A20                  INBUF (Prop_INBUF_HPIOB_S_PAD_O)
                                                      0.519     2.519 r  input_current_IBUF[13]_inst/INBUF_INST/O
                         net (fo=1, routed)           0.000     2.519    input_current_IBUF[13]_inst/OUT
    A20                  IBUFCTRL (Prop_IBUFCTRL_HPIOB_S_I_O)
                                                      0.000     2.519 r  input_current_IBUF[13]_inst/IBUFCTRL_INST/O
                         net (fo=1, routed)           2.164     4.683    input_current_IBUF[13]
    SLICE_X84Y239        LUT1 (Prop_B5LUT_SLICEL_I0_O)
                                                      0.073     4.756 r  input_current_IBUF[13]_hold_fix/O
                         net (fo=1, routed)           1.654     6.410    input_current_IBUF[13]_hold_fix_1
    SLICE_X2Y220         FDRE                                         r  input_current_r_reg[13]/D
  -------------------------------------------------------------------    -------------------

                         (clock clk_in rise edge)    10.000    10.000 r  
    D14                                               0.000    10.000 r  clk_in (IN)
                         net (fo=0)                   0.000    10.000    clk_in_IBUF_inst/I
    D14                  INBUF (Prop_INBUF_HDIOB_M_PAD_O)
                                                      0.495    10.495 r  clk_in_IBUF_inst/INBUF_INST/O
                         net (fo=1, routed)           0.000    10.495    clk_in_IBUF_inst/OUT
    D14                  IBUFCTRL (Prop_IBUFCTRL_HDIOB_M_I_O)
                                                      0.000    10.495 r  clk_in_IBUF_inst/IBUFCTRL_INST/O
                         net (fo=1, routed)           0.169    10.664    clk_in_IBUF
    BUFGCE_HDIO_X0Y6     BUFGCE (Prop_BUFCE_BUFGCE_HDIO_I_O)
                                                      0.024    10.688 r  bufg_clk/O
    X0Y3 (CLOCK_ROOT)    net (fo=64, routed)          1.136    11.823    clk
    SLICE_X2Y220         FDRE                                         r  input_current_r_reg[13]/C
                         clock pessimism              0.000    11.823    
                         clock uncertainty           -0.235    11.588    
    SLICE_X2Y220         FDRE (Setup_FFF_SLICEL_C_D)
                                                      0.025    11.613    input_current_r_reg[13]
  -------------------------------------------------------------------
                         required time                         11.613    
                         arrival time                          -6.410    
  -------------------------------------------------------------------
                         slack                                  5.203    

Slack (MET) :             6.340ns  (required time - arrival time)
  Source:                 input_current_r_reg[13]/C
                            (rising edge-triggered cell FDRE clocked by clk_in  {rise@0.000ns fall@5.000ns period=10.000ns})
  Destination:            u_lif/refractory_counter_reg[1]/CE
                            (rising edge-triggered cell FDRE clocked by clk_in  {rise@0.000ns fall@5.000ns period=10.000ns})
  Path Group:             clk_in
  Path Type:              Setup (Max at Slow Process Corner)
  Requirement:            10.000ns  (clk_in rise@10.000ns - clk_in rise@0.000ns)
  Data Path Delay:        3.273ns  (logic 0.813ns (24.841%)  route 2.460ns (75.159%))
  Logic Levels:           8  (CARRY8=4 LUT2=1 LUT4=1 LUT5=2)
  Clock Path Skew:        -0.090ns (DCD - SCD + CPR)
    Destination Clock Delay (DCD):    1.821ns = ( 11.821 - 10.000 ) 
    Source Clock Delay      (SCD):    2.530ns
    Clock Pessimism Removal (CPR):    0.618ns
  Clock Uncertainty:      0.235ns  ((TSJ^2 + TIJ^2)^1/2 + DJ) / 2 + PE + UU
    Total System Jitter     (TSJ):    0.071ns
    Total Input Jitter      (TIJ):    0.000ns
    Discrete Jitter          (DJ):    0.000ns
    Phase Error              (PE):    0.000ns
    User Uncertainty         (UU):    0.200ns
  Clock Net Delay (Source):      1.296ns (routing 0.438ns, distribution 0.858ns)
  Clock Net Delay (Destination): 1.134ns (routing 0.400ns, distribution 0.734ns)

    Location             Delay type                Incr(ns)  Path(ns)    Netlist Resource(s)
  -------------------------------------------------------------------    -------------------
                         (clock clk_in rise edge)     0.000     0.000 r  
    D14                                               0.000     0.000 r  clk_in (IN)
                         net (fo=0)                   0.000     0.000    clk_in_IBUF_inst/I
    D14                  INBUF (Prop_INBUF_HDIOB_M_PAD_O)
                                                      1.002     1.002 r  clk_in_IBUF_inst/INBUF_INST/O
                         net (fo=1, routed)           0.000     1.002    clk_in_IBUF_inst/OUT
    D14                  IBUFCTRL (Prop_IBUFCTRL_HDIOB_M_I_O)
                                                      0.000     1.002 r  clk_in_IBUF_inst/IBUFCTRL_INST/O
                         net (fo=1, routed)           0.204     1.206    clk_in_IBUF
    BUFGCE_HDIO_X0Y6     BUFGCE (Prop_BUFCE_BUFGCE_HDIO_I_O)
                                                      0.028     1.234 r  bufg_clk/O
    X0Y3 (CLOCK_ROOT)    net (fo=64, routed)          1.296     2.530    clk
    SLICE_X2Y220         FDRE                                         r  input_current_r_reg[13]/C
  -------------------------------------------------------------------    -------------------
    SLICE_X2Y220         FDRE (Prop_FFF_SLICEL_C_Q)
                                                      0.079     2.609 r  input_current_r_reg[13]/Q
                         net (fo=7, routed)           0.651     3.260    u_lif/Q[13]
    SLICE_X2Y220         LUT4 (Prop_A5LUT_SLICEL_I3_O)
                                                      0.161     3.421 r  u_lif/membrane_next__0_carry__0_i_2/O
                         net (fo=2, routed)           0.213     3.634    u_lif/membrane_next__0_carry__0_i_2_n_0
    SLICE_X3Y218         LUT5 (Prop_G6LUT_SLICEL_I4_O)
                                                      0.089     3.723 r  u_lif/membrane_next__0_carry__0_i_10/O
                         net (fo=1, routed)           0.008     3.731    u_lif/membrane_next__0_carry__0_i_10_n_0
    SLICE_X3Y218         CARRY8 (Prop_CARRY8_SLICEL_S[6]_CO[7])
                                                      0.115     3.846 r  u_lif/membrane_next__0_carry__0/CO[7]
                         net (fo=1, routed)           0.026     3.872    u_lif/membrane_next__0_carry__0_n_0
    SLICE_X3Y219         CARRY8 (Prop_CARRY8_SLICEL_CI_CO[7])
                                                      0.015     3.887 r  u_lif/membrane_next__0_carry__1/CO[7]
                         net (fo=1, routed)           0.026     3.913    u_lif/membrane_next__0_carry__1_n_0
    SLICE_X3Y220         CARRY8 (Prop_CARRY8_SLICEL_CI_O[0])
                                                      0.056     3.969 f  u_lif/membrane_next__0_carry__2/O[0]
                         net (fo=3, routed)           0.591     4.560    u_lif/membrane_next[24]
    SLICE_X2Y219         LUT2 (Prop_E6LUT_SLICEL_I0_O)
                                                      0.099     4.659 r  u_lif/threshold_crossed0_carry__0_i_9/O
                         net (fo=1, routed)           0.007     4.666    u_lif/threshold_crossed0_carry__0_i_9_n_0
    SLICE_X2Y219         CARRY8 (Prop_CARRY8_SLICEL_S[4]_CO[7])
                                                      0.160     4.826 r  u_lif/threshold_crossed0_carry__0/CO[7]
                         net (fo=30, routed)          0.538     5.364    u_lif/threshold_crossed0_carry__0_n_0
    SLICE_X4Y224         LUT5 (Prop_H6LUT_SLICEM_I1_O)
                                                      0.039     5.403 r  u_lif/refractory_counter[3]_i_1/O
                         net (fo=4, routed)           0.399     5.802    u_lif/refractory_counter[3]_i_1_n_0
    SLICE_X4Y225         FDRE                                         r  u_lif/refractory_counter_reg[1]/CE
  -------------------------------------------------------------------    -------------------

                         (clock clk_in rise edge)    10.000    10.000 r  
    D14                                               0.000    10.000 r  clk_in (IN)
                         net (fo=0)                   0.000    10.000    clk_in_IBUF_inst/I
    D14                  INBUF (Prop_INBUF_HDIOB_M_PAD_O)
                                                      0.495    10.495 r  clk_in_IBUF_inst/INBUF_INST/O
                         net (fo=1, routed)           0.000    10.495    clk_in_IBUF_inst/OUT
    D14                  IBUFCTRL (Prop_IBUFCTRL_HDIOB_M_I_O)
                                                      0.000    10.495 r  clk_in_IBUF_inst/IBUFCTRL_INST/O
                         net (fo=1, routed)           0.169    10.664    clk_in_IBUF
    BUFGCE_HDIO_X0Y6     BUFGCE (Prop_BUFCE_BUFGCE_HDIO_I_O)
                                                      0.024    10.688 r  bufg_clk/O
    X0Y3 (CLOCK_ROOT)    net (fo=64, routed)          1.134    11.821    u_lif/clk
    SLICE_X4Y225         FDRE                                         r  u_lif/refractory_counter_reg[1]/C
                         clock pessimism              0.618    12.439    
                         clock uncertainty           -0.235    12.204    
    SLICE_X4Y225         FDRE (Setup_AFF_SLICEM_C_CE)
                                                     -0.061    12.143    u_lif/refractory_counter_reg[1]
  -------------------------------------------------------------------
                         required time                         12.143    
                         arrival time                          -5.802    
  -------------------------------------------------------------------
                         slack                                  6.340    

Slack (MET) :             6.340ns  (required time - arrival time)
  Source:                 input_current_r_reg[13]/C
                            (rising edge-triggered cell FDRE clocked by clk_in  {rise@0.000ns fall@5.000ns period=10.000ns})
  Destination:            u_lif/refractory_counter_reg[2]/CE
                            (rising edge-triggered cell FDRE clocked by clk_in  {rise@0.000ns fall@5.000ns period=10.000ns})
  Path Group:             clk_in
  Path Type:              Setup (Max at Slow Process Corner)
  Requirement:            10.000ns  (clk_in rise@10.000ns - clk_in rise@0.000ns)
  Data Path Delay:        3.273ns  (logic 0.813ns (24.841%)  route 2.460ns (75.159%))
  Logic Levels:           8  (CARRY8=4 LUT2=1 LUT4=1 LUT5=2)
  Clock Path Skew:        -0.090ns (DCD - SCD + CPR)
    Destination Clock Delay (DCD):    1.821ns = ( 11.821 - 10.000 ) 
    Source Clock Delay      (SCD):    2.530ns
    Clock Pessimism Removal (CPR):    0.618ns
  Clock Uncertainty:      0.235ns  ((TSJ^2 + TIJ^2)^1/2 + DJ) / 2 + PE + UU
    Total System Jitter     (TSJ):    0.071ns
    Total Input Jitter      (TIJ):    0.000ns
    Discrete Jitter          (DJ):    0.000ns
    Phase Error              (PE):    0.000ns
    User Uncertainty         (UU):    0.200ns
  Clock Net Delay (Source):      1.296ns (routing 0.438ns, distribution 0.858ns)
  Clock Net Delay (Destination): 1.134ns (routing 0.400ns, distribution 0.734ns)

    Location             Delay type                Incr(ns)  Path(ns)    Netlist Resource(s)
  -------------------------------------------------------------------    -------------------
                         (clock clk_in rise edge)     0.000     0.000 r  
    D14                                               0.000     0.000 r  clk_in (IN)
                         net (fo=0)                   0.000     0.000    clk_in_IBUF_inst/I
    D14                  INBUF (Prop_INBUF_HDIOB_M_PAD_O)
                                                      1.002     1.002 r  clk_in_IBUF_inst/INBUF_INST/O
                         net (fo=1, routed)           0.000     1.002    clk_in_IBUF_inst/OUT
    D14                  IBUFCTRL (Prop_IBUFCTRL_HDIOB_M_I_O)
                                                      0.000     1.002 r  clk_in_IBUF_inst/IBUFCTRL_INST/O
                         net (fo=1, routed)           0.204     1.206    clk_in_IBUF
    BUFGCE_HDIO_X0Y6     BUFGCE (Prop_BUFCE_BUFGCE_HDIO_I_O)
                                                      0.028     1.234 r  bufg_clk/O
    X0Y3 (CLOCK_ROOT)    net (fo=64, routed)          1.296     2.530    clk
    SLICE_X2Y220         FDRE                                         r  input_current_r_reg[13]/C
  -------------------------------------------------------------------    -------------------
    SLICE_X2Y220         FDRE (Prop_FFF_SLICEL_C_Q)
                                                      0.079     2.609 r  input_current_r_reg[13]/Q
                         net (fo=7, routed)           0.651     3.260    u_lif/Q[13]
    SLICE_X2Y220         LUT4 (Prop_A5LUT_SLICEL_I3_O)
                                                      0.161     3.421 r  u_lif/membrane_next__0_carry__0_i_2/O
                         net (fo=2, routed)           0.213     3.634    u_lif/membrane_next__0_carry__0_i_2_n_0
    SLICE_X3Y218         LUT5 (Prop_G6LUT_SLICEL_I4_O)
                                                      0.089     3.723 r  u_lif/membrane_next__0_carry__0_i_10/O
                         net (fo=1, routed)           0.008     3.731    u_lif/membrane_next__0_carry__0_i_10_n_0
    SLICE_X3Y218         CARRY8 (Prop_CARRY8_SLICEL_S[6]_CO[7])
                                                      0.115     3.846 r  u_lif/membrane_next__0_carry__0/CO[7]
                         net (fo=1, routed)           0.026     3.872    u_lif/membrane_next__0_carry__0_n_0
    SLICE_X3Y219         CARRY8 (Prop_CARRY8_SLICEL_CI_CO[7])
                                                      0.015     3.887 r  u_lif/membrane_next__0_carry__1/CO[7]
                         net (fo=1, routed)           0.026     3.913    u_lif/membrane_next__0_carry__1_n_0
    SLICE_X3Y220         CARRY8 (Prop_CARRY8_SLICEL_CI_O[0])
                                                      0.056     3.969 f  u_lif/membrane_next__0_carry__2/O[0]
                         net (fo=3, routed)           0.591     4.560    u_lif/membrane_next[24]
    SLICE_X2Y219         LUT2 (Prop_E6LUT_SLICEL_I0_O)
                                                      0.099     4.659 r  u_lif/threshold_crossed0_carry__0_i_9/O
                         net (fo=1, routed)           0.007     4.666    u_lif/threshold_crossed0_carry__0_i_9_n_0
    SLICE_X2Y219         CARRY8 (Prop_CARRY8_SLICEL_S[4]_CO[7])
                                                      0.160     4.826 r  u_lif/threshold_crossed0_carry__0/CO[7]
                         net (fo=30, routed)          0.538     5.364    u_lif/threshold_crossed0_carry__0_n_0
    SLICE_X4Y224         LUT5 (Prop_H6LUT_SLICEM_I1_O)
                                                      0.039     5.403 r  u_lif/refractory_counter[3]_i_1/O
                         net (fo=4, routed)           0.399     5.802    u_lif/refractory_counter[3]_i_1_n_0
    SLICE_X4Y225         FDRE                                         r  u_lif/refractory_counter_reg[2]/CE
  -------------------------------------------------------------------    -------------------

                         (clock clk_in rise edge)    10.000    10.000 r  
    D14                                               0.000    10.000 r  clk_in (IN)
                         net (fo=0)                   0.000    10.000    clk_in_IBUF_inst/I
    D14                  INBUF (Prop_INBUF_HDIOB_M_PAD_O)
                                                      0.495    10.495 r  clk_in_IBUF_inst/INBUF_INST/O
                         net (fo=1, routed)           0.000    10.495    clk_in_IBUF_inst/OUT
    D14                  IBUFCTRL (Prop_IBUFCTRL_HDIOB_M_I_O)
                                                      0.000    10.495 r  clk_in_IBUF_inst/IBUFCTRL_INST/O
                         net (fo=1, routed)           0.169    10.664    clk_in_IBUF
    BUFGCE_HDIO_X0Y6     BUFGCE (Prop_BUFCE_BUFGCE_HDIO_I_O)
                                                      0.024    10.688 r  bufg_clk/O
    X0Y3 (CLOCK_ROOT)    net (fo=64, routed)          1.134    11.821    u_lif/clk
    SLICE_X4Y225         FDRE                                         r  u_lif/refractory_counter_reg[2]/C
                         clock pessimism              0.618    12.439    
                         clock uncertainty           -0.235    12.204    
    SLICE_X4Y225         FDRE (Setup_DFF_SLICEM_C_CE)
                                                     -0.061    12.143    u_lif/refractory_counter_reg[2]
  -------------------------------------------------------------------
                         required time                         12.143    
                         arrival time                          -5.802    
  -------------------------------------------------------------------
                         slack                                  6.340    

Slack (MET) :             6.340ns  (required time - arrival time)
  Source:                 input_current_r_reg[13]/C
                            (rising edge-triggered cell FDRE clocked by clk_in  {rise@0.000ns fall@5.000ns period=10.000ns})
  Destination:            u_lif/refractory_counter_reg[3]/CE
                            (rising edge-triggered cell FDRE clocked by clk_in  {rise@0.000ns fall@5.000ns period=10.000ns})
  Path Group:             clk_in
  Path Type:              Setup (Max at Slow Process Corner)
  Requirement:            10.000ns  (clk_in rise@10.000ns - clk_in rise@0.000ns)
  Data Path Delay:        3.273ns  (logic 0.813ns (24.841%)  route 2.460ns (75.159%))
  Logic Levels:           8  (CARRY8=4 LUT2=1 LUT4=1 LUT5=2)
  Clock Path Skew:        -0.090ns (DCD - SCD + CPR)
    Destination Clock Delay (DCD):    1.821ns = ( 11.821 - 10.000 ) 
    Source Clock Delay      (SCD):    2.530ns
    Clock Pessimism Removal (CPR):    0.618ns
  Clock Uncertainty:      0.235ns  ((TSJ^2 + TIJ^2)^1/2 + DJ) / 2 + PE + UU
    Total System Jitter     (TSJ):    0.071ns
    Total Input Jitter      (TIJ):    0.000ns
    Discrete Jitter          (DJ):    0.000ns
    Phase Error              (PE):    0.000ns
    User Uncertainty         (UU):    0.200ns
  Clock Net Delay (Source):      1.296ns (routing 0.438ns, distribution 0.858ns)
  Clock Net Delay (Destination): 1.134ns (routing 0.400ns, distribution 0.734ns)

    Location             Delay type                Incr(ns)  Path(ns)    Netlist Resource(s)
  -------------------------------------------------------------------    -------------------
                         (clock clk_in rise edge)     0.000     0.000 r  
    D14                                               0.000     0.000 r  clk_in (IN)
                         net (fo=0)                   0.000     0.000    clk_in_IBUF_inst/I
    D14                  INBUF (Prop_INBUF_HDIOB_M_PAD_O)
                                                      1.002     1.002 r  clk_in_IBUF_inst/INBUF_INST/O
                         net (fo=1, routed)           0.000     1.002    clk_in_IBUF_inst/OUT
    D14                  IBUFCTRL (Prop_IBUFCTRL_HDIOB_M_I_O)
                                                      0.000     1.002 r  clk_in_IBUF_inst/IBUFCTRL_INST/O
                         net (fo=1, routed)           0.204     1.206    clk_in_IBUF
    BUFGCE_HDIO_X0Y6     BUFGCE (Prop_BUFCE_BUFGCE_HDIO_I_O)
                                                      0.028     1.234 r  bufg_clk/O
    X0Y3 (CLOCK_ROOT)    net (fo=64, routed)          1.296     2.530    clk
    SLICE_X2Y220         FDRE                                         r  input_current_r_reg[13]/C
  -------------------------------------------------------------------    -------------------
    SLICE_X2Y220         FDRE (Prop_FFF_SLICEL_C_Q)
                                                      0.079     2.609 r  input_current_r_reg[13]/Q
                         net (fo=7, routed)           0.651     3.260    u_lif/Q[13]
    SLICE_X2Y220         LUT4 (Prop_A5LUT_SLICEL_I3_O)
                                                      0.161     3.421 r  u_lif/membrane_next__0_carry__0_i_2/O
                         net (fo=2, routed)           0.213     3.634    u_lif/membrane_next__0_carry__0_i_2_n_0
    SLICE_X3Y218         LUT5 (Prop_G6LUT_SLICEL_I4_O)
                                                      0.089     3.723 r  u_lif/membrane_next__0_carry__0_i_10/O
                         net (fo=1, routed)           0.008     3.731    u_lif/membrane_next__0_carry__0_i_10_n_0
    SLICE_X3Y218         CARRY8 (Prop_CARRY8_SLICEL_S[6]_CO[7])
                                                      0.115     3.846 r  u_lif/membrane_next__0_carry__0/CO[7]
                         net (fo=1, routed)           0.026     3.872    u_lif/membrane_next__0_carry__0_n_0
    SLICE_X3Y219         CARRY8 (Prop_CARRY8_SLICEL_CI_CO[7])
                                                      0.015     3.887 r  u_lif/membrane_next__0_carry__1/CO[7]
                         net (fo=1, routed)           0.026     3.913    u_lif/membrane_next__0_carry__1_n_0
    SLICE_X3Y220         CARRY8 (Prop_CARRY8_SLICEL_CI_O[0])
                                                      0.056     3.969 f  u_lif/membrane_next__0_carry__2/O[0]
                         net (fo=3, routed)           0.591     4.560    u_lif/membrane_next[24]
    SLICE_X2Y219         LUT2 (Prop_E6LUT_SLICEL_I0_O)
                                                      0.099     4.659 r  u_lif/threshold_crossed0_carry__0_i_9/O
                         net (fo=1, routed)           0.007     4.666    u_lif/threshold_crossed0_carry__0_i_9_n_0
    SLICE_X2Y219         CARRY8 (Prop_CARRY8_SLICEL_S[4]_CO[7])
                                                      0.160     4.826 r  u_lif/threshold_crossed0_carry__0/CO[7]
                         net (fo=30, routed)          0.538     5.364    u_lif/threshold_crossed0_carry__0_n_0
    SLICE_X4Y224         LUT5 (Prop_H6LUT_SLICEM_I1_O)
                                                      0.039     5.403 r  u_lif/refractory_counter[3]_i_1/O
                         net (fo=4, routed)           0.399     5.802    u_lif/refractory_counter[3]_i_1_n_0
    SLICE_X4Y225         FDRE                                         r  u_lif/refractory_counter_reg[3]/CE
  -------------------------------------------------------------------    -------------------

                         (clock clk_in rise edge)    10.000    10.000 r  
    D14                                               0.000    10.000 r  clk_in (IN)
                         net (fo=0)                   0.000    10.000    clk_in_IBUF_inst/I
    D14                  INBUF (Prop_INBUF_HDIOB_M_PAD_O)
                                                      0.495    10.495 r  clk_in_IBUF_inst/INBUF_INST/O
                         net (fo=1, routed)           0.000    10.495    clk_in_IBUF_inst/OUT
    D14                  IBUFCTRL (Prop_IBUFCTRL_HDIOB_M_I_O)
                                                      0.000    10.495 r  clk_in_IBUF_inst/IBUFCTRL_INST/O
                         net (fo=1, routed)           0.169    10.664    clk_in_IBUF
    BUFGCE_HDIO_X0Y6     BUFGCE (Prop_BUFCE_BUFGCE_HDIO_I_O)
                                                      0.024    10.688 r  bufg_clk/O
    X0Y3 (CLOCK_ROOT)    net (fo=64, routed)          1.134    11.821    u_lif/clk
    SLICE_X4Y225         FDRE                                         r  u_lif/refractory_counter_reg[3]/C
                         clock pessimism              0.618    12.439    
                         clock uncertainty           -0.235    12.204    
    SLICE_X4Y225         FDRE (Setup_CFF_SLICEM_C_CE)
                                                     -0.061    12.143    u_lif/refractory_counter_reg[3]
  -------------------------------------------------------------------
                         required time                         12.143    
                         arrival time                          -5.802    
  -------------------------------------------------------------------
                         slack                                  6.340    

Slack (MET) :             6.341ns  (required time - arrival time)
  Source:                 input_current_r_reg[13]/C
                            (rising edge-triggered cell FDRE clocked by clk_in  {rise@0.000ns fall@5.000ns period=10.000ns})
  Destination:            u_lif/refractory_counter_reg[0]/CE
                            (rising edge-triggered cell FDRE clocked by clk_in  {rise@0.000ns fall@5.000ns period=10.000ns})
  Path Group:             clk_in
  Path Type:              Setup (Max at Slow Process Corner)
  Requirement:            10.000ns  (clk_in rise@10.000ns - clk_in rise@0.000ns)
  Data Path Delay:        3.273ns  (logic 0.813ns (24.841%)  route 2.460ns (75.159%))
  Logic Levels:           8  (CARRY8=4 LUT2=1 LUT4=1 LUT5=2)
  Clock Path Skew:        -0.090ns (DCD - SCD + CPR)
    Destination Clock Delay (DCD):    1.821ns = ( 11.821 - 10.000 ) 
    Source Clock Delay      (SCD):    2.530ns
    Clock Pessimism Removal (CPR):    0.618ns
  Clock Uncertainty:      0.235ns  ((TSJ^2 + TIJ^2)^1/2 + DJ) / 2 + PE + UU
    Total System Jitter     (TSJ):    0.071ns
    Total Input Jitter      (TIJ):    0.000ns
    Discrete Jitter          (DJ):    0.000ns
    Phase Error              (PE):    0.000ns
    User Uncertainty         (UU):    0.200ns
  Clock Net Delay (Source):      1.296ns (routing 0.438ns, distribution 0.858ns)
  Clock Net Delay (Destination): 1.134ns (routing 0.400ns, distribution 0.734ns)

    Location             Delay type                Incr(ns)  Path(ns)    Netlist Resource(s)
  -------------------------------------------------------------------    -------------------
                         (clock clk_in rise edge)     0.000     0.000 r  
    D14                                               0.000     0.000 r  clk_in (IN)
                         net (fo=0)                   0.000     0.000    clk_in_IBUF_inst/I
    D14                  INBUF (Prop_INBUF_HDIOB_M_PAD_O)
                                                      1.002     1.002 r  clk_in_IBUF_inst/INBUF_INST/O
                         net (fo=1, routed)           0.000     1.002    clk_in_IBUF_inst/OUT
    D14                  IBUFCTRL (Prop_IBUFCTRL_HDIOB_M_I_O)
                                                      0.000     1.002 r  clk_in_IBUF_inst/IBUFCTRL_INST/O
                         net (fo=1, routed)           0.204     1.206    clk_in_IBUF
    BUFGCE_HDIO_X0Y6     BUFGCE (Prop_BUFCE_BUFGCE_HDIO_I_O)
                                                      0.028     1.234 r  bufg_clk/O
    X0Y3 (CLOCK_ROOT)    net (fo=64, routed)          1.296     2.530    clk
    SLICE_X2Y220         FDRE                                         r  input_current_r_reg[13]/C
  -------------------------------------------------------------------    -------------------
    SLICE_X2Y220         FDRE (Prop_FFF_SLICEL_C_Q)
                                                      0.079     2.609 r  input_current_r_reg[13]/Q
                         net (fo=7, routed)           0.651     3.260    u_lif/Q[13]
    SLICE_X2Y220         LUT4 (Prop_A5LUT_SLICEL_I3_O)
                                                      0.161     3.421 r  u_lif/membrane_next__0_carry__0_i_2/O
                         net (fo=2, routed)           0.213     3.634    u_lif/membrane_next__0_carry__0_i_2_n_0
    SLICE_X3Y218         LUT5 (Prop_G6LUT_SLICEL_I4_O)
                                                      0.089     3.723 r  u_lif/membrane_next__0_carry__0_i_10/O
                         net (fo=1, routed)           0.008     3.731    u_lif/membrane_next__0_carry__0_i_10_n_0
    SLICE_X3Y218         CARRY8 (Prop_CARRY8_SLICEL_S[6]_CO[7])
                                                      0.115     3.846 r  u_lif/membrane_next__0_carry__0/CO[7]
                         net (fo=1, routed)           0.026     3.872    u_lif/membrane_next__0_carry__0_n_0
    SLICE_X3Y219         CARRY8 (Prop_CARRY8_SLICEL_CI_CO[7])
                                                      0.015     3.887 r  u_lif/membrane_next__0_carry__1/CO[7]
                         net (fo=1, routed)           0.026     3.913    u_lif/membrane_next__0_carry__1_n_0
    SLICE_X3Y220         CARRY8 (Prop_CARRY8_SLICEL_CI_O[0])
                                                      0.056     3.969 f  u_lif/membrane_next__0_carry__2/O[0]
                         net (fo=3, routed)           0.591     4.560    u_lif/membrane_next[24]
    SLICE_X2Y219         LUT2 (Prop_E6LUT_SLICEL_I0_O)
                                                      0.099     4.659 r  u_lif/threshold_crossed0_carry__0_i_9/O
                         net (fo=1, routed)           0.007     4.666    u_lif/threshold_crossed0_carry__0_i_9_n_0
    SLICE_X2Y219         CARRY8 (Prop_CARRY8_SLICEL_S[4]_CO[7])
                                                      0.160     4.826 r  u_lif/threshold_crossed0_carry__0/CO[7]
                         net (fo=30, routed)          0.538     5.364    u_lif/threshold_crossed0_carry__0_n_0
    SLICE_X4Y224         LUT5 (Prop_H6LUT_SLICEM_I1_O)
                                                      0.039     5.403 r  u_lif/refractory_counter[3]_i_1/O
                         net (fo=4, routed)           0.399     5.802    u_lif/refractory_counter[3]_i_1_n_0
    SLICE_X4Y225         FDRE                                         r  u_lif/refractory_counter_reg[0]/CE
  -------------------------------------------------------------------    -------------------

                         (clock clk_in rise edge)    10.000    10.000 r  
    D14                                               0.000    10.000 r  clk_in (IN)
                         net (fo=0)                   0.000    10.000    clk_in_IBUF_inst/I
    D14                  INBUF (Prop_INBUF_HDIOB_M_PAD_O)
                                                      0.495    10.495 r  clk_in_IBUF_inst/INBUF_INST/O
                         net (fo=1, routed)           0.000    10.495    clk_in_IBUF_inst/OUT
    D14                  IBUFCTRL (Prop_IBUFCTRL_HDIOB_M_I_O)
                                                      0.000    10.495 r  clk_in_IBUF_inst/IBUFCTRL_INST/O
                         net (fo=1, routed)           0.169    10.664    clk_in_IBUF
    BUFGCE_HDIO_X0Y6     BUFGCE (Prop_BUFCE_BUFGCE_HDIO_I_O)
                                                      0.024    10.688 r  bufg_clk/O
    X0Y3 (CLOCK_ROOT)    net (fo=64, routed)          1.134    11.821    u_lif/clk
    SLICE_X4Y225         FDRE                                         r  u_lif/refractory_counter_reg[0]/C
                         clock pessimism              0.618    12.439    
                         clock uncertainty           -0.235    12.204    
    SLICE_X4Y225         FDRE (Setup_BFF2_SLICEM_C_CE)
                                                     -0.060    12.144    u_lif/refractory_counter_reg[0]
  -------------------------------------------------------------------
                         required time                         12.144    
                         arrival time                          -5.802    
  -------------------------------------------------------------------
                         slack                                  6.341    

Slack (MET) :             6.696ns  (required time - arrival time)
  Source:                 input_current_r_reg[13]/C
                            (rising edge-triggered cell FDRE clocked by clk_in  {rise@0.000ns fall@5.000ns period=10.000ns})
  Destination:            u_lif/internal_value_reg[9]/D
                            (rising edge-triggered cell FDRE clocked by clk_in  {rise@0.000ns fall@5.000ns period=10.000ns})
  Path Group:             clk_in
  Path Type:              Setup (Max at Slow Process Corner)
  Requirement:            10.000ns  (clk_in rise@10.000ns - clk_in rise@0.000ns)
  Data Path Delay:        2.994ns  (logic 0.924ns (30.860%)  route 2.070ns (69.140%))
  Logic Levels:           8  (CARRY8=4 LUT2=1 LUT4=1 LUT5=1 LUT6=1)
  Clock Path Skew:        -0.099ns (DCD - SCD + CPR)
    Destination Clock Delay (DCD):    1.812ns = ( 11.812 - 10.000 ) 
    Source Clock Delay      (SCD):    2.530ns
    Clock Pessimism Removal (CPR):    0.618ns
  Clock Uncertainty:      0.235ns  ((TSJ^2 + TIJ^2)^1/2 + DJ) / 2 + PE + UU
    Total System Jitter     (TSJ):    0.071ns
    Total Input Jitter      (TIJ):    0.000ns
    Discrete Jitter          (DJ):    0.000ns
    Phase Error              (PE):    0.000ns
    User Uncertainty         (UU):    0.200ns
  Clock Net Delay (Source):      1.296ns (routing 0.438ns, distribution 0.858ns)
  Clock Net Delay (Destination): 1.125ns (routing 0.400ns, distribution 0.725ns)

    Location             Delay type                Incr(ns)  Path(ns)    Netlist Resource(s)
  -------------------------------------------------------------------    -------------------
                         (clock clk_in rise edge)     0.000     0.000 r  
    D14                                               0.000     0.000 r  clk_in (IN)
                         net (fo=0)                   0.000     0.000    clk_in_IBUF_inst/I
    D14                  INBUF (Prop_INBUF_HDIOB_M_PAD_O)
                                                      1.002     1.002 r  clk_in_IBUF_inst/INBUF_INST/O
                         net (fo=1, routed)           0.000     1.002    clk_in_IBUF_inst/OUT
    D14                  IBUFCTRL (Prop_IBUFCTRL_HDIOB_M_I_O)
                                                      0.000     1.002 r  clk_in_IBUF_inst/IBUFCTRL_INST/O
                         net (fo=1, routed)           0.204     1.206    clk_in_IBUF
    BUFGCE_HDIO_X0Y6     BUFGCE (Prop_BUFCE_BUFGCE_HDIO_I_O)
                                                      0.028     1.234 r  bufg_clk/O
    X0Y3 (CLOCK_ROOT)    net (fo=64, routed)          1.296     2.530    clk
    SLICE_X2Y220         FDRE                                         r  input_current_r_reg[13]/C
  -------------------------------------------------------------------    -------------------
    SLICE_X2Y220         FDRE (Prop_FFF_SLICEL_C_Q)
                                                      0.079     2.609 r  input_current_r_reg[13]/Q
                         net (fo=7, routed)           0.651     3.260    u_lif/Q[13]
    SLICE_X2Y220         LUT4 (Prop_A5LUT_SLICEL_I3_O)
                                                      0.161     3.421 r  u_lif/membrane_next__0_carry__0_i_2/O
                         net (fo=2, routed)           0.213     3.634    u_lif/membrane_next__0_carry__0_i_2_n_0
    SLICE_X3Y218         LUT5 (Prop_G6LUT_SLICEL_I4_O)
                                                      0.089     3.723 r  u_lif/membrane_next__0_carry__0_i_10/O
                         net (fo=1, routed)           0.008     3.731    u_lif/membrane_next__0_carry__0_i_10_n_0
    SLICE_X3Y218         CARRY8 (Prop_CARRY8_SLICEL_S[6]_CO[7])
                                                      0.115     3.846 r  u_lif/membrane_next__0_carry__0/CO[7]
                         net (fo=1, routed)           0.026     3.872    u_lif/membrane_next__0_carry__0_n_0
    SLICE_X3Y219         CARRY8 (Prop_CARRY8_SLICEL_CI_CO[7])
                                                      0.015     3.887 r  u_lif/membrane_next__0_carry__1/CO[7]
                         net (fo=1, routed)           0.026     3.913    u_lif/membrane_next__0_carry__1_n_0
    SLICE_X3Y220         CARRY8 (Prop_CARRY8_SLICEL_CI_O[0])
                                                      0.056     3.969 f  u_lif/membrane_next__0_carry__2/O[0]
                         net (fo=3, routed)           0.591     4.560    u_lif/membrane_next[24]
    SLICE_X2Y219         LUT2 (Prop_E6LUT_SLICEL_I0_O)
                                                      0.099     4.659 r  u_lif/threshold_crossed0_carry__0_i_9/O
                         net (fo=1, routed)           0.007     4.666    u_lif/threshold_crossed0_carry__0_i_9_n_0
    SLICE_X2Y219         CARRY8 (Prop_CARRY8_SLICEL_S[4]_CO[7])
                                                      0.160     4.826 f  u_lif/threshold_crossed0_carry__0/CO[7]
                         net (fo=30, routed)          0.497     5.323    u_lif/threshold_crossed0_carry__0_n_0
    SLICE_X3Y216         LUT6 (Prop_H6LUT_SLICEL_I0_O)
                                                      0.150     5.473 r  u_lif/internal_value[9]_i_1/O
                         net (fo=1, routed)           0.051     5.524    u_lif/p_1_in[9]
    SLICE_X3Y216         FDRE                                         r  u_lif/internal_value_reg[9]/D
  -------------------------------------------------------------------    -------------------

                         (clock clk_in rise edge)    10.000    10.000 r  
    D14                                               0.000    10.000 r  clk_in (IN)
                         net (fo=0)                   0.000    10.000    clk_in_IBUF_inst/I
    D14                  INBUF (Prop_INBUF_HDIOB_M_PAD_O)
                                                      0.495    10.495 r  clk_in_IBUF_inst/INBUF_INST/O
                         net (fo=1, routed)           0.000    10.495    clk_in_IBUF_inst/OUT
    D14                  IBUFCTRL (Prop_IBUFCTRL_HDIOB_M_I_O)
                                                      0.000    10.495 r  clk_in_IBUF_inst/IBUFCTRL_INST/O
                         net (fo=1, routed)           0.169    10.664    clk_in_IBUF
    BUFGCE_HDIO_X0Y6     BUFGCE (Prop_BUFCE_BUFGCE_HDIO_I_O)
                                                      0.024    10.688 r  bufg_clk/O
    X0Y3 (CLOCK_ROOT)    net (fo=64, routed)          1.125    11.812    u_lif/clk
    SLICE_X3Y216         FDRE                                         r  u_lif/internal_value_reg[9]/C
                         clock pessimism              0.618    12.430    
                         clock uncertainty           -0.235    12.195    
    SLICE_X3Y216         FDRE (Setup_HFF_SLICEL_C_D)
                                                      0.025    12.220    u_lif/internal_value_reg[9]
  -------------------------------------------------------------------
                         required time                         12.220    
                         arrival time                          -5.524    
  -------------------------------------------------------------------
                         slack                                  6.696    

Slack (MET) :             6.751ns  (required time - arrival time)
  Source:                 input_current_r_reg[13]/C
                            (rising edge-triggered cell FDRE clocked by clk_in  {rise@0.000ns fall@5.000ns period=10.000ns})
  Destination:            u_lif/internal_value_reg[10]/D
                            (rising edge-triggered cell FDRE clocked by clk_in  {rise@0.000ns fall@5.000ns period=10.000ns})
  Path Group:             clk_in
  Path Type:              Setup (Max at Slow Process Corner)
  Requirement:            10.000ns  (clk_in rise@10.000ns - clk_in rise@0.000ns)
  Data Path Delay:        2.944ns  (logic 0.919ns (31.213%)  route 2.025ns (68.787%))
  Logic Levels:           8  (CARRY8=4 LUT2=1 LUT4=1 LUT5=1 LUT6=1)
  Clock Path Skew:        -0.094ns (DCD - SCD + CPR)
    Destination Clock Delay (DCD):    1.817ns = ( 11.817 - 10.000 ) 
    Source Clock Delay      (SCD):    2.530ns
    Clock Pessimism Removal (CPR):    0.618ns
  Clock Uncertainty:      0.235ns  ((TSJ^2 + TIJ^2)^1/2 + DJ) / 2 + PE + UU
    Total System Jitter     (TSJ):    0.071ns
    Total Input Jitter      (TIJ):    0.000ns
    Discrete Jitter          (DJ):    0.000ns
    Phase Error              (PE):    0.000ns
    User Uncertainty         (UU):    0.200ns
  Clock Net Delay (Source):      1.296ns (routing 0.438ns, distribution 0.858ns)
  Clock Net Delay (Destination): 1.130ns (routing 0.400ns, distribution 0.730ns)

    Location             Delay type                Incr(ns)  Path(ns)    Netlist Resource(s)
  -------------------------------------------------------------------    -------------------
                         (clock clk_in rise edge)     0.000     0.000 r  
    D14                                               0.000     0.000 r  clk_in (IN)
                         net (fo=0)                   0.000     0.000    clk_in_IBUF_inst/I
    D14                  INBUF (Prop_INBUF_HDIOB_M_PAD_O)
                                                      1.002     1.002 r  clk_in_IBUF_inst/INBUF_INST/O
                         net (fo=1, routed)           0.000     1.002    clk_in_IBUF_inst/OUT
    D14                  IBUFCTRL (Prop_IBUFCTRL_HDIOB_M_I_O)
                                                      0.000     1.002 r  clk_in_IBUF_inst/IBUFCTRL_INST/O
                         net (fo=1, routed)           0.204     1.206    clk_in_IBUF
    BUFGCE_HDIO_X0Y6     BUFGCE (Prop_BUFCE_BUFGCE_HDIO_I_O)
                                                      0.028     1.234 r  bufg_clk/O
    X0Y3 (CLOCK_ROOT)    net (fo=64, routed)          1.296     2.530    clk
    SLICE_X2Y220         FDRE                                         r  input_current_r_reg[13]/C
  -------------------------------------------------------------------    -------------------
    SLICE_X2Y220         FDRE (Prop_FFF_SLICEL_C_Q)
                                                      0.079     2.609 r  input_current_r_reg[13]/Q
                         net (fo=7, routed)           0.651     3.260    u_lif/Q[13]
    SLICE_X2Y220         LUT4 (Prop_A5LUT_SLICEL_I3_O)
                                                      0.161     3.421 r  u_lif/membrane_next__0_carry__0_i_2/O
                         net (fo=2, routed)           0.213     3.634    u_lif/membrane_next__0_carry__0_i_2_n_0
    SLICE_X3Y218         LUT5 (Prop_G6LUT_SLICEL_I4_O)
                                                      0.089     3.723 r  u_lif/membrane_next__0_carry__0_i_10/O
                         net (fo=1, routed)           0.008     3.731    u_lif/membrane_next__0_carry__0_i_10_n_0
    SLICE_X3Y218         CARRY8 (Prop_CARRY8_SLICEL_S[6]_CO[7])
                                                      0.115     3.846 r  u_lif/membrane_next__0_carry__0/CO[7]
                         net (fo=1, routed)           0.026     3.872    u_lif/membrane_next__0_carry__0_n_0
    SLICE_X3Y219         CARRY8 (Prop_CARRY8_SLICEL_CI_CO[7])
                                                      0.015     3.887 r  u_lif/membrane_next__0_carry__1/CO[7]
                         net (fo=1, routed)           0.026     3.913    u_lif/membrane_next__0_carry__1_n_0
    SLICE_X3Y220         CARRY8 (Prop_CARRY8_SLICEL_CI_O[0])
                                                      0.056     3.969 f  u_lif/membrane_next__0_carry__2/O[0]
                         net (fo=3, routed)           0.591     4.560    u_lif/membrane_next[24]
    SLICE_X2Y219         LUT2 (Prop_E6LUT_SLICEL_I0_O)
                                                      0.099     4.659 r  u_lif/threshold_crossed0_carry__0_i_9/O
                         net (fo=1, routed)           0.007     4.666    u_lif/threshold_crossed0_carry__0_i_9_n_0
    SLICE_X2Y219         CARRY8 (Prop_CARRY8_SLICEL_S[4]_CO[7])
                                                      0.160     4.826 f  u_lif/threshold_crossed0_carry__0/CO[7]
                         net (fo=30, routed)          0.431     5.257    u_lif/threshold_crossed0_carry__0_n_0
    SLICE_X4Y220         LUT6 (Prop_D6LUT_SLICEM_I0_O)
                                                      0.145     5.402 r  u_lif/internal_value[10]_i_1/O
                         net (fo=1, routed)           0.072     5.474    u_lif/p_1_in[10]
    SLICE_X4Y220         FDRE                                         r  u_lif/internal_value_reg[10]/D
  -------------------------------------------------------------------    -------------------

                         (clock clk_in rise edge)    10.000    10.000 r  
    D14                                               0.000    10.000 r  clk_in (IN)
                         net (fo=0)                   0.000    10.000    clk_in_IBUF_inst/I
    D14                  INBUF (Prop_INBUF_HDIOB_M_PAD_O)
                                                      0.495    10.495 r  clk_in_IBUF_inst/INBUF_INST/O
                         net (fo=1, routed)           0.000    10.495    clk_in_IBUF_inst/OUT
    D14                  IBUFCTRL (Prop_IBUFCTRL_HDIOB_M_I_O)
                                                      0.000    10.495 r  clk_in_IBUF_inst/IBUFCTRL_INST/O
                         net (fo=1, routed)           0.169    10.664    clk_in_IBUF
    BUFGCE_HDIO_X0Y6     BUFGCE (Prop_BUFCE_BUFGCE_HDIO_I_O)
                                                      0.024    10.688 r  bufg_clk/O
    X0Y3 (CLOCK_ROOT)    net (fo=64, routed)          1.130    11.817    u_lif/clk
    SLICE_X4Y220         FDRE                                         r  u_lif/internal_value_reg[10]/C
                         clock pessimism              0.618    12.435    
                         clock uncertainty           -0.235    12.200    
    SLICE_X4Y220         FDRE (Setup_DFF_SLICEM_C_D)
                                                      0.025    12.225    u_lif/internal_value_reg[10]
  -------------------------------------------------------------------
                         required time                         12.225    
                         arrival time                          -5.474    
  -------------------------------------------------------------------
                         slack                                  6.751    

Slack (MET) :             6.753ns  (required time - arrival time)
  Source:                 input_current_r_reg[13]/C
                            (rising edge-triggered cell FDRE clocked by clk_in  {rise@0.000ns fall@5.000ns period=10.000ns})
  Destination:            spike_reg/D
                            (rising edge-triggered cell FDRE clocked by clk_in  {rise@0.000ns fall@5.000ns period=10.000ns})
  Path Group:             clk_in
  Path Type:              Setup (Max at Slow Process Corner)
  Requirement:            10.000ns  (clk_in rise@10.000ns - clk_in rise@0.000ns)
  Data Path Delay:        2.941ns  (logic 0.862ns (29.315%)  route 2.079ns (70.685%))
  Logic Levels:           8  (CARRY8=4 LUT2=1 LUT4=1 LUT5=1 LUT6=1)
  Clock Path Skew:        -0.096ns (DCD - SCD + CPR)
    Destination Clock Delay (DCD):    1.816ns = ( 11.816 - 10.000 ) 
    Source Clock Delay      (SCD):    2.530ns
    Clock Pessimism Removal (CPR):    0.618ns
  Clock Uncertainty:      0.235ns  ((TSJ^2 + TIJ^2)^1/2 + DJ) / 2 + PE + UU
    Total System Jitter     (TSJ):    0.071ns
    Total Input Jitter      (TIJ):    0.000ns
    Discrete Jitter          (DJ):    0.000ns
    Phase Error              (PE):    0.000ns
    User Uncertainty         (UU):    0.200ns
  Clock Net Delay (Source):      1.296ns (routing 0.438ns, distribution 0.858ns)
  Clock Net Delay (Destination): 1.128ns (routing 0.400ns, distribution 0.728ns)

    Location             Delay type                Incr(ns)  Path(ns)    Netlist Resource(s)
  -------------------------------------------------------------------    -------------------
                         (clock clk_in rise edge)     0.000     0.000 r  
    D14                                               0.000     0.000 r  clk_in (IN)
                         net (fo=0)                   0.000     0.000    clk_in_IBUF_inst/I
    D14                  INBUF (Prop_INBUF_HDIOB_M_PAD_O)
                                                      1.002     1.002 r  clk_in_IBUF_inst/INBUF_INST/O
                         net (fo=1, routed)           0.000     1.002    clk_in_IBUF_inst/OUT
    D14                  IBUFCTRL (Prop_IBUFCTRL_HDIOB_M_I_O)
                                                      0.000     1.002 r  clk_in_IBUF_inst/IBUFCTRL_INST/O
                         net (fo=1, routed)           0.204     1.206    clk_in_IBUF
    BUFGCE_HDIO_X0Y6     BUFGCE (Prop_BUFCE_BUFGCE_HDIO_I_O)
                                                      0.028     1.234 r  bufg_clk/O
    X0Y3 (CLOCK_ROOT)    net (fo=64, routed)          1.296     2.530    clk
    SLICE_X2Y220         FDRE                                         r  input_current_r_reg[13]/C
  -------------------------------------------------------------------    -------------------
    SLICE_X2Y220         FDRE (Prop_FFF_SLICEL_C_Q)
                                                      0.079     2.609 r  input_current_r_reg[13]/Q
                         net (fo=7, routed)           0.651     3.260    u_lif/Q[13]
    SLICE_X2Y220         LUT4 (Prop_A5LUT_SLICEL_I3_O)
                                                      0.161     3.421 r  u_lif/membrane_next__0_carry__0_i_2/O
                         net (fo=2, routed)           0.213     3.634    u_lif/membrane_next__0_carry__0_i_2_n_0
    SLICE_X3Y218         LUT5 (Prop_G6LUT_SLICEL_I4_O)
                                                      0.089     3.723 r  u_lif/membrane_next__0_carry__0_i_10/O
                         net (fo=1, routed)           0.008     3.731    u_lif/membrane_next__0_carry__0_i_10_n_0
    SLICE_X3Y218         CARRY8 (Prop_CARRY8_SLICEL_S[6]_CO[7])
                                                      0.115     3.846 r  u_lif/membrane_next__0_carry__0/CO[7]
                         net (fo=1, routed)           0.026     3.872    u_lif/membrane_next__0_carry__0_n_0
    SLICE_X3Y219         CARRY8 (Prop_CARRY8_SLICEL_CI_CO[7])
                                                      0.015     3.887 r  u_lif/membrane_next__0_carry__1/CO[7]
                         net (fo=1, routed)           0.026     3.913    u_lif/membrane_next__0_carry__1_n_0
    SLICE_X3Y220         CARRY8 (Prop_CARRY8_SLICEL_CI_O[0])
                                                      0.056     3.969 f  u_lif/membrane_next__0_carry__2/O[0]
                         net (fo=3, routed)           0.591     4.560    u_lif/membrane_next[24]
    SLICE_X2Y219         LUT2 (Prop_E6LUT_SLICEL_I0_O)
                                                      0.099     4.659 r  u_lif/threshold_crossed0_carry__0_i_9/O
                         net (fo=1, routed)           0.007     4.666    u_lif/threshold_crossed0_carry__0_i_9_n_0
    SLICE_X2Y219         CARRY8 (Prop_CARRY8_SLICEL_S[4]_CO[7])
                                                      0.160     4.826 r  u_lif/threshold_crossed0_carry__0/CO[7]
                         net (fo=30, routed)          0.484     5.310    u_lif/threshold_crossed0_carry__0_n_0
    SLICE_X4Y224         LUT6 (Prop_D6LUT_SLICEM_I1_O)
                                                      0.088     5.398 r  u_lif/spike_i_1/O
                         net (fo=1, routed)           0.072     5.470    spike_i
    SLICE_X4Y224         FDRE                                         r  spike_reg/D
  -------------------------------------------------------------------    -------------------

                         (clock clk_in rise edge)    10.000    10.000 r  
    D14                                               0.000    10.000 r  clk_in (IN)
                         net (fo=0)                   0.000    10.000    clk_in_IBUF_inst/I
    D14                  INBUF (Prop_INBUF_HDIOB_M_PAD_O)
                                                      0.495    10.495 r  clk_in_IBUF_inst/INBUF_INST/O
                         net (fo=1, routed)           0.000    10.495    clk_in_IBUF_inst/OUT
    D14                  IBUFCTRL (Prop_IBUFCTRL_HDIOB_M_I_O)
                                                      0.000    10.495 r  clk_in_IBUF_inst/IBUFCTRL_INST/O
                         net (fo=1, routed)           0.169    10.664    clk_in_IBUF
    BUFGCE_HDIO_X0Y6     BUFGCE (Prop_BUFCE_BUFGCE_HDIO_I_O)
                                                      0.024    10.688 r  bufg_clk/O
    X0Y3 (CLOCK_ROOT)    net (fo=64, routed)          1.128    11.816    clk
    SLICE_X4Y224         FDRE                                         r  spike_reg/C
                         clock pessimism              0.618    12.434    
                         clock uncertainty           -0.235    12.198    
    SLICE_X4Y224         FDRE (Setup_DFF_SLICEM_C_D)
                                                      0.025    12.223    spike_reg
  -------------------------------------------------------------------
                         required time                         12.223    
                         arrival time                          -5.470    
  -------------------------------------------------------------------
                         slack                                  6.753    

Slack (MET) :             6.756ns  (required time - arrival time)
  Source:                 input_current_r_reg[13]/C
                            (rising edge-triggered cell FDRE clocked by clk_in  {rise@0.000ns fall@5.000ns period=10.000ns})
  Destination:            u_lif/internal_value_reg[17]/D
                            (rising edge-triggered cell FDRE clocked by clk_in  {rise@0.000ns fall@5.000ns period=10.000ns})
  Path Group:             clk_in
  Path Type:              Setup (Max at Slow Process Corner)
  Requirement:            10.000ns  (clk_in rise@10.000ns - clk_in rise@0.000ns)
  Data Path Delay:        2.939ns  (logic 0.919ns (31.266%)  route 2.020ns (68.733%))
  Logic Levels:           8  (CARRY8=4 LUT2=1 LUT4=1 LUT5=1 LUT6=1)
  Clock Path Skew:        -0.094ns (DCD - SCD + CPR)
    Destination Clock Delay (DCD):    1.817ns = ( 11.817 - 10.000 ) 
    Source Clock Delay      (SCD):    2.530ns
    Clock Pessimism Removal (CPR):    0.618ns
  Clock Uncertainty:      0.235ns  ((TSJ^2 + TIJ^2)^1/2 + DJ) / 2 + PE + UU
    Total System Jitter     (TSJ):    0.071ns
    Total Input Jitter      (TIJ):    0.000ns
    Discrete Jitter          (DJ):    0.000ns
    Phase Error              (PE):    0.000ns
    User Uncertainty         (UU):    0.200ns
  Clock Net Delay (Source):      1.296ns (routing 0.438ns, distribution 0.858ns)
  Clock Net Delay (Destination): 1.130ns (routing 0.400ns, distribution 0.730ns)

    Location             Delay type                Incr(ns)  Path(ns)    Netlist Resource(s)
  -------------------------------------------------------------------    -------------------
                         (clock clk_in rise edge)     0.000     0.000 r  
    D14                                               0.000     0.000 r  clk_in (IN)
                         net (fo=0)                   0.000     0.000    clk_in_IBUF_inst/I
    D14                  INBUF (Prop_INBUF_HDIOB_M_PAD_O)
                                                      1.002     1.002 r  clk_in_IBUF_inst/INBUF_INST/O
                         net (fo=1, routed)           0.000     1.002    clk_in_IBUF_inst/OUT
    D14                  IBUFCTRL (Prop_IBUFCTRL_HDIOB_M_I_O)
                                                      0.000     1.002 r  clk_in_IBUF_inst/IBUFCTRL_INST/O
                         net (fo=1, routed)           0.204     1.206    clk_in_IBUF
    BUFGCE_HDIO_X0Y6     BUFGCE (Prop_BUFCE_BUFGCE_HDIO_I_O)
                                                      0.028     1.234 r  bufg_clk/O
    X0Y3 (CLOCK_ROOT)    net (fo=64, routed)          1.296     2.530    clk
    SLICE_X2Y220         FDRE                                         r  input_current_r_reg[13]/C
  -------------------------------------------------------------------    -------------------
    SLICE_X2Y220         FDRE (Prop_FFF_SLICEL_C_Q)
                                                      0.079     2.609 r  input_current_r_reg[13]/Q
                         net (fo=7, routed)           0.651     3.260    u_lif/Q[13]
    SLICE_X2Y220         LUT4 (Prop_A5LUT_SLICEL_I3_O)
                                                      0.161     3.421 r  u_lif/membrane_next__0_carry__0_i_2/O
                         net (fo=2, routed)           0.213     3.634    u_lif/membrane_next__0_carry__0_i_2_n_0
    SLICE_X3Y218         LUT5 (Prop_G6LUT_SLICEL_I4_O)
                                                      0.089     3.723 r  u_lif/membrane_next__0_carry__0_i_10/O
                         net (fo=1, routed)           0.008     3.731    u_lif/membrane_next__0_carry__0_i_10_n_0
    SLICE_X3Y218         CARRY8 (Prop_CARRY8_SLICEL_S[6]_CO[7])
                                                      0.115     3.846 r  u_lif/membrane_next__0_carry__0/CO[7]
                         net (fo=1, routed)           0.026     3.872    u_lif/membrane_next__0_carry__0_n_0
    SLICE_X3Y219         CARRY8 (Prop_CARRY8_SLICEL_CI_CO[7])
                                                      0.015     3.887 r  u_lif/membrane_next__0_carry__1/CO[7]
                         net (fo=1, routed)           0.026     3.913    u_lif/membrane_next__0_carry__1_n_0
    SLICE_X3Y220         CARRY8 (Prop_CARRY8_SLICEL_CI_O[0])
                                                      0.056     3.969 f  u_lif/membrane_next__0_carry__2/O[0]
                         net (fo=3, routed)           0.591     4.560    u_lif/membrane_next[24]
    SLICE_X2Y219         LUT2 (Prop_E6LUT_SLICEL_I0_O)
                                                      0.099     4.659 r  u_lif/threshold_crossed0_carry__0_i_9/O
                         net (fo=1, routed)           0.007     4.666    u_lif/threshold_crossed0_carry__0_i_9_n_0
    SLICE_X2Y219         CARRY8 (Prop_CARRY8_SLICEL_S[4]_CO[7])
                                                      0.160     4.826 f  u_lif/threshold_crossed0_carry__0/CO[7]
                         net (fo=30, routed)          0.432     5.258    u_lif/threshold_crossed0_carry__0_n_0
    SLICE_X4Y220         LUT6 (Prop_C6LUT_SLICEM_I0_O)
                                                      0.145     5.403 r  u_lif/internal_value[17]_i_1/O
                         net (fo=1, routed)           0.066     5.469    u_lif/p_1_in[17]
    SLICE_X4Y220         FDRE                                         r  u_lif/internal_value_reg[17]/D
  -------------------------------------------------------------------    -------------------

                         (clock clk_in rise edge)    10.000    10.000 r  
    D14                                               0.000    10.000 r  clk_in (IN)
                         net (fo=0)                   0.000    10.000    clk_in_IBUF_inst/I
    D14                  INBUF (Prop_INBUF_HDIOB_M_PAD_O)
                                                      0.495    10.495 r  clk_in_IBUF_inst/INBUF_INST/O
                         net (fo=1, routed)           0.000    10.495    clk_in_IBUF_inst/OUT
    D14                  IBUFCTRL (Prop_IBUFCTRL_HDIOB_M_I_O)
                                                      0.000    10.495 r  clk_in_IBUF_inst/IBUFCTRL_INST/O
                         net (fo=1, routed)           0.169    10.664    clk_in_IBUF
    BUFGCE_HDIO_X0Y6     BUFGCE (Prop_BUFCE_BUFGCE_HDIO_I_O)
                                                      0.024    10.688 r  bufg_clk/O
    X0Y3 (CLOCK_ROOT)    net (fo=64, routed)          1.130    11.817    u_lif/clk
    SLICE_X4Y220         FDRE                                         r  u_lif/internal_value_reg[17]/C
                         clock pessimism              0.618    12.435    
                         clock uncertainty           -0.235    12.200    
    SLICE_X4Y220         FDRE (Setup_CFF_SLICEM_C_D)
                                                      0.025    12.225    u_lif/internal_value_reg[17]
  -------------------------------------------------------------------
                         required time                         12.225    
                         arrival time                          -5.469    
  -------------------------------------------------------------------
                         slack                                  6.756    

Slack (MET) :             6.768ns  (required time - arrival time)
  Source:                 input_current_r_reg[13]/C
                            (rising edge-triggered cell FDRE clocked by clk_in  {rise@0.000ns fall@5.000ns period=10.000ns})
  Destination:            u_lif/internal_value_reg[5]/D
                            (rising edge-triggered cell FDRE clocked by clk_in  {rise@0.000ns fall@5.000ns period=10.000ns})
  Path Group:             clk_in
  Path Type:              Setup (Max at Slow Process Corner)
  Requirement:            10.000ns  (clk_in rise@10.000ns - clk_in rise@0.000ns)
  Data Path Delay:        2.920ns  (logic 0.870ns (29.793%)  route 2.050ns (70.207%))
  Logic Levels:           8  (CARRY8=4 LUT2=1 LUT4=1 LUT5=1 LUT6=1)
  Clock Path Skew:        -0.101ns (DCD - SCD + CPR)
    Destination Clock Delay (DCD):    1.810ns = ( 11.810 - 10.000 ) 
    Source Clock Delay      (SCD):    2.530ns
    Clock Pessimism Removal (CPR):    0.618ns
  Clock Uncertainty:      0.235ns  ((TSJ^2 + TIJ^2)^1/2 + DJ) / 2 + PE + UU
    Total System Jitter     (TSJ):    0.071ns
    Total Input Jitter      (TIJ):    0.000ns
    Discrete Jitter          (DJ):    0.000ns
    Phase Error              (PE):    0.000ns
    User Uncertainty         (UU):    0.200ns
  Clock Net Delay (Source):      1.296ns (routing 0.438ns, distribution 0.858ns)
  Clock Net Delay (Destination): 1.123ns (routing 0.400ns, distribution 0.723ns)

    Location             Delay type                Incr(ns)  Path(ns)    Netlist Resource(s)
  -------------------------------------------------------------------    -------------------
                         (clock clk_in rise edge)     0.000     0.000 r  
    D14                                               0.000     0.000 r  clk_in (IN)
                         net (fo=0)                   0.000     0.000    clk_in_IBUF_inst/I
    D14                  INBUF (Prop_INBUF_HDIOB_M_PAD_O)
                                                      1.002     1.002 r  clk_in_IBUF_inst/INBUF_INST/O
                         net (fo=1, routed)           0.000     1.002    clk_in_IBUF_inst/OUT
    D14                  IBUFCTRL (Prop_IBUFCTRL_HDIOB_M_I_O)
                                                      0.000     1.002 r  clk_in_IBUF_inst/IBUFCTRL_INST/O
                         net (fo=1, routed)           0.204     1.206    clk_in_IBUF
    BUFGCE_HDIO_X0Y6     BUFGCE (Prop_BUFCE_BUFGCE_HDIO_I_O)
                                                      0.028     1.234 r  bufg_clk/O
    X0Y3 (CLOCK_ROOT)    net (fo=64, routed)          1.296     2.530    clk
    SLICE_X2Y220         FDRE                                         r  input_current_r_reg[13]/C
  -------------------------------------------------------------------    -------------------
    SLICE_X2Y220         FDRE (Prop_FFF_SLICEL_C_Q)
                                                      0.079     2.609 r  input_current_r_reg[13]/Q
                         net (fo=7, routed)           0.651     3.260    u_lif/Q[13]
    SLICE_X2Y220         LUT4 (Prop_A5LUT_SLICEL_I3_O)
                                                      0.161     3.421 r  u_lif/membrane_next__0_carry__0_i_2/O
                         net (fo=2, routed)           0.213     3.634    u_lif/membrane_next__0_carry__0_i_2_n_0
    SLICE_X3Y218         LUT5 (Prop_G6LUT_SLICEL_I4_O)
                                                      0.089     3.723 r  u_lif/membrane_next__0_carry__0_i_10/O
                         net (fo=1, routed)           0.008     3.731    u_lif/membrane_next__0_carry__0_i_10_n_0
    SLICE_X3Y218         CARRY8 (Prop_CARRY8_SLICEL_S[6]_CO[7])
                                                      0.115     3.846 r  u_lif/membrane_next__0_carry__0/CO[7]
                         net (fo=1, routed)           0.026     3.872    u_lif/membrane_next__0_carry__0_n_0
    SLICE_X3Y219         CARRY8 (Prop_CARRY8_SLICEL_CI_CO[7])
                                                      0.015     3.887 r  u_lif/membrane_next__0_carry__1/CO[7]
                         net (fo=1, routed)           0.026     3.913    u_lif/membrane_next__0_carry__1_n_0
    SLICE_X3Y220         CARRY8 (Prop_CARRY8_SLICEL_CI_O[0])
                                                      0.056     3.969 f  u_lif/membrane_next__0_carry__2/O[0]
                         net (fo=3, routed)           0.591     4.560    u_lif/membrane_next[24]
    SLICE_X2Y219         LUT2 (Prop_E6LUT_SLICEL_I0_O)
                                                      0.099     4.659 r  u_lif/threshold_crossed0_carry__0_i_9/O
                         net (fo=1, routed)           0.007     4.666    u_lif/threshold_crossed0_carry__0_i_9_n_0
    SLICE_X2Y219         CARRY8 (Prop_CARRY8_SLICEL_S[4]_CO[7])
                                                      0.160     4.826 f  u_lif/threshold_crossed0_carry__0/CO[7]
                         net (fo=30, routed)          0.478     5.304    u_lif/threshold_crossed0_carry__0_n_0
    SLICE_X3Y216         LUT6 (Prop_C6LUT_SLICEL_I0_O)
                                                      0.096     5.400 r  u_lif/internal_value[5]_i_1/O
                         net (fo=1, routed)           0.050     5.450    u_lif/p_1_in[5]
    SLICE_X3Y216         FDRE                                         r  u_lif/internal_value_reg[5]/D
  -------------------------------------------------------------------    -------------------

                         (clock clk_in rise edge)    10.000    10.000 r  
    D14                                               0.000    10.000 r  clk_in (IN)
                         net (fo=0)                   0.000    10.000    clk_in_IBUF_inst/I
    D14                  INBUF (Prop_INBUF_HDIOB_M_PAD_O)
                                                      0.495    10.495 r  clk_in_IBUF_inst/INBUF_INST/O
                         net (fo=1, routed)           0.000    10.495    clk_in_IBUF_inst/OUT
    D14                  IBUFCTRL (Prop_IBUFCTRL_HDIOB_M_I_O)
                                                      0.000    10.495 r  clk_in_IBUF_inst/IBUFCTRL_INST/O
                         net (fo=1, routed)           0.169    10.664    clk_in_IBUF
    BUFGCE_HDIO_X0Y6     BUFGCE (Prop_BUFCE_BUFGCE_HDIO_I_O)
                                                      0.024    10.688 r  bufg_clk/O
    X0Y3 (CLOCK_ROOT)    net (fo=64, routed)          1.123    11.810    u_lif/clk
    SLICE_X3Y216         FDRE                                         r  u_lif/internal_value_reg[5]/C
                         clock pessimism              0.618    12.428    
                         clock uncertainty           -0.235    12.193    
    SLICE_X3Y216         FDRE (Setup_CFF_SLICEL_C_D)
                                                      0.025    12.218    u_lif/internal_value_reg[5]
  -------------------------------------------------------------------
                         required time                         12.218    
                         arrival time                          -5.450    
  -------------------------------------------------------------------
                         slack                                  6.768    

Slack (MET) :             6.801ns  (required time - arrival time)
  Source:                 input_current_r_reg[13]/C
                            (rising edge-triggered cell FDRE clocked by clk_in  {rise@0.000ns fall@5.000ns period=10.000ns})
  Destination:            u_lif/internal_value_reg[16]/D
                            (rising edge-triggered cell FDRE clocked by clk_in  {rise@0.000ns fall@5.000ns period=10.000ns})
  Path Group:             clk_in
  Path Type:              Setup (Max at Slow Process Corner)
  Requirement:            10.000ns  (clk_in rise@10.000ns - clk_in rise@0.000ns)
  Data Path Delay:        2.893ns  (logic 0.864ns (29.866%)  route 2.029ns (70.134%))
  Logic Levels:           8  (CARRY8=4 LUT2=1 LUT4=1 LUT5=1 LUT6=1)
  Clock Path Skew:        -0.095ns (DCD - SCD + CPR)
    Destination Clock Delay (DCD):    1.816ns = ( 11.816 - 10.000 ) 
    Source Clock Delay      (SCD):    2.530ns
    Clock Pessimism Removal (CPR):    0.618ns
  Clock Uncertainty:      0.235ns  ((TSJ^2 + TIJ^2)^1/2 + DJ) / 2 + PE + UU
    Total System Jitter     (TSJ):    0.071ns
    Total Input Jitter      (TIJ):    0.000ns
    Discrete Jitter          (DJ):    0.000ns
    Phase Error              (PE):    0.000ns
    User Uncertainty         (UU):    0.200ns
  Clock Net Delay (Source):      1.296ns (routing 0.438ns, distribution 0.858ns)
  Clock Net Delay (Destination): 1.129ns (routing 0.400ns, distribution 0.729ns)

    Location             Delay type                Incr(ns)  Path(ns)    Netlist Resource(s)
  -------------------------------------------------------------------    -------------------
                         (clock clk_in rise edge)     0.000     0.000 r  
    D14                                               0.000     0.000 r  clk_in (IN)
                         net (fo=0)                   0.000     0.000    clk_in_IBUF_inst/I
    D14                  INBUF (Prop_INBUF_HDIOB_M_PAD_O)
                                                      1.002     1.002 r  clk_in_IBUF_inst/INBUF_INST/O
                         net (fo=1, routed)           0.000     1.002    clk_in_IBUF_inst/OUT
    D14                  IBUFCTRL (Prop_IBUFCTRL_HDIOB_M_I_O)
                                                      0.000     1.002 r  clk_in_IBUF_inst/IBUFCTRL_INST/O
                         net (fo=1, routed)           0.204     1.206    clk_in_IBUF
    BUFGCE_HDIO_X0Y6     BUFGCE (Prop_BUFCE_BUFGCE_HDIO_I_O)
                                                      0.028     1.234 r  bufg_clk/O
    X0Y3 (CLOCK_ROOT)    net (fo=64, routed)          1.296     2.530    clk
    SLICE_X2Y220         FDRE                                         r  input_current_r_reg[13]/C
  -------------------------------------------------------------------    -------------------
    SLICE_X2Y220         FDRE (Prop_FFF_SLICEL_C_Q)
                                                      0.079     2.609 r  input_current_r_reg[13]/Q
                         net (fo=7, routed)           0.651     3.260    u_lif/Q[13]
    SLICE_X2Y220         LUT4 (Prop_A5LUT_SLICEL_I3_O)
                                                      0.161     3.421 r  u_lif/membrane_next__0_carry__0_i_2/O
                         net (fo=2, routed)           0.213     3.634    u_lif/membrane_next__0_carry__0_i_2_n_0
    SLICE_X3Y218         LUT5 (Prop_G6LUT_SLICEL_I4_O)
                                                      0.089     3.723 r  u_lif/membrane_next__0_carry__0_i_10/O
                         net (fo=1, routed)           0.008     3.731    u_lif/membrane_next__0_carry__0_i_10_n_0
    SLICE_X3Y218         CARRY8 (Prop_CARRY8_SLICEL_S[6]_CO[7])
                                                      0.115     3.846 r  u_lif/membrane_next__0_carry__0/CO[7]
                         net (fo=1, routed)           0.026     3.872    u_lif/membrane_next__0_carry__0_n_0
    SLICE_X3Y219         CARRY8 (Prop_CARRY8_SLICEL_CI_CO[7])
                                                      0.015     3.887 r  u_lif/membrane_next__0_carry__1/CO[7]
                         net (fo=1, routed)           0.026     3.913    u_lif/membrane_next__0_carry__1_n_0
    SLICE_X3Y220         CARRY8 (Prop_CARRY8_SLICEL_CI_O[0])
                                                      0.056     3.969 f  u_lif/membrane_next__0_carry__2/O[0]
                         net (fo=3, routed)           0.591     4.560    u_lif/membrane_next[24]
    SLICE_X2Y219         LUT2 (Prop_E6LUT_SLICEL_I0_O)
                                                      0.099     4.659 r  u_lif/threshold_crossed0_carry__0_i_9/O
                         net (fo=1, routed)           0.007     4.666    u_lif/threshold_crossed0_carry__0_i_9_n_0
    SLICE_X2Y219         CARRY8 (Prop_CARRY8_SLICEL_S[4]_CO[7])
                                                      0.160     4.826 f  u_lif/threshold_crossed0_carry__0/CO[7]
                         net (fo=30, routed)          0.448     5.275    u_lif/threshold_crossed0_carry__0_n_0
    SLICE_X4Y220         LUT6 (Prop_H6LUT_SLICEM_I0_O)
                                                      0.090     5.365 r  u_lif/internal_value[16]_i_1/O
                         net (fo=1, routed)           0.058     5.423    u_lif/p_1_in[16]
    SLICE_X4Y220         FDRE                                         r  u_lif/internal_value_reg[16]/D
  -------------------------------------------------------------------    -------------------

                         (clock clk_in rise edge)    10.000    10.000 r  
    D14                                               0.000    10.000 r  clk_in (IN)
                         net (fo=0)                   0.000    10.000    clk_in_IBUF_inst/I
    D14                  INBUF (Prop_INBUF_HDIOB_M_PAD_O)
                                                      0.495    10.495 r  clk_in_IBUF_inst/INBUF_INST/O
                         net (fo=1, routed)           0.000    10.495    clk_in_IBUF_inst/OUT
    D14                  IBUFCTRL (Prop_IBUFCTRL_HDIOB_M_I_O)
                                                      0.000    10.495 r  clk_in_IBUF_inst/IBUFCTRL_INST/O
                         net (fo=1, routed)           0.169    10.664    clk_in_IBUF
    BUFGCE_HDIO_X0Y6     BUFGCE (Prop_BUFCE_BUFGCE_HDIO_I_O)
                                                      0.024    10.688 r  bufg_clk/O
    X0Y3 (CLOCK_ROOT)    net (fo=64, routed)          1.129    11.816    u_lif/clk
    SLICE_X4Y220         FDRE                                         r  u_lif/internal_value_reg[16]/C
                         clock pessimism              0.618    12.434    
                         clock uncertainty           -0.235    12.199    
    SLICE_X4Y220         FDRE (Setup_HFF_SLICEM_C_D)
                                                      0.025    12.224    u_lif/internal_value_reg[16]
  -------------------------------------------------------------------
                         required time                         12.224    
                         arrival time                          -5.423    
  -------------------------------------------------------------------
                         slack                                  6.801    

Slack (MET) :             6.802ns  (required time - arrival time)
  Source:                 input_current_r_reg[13]/C
                            (rising edge-triggered cell FDRE clocked by clk_in  {rise@0.000ns fall@5.000ns period=10.000ns})
  Destination:            u_lif/internal_value_reg[21]/D
                            (rising edge-triggered cell FDRE clocked by clk_in  {rise@0.000ns fall@5.000ns period=10.000ns})
  Path Group:             clk_in
  Path Type:              Setup (Max at Slow Process Corner)
  Requirement:            10.000ns  (clk_in rise@10.000ns - clk_in rise@0.000ns)
  Data Path Delay:        2.892ns  (logic 0.864ns (29.876%)  route 2.028ns (70.124%))
  Logic Levels:           8  (CARRY8=4 LUT2=1 LUT4=1 LUT5=1 LUT6=1)
  Clock Path Skew:        -0.095ns (DCD - SCD + CPR)
    Destination Clock Delay (DCD):    1.816ns = ( 11.816 - 10.000 ) 
    Source Clock Delay      (SCD):    2.530ns
    Clock Pessimism Removal (CPR):    0.618ns
  Clock Uncertainty:      0.235ns  ((TSJ^2 + TIJ^2)^1/2 + DJ) / 2 + PE + UU
    Total System Jitter     (TSJ):    0.071ns
    Total Input Jitter      (TIJ):    0.000ns
    Discrete Jitter          (DJ):    0.000ns
    Phase Error              (PE):    0.000ns
    User Uncertainty         (UU):    0.200ns
  Clock Net Delay (Source):      1.296ns (routing 0.438ns, distribution 0.858ns)
  Clock Net Delay (Destination): 1.129ns (routing 0.400ns, distribution 0.729ns)

    Location             Delay type                Incr(ns)  Path(ns)    Netlist Resource(s)
  -------------------------------------------------------------------    -------------------
                         (clock clk_in rise edge)     0.000     0.000 r  
    D14                                               0.000     0.000 r  clk_in (IN)
                         net (fo=0)                   0.000     0.000    clk_in_IBUF_inst/I
    D14                  INBUF (Prop_INBUF_HDIOB_M_PAD_O)
                                                      1.002     1.002 r  clk_in_IBUF_inst/INBUF_INST/O
                         net (fo=1, routed)           0.000     1.002    clk_in_IBUF_inst/OUT
    D14                  IBUFCTRL (Prop_IBUFCTRL_HDIOB_M_I_O)
                                                      0.000     1.002 r  clk_in_IBUF_inst/IBUFCTRL_INST/O
                         net (fo=1, routed)           0.204     1.206    clk_in_IBUF
    BUFGCE_HDIO_X0Y6     BUFGCE (Prop_BUFCE_BUFGCE_HDIO_I_O)
                                                      0.028     1.234 r  bufg_clk/O
    X0Y3 (CLOCK_ROOT)    net (fo=64, routed)          1.296     2.530    clk
    SLICE_X2Y220         FDRE                                         r  input_current_r_reg[13]/C
  -------------------------------------------------------------------    -------------------
    SLICE_X2Y220         FDRE (Prop_FFF_SLICEL_C_Q)
                                                      0.079     2.609 r  input_current_r_reg[13]/Q
                         net (fo=7, routed)           0.651     3.260    u_lif/Q[13]
    SLICE_X2Y220         LUT4 (Prop_A5LUT_SLICEL_I3_O)
                                                      0.161     3.421 r  u_lif/membrane_next__0_carry__0_i_2/O
                         net (fo=2, routed)           0.213     3.634    u_lif/membrane_next__0_carry__0_i_2_n_0
    SLICE_X3Y218         LUT5 (Prop_G6LUT_SLICEL_I4_O)
                                                      0.089     3.723 r  u_lif/membrane_next__0_carry__0_i_10/O
                         net (fo=1, routed)           0.008     3.731    u_lif/membrane_next__0_carry__0_i_10_n_0
    SLICE_X3Y218         CARRY8 (Prop_CARRY8_SLICEL_S[6]_CO[7])
                                                      0.115     3.846 r  u_lif/membrane_next__0_carry__0/CO[7]
                         net (fo=1, routed)           0.026     3.872    u_lif/membrane_next__0_carry__0_n_0
    SLICE_X3Y219         CARRY8 (Prop_CARRY8_SLICEL_CI_CO[7])
                                                      0.015     3.887 r  u_lif/membrane_next__0_carry__1/CO[7]
                         net (fo=1, routed)           0.026     3.913    u_lif/membrane_next__0_carry__1_n_0
    SLICE_X3Y220         CARRY8 (Prop_CARRY8_SLICEL_CI_O[0])
                                                      0.056     3.969 f  u_lif/membrane_next__0_carry__2/O[0]
                         net (fo=3, routed)           0.591     4.560    u_lif/membrane_next[24]
    SLICE_X2Y219         LUT2 (Prop_E6LUT_SLICEL_I0_O)
                                                      0.099     4.659 r  u_lif/threshold_crossed0_carry__0_i_9/O
                         net (fo=1, routed)           0.007     4.666    u_lif/threshold_crossed0_carry__0_i_9_n_0
    SLICE_X2Y219         CARRY8 (Prop_CARRY8_SLICEL_S[4]_CO[7])
                                                      0.160     4.826 f  u_lif/threshold_crossed0_carry__0/CO[7]
                         net (fo=30, routed)          0.446     5.273    u_lif/threshold_crossed0_carry__0_n_0
    SLICE_X4Y220         LUT6 (Prop_G6LUT_SLICEM_I0_O)
                                                      0.090     5.363 r  u_lif/internal_value[21]_i_1/O
                         net (fo=1, routed)           0.059     5.422    u_lif/p_1_in[21]
    SLICE_X4Y220         FDRE                                         r  u_lif/internal_value_reg[21]/D
  -------------------------------------------------------------------    -------------------

                         (clock clk_in rise edge)    10.000    10.000 r  
    D14                                               0.000    10.000 r  clk_in (IN)
                         net (fo=0)                   0.000    10.000    clk_in_IBUF_inst/I
    D14                  INBUF (Prop_INBUF_HDIOB_M_PAD_O)
                                                      0.495    10.495 r  clk_in_IBUF_inst/INBUF_INST/O
                         net (fo=1, routed)           0.000    10.495    clk_in_IBUF_inst/OUT
    D14                  IBUFCTRL (Prop_IBUFCTRL_HDIOB_M_I_O)
                                                      0.000    10.495 r  clk_in_IBUF_inst/IBUFCTRL_INST/O
                         net (fo=1, routed)           0.169    10.664    clk_in_IBUF
    BUFGCE_HDIO_X0Y6     BUFGCE (Prop_BUFCE_BUFGCE_HDIO_I_O)
                                                      0.024    10.688 r  bufg_clk/O
    X0Y3 (CLOCK_ROOT)    net (fo=64, routed)          1.129    11.816    u_lif/clk
    SLICE_X4Y220         FDRE                                         r  u_lif/internal_value_reg[21]/C
                         clock pessimism              0.618    12.434    
                         clock uncertainty           -0.235    12.199    
    SLICE_X4Y220         FDRE (Setup_GFF_SLICEM_C_D)
                                                      0.025    12.224    u_lif/internal_value_reg[21]
  -------------------------------------------------------------------
                         required time                         12.224    
                         arrival time                          -5.422    
  -------------------------------------------------------------------
                         slack                                  6.802    

Slack (MET) :             6.808ns  (required time - arrival time)
  Source:                 input_current_r_reg[13]/C
                            (rising edge-triggered cell FDRE clocked by clk_in  {rise@0.000ns fall@5.000ns period=10.000ns})
  Destination:            u_lif/internal_value_reg[19]/D
                            (rising edge-triggered cell FDRE clocked by clk_in  {rise@0.000ns fall@5.000ns period=10.000ns})
  Path Group:             clk_in
  Path Type:              Setup (Max at Slow Process Corner)
  Requirement:            10.000ns  (clk_in rise@10.000ns - clk_in rise@0.000ns)
  Data Path Delay:        2.884ns  (logic 0.862ns (29.893%)  route 2.022ns (70.107%))
  Logic Levels:           8  (CARRY8=4 LUT2=1 LUT4=1 LUT5=1 LUT6=1)
  Clock Path Skew:        -0.098ns (DCD - SCD + CPR)
    Destination Clock Delay (DCD):    1.813ns = ( 11.813 - 10.000 ) 
    Source Clock Delay      (SCD):    2.530ns
    Clock Pessimism Removal (CPR):    0.618ns
  Clock Uncertainty:      0.235ns  ((TSJ^2 + TIJ^2)^1/2 + DJ) / 2 + PE + UU
    Total System Jitter     (TSJ):    0.071ns
    Total Input Jitter      (TIJ):    0.000ns
    Discrete Jitter          (DJ):    0.000ns
    Phase Error              (PE):    0.000ns
    User Uncertainty         (UU):    0.200ns
  Clock Net Delay (Source):      1.296ns (routing 0.438ns, distribution 0.858ns)
  Clock Net Delay (Destination): 1.126ns (routing 0.400ns, distribution 0.726ns)

    Location             Delay type                Incr(ns)  Path(ns)    Netlist Resource(s)
  -------------------------------------------------------------------    -------------------
                         (clock clk_in rise edge)     0.000     0.000 r  
    D14                                               0.000     0.000 r  clk_in (IN)
                         net (fo=0)                   0.000     0.000    clk_in_IBUF_inst/I
    D14                  INBUF (Prop_INBUF_HDIOB_M_PAD_O)
                                                      1.002     1.002 r  clk_in_IBUF_inst/INBUF_INST/O
                         net (fo=1, routed)           0.000     1.002    clk_in_IBUF_inst/OUT
    D14                  IBUFCTRL (Prop_IBUFCTRL_HDIOB_M_I_O)
                                                      0.000     1.002 r  clk_in_IBUF_inst/IBUFCTRL_INST/O
                         net (fo=1, routed)           0.204     1.206    clk_in_IBUF
    BUFGCE_HDIO_X0Y6     BUFGCE (Prop_BUFCE_BUFGCE_HDIO_I_O)
                                                      0.028     1.234 r  bufg_clk/O
    X0Y3 (CLOCK_ROOT)    net (fo=64, routed)          1.296     2.530    clk
    SLICE_X2Y220         FDRE                                         r  input_current_r_reg[13]/C
  -------------------------------------------------------------------    -------------------
    SLICE_X2Y220         FDRE (Prop_FFF_SLICEL_C_Q)
                                                      0.079     2.609 r  input_current_r_reg[13]/Q
                         net (fo=7, routed)           0.651     3.260    u_lif/Q[13]
    SLICE_X2Y220         LUT4 (Prop_A5LUT_SLICEL_I3_O)
                                                      0.161     3.421 r  u_lif/membrane_next__0_carry__0_i_2/O
                         net (fo=2, routed)           0.213     3.634    u_lif/membrane_next__0_carry__0_i_2_n_0
    SLICE_X3Y218         LUT5 (Prop_G6LUT_SLICEL_I4_O)
                                                      0.089     3.723 r  u_lif/membrane_next__0_carry__0_i_10/O
                         net (fo=1, routed)           0.008     3.731    u_lif/membrane_next__0_carry__0_i_10_n_0
    SLICE_X3Y218         CARRY8 (Prop_CARRY8_SLICEL_S[6]_CO[7])
                                                      0.115     3.846 r  u_lif/membrane_next__0_carry__0/CO[7]
                         net (fo=1, routed)           0.026     3.872    u_lif/membrane_next__0_carry__0_n_0
    SLICE_X3Y219         CARRY8 (Prop_CARRY8_SLICEL_CI_CO[7])
                                                      0.015     3.887 r  u_lif/membrane_next__0_carry__1/CO[7]
                         net (fo=1, routed)           0.026     3.913    u_lif/membrane_next__0_carry__1_n_0
    SLICE_X3Y220         CARRY8 (Prop_CARRY8_SLICEL_CI_O[0])
                                                      0.056     3.969 f  u_lif/membrane_next__0_carry__2/O[0]
                         net (fo=3, routed)           0.591     4.560    u_lif/membrane_next[24]
    SLICE_X2Y219         LUT2 (Prop_E6LUT_SLICEL_I0_O)
                                                      0.099     4.659 r  u_lif/threshold_crossed0_carry__0_i_9/O
                         net (fo=1, routed)           0.007     4.666    u_lif/threshold_crossed0_carry__0_i_9_n_0
    SLICE_X2Y219         CARRY8 (Prop_CARRY8_SLICEL_S[4]_CO[7])
                                                      0.160     4.826 f  u_lif/threshold_crossed0_carry__0/CO[7]
                         net (fo=30, routed)          0.427     5.253    u_lif/threshold_crossed0_carry__0_n_0
    SLICE_X4Y217         LUT6 (Prop_D6LUT_SLICEM_I0_O)
                                                      0.088     5.341 r  u_lif/internal_value[19]_i_1/O
                         net (fo=1, routed)           0.072     5.413    u_lif/p_1_in[19]
    SLICE_X4Y217         FDRE                                         r  u_lif/internal_value_reg[19]/D
  -------------------------------------------------------------------    -------------------

                         (clock clk_in rise edge)    10.000    10.000 r  
    D14                                               0.000    10.000 r  clk_in (IN)
                         net (fo=0)                   0.000    10.000    clk_in_IBUF_inst/I
    D14                  INBUF (Prop_INBUF_HDIOB_M_PAD_O)
                                                      0.495    10.495 r  clk_in_IBUF_inst/INBUF_INST/O
                         net (fo=1, routed)           0.000    10.495    clk_in_IBUF_inst/OUT
    D14                  IBUFCTRL (Prop_IBUFCTRL_HDIOB_M_I_O)
                                                      0.000    10.495 r  clk_in_IBUF_inst/IBUFCTRL_INST/O
                         net (fo=1, routed)           0.169    10.664    clk_in_IBUF
    BUFGCE_HDIO_X0Y6     BUFGCE (Prop_BUFCE_BUFGCE_HDIO_I_O)
                                                      0.024    10.688 r  bufg_clk/O
    X0Y3 (CLOCK_ROOT)    net (fo=64, routed)          1.126    11.813    u_lif/clk
    SLICE_X4Y217         FDRE                                         r  u_lif/internal_value_reg[19]/C
                         clock pessimism              0.618    12.431    
                         clock uncertainty           -0.235    12.196    
    SLICE_X4Y217         FDRE (Setup_DFF_SLICEM_C_D)
                                                      0.025    12.221    u_lif/internal_value_reg[19]
  -------------------------------------------------------------------
                         required time                         12.221    
                         arrival time                          -5.413    
  -------------------------------------------------------------------
                         slack                                  6.808    

Slack (MET) :             6.814ns  (required time - arrival time)
  Source:                 input_current_r_reg[13]/C
                            (rising edge-triggered cell FDRE clocked by clk_in  {rise@0.000ns fall@5.000ns period=10.000ns})
  Destination:            u_lif/internal_value_reg[1]/D
                            (rising edge-triggered cell FDRE clocked by clk_in  {rise@0.000ns fall@5.000ns period=10.000ns})
  Path Group:             clk_in
  Path Type:              Setup (Max at Slow Process Corner)
  Requirement:            10.000ns  (clk_in rise@10.000ns - clk_in rise@0.000ns)
  Data Path Delay:        2.878ns  (logic 0.862ns (29.955%)  route 2.016ns (70.045%))
  Logic Levels:           8  (CARRY8=4 LUT2=1 LUT4=1 LUT5=1 LUT6=1)
  Clock Path Skew:        -0.098ns (DCD - SCD + CPR)
    Destination Clock Delay (DCD):    1.813ns = ( 11.813 - 10.000 ) 
    Source Clock Delay      (SCD):    2.530ns
    Clock Pessimism Removal (CPR):    0.618ns
  Clock Uncertainty:      0.235ns  ((TSJ^2 + TIJ^2)^1/2 + DJ) / 2 + PE + UU
    Total System Jitter     (TSJ):    0.071ns
    Total Input Jitter      (TIJ):    0.000ns
    Discrete Jitter          (DJ):    0.000ns
    Phase Error              (PE):    0.000ns
    User Uncertainty         (UU):    0.200ns
  Clock Net Delay (Source):      1.296ns (routing 0.438ns, distribution 0.858ns)
  Clock Net Delay (Destination): 1.126ns (routing 0.400ns, distribution 0.726ns)

    Location             Delay type                Incr(ns)  Path(ns)    Netlist Resource(s)
  -------------------------------------------------------------------    -------------------
                         (clock clk_in rise edge)     0.000     0.000 r  
    D14                                               0.000     0.000 r  clk_in (IN)
                         net (fo=0)                   0.000     0.000    clk_in_IBUF_inst/I
    D14                  INBUF (Prop_INBUF_HDIOB_M_PAD_O)
                                                      1.002     1.002 r  clk_in_IBUF_inst/INBUF_INST/O
                         net (fo=1, routed)           0.000     1.002    clk_in_IBUF_inst/OUT
    D14                  IBUFCTRL (Prop_IBUFCTRL_HDIOB_M_I_O)
                                                      0.000     1.002 r  clk_in_IBUF_inst/IBUFCTRL_INST/O
                         net (fo=1, routed)           0.204     1.206    clk_in_IBUF
    BUFGCE_HDIO_X0Y6     BUFGCE (Prop_BUFCE_BUFGCE_HDIO_I_O)
                                                      0.028     1.234 r  bufg_clk/O
    X0Y3 (CLOCK_ROOT)    net (fo=64, routed)          1.296     2.530    clk
    SLICE_X2Y220         FDRE                                         r  input_current_r_reg[13]/C
  -------------------------------------------------------------------    -------------------
    SLICE_X2Y220         FDRE (Prop_FFF_SLICEL_C_Q)
                                                      0.079     2.609 r  input_current_r_reg[13]/Q
                         net (fo=7, routed)           0.651     3.260    u_lif/Q[13]
    SLICE_X2Y220         LUT4 (Prop_A5LUT_SLICEL_I3_O)
                                                      0.161     3.421 r  u_lif/membrane_next__0_carry__0_i_2/O
                         net (fo=2, routed)           0.213     3.634    u_lif/membrane_next__0_carry__0_i_2_n_0
    SLICE_X3Y218         LUT5 (Prop_G6LUT_SLICEL_I4_O)
                                                      0.089     3.723 r  u_lif/membrane_next__0_carry__0_i_10/O
                         net (fo=1, routed)           0.008     3.731    u_lif/membrane_next__0_carry__0_i_10_n_0
    SLICE_X3Y218         CARRY8 (Prop_CARRY8_SLICEL_S[6]_CO[7])
                                                      0.115     3.846 r  u_lif/membrane_next__0_carry__0/CO[7]
                         net (fo=1, routed)           0.026     3.872    u_lif/membrane_next__0_carry__0_n_0
    SLICE_X3Y219         CARRY8 (Prop_CARRY8_SLICEL_CI_CO[7])
                                                      0.015     3.887 r  u_lif/membrane_next__0_carry__1/CO[7]
                         net (fo=1, routed)           0.026     3.913    u_lif/membrane_next__0_carry__1_n_0
    SLICE_X3Y220         CARRY8 (Prop_CARRY8_SLICEL_CI_O[0])
                                                      0.056     3.969 f  u_lif/membrane_next__0_carry__2/O[0]
                         net (fo=3, routed)           0.591     4.560    u_lif/membrane_next[24]
    SLICE_X2Y219         LUT2 (Prop_E6LUT_SLICEL_I0_O)
                                                      0.099     4.659 r  u_lif/threshold_crossed0_carry__0_i_9/O
                         net (fo=1, routed)           0.007     4.666    u_lif/threshold_crossed0_carry__0_i_9_n_0
    SLICE_X2Y219         CARRY8 (Prop_CARRY8_SLICEL_S[4]_CO[7])
                                                      0.160     4.826 f  u_lif/threshold_crossed0_carry__0/CO[7]
                         net (fo=30, routed)          0.427     5.253    u_lif/threshold_crossed0_carry__0_n_0
    SLICE_X4Y217         LUT6 (Prop_C6LUT_SLICEM_I0_O)
                                                      0.088     5.341 r  u_lif/internal_value[1]_i_1/O
                         net (fo=1, routed)           0.066     5.407    u_lif/p_1_in[1]
    SLICE_X4Y217         FDRE                                         r  u_lif/internal_value_reg[1]/D
  -------------------------------------------------------------------    -------------------

                         (clock clk_in rise edge)    10.000    10.000 r  
    D14                                               0.000    10.000 r  clk_in (IN)
                         net (fo=0)                   0.000    10.000    clk_in_IBUF_inst/I
    D14                  INBUF (Prop_INBUF_HDIOB_M_PAD_O)
                                                      0.495    10.495 r  clk_in_IBUF_inst/INBUF_INST/O
                         net (fo=1, routed)           0.000    10.495    clk_in_IBUF_inst/OUT
    D14                  IBUFCTRL (Prop_IBUFCTRL_HDIOB_M_I_O)
                                                      0.000    10.495 r  clk_in_IBUF_inst/IBUFCTRL_INST/O
                         net (fo=1, routed)           0.169    10.664    clk_in_IBUF
    BUFGCE_HDIO_X0Y6     BUFGCE (Prop_BUFCE_BUFGCE_HDIO_I_O)
                                                      0.024    10.688 r  bufg_clk/O
    X0Y3 (CLOCK_ROOT)    net (fo=64, routed)          1.126    11.813    u_lif/clk
    SLICE_X4Y217         FDRE                                         r  u_lif/internal_value_reg[1]/C
                         clock pessimism              0.618    12.431    
                         clock uncertainty           -0.235    12.196    
    SLICE_X4Y217         FDRE (Setup_CFF_SLICEM_C_D)
                                                      0.025    12.221    u_lif/internal_value_reg[1]
  -------------------------------------------------------------------
                         required time                         12.221    
                         arrival time                          -5.407    
  -------------------------------------------------------------------
                         slack                                  6.814    

Slack (MET) :             6.830ns  (required time - arrival time)
  Source:                 input_current_r_reg[13]/C
                            (rising edge-triggered cell FDRE clocked by clk_in  {rise@0.000ns fall@5.000ns period=10.000ns})
  Destination:            u_lif/internal_value_reg[6]/D
                            (rising edge-triggered cell FDRE clocked by clk_in  {rise@0.000ns fall@5.000ns period=10.000ns})
  Path Group:             clk_in
  Path Type:              Setup (Max at Slow Process Corner)
  Requirement:            10.000ns  (clk_in rise@10.000ns - clk_in rise@0.000ns)
  Data Path Delay:        2.858ns  (logic 0.810ns (28.340%)  route 2.048ns (71.660%))
  Logic Levels:           8  (CARRY8=4 LUT2=1 LUT4=1 LUT5=1 LUT6=1)
  Clock Path Skew:        -0.101ns (DCD - SCD + CPR)
    Destination Clock Delay (DCD):    1.810ns = ( 11.810 - 10.000 ) 
    Source Clock Delay      (SCD):    2.530ns
    Clock Pessimism Removal (CPR):    0.618ns
  Clock Uncertainty:      0.235ns  ((TSJ^2 + TIJ^2)^1/2 + DJ) / 2 + PE + UU
    Total System Jitter     (TSJ):    0.071ns
    Total Input Jitter      (TIJ):    0.000ns
    Discrete Jitter          (DJ):    0.000ns
    Phase Error              (PE):    0.000ns
    User Uncertainty         (UU):    0.200ns
  Clock Net Delay (Source):      1.296ns (routing 0.438ns, distribution 0.858ns)
  Clock Net Delay (Destination): 1.123ns (routing 0.400ns, distribution 0.723ns)

    Location             Delay type                Incr(ns)  Path(ns)    Netlist Resource(s)
  -------------------------------------------------------------------    -------------------
                         (clock clk_in rise edge)     0.000     0.000 r  
    D14                                               0.000     0.000 r  clk_in (IN)
                         net (fo=0)                   0.000     0.000    clk_in_IBUF_inst/I
    D14                  INBUF (Prop_INBUF_HDIOB_M_PAD_O)
                                                      1.002     1.002 r  clk_in_IBUF_inst/INBUF_INST/O
                         net (fo=1, routed)           0.000     1.002    clk_in_IBUF_inst/OUT
    D14                  IBUFCTRL (Prop_IBUFCTRL_HDIOB_M_I_O)
                                                      0.000     1.002 r  clk_in_IBUF_inst/IBUFCTRL_INST/O
                         net (fo=1, routed)           0.204     1.206    clk_in_IBUF
    BUFGCE_HDIO_X0Y6     BUFGCE (Prop_BUFCE_BUFGCE_HDIO_I_O)
                                                      0.028     1.234 r  bufg_clk/O
    X0Y3 (CLOCK_ROOT)    net (fo=64, routed)          1.296     2.530    clk
    SLICE_X2Y220         FDRE                                         r  input_current_r_reg[13]/C
  -------------------------------------------------------------------    -------------------
    SLICE_X2Y220         FDRE (Prop_FFF_SLICEL_C_Q)
                                                      0.079     2.609 r  input_current_r_reg[13]/Q
                         net (fo=7, routed)           0.651     3.260    u_lif/Q[13]
    SLICE_X2Y220         LUT4 (Prop_A5LUT_SLICEL_I3_O)
                                                      0.161     3.421 r  u_lif/membrane_next__0_carry__0_i_2/O
                         net (fo=2, routed)           0.213     3.634    u_lif/membrane_next__0_carry__0_i_2_n_0
    SLICE_X3Y218         LUT5 (Prop_G6LUT_SLICEL_I4_O)
                                                      0.089     3.723 r  u_lif/membrane_next__0_carry__0_i_10/O
                         net (fo=1, routed)           0.008     3.731    u_lif/membrane_next__0_carry__0_i_10_n_0
    SLICE_X3Y218         CARRY8 (Prop_CARRY8_SLICEL_S[6]_CO[7])
                                                      0.115     3.846 r  u_lif/membrane_next__0_carry__0/CO[7]
                         net (fo=1, routed)           0.026     3.872    u_lif/membrane_next__0_carry__0_n_0
    SLICE_X3Y219         CARRY8 (Prop_CARRY8_SLICEL_CI_CO[7])
                                                      0.015     3.887 r  u_lif/membrane_next__0_carry__1/CO[7]
                         net (fo=1, routed)           0.026     3.913    u_lif/membrane_next__0_carry__1_n_0
    SLICE_X3Y220         CARRY8 (Prop_CARRY8_SLICEL_CI_O[0])
                                                      0.056     3.969 f  u_lif/membrane_next__0_carry__2/O[0]
                         net (fo=3, routed)           0.591     4.560    u_lif/membrane_next[24]
    SLICE_X2Y219         LUT2 (Prop_E6LUT_SLICEL_I0_O)
                                                      0.099     4.659 r  u_lif/threshold_crossed0_carry__0_i_9/O
                         net (fo=1, routed)           0.007     4.666    u_lif/threshold_crossed0_carry__0_i_9_n_0
    SLICE_X2Y219         CARRY8 (Prop_CARRY8_SLICEL_S[4]_CO[7])
                                                      0.160     4.826 f  u_lif/threshold_crossed0_carry__0/CO[7]
                         net (fo=30, routed)          0.477     5.303    u_lif/threshold_crossed0_carry__0_n_0
    SLICE_X3Y216         LUT6 (Prop_B6LUT_SLICEL_I0_O)
                                                      0.036     5.339 r  u_lif/internal_value[6]_i_1/O
                         net (fo=1, routed)           0.049     5.388    u_lif/p_1_in[6]
    SLICE_X3Y216         FDRE                                         r  u_lif/internal_value_reg[6]/D
  -------------------------------------------------------------------    -------------------

                         (clock clk_in rise edge)    10.000    10.000 r  
    D14                                               0.000    10.000 r  clk_in (IN)
                         net (fo=0)                   0.000    10.000    clk_in_IBUF_inst/I
    D14                  INBUF (Prop_INBUF_HDIOB_M_PAD_O)
                                                      0.495    10.495 r  clk_in_IBUF_inst/INBUF_INST/O
                         net (fo=1, routed)           0.000    10.495    clk_in_IBUF_inst/OUT
    D14                  IBUFCTRL (Prop_IBUFCTRL_HDIOB_M_I_O)
                                                      0.000    10.495 r  clk_in_IBUF_inst/IBUFCTRL_INST/O
                         net (fo=1, routed)           0.169    10.664    clk_in_IBUF
    BUFGCE_HDIO_X0Y6     BUFGCE (Prop_BUFCE_BUFGCE_HDIO_I_O)
                                                      0.024    10.688 r  bufg_clk/O
    X0Y3 (CLOCK_ROOT)    net (fo=64, routed)          1.123    11.810    u_lif/clk
    SLICE_X3Y216         FDRE                                         r  u_lif/internal_value_reg[6]/C
                         clock pessimism              0.618    12.428    
                         clock uncertainty           -0.235    12.193    
    SLICE_X3Y216         FDRE (Setup_BFF_SLICEL_C_D)
                                                      0.025    12.218    u_lif/internal_value_reg[6]
  -------------------------------------------------------------------
                         required time                         12.218    
                         arrival time                          -5.388    
  -------------------------------------------------------------------
                         slack                                  6.830    

Slack (MET) :             6.847ns  (required time - arrival time)
  Source:                 input_current_r_reg[13]/C
                            (rising edge-triggered cell FDRE clocked by clk_in  {rise@0.000ns fall@5.000ns period=10.000ns})
  Destination:            u_lif/internal_value_reg[20]/D
                            (rising edge-triggered cell FDRE clocked by clk_in  {rise@0.000ns fall@5.000ns period=10.000ns})
  Path Group:             clk_in
  Path Type:              Setup (Max at Slow Process Corner)
  Requirement:            10.000ns  (clk_in rise@10.000ns - clk_in rise@0.000ns)
  Data Path Delay:        2.848ns  (logic 0.874ns (30.688%)  route 1.974ns (69.312%))
  Logic Levels:           8  (CARRY8=4 LUT2=1 LUT4=1 LUT5=1 LUT6=1)
  Clock Path Skew:        -0.094ns (DCD - SCD + CPR)
    Destination Clock Delay (DCD):    1.817ns = ( 11.817 - 10.000 ) 
    Source Clock Delay      (SCD):    2.530ns
    Clock Pessimism Removal (CPR):    0.618ns
  Clock Uncertainty:      0.235ns  ((TSJ^2 + TIJ^2)^1/2 + DJ) / 2 + PE + UU
    Total System Jitter     (TSJ):    0.071ns
    Total Input Jitter      (TIJ):    0.000ns
    Discrete Jitter          (DJ):    0.000ns
    Phase Error              (PE):    0.000ns
    User Uncertainty         (UU):    0.200ns
  Clock Net Delay (Source):      1.296ns (routing 0.438ns, distribution 0.858ns)
  Clock Net Delay (Destination): 1.130ns (routing 0.400ns, distribution 0.730ns)

    Location             Delay type                Incr(ns)  Path(ns)    Netlist Resource(s)
  -------------------------------------------------------------------    -------------------
                         (clock clk_in rise edge)     0.000     0.000 r  
    D14                                               0.000     0.000 r  clk_in (IN)
                         net (fo=0)                   0.000     0.000    clk_in_IBUF_inst/I
    D14                  INBUF (Prop_INBUF_HDIOB_M_PAD_O)
                                                      1.002     1.002 r  clk_in_IBUF_inst/INBUF_INST/O
                         net (fo=1, routed)           0.000     1.002    clk_in_IBUF_inst/OUT
    D14                  IBUFCTRL (Prop_IBUFCTRL_HDIOB_M_I_O)
                                                      0.000     1.002 r  clk_in_IBUF_inst/IBUFCTRL_INST/O
                         net (fo=1, routed)           0.204     1.206    clk_in_IBUF
    BUFGCE_HDIO_X0Y6     BUFGCE (Prop_BUFCE_BUFGCE_HDIO_I_O)
                                                      0.028     1.234 r  bufg_clk/O
    X0Y3 (CLOCK_ROOT)    net (fo=64, routed)          1.296     2.530    clk
    SLICE_X2Y220         FDRE                                         r  input_current_r_reg[13]/C
  -------------------------------------------------------------------    -------------------
    SLICE_X2Y220         FDRE (Prop_FFF_SLICEL_C_Q)
                                                      0.079     2.609 r  input_current_r_reg[13]/Q
                         net (fo=7, routed)           0.651     3.260    u_lif/Q[13]
    SLICE_X2Y220         LUT4 (Prop_A5LUT_SLICEL_I3_O)
                                                      0.161     3.421 r  u_lif/membrane_next__0_carry__0_i_2/O
                         net (fo=2, routed)           0.213     3.634    u_lif/membrane_next__0_carry__0_i_2_n_0
    SLICE_X3Y218         LUT5 (Prop_G6LUT_SLICEL_I4_O)
                                                      0.089     3.723 r  u_lif/membrane_next__0_carry__0_i_10/O
                         net (fo=1, routed)           0.008     3.731    u_lif/membrane_next__0_carry__0_i_10_n_0
    SLICE_X3Y218         CARRY8 (Prop_CARRY8_SLICEL_S[6]_CO[7])
                                                      0.115     3.846 r  u_lif/membrane_next__0_carry__0/CO[7]
                         net (fo=1, routed)           0.026     3.872    u_lif/membrane_next__0_carry__0_n_0
    SLICE_X3Y219         CARRY8 (Prop_CARRY8_SLICEL_CI_CO[7])
                                                      0.015     3.887 r  u_lif/membrane_next__0_carry__1/CO[7]
                         net (fo=1, routed)           0.026     3.913    u_lif/membrane_next__0_carry__1_n_0
    SLICE_X3Y220         CARRY8 (Prop_CARRY8_SLICEL_CI_O[0])
                                                      0.056     3.969 f  u_lif/membrane_next__0_carry__2/O[0]
                         net (fo=3, routed)           0.591     4.560    u_lif/membrane_next[24]
    SLICE_X2Y219         LUT2 (Prop_E6LUT_SLICEL_I0_O)
                                                      0.099     4.659 r  u_lif/threshold_crossed0_carry__0_i_9/O
                         net (fo=1, routed)           0.007     4.666    u_lif/threshold_crossed0_carry__0_i_9_n_0
    SLICE_X2Y219         CARRY8 (Prop_CARRY8_SLICEL_S[4]_CO[7])
                                                      0.160     4.826 f  u_lif/threshold_crossed0_carry__0/CO[7]
                         net (fo=30, routed)          0.392     5.219    u_lif/threshold_crossed0_carry__0_n_0
    SLICE_X4Y220         LUT6 (Prop_B6LUT_SLICEM_I0_O)
                                                      0.100     5.319 r  u_lif/internal_value[20]_i_1/O
                         net (fo=1, routed)           0.059     5.378    u_lif/p_1_in[20]
    SLICE_X4Y220         FDRE                                         r  u_lif/internal_value_reg[20]/D
  -------------------------------------------------------------------    -------------------

                         (clock clk_in rise edge)    10.000    10.000 r  
    D14                                               0.000    10.000 r  clk_in (IN)
                         net (fo=0)                   0.000    10.000    clk_in_IBUF_inst/I
    D14                  INBUF (Prop_INBUF_HDIOB_M_PAD_O)
                                                      0.495    10.495 r  clk_in_IBUF_inst/INBUF_INST/O
                         net (fo=1, routed)           0.000    10.495    clk_in_IBUF_inst/OUT
    D14                  IBUFCTRL (Prop_IBUFCTRL_HDIOB_M_I_O)
                                                      0.000    10.495 r  clk_in_IBUF_inst/IBUFCTRL_INST/O
                         net (fo=1, routed)           0.169    10.664    clk_in_IBUF
    BUFGCE_HDIO_X0Y6     BUFGCE (Prop_BUFCE_BUFGCE_HDIO_I_O)
                                                      0.024    10.688 r  bufg_clk/O
    X0Y3 (CLOCK_ROOT)    net (fo=64, routed)          1.130    11.817    u_lif/clk
    SLICE_X4Y220         FDRE                                         r  u_lif/internal_value_reg[20]/C
                         clock pessimism              0.618    12.435    
                         clock uncertainty           -0.235    12.200    
    SLICE_X4Y220         FDRE (Setup_BFF_SLICEM_C_D)
                                                      0.025    12.225    u_lif/internal_value_reg[20]
  -------------------------------------------------------------------
                         required time                         12.225    
                         arrival time                          -5.378    
  -------------------------------------------------------------------
                         slack                                  6.847    

Slack (MET) :             6.851ns  (required time - arrival time)
  Source:                 input_current_r_reg[13]/C
                            (rising edge-triggered cell FDRE clocked by clk_in  {rise@0.000ns fall@5.000ns period=10.000ns})
  Destination:            u_lif/internal_value_reg[23]/D
                            (rising edge-triggered cell FDRE clocked by clk_in  {rise@0.000ns fall@5.000ns period=10.000ns})
  Path Group:             clk_in
  Path Type:              Setup (Max at Slow Process Corner)
  Requirement:            10.000ns  (clk_in rise@10.000ns - clk_in rise@0.000ns)
  Data Path Delay:        2.844ns  (logic 0.874ns (30.731%)  route 1.970ns (69.269%))
  Logic Levels:           8  (CARRY8=4 LUT2=1 LUT4=1 LUT5=1 LUT6=1)
  Clock Path Skew:        -0.094ns (DCD - SCD + CPR)
    Destination Clock Delay (DCD):    1.817ns = ( 11.817 - 10.000 ) 
    Source Clock Delay      (SCD):    2.530ns
    Clock Pessimism Removal (CPR):    0.618ns
  Clock Uncertainty:      0.235ns  ((TSJ^2 + TIJ^2)^1/2 + DJ) / 2 + PE + UU
    Total System Jitter     (TSJ):    0.071ns
    Total Input Jitter      (TIJ):    0.000ns
    Discrete Jitter          (DJ):    0.000ns
    Phase Error              (PE):    0.000ns
    User Uncertainty         (UU):    0.200ns
  Clock Net Delay (Source):      1.296ns (routing 0.438ns, distribution 0.858ns)
  Clock Net Delay (Destination): 1.130ns (routing 0.400ns, distribution 0.730ns)

    Location             Delay type                Incr(ns)  Path(ns)    Netlist Resource(s)
  -------------------------------------------------------------------    -------------------
                         (clock clk_in rise edge)     0.000     0.000 r  
    D14                                               0.000     0.000 r  clk_in (IN)
                         net (fo=0)                   0.000     0.000    clk_in_IBUF_inst/I
    D14                  INBUF (Prop_INBUF_HDIOB_M_PAD_O)
                                                      1.002     1.002 r  clk_in_IBUF_inst/INBUF_INST/O
                         net (fo=1, routed)           0.000     1.002    clk_in_IBUF_inst/OUT
    D14                  IBUFCTRL (Prop_IBUFCTRL_HDIOB_M_I_O)
                                                      0.000     1.002 r  clk_in_IBUF_inst/IBUFCTRL_INST/O
                         net (fo=1, routed)           0.204     1.206    clk_in_IBUF
    BUFGCE_HDIO_X0Y6     BUFGCE (Prop_BUFCE_BUFGCE_HDIO_I_O)
                                                      0.028     1.234 r  bufg_clk/O
    X0Y3 (CLOCK_ROOT)    net (fo=64, routed)          1.296     2.530    clk
    SLICE_X2Y220         FDRE                                         r  input_current_r_reg[13]/C
  -------------------------------------------------------------------    -------------------
    SLICE_X2Y220         FDRE (Prop_FFF_SLICEL_C_Q)
                                                      0.079     2.609 r  input_current_r_reg[13]/Q
                         net (fo=7, routed)           0.651     3.260    u_lif/Q[13]
    SLICE_X2Y220         LUT4 (Prop_A5LUT_SLICEL_I3_O)
                                                      0.161     3.421 r  u_lif/membrane_next__0_carry__0_i_2/O
                         net (fo=2, routed)           0.213     3.634    u_lif/membrane_next__0_carry__0_i_2_n_0
    SLICE_X3Y218         LUT5 (Prop_G6LUT_SLICEL_I4_O)
                                                      0.089     3.723 r  u_lif/membrane_next__0_carry__0_i_10/O
                         net (fo=1, routed)           0.008     3.731    u_lif/membrane_next__0_carry__0_i_10_n_0
    SLICE_X3Y218         CARRY8 (Prop_CARRY8_SLICEL_S[6]_CO[7])
                                                      0.115     3.846 r  u_lif/membrane_next__0_carry__0/CO[7]
                         net (fo=1, routed)           0.026     3.872    u_lif/membrane_next__0_carry__0_n_0
    SLICE_X3Y219         CARRY8 (Prop_CARRY8_SLICEL_CI_CO[7])
                                                      0.015     3.887 r  u_lif/membrane_next__0_carry__1/CO[7]
                         net (fo=1, routed)           0.026     3.913    u_lif/membrane_next__0_carry__1_n_0
    SLICE_X3Y220         CARRY8 (Prop_CARRY8_SLICEL_CI_O[0])
                                                      0.056     3.969 f  u_lif/membrane_next__0_carry__2/O[0]
                         net (fo=3, routed)           0.591     4.560    u_lif/membrane_next[24]
    SLICE_X2Y219         LUT2 (Prop_E6LUT_SLICEL_I0_O)
                                                      0.099     4.659 r  u_lif/threshold_crossed0_carry__0_i_9/O
                         net (fo=1, routed)           0.007     4.666    u_lif/threshold_crossed0_carry__0_i_9_n_0
    SLICE_X2Y219         CARRY8 (Prop_CARRY8_SLICEL_S[4]_CO[7])
                                                      0.160     4.826 f  u_lif/threshold_crossed0_carry__0/CO[7]
                         net (fo=30, routed)          0.394     5.221    u_lif/threshold_crossed0_carry__0_n_0
    SLICE_X4Y220         LUT6 (Prop_A6LUT_SLICEM_I0_O)
                                                      0.100     5.321 r  u_lif/internal_value[23]_i_1/O
                         net (fo=1, routed)           0.053     5.374    u_lif/p_1_in[23]
    SLICE_X4Y220         FDRE                                         r  u_lif/internal_value_reg[23]/D
  -------------------------------------------------------------------    -------------------

                         (clock clk_in rise edge)    10.000    10.000 r  
    D14                                               0.000    10.000 r  clk_in (IN)
                         net (fo=0)                   0.000    10.000    clk_in_IBUF_inst/I
    D14                  INBUF (Prop_INBUF_HDIOB_M_PAD_O)
                                                      0.495    10.495 r  clk_in_IBUF_inst/INBUF_INST/O
                         net (fo=1, routed)           0.000    10.495    clk_in_IBUF_inst/OUT
    D14                  IBUFCTRL (Prop_IBUFCTRL_HDIOB_M_I_O)
                                                      0.000    10.495 r  clk_in_IBUF_inst/IBUFCTRL_INST/O
                         net (fo=1, routed)           0.169    10.664    clk_in_IBUF
    BUFGCE_HDIO_X0Y6     BUFGCE (Prop_BUFCE_BUFGCE_HDIO_I_O)
                                                      0.024    10.688 r  bufg_clk/O
    X0Y3 (CLOCK_ROOT)    net (fo=64, routed)          1.130    11.817    u_lif/clk
    SLICE_X4Y220         FDRE                                         r  u_lif/internal_value_reg[23]/C
                         clock pessimism              0.618    12.435    
                         clock uncertainty           -0.235    12.200    
    SLICE_X4Y220         FDRE (Setup_AFF_SLICEM_C_D)
                                                      0.025    12.225    u_lif/internal_value_reg[23]
  -------------------------------------------------------------------
                         required time                         12.225    
                         arrival time                          -5.374    
  -------------------------------------------------------------------
                         slack                                  6.851    

Slack (MET) :             6.858ns  (required time - arrival time)
  Source:                 input_current_r_reg[13]/C
                            (rising edge-triggered cell FDRE clocked by clk_in  {rise@0.000ns fall@5.000ns period=10.000ns})
  Destination:            u_lif/internal_value_reg[22]/D
                            (rising edge-triggered cell FDRE clocked by clk_in  {rise@0.000ns fall@5.000ns period=10.000ns})
  Path Group:             clk_in
  Path Type:              Setup (Max at Slow Process Corner)
  Requirement:            10.000ns  (clk_in rise@10.000ns - clk_in rise@0.000ns)
  Data Path Delay:        2.828ns  (logic 0.811ns (28.677%)  route 2.017ns (71.323%))
  Logic Levels:           8  (CARRY8=4 LUT2=1 LUT4=1 LUT5=1 LUT6=1)
  Clock Path Skew:        -0.104ns (DCD - SCD + CPR)
    Destination Clock Delay (DCD):    1.808ns = ( 11.808 - 10.000 ) 
    Source Clock Delay      (SCD):    2.530ns
    Clock Pessimism Removal (CPR):    0.618ns
  Clock Uncertainty:      0.235ns  ((TSJ^2 + TIJ^2)^1/2 + DJ) / 2 + PE + UU
    Total System Jitter     (TSJ):    0.071ns
    Total Input Jitter      (TIJ):    0.000ns
    Discrete Jitter          (DJ):    0.000ns
    Phase Error              (PE):    0.000ns
    User Uncertainty         (UU):    0.200ns
  Clock Net Delay (Source):      1.296ns (routing 0.438ns, distribution 0.858ns)
  Clock Net Delay (Destination): 1.120ns (routing 0.400ns, distribution 0.720ns)

    Location             Delay type                Incr(ns)  Path(ns)    Netlist Resource(s)
  -------------------------------------------------------------------    -------------------
                         (clock clk_in rise edge)     0.000     0.000 r  
    D14                                               0.000     0.000 r  clk_in (IN)
                         net (fo=0)                   0.000     0.000    clk_in_IBUF_inst/I
    D14                  INBUF (Prop_INBUF_HDIOB_M_PAD_O)
                                                      1.002     1.002 r  clk_in_IBUF_inst/INBUF_INST/O
                         net (fo=1, routed)           0.000     1.002    clk_in_IBUF_inst/OUT
    D14                  IBUFCTRL (Prop_IBUFCTRL_HDIOB_M_I_O)
                                                      0.000     1.002 r  clk_in_IBUF_inst/IBUFCTRL_INST/O
                         net (fo=1, routed)           0.204     1.206    clk_in_IBUF
    BUFGCE_HDIO_X0Y6     BUFGCE (Prop_BUFCE_BUFGCE_HDIO_I_O)
                                                      0.028     1.234 r  bufg_clk/O
    X0Y3 (CLOCK_ROOT)    net (fo=64, routed)          1.296     2.530    clk
    SLICE_X2Y220         FDRE                                         r  input_current_r_reg[13]/C
  -------------------------------------------------------------------    -------------------
    SLICE_X2Y220         FDRE (Prop_FFF_SLICEL_C_Q)
                                                      0.079     2.609 r  input_current_r_reg[13]/Q
                         net (fo=7, routed)           0.651     3.260    u_lif/Q[13]
    SLICE_X2Y220         LUT4 (Prop_A5LUT_SLICEL_I3_O)
                                                      0.161     3.421 r  u_lif/membrane_next__0_carry__0_i_2/O
                         net (fo=2, routed)           0.213     3.634    u_lif/membrane_next__0_carry__0_i_2_n_0
    SLICE_X3Y218         LUT5 (Prop_G6LUT_SLICEL_I4_O)
                                                      0.089     3.723 r  u_lif/membrane_next__0_carry__0_i_10/O
                         net (fo=1, routed)           0.008     3.731    u_lif/membrane_next__0_carry__0_i_10_n_0
    SLICE_X3Y218         CARRY8 (Prop_CARRY8_SLICEL_S[6]_CO[7])
                                                      0.115     3.846 r  u_lif/membrane_next__0_carry__0/CO[7]
                         net (fo=1, routed)           0.026     3.872    u_lif/membrane_next__0_carry__0_n_0
    SLICE_X3Y219         CARRY8 (Prop_CARRY8_SLICEL_CI_CO[7])
                                                      0.015     3.887 r  u_lif/membrane_next__0_carry__1/CO[7]
                         net (fo=1, routed)           0.026     3.913    u_lif/membrane_next__0_carry__1_n_0
    SLICE_X3Y220         CARRY8 (Prop_CARRY8_SLICEL_CI_O[0])
                                                      0.056     3.969 f  u_lif/membrane_next__0_carry__2/O[0]
                         net (fo=3, routed)           0.591     4.560    u_lif/membrane_next[24]
    SLICE_X2Y219         LUT2 (Prop_E6LUT_SLICEL_I0_O)
                                                      0.099     4.659 r  u_lif/threshold_crossed0_carry__0_i_9/O
                         net (fo=1, routed)           0.007     4.666    u_lif/threshold_crossed0_carry__0_i_9_n_0
    SLICE_X2Y219         CARRY8 (Prop_CARRY8_SLICEL_S[4]_CO[7])
                                                      0.160     4.826 f  u_lif/threshold_crossed0_carry__0/CO[7]
                         net (fo=30, routed)          0.422     5.249    u_lif/threshold_crossed0_carry__0_n_0
    SLICE_X4Y216         LUT6 (Prop_D6LUT_SLICEM_I0_O)
                                                      0.037     5.286 r  u_lif/internal_value[22]_i_1/O
                         net (fo=1, routed)           0.072     5.358    u_lif/p_1_in[22]
    SLICE_X4Y216         FDRE                                         r  u_lif/internal_value_reg[22]/D
  -------------------------------------------------------------------    -------------------

                         (clock clk_in rise edge)    10.000    10.000 r  
    D14                                               0.000    10.000 r  clk_in (IN)
                         net (fo=0)                   0.000    10.000    clk_in_IBUF_inst/I
    D14                  INBUF (Prop_INBUF_HDIOB_M_PAD_O)
                                                      0.495    10.495 r  clk_in_IBUF_inst/INBUF_INST/O
                         net (fo=1, routed)           0.000    10.495    clk_in_IBUF_inst/OUT
    D14                  IBUFCTRL (Prop_IBUFCTRL_HDIOB_M_I_O)
                                                      0.000    10.495 r  clk_in_IBUF_inst/IBUFCTRL_INST/O
                         net (fo=1, routed)           0.169    10.664    clk_in_IBUF
    BUFGCE_HDIO_X0Y6     BUFGCE (Prop_BUFCE_BUFGCE_HDIO_I_O)
                                                      0.024    10.688 r  bufg_clk/O
    X0Y3 (CLOCK_ROOT)    net (fo=64, routed)          1.120    11.808    u_lif/clk
    SLICE_X4Y216         FDRE                                         r  u_lif/internal_value_reg[22]/C
                         clock pessimism              0.618    12.426    
                         clock uncertainty           -0.235    12.190    
    SLICE_X4Y216         FDRE (Setup_DFF_SLICEM_C_D)
                                                      0.025    12.215    u_lif/internal_value_reg[22]
  -------------------------------------------------------------------
                         required time                         12.215    
                         arrival time                          -5.358    
  -------------------------------------------------------------------
                         slack                                  6.858    

Slack (MET) :             6.863ns  (required time - arrival time)
  Source:                 input_current_r_reg[13]/C
                            (rising edge-triggered cell FDRE clocked by clk_in  {rise@0.000ns fall@5.000ns period=10.000ns})
  Destination:            u_lif/internal_value_reg[4]/D
                            (rising edge-triggered cell FDRE clocked by clk_in  {rise@0.000ns fall@5.000ns period=10.000ns})
  Path Group:             clk_in
  Path Type:              Setup (Max at Slow Process Corner)
  Requirement:            10.000ns  (clk_in rise@10.000ns - clk_in rise@0.000ns)
  Data Path Delay:        2.823ns  (logic 0.811ns (28.727%)  route 2.012ns (71.273%))
  Logic Levels:           8  (CARRY8=4 LUT2=1 LUT4=1 LUT5=1 LUT6=1)
  Clock Path Skew:        -0.104ns (DCD - SCD + CPR)
    Destination Clock Delay (DCD):    1.808ns = ( 11.808 - 10.000 ) 
    Source Clock Delay      (SCD):    2.530ns
    Clock Pessimism Removal (CPR):    0.618ns
  Clock Uncertainty:      0.235ns  ((TSJ^2 + TIJ^2)^1/2 + DJ) / 2 + PE + UU
    Total System Jitter     (TSJ):    0.071ns
    Total Input Jitter      (TIJ):    0.000ns
    Discrete Jitter          (DJ):    0.000ns
    Phase Error              (PE):    0.000ns
    User Uncertainty         (UU):    0.200ns
  Clock Net Delay (Source):      1.296ns (routing 0.438ns, distribution 0.858ns)
  Clock Net Delay (Destination): 1.120ns (routing 0.400ns, distribution 0.720ns)

    Location             Delay type                Incr(ns)  Path(ns)    Netlist Resource(s)
  -------------------------------------------------------------------    -------------------
                         (clock clk_in rise edge)     0.000     0.000 r  
    D14                                               0.000     0.000 r  clk_in (IN)
                         net (fo=0)                   0.000     0.000    clk_in_IBUF_inst/I
    D14                  INBUF (Prop_INBUF_HDIOB_M_PAD_O)
                                                      1.002     1.002 r  clk_in_IBUF_inst/INBUF_INST/O
                         net (fo=1, routed)           0.000     1.002    clk_in_IBUF_inst/OUT
    D14                  IBUFCTRL (Prop_IBUFCTRL_HDIOB_M_I_O)
                                                      0.000     1.002 r  clk_in_IBUF_inst/IBUFCTRL_INST/O
                         net (fo=1, routed)           0.204     1.206    clk_in_IBUF
    BUFGCE_HDIO_X0Y6     BUFGCE (Prop_BUFCE_BUFGCE_HDIO_I_O)
                                                      0.028     1.234 r  bufg_clk/O
    X0Y3 (CLOCK_ROOT)    net (fo=64, routed)          1.296     2.530    clk
    SLICE_X2Y220         FDRE                                         r  input_current_r_reg[13]/C
  -------------------------------------------------------------------    -------------------
    SLICE_X2Y220         FDRE (Prop_FFF_SLICEL_C_Q)
                                                      0.079     2.609 r  input_current_r_reg[13]/Q
                         net (fo=7, routed)           0.651     3.260    u_lif/Q[13]
    SLICE_X2Y220         LUT4 (Prop_A5LUT_SLICEL_I3_O)
                                                      0.161     3.421 r  u_lif/membrane_next__0_carry__0_i_2/O
                         net (fo=2, routed)           0.213     3.634    u_lif/membrane_next__0_carry__0_i_2_n_0
    SLICE_X3Y218         LUT5 (Prop_G6LUT_SLICEL_I4_O)
                                                      0.089     3.723 r  u_lif/membrane_next__0_carry__0_i_10/O
                         net (fo=1, routed)           0.008     3.731    u_lif/membrane_next__0_carry__0_i_10_n_0
    SLICE_X3Y218         CARRY8 (Prop_CARRY8_SLICEL_S[6]_CO[7])
                                                      0.115     3.846 r  u_lif/membrane_next__0_carry__0/CO[7]
                         net (fo=1, routed)           0.026     3.872    u_lif/membrane_next__0_carry__0_n_0
    SLICE_X3Y219         CARRY8 (Prop_CARRY8_SLICEL_CI_CO[7])
                                                      0.015     3.887 r  u_lif/membrane_next__0_carry__1/CO[7]
                         net (fo=1, routed)           0.026     3.913    u_lif/membrane_next__0_carry__1_n_0
    SLICE_X3Y220         CARRY8 (Prop_CARRY8_SLICEL_CI_O[0])
                                                      0.056     3.969 f  u_lif/membrane_next__0_carry__2/O[0]
                         net (fo=3, routed)           0.591     4.560    u_lif/membrane_next[24]
    SLICE_X2Y219         LUT2 (Prop_E6LUT_SLICEL_I0_O)
                                                      0.099     4.659 r  u_lif/threshold_crossed0_carry__0_i_9/O
                         net (fo=1, routed)           0.007     4.666    u_lif/threshold_crossed0_carry__0_i_9_n_0
    SLICE_X2Y219         CARRY8 (Prop_CARRY8_SLICEL_S[4]_CO[7])
                                                      0.160     4.826 f  u_lif/threshold_crossed0_carry__0/CO[7]
                         net (fo=30, routed)          0.423     5.250    u_lif/threshold_crossed0_carry__0_n_0
    SLICE_X4Y216         LUT6 (Prop_C6LUT_SLICEM_I0_O)
                                                      0.037     5.287 r  u_lif/internal_value[4]_i_1/O
                         net (fo=1, routed)           0.066     5.353    u_lif/p_1_in[4]
    SLICE_X4Y216         FDRE                                         r  u_lif/internal_value_reg[4]/D
  -------------------------------------------------------------------    -------------------

                         (clock clk_in rise edge)    10.000    10.000 r  
    D14                                               0.000    10.000 r  clk_in (IN)
                         net (fo=0)                   0.000    10.000    clk_in_IBUF_inst/I
    D14                  INBUF (Prop_INBUF_HDIOB_M_PAD_O)
                                                      0.495    10.495 r  clk_in_IBUF_inst/INBUF_INST/O
                         net (fo=1, routed)           0.000    10.495    clk_in_IBUF_inst/OUT
    D14                  IBUFCTRL (Prop_IBUFCTRL_HDIOB_M_I_O)
                                                      0.000    10.495 r  clk_in_IBUF_inst/IBUFCTRL_INST/O
                         net (fo=1, routed)           0.169    10.664    clk_in_IBUF
    BUFGCE_HDIO_X0Y6     BUFGCE (Prop_BUFCE_BUFGCE_HDIO_I_O)
                                                      0.024    10.688 r  bufg_clk/O
    X0Y3 (CLOCK_ROOT)    net (fo=64, routed)          1.120    11.808    u_lif/clk
    SLICE_X4Y216         FDRE                                         r  u_lif/internal_value_reg[4]/C
                         clock pessimism              0.618    12.426    
                         clock uncertainty           -0.235    12.190    
    SLICE_X4Y216         FDRE (Setup_CFF_SLICEM_C_D)
                                                      0.025    12.215    u_lif/internal_value_reg[4]
  -------------------------------------------------------------------
                         required time                         12.215    
                         arrival time                          -5.353    
  -------------------------------------------------------------------
                         slack                                  6.863    





Min Delay Paths
--------------------------------------------------------------------------------------
Slack (MET) :             0.011ns  (arrival time - required time)
  Source:                 input_current_r_reg[21]/C
                            (rising edge-triggered cell FDRE clocked by clk_in  {rise@0.000ns fall@5.000ns period=10.000ns})
  Destination:            u_lif/internal_value_reg[21]/D
                            (rising edge-triggered cell FDRE clocked by clk_in  {rise@0.000ns fall@5.000ns period=10.000ns})
  Path Group:             clk_in
  Path Type:              Hold (Min at Fast Process Corner)
  Requirement:            0.000ns  (clk_in rise@0.000ns - clk_in rise@0.000ns)
  Data Path Delay:        0.309ns  (logic 0.099ns (32.054%)  route 0.210ns (67.946%))
  Logic Levels:           1  (LUT6=1)
  Clock Path Skew:        0.051ns (DCD - SCD - CPR)
    Destination Clock Delay (DCD):    1.568ns
    Source Clock Delay      (SCD):    1.156ns
    Clock Pessimism Removal (CPR):    0.361ns
  Clock Uncertainty:      0.200ns  ((TSJ^2 + TIJ^2)^1/2 + DJ) / 2 + PE + UU
    Total System Jitter     (TSJ):    0.000ns
    Total Input Jitter      (TIJ):    0.000ns
    Discrete Jitter          (DJ):    0.000ns
    Phase Error              (PE):    0.000ns
    User Uncertainty         (UU):    0.200ns
  Clock Net Delay (Source):      0.712ns (routing 0.242ns, distribution 0.470ns)
  Clock Net Delay (Destination): 0.812ns (routing 0.268ns, distribution 0.544ns)

    Location             Delay type                Incr(ns)  Path(ns)    Netlist Resource(s)
  -------------------------------------------------------------------    -------------------
                         (clock clk_in rise edge)     0.000     0.000 r  
    D14                                               0.000     0.000 r  clk_in (IN)
                         net (fo=0)                   0.000     0.000    clk_in_IBUF_inst/I
    D14                  INBUF (Prop_INBUF_HDIOB_M_PAD_O)
                                                      0.336     0.336 r  clk_in_IBUF_inst/INBUF_INST/O
                         net (fo=1, routed)           0.000     0.336    clk_in_IBUF_inst/OUT
    D14                  IBUFCTRL (Prop_IBUFCTRL_HDIOB_M_I_O)
                                                      0.000     0.336 r  clk_in_IBUF_inst/IBUFCTRL_INST/O
                         net (fo=1, routed)           0.091     0.427    clk_in_IBUF
    BUFGCE_HDIO_X0Y6     BUFGCE (Prop_BUFCE_BUFGCE_HDIO_I_O)
                                                      0.017     0.444 r  bufg_clk/O
    X0Y3 (CLOCK_ROOT)    net (fo=64, routed)          0.712     1.156    clk
    SLICE_X0Y213         FDRE                                         r  input_current_r_reg[21]/C
  -------------------------------------------------------------------    -------------------
    SLICE_X0Y213         FDRE (Prop_EFF_SLICEL_C_Q)
                                                      0.039     1.195 r  input_current_r_reg[21]/Q
                         net (fo=6, routed)           0.189     1.384    u_lif/Q[21]
    SLICE_X4Y220         LUT6 (Prop_G6LUT_SLICEM_I3_O)
                                                      0.060     1.444 r  u_lif/internal_value[21]_i_1/O
                         net (fo=1, routed)           0.021     1.465    u_lif/p_1_in[21]
    SLICE_X4Y220         FDRE                                         r  u_lif/internal_value_reg[21]/D
  -------------------------------------------------------------------    -------------------

                         (clock clk_in rise edge)     0.000     0.000 r  
    D14                                               0.000     0.000 r  clk_in (IN)
                         net (fo=0)                   0.000     0.000    clk_in_IBUF_inst/I
    D14                  INBUF (Prop_INBUF_HDIOB_M_PAD_O)
                                                      0.624     0.624 r  clk_in_IBUF_inst/INBUF_INST/O
                         net (fo=1, routed)           0.000     0.624    clk_in_IBUF_inst/OUT
    D14                  IBUFCTRL (Prop_IBUFCTRL_HDIOB_M_I_O)
                                                      0.000     0.624 r  clk_in_IBUF_inst/IBUFCTRL_INST/O
                         net (fo=1, routed)           0.113     0.737    clk_in_IBUF
    BUFGCE_HDIO_X0Y6     BUFGCE (Prop_BUFCE_BUFGCE_HDIO_I_O)
                                                      0.019     0.756 r  bufg_clk/O
    X0Y3 (CLOCK_ROOT)    net (fo=64, routed)          0.812     1.568    u_lif/clk
    SLICE_X4Y220         FDRE                                         r  u_lif/internal_value_reg[21]/C
                         clock pessimism             -0.361     1.207    
                         clock uncertainty            0.200     1.407    
    SLICE_X4Y220         FDRE (Hold_GFF_SLICEM_C_D)
                                                      0.046     1.453    u_lif/internal_value_reg[21]
  -------------------------------------------------------------------
                         required time                         -1.453    
                         arrival time                           1.465    
  -------------------------------------------------------------------
                         slack                                  0.011    

Slack (MET) :             0.028ns  (arrival time - required time)
  Source:                 new_image_r_reg/C
                            (rising edge-triggered cell FDRE clocked by clk_in  {rise@0.000ns fall@5.000ns period=10.000ns})
  Destination:            u_lif/internal_value_reg[12]/D
                            (rising edge-triggered cell FDRE clocked by clk_in  {rise@0.000ns fall@5.000ns period=10.000ns})
  Path Group:             clk_in
  Path Type:              Hold (Min at Fast Process Corner)
  Requirement:            0.000ns  (clk_in rise@0.000ns - clk_in rise@0.000ns)
  Data Path Delay:        0.324ns  (logic 0.053ns (16.342%)  route 0.271ns (83.658%))
  Logic Levels:           1  (LUT6=1)
  Clock Path Skew:        0.050ns (DCD - SCD - CPR)
    Destination Clock Delay (DCD):    1.570ns
    Source Clock Delay      (SCD):    1.159ns
    Clock Pessimism Removal (CPR):    0.361ns
  Clock Uncertainty:      0.200ns  ((TSJ^2 + TIJ^2)^1/2 + DJ) / 2 + PE + UU
    Total System Jitter     (TSJ):    0.000ns
    Total Input Jitter      (TIJ):    0.000ns
    Discrete Jitter          (DJ):    0.000ns
    Phase Error              (PE):    0.000ns
    User Uncertainty         (UU):    0.200ns
  Clock Net Delay (Source):      0.716ns (routing 0.242ns, distribution 0.474ns)
  Clock Net Delay (Destination): 0.814ns (routing 0.268ns, distribution 0.546ns)

    Location             Delay type                Incr(ns)  Path(ns)    Netlist Resource(s)
  -------------------------------------------------------------------    -------------------
                         (clock clk_in rise edge)     0.000     0.000 r  
    D14                                               0.000     0.000 r  clk_in (IN)
                         net (fo=0)                   0.000     0.000    clk_in_IBUF_inst/I
    D14                  INBUF (Prop_INBUF_HDIOB_M_PAD_O)
                                                      0.336     0.336 r  clk_in_IBUF_inst/INBUF_INST/O
                         net (fo=1, routed)           0.000     0.336    clk_in_IBUF_inst/OUT
    D14                  IBUFCTRL (Prop_IBUFCTRL_HDIOB_M_I_O)
                                                      0.000     0.336 r  clk_in_IBUF_inst/IBUFCTRL_INST/O
                         net (fo=1, routed)           0.091     0.427    clk_in_IBUF
    BUFGCE_HDIO_X0Y6     BUFGCE (Prop_BUFCE_BUFGCE_HDIO_I_O)
                                                      0.017     0.444 r  bufg_clk/O
    X0Y3 (CLOCK_ROOT)    net (fo=64, routed)          0.716     1.159    clk
    SLICE_X4Y225         FDRE                                         r  new_image_r_reg/C
  -------------------------------------------------------------------    -------------------
    SLICE_X4Y225         FDRE (Prop_EFF2_SLICEM_C_Q)
                                                      0.039     1.198 r  new_image_r_reg/Q
                         net (fo=36, routed)          0.255     1.454    u_lif/new_image_r
    SLICE_X2Y220         LUT6 (Prop_D6LUT_SLICEL_I2_O)
                                                      0.014     1.468 r  u_lif/internal_value[12]_i_1/O
                         net (fo=1, routed)           0.016     1.484    u_lif/p_1_in[12]
    SLICE_X2Y220         FDRE                                         r  u_lif/internal_value_reg[12]/D
  -------------------------------------------------------------------    -------------------

                         (clock clk_in rise edge)     0.000     0.000 r  
    D14                                               0.000     0.000 r  clk_in (IN)
                         net (fo=0)                   0.000     0.000    clk_in_IBUF_inst/I
    D14                  INBUF (Prop_INBUF_HDIOB_M_PAD_O)
                                                      0.624     0.624 r  clk_in_IBUF_inst/INBUF_INST/O
                         net (fo=1, routed)           0.000     0.624    clk_in_IBUF_inst/OUT
    D14                  IBUFCTRL (Prop_IBUFCTRL_HDIOB_M_I_O)
                                                      0.000     0.624 r  clk_in_IBUF_inst/IBUFCTRL_INST/O
                         net (fo=1, routed)           0.113     0.737    clk_in_IBUF
    BUFGCE_HDIO_X0Y6     BUFGCE (Prop_BUFCE_BUFGCE_HDIO_I_O)
                                                      0.019     0.756 r  bufg_clk/O
    X0Y3 (CLOCK_ROOT)    net (fo=64, routed)          0.814     1.570    u_lif/clk
    SLICE_X2Y220         FDRE                                         r  u_lif/internal_value_reg[12]/C
                         clock pessimism             -0.361     1.209    
                         clock uncertainty            0.200     1.409    
    SLICE_X2Y220         FDRE (Hold_DFF_SLICEL_C_D)
                                                      0.046     1.455    u_lif/internal_value_reg[12]
  -------------------------------------------------------------------
                         required time                         -1.455    
                         arrival time                           1.484    
  -------------------------------------------------------------------
                         slack                                  0.028    

Slack (MET) :             0.029ns  (arrival time - required time)
  Source:                 new_image_r_reg/C
                            (rising edge-triggered cell FDRE clocked by clk_in  {rise@0.000ns fall@5.000ns period=10.000ns})
  Destination:            u_lif/internal_value_reg[13]/D
                            (rising edge-triggered cell FDRE clocked by clk_in  {rise@0.000ns fall@5.000ns period=10.000ns})
  Path Group:             clk_in
  Path Type:              Hold (Min at Fast Process Corner)
  Requirement:            0.000ns  (clk_in rise@0.000ns - clk_in rise@0.000ns)
  Data Path Delay:        0.325ns  (logic 0.053ns (16.292%)  route 0.272ns (83.708%))
  Logic Levels:           1  (LUT6=1)
  Clock Path Skew:        0.050ns (DCD - SCD - CPR)
    Destination Clock Delay (DCD):    1.570ns
    Source Clock Delay      (SCD):    1.159ns
    Clock Pessimism Removal (CPR):    0.361ns
  Clock Uncertainty:      0.200ns  ((TSJ^2 + TIJ^2)^1/2 + DJ) / 2 + PE + UU
    Total System Jitter     (TSJ):    0.000ns
    Total Input Jitter      (TIJ):    0.000ns
    Discrete Jitter          (DJ):    0.000ns
    Phase Error              (PE):    0.000ns
    User Uncertainty         (UU):    0.200ns
  Clock Net Delay (Source):      0.716ns (routing 0.242ns, distribution 0.474ns)
  Clock Net Delay (Destination): 0.814ns (routing 0.268ns, distribution 0.546ns)

    Location             Delay type                Incr(ns)  Path(ns)    Netlist Resource(s)
  -------------------------------------------------------------------    -------------------
                         (clock clk_in rise edge)     0.000     0.000 r  
    D14                                               0.000     0.000 r  clk_in (IN)
                         net (fo=0)                   0.000     0.000    clk_in_IBUF_inst/I
    D14                  INBUF (Prop_INBUF_HDIOB_M_PAD_O)
                                                      0.336     0.336 r  clk_in_IBUF_inst/INBUF_INST/O
                         net (fo=1, routed)           0.000     0.336    clk_in_IBUF_inst/OUT
    D14                  IBUFCTRL (Prop_IBUFCTRL_HDIOB_M_I_O)
                                                      0.000     0.336 r  clk_in_IBUF_inst/IBUFCTRL_INST/O
                         net (fo=1, routed)           0.091     0.427    clk_in_IBUF
    BUFGCE_HDIO_X0Y6     BUFGCE (Prop_BUFCE_BUFGCE_HDIO_I_O)
                                                      0.017     0.444 r  bufg_clk/O
    X0Y3 (CLOCK_ROOT)    net (fo=64, routed)          0.716     1.159    clk
    SLICE_X4Y225         FDRE                                         r  new_image_r_reg/C
  -------------------------------------------------------------------    -------------------
    SLICE_X4Y225         FDRE (Prop_EFF2_SLICEM_C_Q)
                                                      0.039     1.198 r  new_image_r_reg/Q
                         net (fo=36, routed)          0.255     1.454    u_lif/new_image_r
    SLICE_X2Y220         LUT6 (Prop_C6LUT_SLICEL_I2_O)
                                                      0.014     1.468 r  u_lif/internal_value[13]_i_1/O
                         net (fo=1, routed)           0.017     1.485    u_lif/p_1_in[13]
    SLICE_X2Y220         FDRE                                         r  u_lif/internal_value_reg[13]/D
  -------------------------------------------------------------------    -------------------

                         (clock clk_in rise edge)     0.000     0.000 r  
    D14                                               0.000     0.000 r  clk_in (IN)
                         net (fo=0)                   0.000     0.000    clk_in_IBUF_inst/I
    D14                  INBUF (Prop_INBUF_HDIOB_M_PAD_O)
                                                      0.624     0.624 r  clk_in_IBUF_inst/INBUF_INST/O
                         net (fo=1, routed)           0.000     0.624    clk_in_IBUF_inst/OUT
    D14                  IBUFCTRL (Prop_IBUFCTRL_HDIOB_M_I_O)
                                                      0.000     0.624 r  clk_in_IBUF_inst/IBUFCTRL_INST/O
                         net (fo=1, routed)           0.113     0.737    clk_in_IBUF
    BUFGCE_HDIO_X0Y6     BUFGCE (Prop_BUFCE_BUFGCE_HDIO_I_O)
                                                      0.019     0.756 r  bufg_clk/O
    X0Y3 (CLOCK_ROOT)    net (fo=64, routed)          0.814     1.570    u_lif/clk
    SLICE_X2Y220         FDRE                                         r  u_lif/internal_value_reg[13]/C
                         clock pessimism             -0.361     1.209    
                         clock uncertainty            0.200     1.409    
    SLICE_X2Y220         FDRE (Hold_CFF_SLICEL_C_D)
                                                      0.046     1.455    u_lif/internal_value_reg[13]
  -------------------------------------------------------------------
                         required time                         -1.455    
                         arrival time                           1.485    
  -------------------------------------------------------------------
                         slack                                  0.029    

Slack (MET) :             0.039ns  (arrival time - required time)
  Source:                 input_current_r_reg[1]/C
                            (rising edge-triggered cell FDRE clocked by clk_in  {rise@0.000ns fall@5.000ns period=10.000ns})
  Destination:            u_lif/internal_value_reg[1]/D
                            (rising edge-triggered cell FDRE clocked by clk_in  {rise@0.000ns fall@5.000ns period=10.000ns})
  Path Group:             clk_in
  Path Type:              Hold (Min at Fast Process Corner)
  Requirement:            0.000ns  (clk_in rise@0.000ns - clk_in rise@0.000ns)
  Data Path Delay:        0.329ns  (logic 0.053ns (16.111%)  route 0.276ns (83.889%))
  Logic Levels:           1  (LUT6=1)
  Clock Path Skew:        0.044ns (DCD - SCD - CPR)
    Destination Clock Delay (DCD):    1.568ns
    Source Clock Delay      (SCD):    1.163ns
    Clock Pessimism Removal (CPR):    0.361ns
  Clock Uncertainty:      0.200ns  ((TSJ^2 + TIJ^2)^1/2 + DJ) / 2 + PE + UU
    Total System Jitter     (TSJ):    0.000ns
    Total Input Jitter      (TIJ):    0.000ns
    Discrete Jitter          (DJ):    0.000ns
    Phase Error              (PE):    0.000ns
    User Uncertainty         (UU):    0.200ns
  Clock Net Delay (Source):      0.719ns (routing 0.242ns, distribution 0.477ns)
  Clock Net Delay (Destination): 0.812ns (routing 0.268ns, distribution 0.544ns)

    Location             Delay type                Incr(ns)  Path(ns)    Netlist Resource(s)
  -------------------------------------------------------------------    -------------------
                         (clock clk_in rise edge)     0.000     0.000 r  
    D14                                               0.000     0.000 r  clk_in (IN)
                         net (fo=0)                   0.000     0.000    clk_in_IBUF_inst/I
    D14                  INBUF (Prop_INBUF_HDIOB_M_PAD_O)
                                                      0.336     0.336 r  clk_in_IBUF_inst/INBUF_INST/O
                         net (fo=1, routed)           0.000     0.336    clk_in_IBUF_inst/OUT
    D14                  IBUFCTRL (Prop_IBUFCTRL_HDIOB_M_I_O)
                                                      0.000     0.336 r  clk_in_IBUF_inst/IBUFCTRL_INST/O
                         net (fo=1, routed)           0.091     0.427    clk_in_IBUF
    BUFGCE_HDIO_X0Y6     BUFGCE (Prop_BUFCE_BUFGCE_HDIO_I_O)
                                                      0.017     0.444 r  bufg_clk/O
    X0Y3 (CLOCK_ROOT)    net (fo=64, routed)          0.719     1.163    clk
    SLICE_X1Y230         FDRE                                         r  input_current_r_reg[1]/C
  -------------------------------------------------------------------    -------------------
    SLICE_X1Y230         FDRE (Prop_EFF2_SLICEM_C_Q)
                                                      0.039     1.202 r  input_current_r_reg[1]/Q
                         net (fo=6, routed)           0.252     1.454    u_lif/Q[1]
    SLICE_X4Y217         LUT6 (Prop_C6LUT_SLICEM_I3_O)
                                                      0.014     1.468 r  u_lif/internal_value[1]_i_1/O
                         net (fo=1, routed)           0.024     1.492    u_lif/p_1_in[1]
    SLICE_X4Y217         FDRE                                         r  u_lif/internal_value_reg[1]/D
  -------------------------------------------------------------------    -------------------

                         (clock clk_in rise edge)     0.000     0.000 r  
    D14                                               0.000     0.000 r  clk_in (IN)
                         net (fo=0)                   0.000     0.000    clk_in_IBUF_inst/I
    D14                  INBUF (Prop_INBUF_HDIOB_M_PAD_O)
                                                      0.624     0.624 r  clk_in_IBUF_inst/INBUF_INST/O
                         net (fo=1, routed)           0.000     0.624    clk_in_IBUF_inst/OUT
    D14                  IBUFCTRL (Prop_IBUFCTRL_HDIOB_M_I_O)
                                                      0.000     0.624 r  clk_in_IBUF_inst/IBUFCTRL_INST/O
                         net (fo=1, routed)           0.113     0.737    clk_in_IBUF
    BUFGCE_HDIO_X0Y6     BUFGCE (Prop_BUFCE_BUFGCE_HDIO_I_O)
                                                      0.019     0.756 r  bufg_clk/O
    X0Y3 (CLOCK_ROOT)    net (fo=64, routed)          0.812     1.568    u_lif/clk
    SLICE_X4Y217         FDRE                                         r  u_lif/internal_value_reg[1]/C
                         clock pessimism             -0.361     1.207    
                         clock uncertainty            0.200     1.407    
    SLICE_X4Y217         FDRE (Hold_CFF_SLICEM_C_D)
                                                      0.046     1.453    u_lif/internal_value_reg[1]
  -------------------------------------------------------------------
                         required time                         -1.453    
                         arrival time                           1.492    
  -------------------------------------------------------------------
                         slack                                  0.039    

Slack (MET) :             0.041ns  (arrival time - required time)
  Source:                 input_current[13]
                            (input port clocked by clk_in  {rise@0.000ns fall@5.000ns period=10.000ns})
  Destination:            input_current_r_reg[13]/D
                            (rising edge-triggered cell FDRE clocked by clk_in  {rise@0.000ns fall@5.000ns period=10.000ns})
  Path Group:             clk_in
  Path Type:              Hold (Min at Slow Process Corner)
  Requirement:            0.000ns  (clk_in rise@0.000ns - clk_in rise@0.000ns)
  Data Path Delay:        2.831ns  (logic 0.301ns (10.631%)  route 2.530ns (89.369%))
  Logic Levels:           3  (IBUFCTRL=1 INBUF=1 LUT1=1)
  Input Delay:            0.000ns
  Clock Path Skew:        2.530ns (DCD - SCD - CPR)
    Destination Clock Delay (DCD):    2.530ns
    Source Clock Delay      (SCD):    0.000ns
    Clock Pessimism Removal (CPR):    -0.000ns
  Clock Uncertainty:      0.200ns  ((TSJ^2 + TIJ^2)^1/2 + DJ) / 2 + PE + UU
    Total System Jitter     (TSJ):    0.000ns
    Total Input Jitter      (TIJ):    0.000ns
    Discrete Jitter          (DJ):    0.000ns
    Phase Error              (PE):    0.000ns
    User Uncertainty         (UU):    0.200ns
  Clock Net Delay (Destination): 1.296ns (routing 0.438ns, distribution 0.858ns)

    Location             Delay type                Incr(ns)  Path(ns)    Netlist Resource(s)
  -------------------------------------------------------------------    -------------------
                         (clock clk_in rise edge)     0.000     0.000 r  
                         input delay                  0.000     0.000    
    A20                                               0.000     0.000 r  input_current[13] (IN)
                         net (fo=0)                   0.000     0.000    input_current_IBUF[13]_inst/I
    A20                  INBUF (Prop_INBUF_HPIOB_S_PAD_O)
                                                      0.269     0.269 r  input_current_IBUF[13]_inst/INBUF_INST/O
                         net (fo=1, routed)           0.000     0.269    input_current_IBUF[13]_inst/OUT
    A20                  IBUFCTRL (Prop_IBUFCTRL_HPIOB_S_I_O)
                                                      0.000     0.269 r  input_current_IBUF[13]_inst/IBUFCTRL_INST/O
                         net (fo=1, routed)           1.464     1.733    input_current_IBUF[13]
    SLICE_X84Y239        LUT1 (Prop_B5LUT_SLICEL_I0_O)
                                                      0.032     1.765 r  input_current_IBUF[13]_hold_fix/O
                         net (fo=1, routed)           1.066     2.831    input_current_IBUF[13]_hold_fix_1
    SLICE_X2Y220         FDRE                                         r  input_current_r_reg[13]/D
  -------------------------------------------------------------------    -------------------

                         (clock clk_in rise edge)     0.000     0.000 r  
    D14                                               0.000     0.000 r  clk_in (IN)
                         net (fo=0)                   0.000     0.000    clk_in_IBUF_inst/I
    D14                  INBUF (Prop_INBUF_HDIOB_M_PAD_O)
                                                      1.002     1.002 r  clk_in_IBUF_inst/INBUF_INST/O
                         net (fo=1, routed)           0.000     1.002    clk_in_IBUF_inst/OUT
    D14                  IBUFCTRL (Prop_IBUFCTRL_HDIOB_M_I_O)
                                                      0.000     1.002 r  clk_in_IBUF_inst/IBUFCTRL_INST/O
                         net (fo=1, routed)           0.204     1.206    clk_in_IBUF
    BUFGCE_HDIO_X0Y6     BUFGCE (Prop_BUFCE_BUFGCE_HDIO_I_O)
                                                      0.028     1.234 r  bufg_clk/O
    X0Y3 (CLOCK_ROOT)    net (fo=64, routed)          1.296     2.530    clk
    SLICE_X2Y220         FDRE                                         r  input_current_r_reg[13]/C
                         clock pessimism              0.000     2.530    
                         clock uncertainty            0.200     2.730    
    SLICE_X2Y220         FDRE (Hold_FFF_SLICEL_C_D)
                                                      0.060     2.790    input_current_r_reg[13]
  -------------------------------------------------------------------
                         required time                         -2.790    
                         arrival time                           2.831    
  -------------------------------------------------------------------
                         slack                                  0.041    

Slack (MET) :             0.048ns  (arrival time - required time)
  Source:                 new_image_r_reg/C
                            (rising edge-triggered cell FDRE clocked by clk_in  {rise@0.000ns fall@5.000ns period=10.000ns})
  Destination:            u_lif/internal_value_reg[27]/D
                            (rising edge-triggered cell FDRE clocked by clk_in  {rise@0.000ns fall@5.000ns period=10.000ns})
  Path Group:             clk_in
  Path Type:              Hold (Min at Fast Process Corner)
  Requirement:            0.000ns  (clk_in rise@0.000ns - clk_in rise@0.000ns)
  Data Path Delay:        0.344ns  (logic 0.075ns (21.783%)  route 0.269ns (78.216%))
  Logic Levels:           1  (LUT6=1)
  Clock Path Skew:        0.050ns (DCD - SCD - CPR)
    Destination Clock Delay (DCD):    1.570ns
    Source Clock Delay      (SCD):    1.159ns
    Clock Pessimism Removal (CPR):    0.361ns
  Clock Uncertainty:      0.200ns  ((TSJ^2 + TIJ^2)^1/2 + DJ) / 2 + PE + UU
    Total System Jitter     (TSJ):    0.000ns
    Total Input Jitter      (TIJ):    0.000ns
    Discrete Jitter          (DJ):    0.000ns
    Phase Error              (PE):    0.000ns
    User Uncertainty         (UU):    0.200ns
  Clock Net Delay (Source):      0.716ns (routing 0.242ns, distribution 0.474ns)
  Clock Net Delay (Destination): 0.814ns (routing 0.268ns, distribution 0.546ns)

    Location             Delay type                Incr(ns)  Path(ns)    Netlist Resource(s)
  -------------------------------------------------------------------    -------------------
                         (clock clk_in rise edge)     0.000     0.000 r  
    D14                                               0.000     0.000 r  clk_in (IN)
                         net (fo=0)                   0.000     0.000    clk_in_IBUF_inst/I
    D14                  INBUF (Prop_INBUF_HDIOB_M_PAD_O)
                                                      0.336     0.336 r  clk_in_IBUF_inst/INBUF_INST/O
                         net (fo=1, routed)           0.000     0.336    clk_in_IBUF_inst/OUT
    D14                  IBUFCTRL (Prop_IBUFCTRL_HDIOB_M_I_O)
                                                      0.000     0.336 r  clk_in_IBUF_inst/IBUFCTRL_INST/O
                         net (fo=1, routed)           0.091     0.427    clk_in_IBUF
    BUFGCE_HDIO_X0Y6     BUFGCE (Prop_BUFCE_BUFGCE_HDIO_I_O)
                                                      0.017     0.444 r  bufg_clk/O
    X0Y3 (CLOCK_ROOT)    net (fo=64, routed)          0.716     1.159    clk
    SLICE_X4Y225         FDRE                                         r  new_image_r_reg/C
  -------------------------------------------------------------------    -------------------
    SLICE_X4Y225         FDRE (Prop_EFF2_SLICEM_C_Q)
                                                      0.039     1.198 r  new_image_r_reg/Q
                         net (fo=36, routed)          0.254     1.453    u_lif/new_image_r
    SLICE_X2Y220         LUT6 (Prop_B6LUT_SLICEL_I2_O)
                                                      0.036     1.489 r  u_lif/internal_value[27]_i_3/O
                         net (fo=1, routed)           0.015     1.504    u_lif/p_1_in[27]
    SLICE_X2Y220         FDRE                                         r  u_lif/internal_value_reg[27]/D
  -------------------------------------------------------------------    -------------------

                         (clock clk_in rise edge)     0.000     0.000 r  
    D14                                               0.000     0.000 r  clk_in (IN)
                         net (fo=0)                   0.000     0.000    clk_in_IBUF_inst/I
    D14                  INBUF (Prop_INBUF_HDIOB_M_PAD_O)
                                                      0.624     0.624 r  clk_in_IBUF_inst/INBUF_INST/O
                         net (fo=1, routed)           0.000     0.624    clk_in_IBUF_inst/OUT
    D14                  IBUFCTRL (Prop_IBUFCTRL_HDIOB_M_I_O)
                                                      0.000     0.624 r  clk_in_IBUF_inst/IBUFCTRL_INST/O
                         net (fo=1, routed)           0.113     0.737    clk_in_IBUF
    BUFGCE_HDIO_X0Y6     BUFGCE (Prop_BUFCE_BUFGCE_HDIO_I_O)
                                                      0.019     0.756 r  bufg_clk/O
    X0Y3 (CLOCK_ROOT)    net (fo=64, routed)          0.814     1.570    u_lif/clk
    SLICE_X2Y220         FDRE                                         r  u_lif/internal_value_reg[27]/C
                         clock pessimism             -0.361     1.209    
                         clock uncertainty            0.200     1.409    
    SLICE_X2Y220         FDRE (Hold_BFF_SLICEL_C_D)
                                                      0.046     1.455    u_lif/internal_value_reg[27]
  -------------------------------------------------------------------
                         required time                         -1.455    
                         arrival time                           1.504    
  -------------------------------------------------------------------
                         slack                                  0.048    

Slack (MET) :             0.048ns  (arrival time - required time)
  Source:                 input_current_r_reg[23]/C
                            (rising edge-triggered cell FDRE clocked by clk_in  {rise@0.000ns fall@5.000ns period=10.000ns})
  Destination:            u_lif/internal_value_reg[23]/D
                            (rising edge-triggered cell FDRE clocked by clk_in  {rise@0.000ns fall@5.000ns period=10.000ns})
  Path Group:             clk_in
  Path Type:              Hold (Min at Fast Process Corner)
  Requirement:            0.000ns  (clk_in rise@0.000ns - clk_in rise@0.000ns)
  Data Path Delay:        0.348ns  (logic 0.054ns (15.522%)  route 0.294ns (84.478%))
  Logic Levels:           1  (LUT6=1)
  Clock Path Skew:        0.053ns (DCD - SCD - CPR)
    Destination Clock Delay (DCD):    1.570ns
    Source Clock Delay      (SCD):    1.156ns
    Clock Pessimism Removal (CPR):    0.361ns
  Clock Uncertainty:      0.200ns  ((TSJ^2 + TIJ^2)^1/2 + DJ) / 2 + PE + UU
    Total System Jitter     (TSJ):    0.000ns
    Total Input Jitter      (TIJ):    0.000ns
    Discrete Jitter          (DJ):    0.000ns
    Phase Error              (PE):    0.000ns
    User Uncertainty         (UU):    0.200ns
  Clock Net Delay (Source):      0.712ns (routing 0.242ns, distribution 0.470ns)
  Clock Net Delay (Destination): 0.814ns (routing 0.268ns, distribution 0.546ns)

    Location             Delay type                Incr(ns)  Path(ns)    Netlist Resource(s)
  -------------------------------------------------------------------    -------------------
                         (clock clk_in rise edge)     0.000     0.000 r  
    D14                                               0.000     0.000 r  clk_in (IN)
                         net (fo=0)                   0.000     0.000    clk_in_IBUF_inst/I
    D14                  INBUF (Prop_INBUF_HDIOB_M_PAD_O)
                                                      0.336     0.336 r  clk_in_IBUF_inst/INBUF_INST/O
                         net (fo=1, routed)           0.000     0.336    clk_in_IBUF_inst/OUT
    D14                  IBUFCTRL (Prop_IBUFCTRL_HDIOB_M_I_O)
                                                      0.000     0.336 r  clk_in_IBUF_inst/IBUFCTRL_INST/O
                         net (fo=1, routed)           0.091     0.427    clk_in_IBUF
    BUFGCE_HDIO_X0Y6     BUFGCE (Prop_BUFCE_BUFGCE_HDIO_I_O)
                                                      0.017     0.444 r  bufg_clk/O
    X0Y3 (CLOCK_ROOT)    net (fo=64, routed)          0.712     1.156    clk
    SLICE_X0Y213         FDRE                                         r  input_current_r_reg[23]/C
  -------------------------------------------------------------------    -------------------
    SLICE_X0Y213         FDRE (Prop_EFF2_SLICEL_C_Q)
                                                      0.040     1.196 r  input_current_r_reg[23]/Q
                         net (fo=7, routed)           0.276     1.472    u_lif/Q[23]
    SLICE_X4Y220         LUT6 (Prop_A6LUT_SLICEM_I3_O)
                                                      0.014     1.486 r  u_lif/internal_value[23]_i_1/O
                         net (fo=1, routed)           0.018     1.504    u_lif/p_1_in[23]
    SLICE_X4Y220         FDRE                                         r  u_lif/internal_value_reg[23]/D
  -------------------------------------------------------------------    -------------------

                         (clock clk_in rise edge)     0.000     0.000 r  
    D14                                               0.000     0.000 r  clk_in (IN)
                         net (fo=0)                   0.000     0.000    clk_in_IBUF_inst/I
    D14                  INBUF (Prop_INBUF_HDIOB_M_PAD_O)
                                                      0.624     0.624 r  clk_in_IBUF_inst/INBUF_INST/O
                         net (fo=1, routed)           0.000     0.624    clk_in_IBUF_inst/OUT
    D14                  IBUFCTRL (Prop_IBUFCTRL_HDIOB_M_I_O)
                                                      0.000     0.624 r  clk_in_IBUF_inst/IBUFCTRL_INST/O
                         net (fo=1, routed)           0.113     0.737    clk_in_IBUF
    BUFGCE_HDIO_X0Y6     BUFGCE (Prop_BUFCE_BUFGCE_HDIO_I_O)
                                                      0.019     0.756 r  bufg_clk/O
    X0Y3 (CLOCK_ROOT)    net (fo=64, routed)          0.814     1.570    u_lif/clk
    SLICE_X4Y220         FDRE                                         r  u_lif/internal_value_reg[23]/C
                         clock pessimism             -0.361     1.209    
                         clock uncertainty            0.200     1.409    
    SLICE_X4Y220         FDRE (Hold_AFF_SLICEM_C_D)
                                                      0.046     1.455    u_lif/internal_value_reg[23]
  -------------------------------------------------------------------
                         required time                         -1.455    
                         arrival time                           1.504    
  -------------------------------------------------------------------
                         slack                                  0.048    

Slack (MET) :             0.050ns  (arrival time - required time)
  Source:                 input_current_r_reg[20]/C
                            (rising edge-triggered cell FDRE clocked by clk_in  {rise@0.000ns fall@5.000ns period=10.000ns})
  Destination:            u_lif/internal_value_reg[20]/D
                            (rising edge-triggered cell FDRE clocked by clk_in  {rise@0.000ns fall@5.000ns period=10.000ns})
  Path Group:             clk_in
  Path Type:              Hold (Min at Fast Process Corner)
  Requirement:            0.000ns  (clk_in rise@0.000ns - clk_in rise@0.000ns)
  Data Path Delay:        0.349ns  (logic 0.053ns (15.168%)  route 0.296ns (84.832%))
  Logic Levels:           1  (LUT6=1)
  Clock Path Skew:        0.053ns (DCD - SCD - CPR)
    Destination Clock Delay (DCD):    1.570ns
    Source Clock Delay      (SCD):    1.156ns
    Clock Pessimism Removal (CPR):    0.361ns
  Clock Uncertainty:      0.200ns  ((TSJ^2 + TIJ^2)^1/2 + DJ) / 2 + PE + UU
    Total System Jitter     (TSJ):    0.000ns
    Total Input Jitter      (TIJ):    0.000ns
    Discrete Jitter          (DJ):    0.000ns
    Phase Error              (PE):    0.000ns
    User Uncertainty         (UU):    0.200ns
  Clock Net Delay (Source):      0.712ns (routing 0.242ns, distribution 0.470ns)
  Clock Net Delay (Destination): 0.814ns (routing 0.268ns, distribution 0.546ns)

    Location             Delay type                Incr(ns)  Path(ns)    Netlist Resource(s)
  -------------------------------------------------------------------    -------------------
                         (clock clk_in rise edge)     0.000     0.000 r  
    D14                                               0.000     0.000 r  clk_in (IN)
                         net (fo=0)                   0.000     0.000    clk_in_IBUF_inst/I
    D14                  INBUF (Prop_INBUF_HDIOB_M_PAD_O)
                                                      0.336     0.336 r  clk_in_IBUF_inst/INBUF_INST/O
                         net (fo=1, routed)           0.000     0.336    clk_in_IBUF_inst/OUT
    D14                  IBUFCTRL (Prop_IBUFCTRL_HDIOB_M_I_O)
                                                      0.000     0.336 r  clk_in_IBUF_inst/IBUFCTRL_INST/O
                         net (fo=1, routed)           0.091     0.427    clk_in_IBUF
    BUFGCE_HDIO_X0Y6     BUFGCE (Prop_BUFCE_BUFGCE_HDIO_I_O)
                                                      0.017     0.444 r  bufg_clk/O
    X0Y3 (CLOCK_ROOT)    net (fo=64, routed)          0.712     1.156    clk
    SLICE_X0Y212         FDRE                                         r  input_current_r_reg[20]/C
  -------------------------------------------------------------------    -------------------
    SLICE_X0Y212         FDRE (Prop_EFF_SLICEL_C_Q)
                                                      0.039     1.195 r  input_current_r_reg[20]/Q
                         net (fo=6, routed)           0.275     1.470    u_lif/Q[20]
    SLICE_X4Y220         LUT6 (Prop_B6LUT_SLICEM_I3_O)
                                                      0.014     1.484 r  u_lif/internal_value[20]_i_1/O
                         net (fo=1, routed)           0.021     1.505    u_lif/p_1_in[20]
    SLICE_X4Y220         FDRE                                         r  u_lif/internal_value_reg[20]/D
  -------------------------------------------------------------------    -------------------

                         (clock clk_in rise edge)     0.000     0.000 r  
    D14                                               0.000     0.000 r  clk_in (IN)
                         net (fo=0)                   0.000     0.000    clk_in_IBUF_inst/I
    D14                  INBUF (Prop_INBUF_HDIOB_M_PAD_O)
                                                      0.624     0.624 r  clk_in_IBUF_inst/INBUF_INST/O
                         net (fo=1, routed)           0.000     0.624    clk_in_IBUF_inst/OUT
    D14                  IBUFCTRL (Prop_IBUFCTRL_HDIOB_M_I_O)
                                                      0.000     0.624 r  clk_in_IBUF_inst/IBUFCTRL_INST/O
                         net (fo=1, routed)           0.113     0.737    clk_in_IBUF
    BUFGCE_HDIO_X0Y6     BUFGCE (Prop_BUFCE_BUFGCE_HDIO_I_O)
                                                      0.019     0.756 r  bufg_clk/O
    X0Y3 (CLOCK_ROOT)    net (fo=64, routed)          0.814     1.570    u_lif/clk
    SLICE_X4Y220         FDRE                                         r  u_lif/internal_value_reg[20]/C
                         clock pessimism             -0.361     1.209    
                         clock uncertainty            0.200     1.409    
    SLICE_X4Y220         FDRE (Hold_BFF_SLICEM_C_D)
                                                      0.046     1.455    u_lif/internal_value_reg[20]
  -------------------------------------------------------------------
                         required time                         -1.455    
                         arrival time                           1.505    
  -------------------------------------------------------------------
                         slack                                  0.050    

Slack (MET) :             0.055ns  (arrival time - required time)
  Source:                 input_current[11]
                            (input port clocked by clk_in  {rise@0.000ns fall@5.000ns period=10.000ns})
  Destination:            input_current_r_reg[11]/D
                            (rising edge-triggered cell FDRE clocked by clk_in  {rise@0.000ns fall@5.000ns period=10.000ns})
  Path Group:             clk_in
  Path Type:              Hold (Min at Slow Process Corner)
  Requirement:            0.000ns  (clk_in rise@0.000ns - clk_in rise@0.000ns)
  Data Path Delay:        2.845ns  (logic 0.298ns (10.471%)  route 2.547ns (89.529%))
  Logic Levels:           3  (IBUFCTRL=1 INBUF=1 LUT1=1)
  Input Delay:            0.000ns
  Clock Path Skew:        2.530ns (DCD - SCD - CPR)
    Destination Clock Delay (DCD):    2.530ns
    Source Clock Delay      (SCD):    0.000ns
    Clock Pessimism Removal (CPR):    -0.000ns
  Clock Uncertainty:      0.200ns  ((TSJ^2 + TIJ^2)^1/2 + DJ) / 2 + PE + UU
    Total System Jitter     (TSJ):    0.000ns
    Total Input Jitter      (TIJ):    0.000ns
    Discrete Jitter          (DJ):    0.000ns
    Phase Error              (PE):    0.000ns
    User Uncertainty         (UU):    0.200ns
  Clock Net Delay (Destination): 1.296ns (routing 0.438ns, distribution 0.858ns)

    Location             Delay type                Incr(ns)  Path(ns)    Netlist Resource(s)
  -------------------------------------------------------------------    -------------------
                         (clock clk_in rise edge)     0.000     0.000 r  
                         input delay                  0.000     0.000    
    A23                                               0.000     0.000 r  input_current[11] (IN)
                         net (fo=0)                   0.000     0.000    input_current_IBUF[11]_inst/I
    A23                  INBUF (Prop_INBUF_HPIOB_S_PAD_O)
                                                      0.266     0.266 r  input_current_IBUF[11]_inst/INBUF_INST/O
                         net (fo=1, routed)           0.000     0.266    input_current_IBUF[11]_inst/OUT
    A23                  IBUFCTRL (Prop_IBUFCTRL_HPIOB_S_I_O)
                                                      0.000     0.266 r  input_current_IBUF[11]_inst/IBUFCTRL_INST/O
                         net (fo=1, routed)           1.485     1.751    input_current_IBUF[11]
    SLICE_X85Y239        LUT1 (Prop_A5LUT_SLICEL_I0_O)
                                                      0.032     1.783 r  input_current_IBUF[11]_hold_fix/O
                         net (fo=1, routed)           1.062     2.845    input_current_IBUF[11]_hold_fix_1
    SLICE_X2Y220         FDRE                                         r  input_current_r_reg[11]/D
  -------------------------------------------------------------------    -------------------

                         (clock clk_in rise edge)     0.000     0.000 r  
    D14                                               0.000     0.000 r  clk_in (IN)
                         net (fo=0)                   0.000     0.000    clk_in_IBUF_inst/I
    D14                  INBUF (Prop_INBUF_HDIOB_M_PAD_O)
                                                      1.002     1.002 r  clk_in_IBUF_inst/INBUF_INST/O
                         net (fo=1, routed)           0.000     1.002    clk_in_IBUF_inst/OUT
    D14                  IBUFCTRL (Prop_IBUFCTRL_HDIOB_M_I_O)
                                                      0.000     1.002 r  clk_in_IBUF_inst/IBUFCTRL_INST/O
                         net (fo=1, routed)           0.204     1.206    clk_in_IBUF
    BUFGCE_HDIO_X0Y6     BUFGCE (Prop_BUFCE_BUFGCE_HDIO_I_O)
                                                      0.028     1.234 r  bufg_clk/O
    X0Y3 (CLOCK_ROOT)    net (fo=64, routed)          1.296     2.530    clk
    SLICE_X2Y220         FDRE                                         r  input_current_r_reg[11]/C
                         clock pessimism              0.000     2.530    
                         clock uncertainty            0.200     2.730    
    SLICE_X2Y220         FDRE (Hold_EFF_SLICEL_C_D)
                                                      0.060     2.790    input_current_r_reg[11]
  -------------------------------------------------------------------
                         required time                         -2.790    
                         arrival time                           2.845    
  -------------------------------------------------------------------
                         slack                                  0.055    

Slack (MET) :             0.068ns  (arrival time - required time)
  Source:                 new_image_r_reg/C
                            (rising edge-triggered cell FDRE clocked by clk_in  {rise@0.000ns fall@5.000ns period=10.000ns})
  Destination:            u_lif/internal_value_reg[24]/D
                            (rising edge-triggered cell FDRE clocked by clk_in  {rise@0.000ns fall@5.000ns period=10.000ns})
  Path Group:             clk_in
  Path Type:              Hold (Min at Fast Process Corner)
  Requirement:            0.000ns  (clk_in rise@0.000ns - clk_in rise@0.000ns)
  Data Path Delay:        0.356ns  (logic 0.053ns (14.886%)  route 0.303ns (85.114%))
  Logic Levels:           1  (LUT6=1)
  Clock Path Skew:        0.042ns (DCD - SCD - CPR)
    Destination Clock Delay (DCD):    1.562ns
    Source Clock Delay      (SCD):    1.159ns
    Clock Pessimism Removal (CPR):    0.361ns
  Clock Uncertainty:      0.200ns  ((TSJ^2 + TIJ^2)^1/2 + DJ) / 2 + PE + UU
    Total System Jitter     (TSJ):    0.000ns
    Total Input Jitter      (TIJ):    0.000ns
    Discrete Jitter          (DJ):    0.000ns
    Phase Error              (PE):    0.000ns
    User Uncertainty         (UU):    0.200ns
  Clock Net Delay (Source):      0.716ns (routing 0.242ns, distribution 0.474ns)
  Clock Net Delay (Destination): 0.806ns (routing 0.268ns, distribution 0.538ns)

    Location             Delay type                Incr(ns)  Path(ns)    Netlist Resource(s)
  -------------------------------------------------------------------    -------------------
                         (clock clk_in rise edge)     0.000     0.000 r  
    D14                                               0.000     0.000 r  clk_in (IN)
                         net (fo=0)                   0.000     0.000    clk_in_IBUF_inst/I
    D14                  INBUF (Prop_INBUF_HDIOB_M_PAD_O)
                                                      0.336     0.336 r  clk_in_IBUF_inst/INBUF_INST/O
                         net (fo=1, routed)           0.000     0.336    clk_in_IBUF_inst/OUT
    D14                  IBUFCTRL (Prop_IBUFCTRL_HDIOB_M_I_O)
                                                      0.000     0.336 r  clk_in_IBUF_inst/IBUFCTRL_INST/O
                         net (fo=1, routed)           0.091     0.427    clk_in_IBUF
    BUFGCE_HDIO_X0Y6     BUFGCE (Prop_BUFCE_BUFGCE_HDIO_I_O)
                                                      0.017     0.444 r  bufg_clk/O
    X0Y3 (CLOCK_ROOT)    net (fo=64, routed)          0.716     1.159    clk
    SLICE_X4Y225         FDRE                                         r  new_image_r_reg/C
  -------------------------------------------------------------------    -------------------
    SLICE_X4Y225         FDRE (Prop_EFF2_SLICEM_C_Q)
                                                      0.039     1.198 r  new_image_r_reg/Q
                         net (fo=36, routed)          0.287     1.485    u_lif/new_image_r
    SLICE_X3Y221         LUT6 (Prop_D6LUT_SLICEL_I2_O)
                                                      0.014     1.499 r  u_lif/internal_value[24]_i_1/O
                         net (fo=1, routed)           0.016     1.515    u_lif/p_1_in[24]
    SLICE_X3Y221         FDRE                                         r  u_lif/internal_value_reg[24]/D
  -------------------------------------------------------------------    -------------------

                         (clock clk_in rise edge)     0.000     0.000 r  
    D14                                               0.000     0.000 r  clk_in (IN)
                         net (fo=0)                   0.000     0.000    clk_in_IBUF_inst/I
    D14                  INBUF (Prop_INBUF_HDIOB_M_PAD_O)
                                                      0.624     0.624 r  clk_in_IBUF_inst/INBUF_INST/O
                         net (fo=1, routed)           0.000     0.624    clk_in_IBUF_inst/OUT
    D14                  IBUFCTRL (Prop_IBUFCTRL_HDIOB_M_I_O)
                                                      0.000     0.624 r  clk_in_IBUF_inst/IBUFCTRL_INST/O
                         net (fo=1, routed)           0.113     0.737    clk_in_IBUF
    BUFGCE_HDIO_X0Y6     BUFGCE (Prop_BUFCE_BUFGCE_HDIO_I_O)
                                                      0.019     0.756 r  bufg_clk/O
    X0Y3 (CLOCK_ROOT)    net (fo=64, routed)          0.806     1.562    u_lif/clk
    SLICE_X3Y221         FDRE                                         r  u_lif/internal_value_reg[24]/C
                         clock pessimism             -0.361     1.201    
                         clock uncertainty            0.200     1.401    
    SLICE_X3Y221         FDRE (Hold_DFF_SLICEL_C_D)
                                                      0.046     1.447    u_lif/internal_value_reg[24]
  -------------------------------------------------------------------
                         required time                         -1.447    
                         arrival time                           1.515    
  -------------------------------------------------------------------
                         slack                                  0.068    

Slack (MET) :             0.069ns  (arrival time - required time)
  Source:                 input_current_r_reg[26]/C
                            (rising edge-triggered cell FDRE clocked by clk_in  {rise@0.000ns fall@5.000ns period=10.000ns})
  Destination:            u_lif/internal_value_reg[26]/D
                            (rising edge-triggered cell FDRE clocked by clk_in  {rise@0.000ns fall@5.000ns period=10.000ns})
  Path Group:             clk_in
  Path Type:              Hold (Min at Fast Process Corner)
  Requirement:            0.000ns  (clk_in rise@0.000ns - clk_in rise@0.000ns)
  Data Path Delay:        0.329ns  (logic 0.054ns (16.402%)  route 0.275ns (83.598%))
  Logic Levels:           1  (LUT6=1)
  Clock Path Skew:        0.014ns (DCD - SCD - CPR)
    Destination Clock Delay (DCD):    1.562ns
    Source Clock Delay      (SCD):    1.157ns
    Clock Pessimism Removal (CPR):    0.391ns
  Clock Uncertainty:      0.200ns  ((TSJ^2 + TIJ^2)^1/2 + DJ) / 2 + PE + UU
    Total System Jitter     (TSJ):    0.000ns
    Total Input Jitter      (TIJ):    0.000ns
    Discrete Jitter          (DJ):    0.000ns
    Phase Error              (PE):    0.000ns
    User Uncertainty         (UU):    0.200ns
  Clock Net Delay (Source):      0.713ns (routing 0.242ns, distribution 0.471ns)
  Clock Net Delay (Destination): 0.806ns (routing 0.268ns, distribution 0.538ns)

    Location             Delay type                Incr(ns)  Path(ns)    Netlist Resource(s)
  -------------------------------------------------------------------    -------------------
                         (clock clk_in rise edge)     0.000     0.000 r  
    D14                                               0.000     0.000 r  clk_in (IN)
                         net (fo=0)                   0.000     0.000    clk_in_IBUF_inst/I
    D14                  INBUF (Prop_INBUF_HDIOB_M_PAD_O)
                                                      0.336     0.336 r  clk_in_IBUF_inst/INBUF_INST/O
                         net (fo=1, routed)           0.000     0.336    clk_in_IBUF_inst/OUT
    D14                  IBUFCTRL (Prop_IBUFCTRL_HDIOB_M_I_O)
                                                      0.000     0.336 r  clk_in_IBUF_inst/IBUFCTRL_INST/O
                         net (fo=1, routed)           0.091     0.427    clk_in_IBUF
    BUFGCE_HDIO_X0Y6     BUFGCE (Prop_BUFCE_BUFGCE_HDIO_I_O)
                                                      0.017     0.444 r  bufg_clk/O
    X0Y3 (CLOCK_ROOT)    net (fo=64, routed)          0.713     1.157    clk
    SLICE_X3Y220         FDRE                                         r  input_current_r_reg[26]/C
  -------------------------------------------------------------------    -------------------
    SLICE_X3Y220         FDRE (Prop_EFF_SLICEL_C_Q)
                                                      0.039     1.196 r  input_current_r_reg[26]/Q
                         net (fo=8, routed)           0.260     1.456    u_lif/Q[26]
    SLICE_X3Y221         LUT6 (Prop_B6LUT_SLICEL_I3_O)
                                                      0.015     1.471 r  u_lif/internal_value[26]_i_1/O
                         net (fo=1, routed)           0.015     1.486    u_lif/p_1_in[26]
    SLICE_X3Y221         FDRE                                         r  u_lif/internal_value_reg[26]/D
  -------------------------------------------------------------------    -------------------

                         (clock clk_in rise edge)     0.000     0.000 r  
    D14                                               0.000     0.000 r  clk_in (IN)
                         net (fo=0)                   0.000     0.000    clk_in_IBUF_inst/I
    D14                  INBUF (Prop_INBUF_HDIOB_M_PAD_O)
                                                      0.624     0.624 r  clk_in_IBUF_inst/INBUF_INST/O
                         net (fo=1, routed)           0.000     0.624    clk_in_IBUF_inst/OUT
    D14                  IBUFCTRL (Prop_IBUFCTRL_HDIOB_M_I_O)
                                                      0.000     0.624 r  clk_in_IBUF_inst/IBUFCTRL_INST/O
                         net (fo=1, routed)           0.113     0.737    clk_in_IBUF
    BUFGCE_HDIO_X0Y6     BUFGCE (Prop_BUFCE_BUFGCE_HDIO_I_O)
                                                      0.019     0.756 r  bufg_clk/O
    X0Y3 (CLOCK_ROOT)    net (fo=64, routed)          0.806     1.562    u_lif/clk
    SLICE_X3Y221         FDRE                                         r  u_lif/internal_value_reg[26]/C
                         clock pessimism             -0.391     1.171    
                         clock uncertainty            0.200     1.371    
    SLICE_X3Y221         FDRE (Hold_BFF_SLICEL_C_D)
                                                      0.046     1.417    u_lif/internal_value_reg[26]
  -------------------------------------------------------------------
                         required time                         -1.417    
                         arrival time                           1.486    
  -------------------------------------------------------------------
                         slack                                  0.069    

Slack (MET) :             0.069ns  (arrival time - required time)
  Source:                 new_image_r_reg/C
                            (rising edge-triggered cell FDRE clocked by clk_in  {rise@0.000ns fall@5.000ns period=10.000ns})
  Destination:            u_lif/internal_value_reg[25]/D
                            (rising edge-triggered cell FDRE clocked by clk_in  {rise@0.000ns fall@5.000ns period=10.000ns})
  Path Group:             clk_in
  Path Type:              Hold (Min at Fast Process Corner)
  Requirement:            0.000ns  (clk_in rise@0.000ns - clk_in rise@0.000ns)
  Data Path Delay:        0.357ns  (logic 0.053ns (14.845%)  route 0.304ns (85.155%))
  Logic Levels:           1  (LUT6=1)
  Clock Path Skew:        0.042ns (DCD - SCD - CPR)
    Destination Clock Delay (DCD):    1.562ns
    Source Clock Delay      (SCD):    1.159ns
    Clock Pessimism Removal (CPR):    0.361ns
  Clock Uncertainty:      0.200ns  ((TSJ^2 + TIJ^2)^1/2 + DJ) / 2 + PE + UU
    Total System Jitter     (TSJ):    0.000ns
    Total Input Jitter      (TIJ):    0.000ns
    Discrete Jitter          (DJ):    0.000ns
    Phase Error              (PE):    0.000ns
    User Uncertainty         (UU):    0.200ns
  Clock Net Delay (Source):      0.716ns (routing 0.242ns, distribution 0.474ns)
  Clock Net Delay (Destination): 0.806ns (routing 0.268ns, distribution 0.538ns)

    Location             Delay type                Incr(ns)  Path(ns)    Netlist Resource(s)
  -------------------------------------------------------------------    -------------------
                         (clock clk_in rise edge)     0.000     0.000 r  
    D14                                               0.000     0.000 r  clk_in (IN)
                         net (fo=0)                   0.000     0.000    clk_in_IBUF_inst/I
    D14                  INBUF (Prop_INBUF_HDIOB_M_PAD_O)
                                                      0.336     0.336 r  clk_in_IBUF_inst/INBUF_INST/O
                         net (fo=1, routed)           0.000     0.336    clk_in_IBUF_inst/OUT
    D14                  IBUFCTRL (Prop_IBUFCTRL_HDIOB_M_I_O)
                                                      0.000     0.336 r  clk_in_IBUF_inst/IBUFCTRL_INST/O
                         net (fo=1, routed)           0.091     0.427    clk_in_IBUF
    BUFGCE_HDIO_X0Y6     BUFGCE (Prop_BUFCE_BUFGCE_HDIO_I_O)
                                                      0.017     0.444 r  bufg_clk/O
    X0Y3 (CLOCK_ROOT)    net (fo=64, routed)          0.716     1.159    clk
    SLICE_X4Y225         FDRE                                         r  new_image_r_reg/C
  -------------------------------------------------------------------    -------------------
    SLICE_X4Y225         FDRE (Prop_EFF2_SLICEM_C_Q)
                                                      0.039     1.198 r  new_image_r_reg/Q
                         net (fo=36, routed)          0.287     1.485    u_lif/new_image_r
    SLICE_X3Y221         LUT6 (Prop_C6LUT_SLICEL_I2_O)
                                                      0.014     1.499 r  u_lif/internal_value[25]_i_1/O
                         net (fo=1, routed)           0.017     1.516    u_lif/p_1_in[25]
    SLICE_X3Y221         FDRE                                         r  u_lif/internal_value_reg[25]/D
  -------------------------------------------------------------------    -------------------

                         (clock clk_in rise edge)     0.000     0.000 r  
    D14                                               0.000     0.000 r  clk_in (IN)
                         net (fo=0)                   0.000     0.000    clk_in_IBUF_inst/I
    D14                  INBUF (Prop_INBUF_HDIOB_M_PAD_O)
                                                      0.624     0.624 r  clk_in_IBUF_inst/INBUF_INST/O
                         net (fo=1, routed)           0.000     0.624    clk_in_IBUF_inst/OUT
    D14                  IBUFCTRL (Prop_IBUFCTRL_HDIOB_M_I_O)
                                                      0.000     0.624 r  clk_in_IBUF_inst/IBUFCTRL_INST/O
                         net (fo=1, routed)           0.113     0.737    clk_in_IBUF
    BUFGCE_HDIO_X0Y6     BUFGCE (Prop_BUFCE_BUFGCE_HDIO_I_O)
                                                      0.019     0.756 r  bufg_clk/O
    X0Y3 (CLOCK_ROOT)    net (fo=64, routed)          0.806     1.562    u_lif/clk
    SLICE_X3Y221         FDRE                                         r  u_lif/internal_value_reg[25]/C
                         clock pessimism             -0.361     1.201    
                         clock uncertainty            0.200     1.401    
    SLICE_X3Y221         FDRE (Hold_CFF_SLICEL_C_D)
                                                      0.046     1.447    u_lif/internal_value_reg[25]
  -------------------------------------------------------------------
                         required time                         -1.447    
                         arrival time                           1.516    
  -------------------------------------------------------------------
                         slack                                  0.069    

Slack (MET) :             0.070ns  (arrival time - required time)
  Source:                 u_lif/refractory_counter_reg[2]/C
                            (rising edge-triggered cell FDRE clocked by clk_in  {rise@0.000ns fall@5.000ns period=10.000ns})
  Destination:            u_lif/refractory_counter_reg[1]/D
                            (rising edge-triggered cell FDRE clocked by clk_in  {rise@0.000ns fall@5.000ns period=10.000ns})
  Path Group:             clk_in
  Path Type:              Hold (Min at Fast Process Corner)
  Requirement:            0.000ns  (clk_in rise@0.000ns - clk_in rise@0.000ns)
  Data Path Delay:        0.322ns  (logic 0.053ns (16.470%)  route 0.269ns (83.530%))
  Logic Levels:           1  (LUT6=1)
  Clock Path Skew:        0.006ns (DCD - SCD - CPR)
    Destination Clock Delay (DCD):    1.572ns
    Source Clock Delay      (SCD):    1.160ns
    Clock Pessimism Removal (CPR):    0.406ns
  Clock Uncertainty:      0.200ns  ((TSJ^2 + TIJ^2)^1/2 + DJ) / 2 + PE + UU
    Total System Jitter     (TSJ):    0.000ns
    Total Input Jitter      (TIJ):    0.000ns
    Discrete Jitter          (DJ):    0.000ns
    Phase Error              (PE):    0.000ns
    User Uncertainty         (UU):    0.200ns
  Clock Net Delay (Source):      0.717ns (routing 0.242ns, distribution 0.475ns)
  Clock Net Delay (Destination): 0.816ns (routing 0.268ns, distribution 0.548ns)

    Location             Delay type                Incr(ns)  Path(ns)    Netlist Resource(s)
  -------------------------------------------------------------------    -------------------
                         (clock clk_in rise edge)     0.000     0.000 r  
    D14                                               0.000     0.000 r  clk_in (IN)
                         net (fo=0)                   0.000     0.000    clk_in_IBUF_inst/I
    D14                  INBUF (Prop_INBUF_HDIOB_M_PAD_O)
                                                      0.336     0.336 r  clk_in_IBUF_inst/INBUF_INST/O
                         net (fo=1, routed)           0.000     0.336    clk_in_IBUF_inst/OUT
    D14                  IBUFCTRL (Prop_IBUFCTRL_HDIOB_M_I_O)
                                                      0.000     0.336 r  clk_in_IBUF_inst/IBUFCTRL_INST/O
                         net (fo=1, routed)           0.091     0.427    clk_in_IBUF
    BUFGCE_HDIO_X0Y6     BUFGCE (Prop_BUFCE_BUFGCE_HDIO_I_O)
                                                      0.017     0.444 r  bufg_clk/O
    X0Y3 (CLOCK_ROOT)    net (fo=64, routed)          0.717     1.160    u_lif/clk
    SLICE_X4Y225         FDRE                                         r  u_lif/refractory_counter_reg[2]/C
  -------------------------------------------------------------------    -------------------
    SLICE_X4Y225         FDRE (Prop_DFF_SLICEM_C_Q)
                                                      0.039     1.199 f  u_lif/refractory_counter_reg[2]/Q
                         net (fo=4, routed)           0.251     1.450    u_lif/refractory_counter_reg_n_0_[2]
    SLICE_X4Y225         LUT6 (Prop_A6LUT_SLICEM_I1_O)
                                                      0.014     1.464 r  u_lif/refractory_counter[1]_i_1/O
                         net (fo=1, routed)           0.018     1.482    u_lif/refractory_counter[1]_i_1_n_0
    SLICE_X4Y225         FDRE                                         r  u_lif/refractory_counter_reg[1]/D
  -------------------------------------------------------------------    -------------------

                         (clock clk_in rise edge)     0.000     0.000 r  
    D14                                               0.000     0.000 r  clk_in (IN)
                         net (fo=0)                   0.000     0.000    clk_in_IBUF_inst/I
    D14                  INBUF (Prop_INBUF_HDIOB_M_PAD_O)
                                                      0.624     0.624 r  clk_in_IBUF_inst/INBUF_INST/O
                         net (fo=1, routed)           0.000     0.624    clk_in_IBUF_inst/OUT
    D14                  IBUFCTRL (Prop_IBUFCTRL_HDIOB_M_I_O)
                                                      0.000     0.624 r  clk_in_IBUF_inst/IBUFCTRL_INST/O
                         net (fo=1, routed)           0.113     0.737    clk_in_IBUF
    BUFGCE_HDIO_X0Y6     BUFGCE (Prop_BUFCE_BUFGCE_HDIO_I_O)
                                                      0.019     0.756 r  bufg_clk/O
    X0Y3 (CLOCK_ROOT)    net (fo=64, routed)          0.816     1.572    u_lif/clk
    SLICE_X4Y225         FDRE                                         r  u_lif/refractory_counter_reg[1]/C
                         clock pessimism             -0.406     1.166    
                         clock uncertainty            0.200     1.366    
    SLICE_X4Y225         FDRE (Hold_AFF_SLICEM_C_D)
                                                      0.046     1.412    u_lif/refractory_counter_reg[1]
  -------------------------------------------------------------------
                         required time                         -1.412    
                         arrival time                           1.482    
  -------------------------------------------------------------------
                         slack                                  0.070    

Slack (MET) :             0.072ns  (arrival time - required time)
  Source:                 u_lif/refractory_counter_reg[0]/C
                            (rising edge-triggered cell FDRE clocked by clk_in  {rise@0.000ns fall@5.000ns period=10.000ns})
  Destination:            u_lif/refractory_counter_reg[3]/D
                            (rising edge-triggered cell FDRE clocked by clk_in  {rise@0.000ns fall@5.000ns period=10.000ns})
  Path Group:             clk_in
  Path Type:              Hold (Min at Fast Process Corner)
  Requirement:            0.000ns  (clk_in rise@0.000ns - clk_in rise@0.000ns)
  Data Path Delay:        0.324ns  (logic 0.075ns (23.122%)  route 0.249ns (76.878%))
  Logic Levels:           1  (LUT6=1)
  Clock Path Skew:        0.006ns (DCD - SCD - CPR)
    Destination Clock Delay (DCD):    1.572ns
    Source Clock Delay      (SCD):    1.160ns
    Clock Pessimism Removal (CPR):    0.406ns
  Clock Uncertainty:      0.200ns  ((TSJ^2 + TIJ^2)^1/2 + DJ) / 2 + PE + UU
    Total System Jitter     (TSJ):    0.000ns
    Total Input Jitter      (TIJ):    0.000ns
    Discrete Jitter          (DJ):    0.000ns
    Phase Error              (PE):    0.000ns
    User Uncertainty         (UU):    0.200ns
  Clock Net Delay (Source):      0.717ns (routing 0.242ns, distribution 0.475ns)
  Clock Net Delay (Destination): 0.816ns (routing 0.268ns, distribution 0.548ns)

    Location             Delay type                Incr(ns)  Path(ns)    Netlist Resource(s)
  -------------------------------------------------------------------    -------------------
                         (clock clk_in rise edge)     0.000     0.000 r  
    D14                                               0.000     0.000 r  clk_in (IN)
                         net (fo=0)                   0.000     0.000    clk_in_IBUF_inst/I
    D14                  INBUF (Prop_INBUF_HDIOB_M_PAD_O)
                                                      0.336     0.336 r  clk_in_IBUF_inst/INBUF_INST/O
                         net (fo=1, routed)           0.000     0.336    clk_in_IBUF_inst/OUT
    D14                  IBUFCTRL (Prop_IBUFCTRL_HDIOB_M_I_O)
                                                      0.000     0.336 r  clk_in_IBUF_inst/IBUFCTRL_INST/O
                         net (fo=1, routed)           0.091     0.427    clk_in_IBUF
    BUFGCE_HDIO_X0Y6     BUFGCE (Prop_BUFCE_BUFGCE_HDIO_I_O)
                                                      0.017     0.444 r  bufg_clk/O
    X0Y3 (CLOCK_ROOT)    net (fo=64, routed)          0.717     1.160    u_lif/clk
    SLICE_X4Y225         FDRE                                         r  u_lif/refractory_counter_reg[0]/C
  -------------------------------------------------------------------    -------------------
    SLICE_X4Y225         FDRE (Prop_BFF2_SLICEM_C_Q)
                                                      0.040     1.200 r  u_lif/refractory_counter_reg[0]/Q
                         net (fo=5, routed)           0.225     1.426    u_lif/refractory_counter_reg_n_0_[0]
    SLICE_X4Y225         LUT6 (Prop_C6LUT_SLICEM_I4_O)
                                                      0.035     1.461 r  u_lif/refractory_counter[3]_i_2/O
                         net (fo=1, routed)           0.024     1.485    u_lif/refractory_counter[3]_i_2_n_0
    SLICE_X4Y225         FDRE                                         r  u_lif/refractory_counter_reg[3]/D
  -------------------------------------------------------------------    -------------------

                         (clock clk_in rise edge)     0.000     0.000 r  
    D14                                               0.000     0.000 r  clk_in (IN)
                         net (fo=0)                   0.000     0.000    clk_in_IBUF_inst/I
    D14                  INBUF (Prop_INBUF_HDIOB_M_PAD_O)
                                                      0.624     0.624 r  clk_in_IBUF_inst/INBUF_INST/O
                         net (fo=1, routed)           0.000     0.624    clk_in_IBUF_inst/OUT
    D14                  IBUFCTRL (Prop_IBUFCTRL_HDIOB_M_I_O)
                                                      0.000     0.624 r  clk_in_IBUF_inst/IBUFCTRL_INST/O
                         net (fo=1, routed)           0.113     0.737    clk_in_IBUF
    BUFGCE_HDIO_X0Y6     BUFGCE (Prop_BUFCE_BUFGCE_HDIO_I_O)
                                                      0.019     0.756 r  bufg_clk/O
    X0Y3 (CLOCK_ROOT)    net (fo=64, routed)          0.816     1.572    u_lif/clk
    SLICE_X4Y225         FDRE                                         r  u_lif/refractory_counter_reg[3]/C
                         clock pessimism             -0.406     1.166    
                         clock uncertainty            0.200     1.366    
    SLICE_X4Y225         FDRE (Hold_CFF_SLICEM_C_D)
                                                      0.046     1.412    u_lif/refractory_counter_reg[3]
  -------------------------------------------------------------------
                         required time                         -1.412    
                         arrival time                           1.485    
  -------------------------------------------------------------------
                         slack                                  0.072    

Slack (MET) :             0.074ns  (arrival time - required time)
  Source:                 input_current_r_reg[18]/C
                            (rising edge-triggered cell FDRE clocked by clk_in  {rise@0.000ns fall@5.000ns period=10.000ns})
  Destination:            u_lif/internal_value_reg[18]/D
                            (rising edge-triggered cell FDRE clocked by clk_in  {rise@0.000ns fall@5.000ns period=10.000ns})
  Path Group:             clk_in
  Path Type:              Hold (Min at Fast Process Corner)
  Requirement:            0.000ns  (clk_in rise@0.000ns - clk_in rise@0.000ns)
  Data Path Delay:        0.328ns  (logic 0.053ns (16.150%)  route 0.275ns (83.850%))
  Logic Levels:           1  (LUT6=1)
  Clock Path Skew:        0.009ns (DCD - SCD - CPR)
    Destination Clock Delay (DCD):    1.568ns
    Source Clock Delay      (SCD):    1.161ns
    Clock Pessimism Removal (CPR):    0.398ns
  Clock Uncertainty:      0.200ns  ((TSJ^2 + TIJ^2)^1/2 + DJ) / 2 + PE + UU
    Total System Jitter     (TSJ):    0.000ns
    Total Input Jitter      (TIJ):    0.000ns
    Discrete Jitter          (DJ):    0.000ns
    Phase Error              (PE):    0.000ns
    User Uncertainty         (UU):    0.200ns
  Clock Net Delay (Source):      0.718ns (routing 0.242ns, distribution 0.476ns)
  Clock Net Delay (Destination): 0.812ns (routing 0.268ns, distribution 0.544ns)

    Location             Delay type                Incr(ns)  Path(ns)    Netlist Resource(s)
  -------------------------------------------------------------------    -------------------
                         (clock clk_in rise edge)     0.000     0.000 r  
    D14                                               0.000     0.000 r  clk_in (IN)
                         net (fo=0)                   0.000     0.000    clk_in_IBUF_inst/I
    D14                  INBUF (Prop_INBUF_HDIOB_M_PAD_O)
                                                      0.336     0.336 r  clk_in_IBUF_inst/INBUF_INST/O
                         net (fo=1, routed)           0.000     0.336    clk_in_IBUF_inst/OUT
    D14                  IBUFCTRL (Prop_IBUFCTRL_HDIOB_M_I_O)
                                                      0.000     0.336 r  clk_in_IBUF_inst/IBUFCTRL_INST/O
                         net (fo=1, routed)           0.091     0.427    clk_in_IBUF
    BUFGCE_HDIO_X0Y6     BUFGCE (Prop_BUFCE_BUFGCE_HDIO_I_O)
                                                      0.017     0.444 r  bufg_clk/O
    X0Y3 (CLOCK_ROOT)    net (fo=64, routed)          0.718     1.161    clk
    SLICE_X2Y217         FDRE                                         r  input_current_r_reg[18]/C
  -------------------------------------------------------------------    -------------------
    SLICE_X2Y217         FDRE (Prop_EFF_SLICEL_C_Q)
                                                      0.039     1.200 r  input_current_r_reg[18]/Q
                         net (fo=7, routed)           0.258     1.458    u_lif/Q[18]
    SLICE_X2Y217         LUT6 (Prop_C6LUT_SLICEL_I3_O)
                                                      0.014     1.472 r  u_lif/internal_value[18]_i_1/O
                         net (fo=1, routed)           0.017     1.489    u_lif/p_1_in[18]
    SLICE_X2Y217         FDRE                                         r  u_lif/internal_value_reg[18]/D
  -------------------------------------------------------------------    -------------------

                         (clock clk_in rise edge)     0.000     0.000 r  
    D14                                               0.000     0.000 r  clk_in (IN)
                         net (fo=0)                   0.000     0.000    clk_in_IBUF_inst/I
    D14                  INBUF (Prop_INBUF_HDIOB_M_PAD_O)
                                                      0.624     0.624 r  clk_in_IBUF_inst/INBUF_INST/O
                         net (fo=1, routed)           0.000     0.624    clk_in_IBUF_inst/OUT
    D14                  IBUFCTRL (Prop_IBUFCTRL_HDIOB_M_I_O)
                                                      0.000     0.624 r  clk_in_IBUF_inst/IBUFCTRL_INST/O
                         net (fo=1, routed)           0.113     0.737    clk_in_IBUF
    BUFGCE_HDIO_X0Y6     BUFGCE (Prop_BUFCE_BUFGCE_HDIO_I_O)
                                                      0.019     0.756 r  bufg_clk/O
    X0Y3 (CLOCK_ROOT)    net (fo=64, routed)          0.812     1.568    u_lif/clk
    SLICE_X2Y217         FDRE                                         r  u_lif/internal_value_reg[18]/C
                         clock pessimism             -0.398     1.170    
                         clock uncertainty            0.200     1.370    
    SLICE_X2Y217         FDRE (Hold_CFF_SLICEL_C_D)
                                                      0.046     1.416    u_lif/internal_value_reg[18]
  -------------------------------------------------------------------
                         required time                         -1.416    
                         arrival time                           1.489    
  -------------------------------------------------------------------
                         slack                                  0.074    

Slack (MET) :             0.074ns  (arrival time - required time)
  Source:                 u_lif/refractory_counter_reg[0]/C
                            (rising edge-triggered cell FDRE clocked by clk_in  {rise@0.000ns fall@5.000ns period=10.000ns})
  Destination:            u_lif/refractory_counter_reg[2]/D
                            (rising edge-triggered cell FDRE clocked by clk_in  {rise@0.000ns fall@5.000ns period=10.000ns})
  Path Group:             clk_in
  Path Type:              Hold (Min at Fast Process Corner)
  Requirement:            0.000ns  (clk_in rise@0.000ns - clk_in rise@0.000ns)
  Data Path Delay:        0.326ns  (logic 0.075ns (22.980%)  route 0.251ns (77.020%))
  Logic Levels:           1  (LUT6=1)
  Clock Path Skew:        0.006ns (DCD - SCD - CPR)
    Destination Clock Delay (DCD):    1.572ns
    Source Clock Delay      (SCD):    1.160ns
    Clock Pessimism Removal (CPR):    0.406ns
  Clock Uncertainty:      0.200ns  ((TSJ^2 + TIJ^2)^1/2 + DJ) / 2 + PE + UU
    Total System Jitter     (TSJ):    0.000ns
    Total Input Jitter      (TIJ):    0.000ns
    Discrete Jitter          (DJ):    0.000ns
    Phase Error              (PE):    0.000ns
    User Uncertainty         (UU):    0.200ns
  Clock Net Delay (Source):      0.717ns (routing 0.242ns, distribution 0.475ns)
  Clock Net Delay (Destination): 0.816ns (routing 0.268ns, distribution 0.548ns)

    Location             Delay type                Incr(ns)  Path(ns)    Netlist Resource(s)
  -------------------------------------------------------------------    -------------------
                         (clock clk_in rise edge)     0.000     0.000 r  
    D14                                               0.000     0.000 r  clk_in (IN)
                         net (fo=0)                   0.000     0.000    clk_in_IBUF_inst/I
    D14                  INBUF (Prop_INBUF_HDIOB_M_PAD_O)
                                                      0.336     0.336 r  clk_in_IBUF_inst/INBUF_INST/O
                         net (fo=1, routed)           0.000     0.336    clk_in_IBUF_inst/OUT
    D14                  IBUFCTRL (Prop_IBUFCTRL_HDIOB_M_I_O)
                                                      0.000     0.336 r  clk_in_IBUF_inst/IBUFCTRL_INST/O
                         net (fo=1, routed)           0.091     0.427    clk_in_IBUF
    BUFGCE_HDIO_X0Y6     BUFGCE (Prop_BUFCE_BUFGCE_HDIO_I_O)
                                                      0.017     0.444 r  bufg_clk/O
    X0Y3 (CLOCK_ROOT)    net (fo=64, routed)          0.717     1.160    u_lif/clk
    SLICE_X4Y225         FDRE                                         r  u_lif/refractory_counter_reg[0]/C
  -------------------------------------------------------------------    -------------------
    SLICE_X4Y225         FDRE (Prop_BFF2_SLICEM_C_Q)
                                                      0.040     1.200 r  u_lif/refractory_counter_reg[0]/Q
                         net (fo=5, routed)           0.225     1.426    u_lif/refractory_counter_reg_n_0_[0]
    SLICE_X4Y225         LUT6 (Prop_D6LUT_SLICEM_I3_O)
                                                      0.035     1.461 r  u_lif/refractory_counter[2]_i_1/O
                         net (fo=1, routed)           0.026     1.487    u_lif/refractory_counter[2]_i_1_n_0
    SLICE_X4Y225         FDRE                                         r  u_lif/refractory_counter_reg[2]/D
  -------------------------------------------------------------------    -------------------

                         (clock clk_in rise edge)     0.000     0.000 r  
    D14                                               0.000     0.000 r  clk_in (IN)
                         net (fo=0)                   0.000     0.000    clk_in_IBUF_inst/I
    D14                  INBUF (Prop_INBUF_HDIOB_M_PAD_O)
                                                      0.624     0.624 r  clk_in_IBUF_inst/INBUF_INST/O
                         net (fo=1, routed)           0.000     0.624    clk_in_IBUF_inst/OUT
    D14                  IBUFCTRL (Prop_IBUFCTRL_HDIOB_M_I_O)
                                                      0.000     0.624 r  clk_in_IBUF_inst/IBUFCTRL_INST/O
                         net (fo=1, routed)           0.113     0.737    clk_in_IBUF
    BUFGCE_HDIO_X0Y6     BUFGCE (Prop_BUFCE_BUFGCE_HDIO_I_O)
                                                      0.019     0.756 r  bufg_clk/O
    X0Y3 (CLOCK_ROOT)    net (fo=64, routed)          0.816     1.572    u_lif/clk
    SLICE_X4Y225         FDRE                                         r  u_lif/refractory_counter_reg[2]/C
                         clock pessimism             -0.406     1.166    
                         clock uncertainty            0.200     1.366    
    SLICE_X4Y225         FDRE (Hold_DFF_SLICEM_C_D)
                                                      0.046     1.412    u_lif/refractory_counter_reg[2]
  -------------------------------------------------------------------
                         required time                         -1.412    
                         arrival time                           1.487    
  -------------------------------------------------------------------
                         slack                                  0.074    

Slack (MET) :             0.077ns  (arrival time - required time)
  Source:                 new_image_r_reg/C
                            (rising edge-triggered cell FDRE clocked by clk_in  {rise@0.000ns fall@5.000ns period=10.000ns})
  Destination:            u_lif/internal_value_reg[8]/D
                            (rising edge-triggered cell FDRE clocked by clk_in  {rise@0.000ns fall@5.000ns period=10.000ns})
  Path Group:             clk_in
  Path Type:              Hold (Min at Fast Process Corner)
  Requirement:            0.000ns  (clk_in rise@0.000ns - clk_in rise@0.000ns)
  Data Path Delay:        0.365ns  (logic 0.061ns (16.711%)  route 0.304ns (83.289%))
  Logic Levels:           1  (LUT6=1)
  Clock Path Skew:        0.042ns (DCD - SCD - CPR)
    Destination Clock Delay (DCD):    1.562ns
    Source Clock Delay      (SCD):    1.159ns
    Clock Pessimism Removal (CPR):    0.361ns
  Clock Uncertainty:      0.200ns  ((TSJ^2 + TIJ^2)^1/2 + DJ) / 2 + PE + UU
    Total System Jitter     (TSJ):    0.000ns
    Total Input Jitter      (TIJ):    0.000ns
    Discrete Jitter          (DJ):    0.000ns
    Phase Error              (PE):    0.000ns
    User Uncertainty         (UU):    0.200ns
  Clock Net Delay (Source):      0.716ns (routing 0.242ns, distribution 0.474ns)
  Clock Net Delay (Destination): 0.806ns (routing 0.268ns, distribution 0.538ns)

    Location             Delay type                Incr(ns)  Path(ns)    Netlist Resource(s)
  -------------------------------------------------------------------    -------------------
                         (clock clk_in rise edge)     0.000     0.000 r  
    D14                                               0.000     0.000 r  clk_in (IN)
                         net (fo=0)                   0.000     0.000    clk_in_IBUF_inst/I
    D14                  INBUF (Prop_INBUF_HDIOB_M_PAD_O)
                                                      0.336     0.336 r  clk_in_IBUF_inst/INBUF_INST/O
                         net (fo=1, routed)           0.000     0.336    clk_in_IBUF_inst/OUT
    D14                  IBUFCTRL (Prop_IBUFCTRL_HDIOB_M_I_O)
                                                      0.000     0.336 r  clk_in_IBUF_inst/IBUFCTRL_INST/O
                         net (fo=1, routed)           0.091     0.427    clk_in_IBUF
    BUFGCE_HDIO_X0Y6     BUFGCE (Prop_BUFCE_BUFGCE_HDIO_I_O)
                                                      0.017     0.444 r  bufg_clk/O
    X0Y3 (CLOCK_ROOT)    net (fo=64, routed)          0.716     1.159    clk
    SLICE_X4Y225         FDRE                                         r  new_image_r_reg/C
  -------------------------------------------------------------------    -------------------
    SLICE_X4Y225         FDRE (Prop_EFF2_SLICEM_C_Q)
                                                      0.039     1.198 r  new_image_r_reg/Q
                         net (fo=36, routed)          0.288     1.486    u_lif/new_image_r
    SLICE_X3Y221         LUT6 (Prop_A6LUT_SLICEL_I2_O)
                                                      0.022     1.508 r  u_lif/internal_value[8]_i_1/O
                         net (fo=1, routed)           0.016     1.524    u_lif/p_1_in[8]
    SLICE_X3Y221         FDRE                                         r  u_lif/internal_value_reg[8]/D
  -------------------------------------------------------------------    -------------------

                         (clock clk_in rise edge)     0.000     0.000 r  
    D14                                               0.000     0.000 r  clk_in (IN)
                         net (fo=0)                   0.000     0.000    clk_in_IBUF_inst/I
    D14                  INBUF (Prop_INBUF_HDIOB_M_PAD_O)
                                                      0.624     0.624 r  clk_in_IBUF_inst/INBUF_INST/O
                         net (fo=1, routed)           0.000     0.624    clk_in_IBUF_inst/OUT
    D14                  IBUFCTRL (Prop_IBUFCTRL_HDIOB_M_I_O)
                                                      0.000     0.624 r  clk_in_IBUF_inst/IBUFCTRL_INST/O
                         net (fo=1, routed)           0.113     0.737    clk_in_IBUF
    BUFGCE_HDIO_X0Y6     BUFGCE (Prop_BUFCE_BUFGCE_HDIO_I_O)
                                                      0.019     0.756 r  bufg_clk/O
    X0Y3 (CLOCK_ROOT)    net (fo=64, routed)          0.806     1.562    u_lif/clk
    SLICE_X3Y221         FDRE                                         r  u_lif/internal_value_reg[8]/C
                         clock pessimism             -0.361     1.201    
                         clock uncertainty            0.200     1.401    
    SLICE_X3Y221         FDRE (Hold_AFF_SLICEL_C_D)
                                                      0.046     1.447    u_lif/internal_value_reg[8]
  -------------------------------------------------------------------
                         required time                         -1.447    
                         arrival time                           1.524    
  -------------------------------------------------------------------
                         slack                                  0.077    

Slack (MET) :             0.080ns  (arrival time - required time)
  Source:                 enable_r_reg/C
                            (rising edge-triggered cell FDRE clocked by clk_in  {rise@0.000ns fall@5.000ns period=10.000ns})
  Destination:            spike_reg/D
                            (rising edge-triggered cell FDRE clocked by clk_in  {rise@0.000ns fall@5.000ns period=10.000ns})
  Path Group:             clk_in
  Path Type:              Hold (Min at Fast Process Corner)
  Requirement:            0.000ns  (clk_in rise@0.000ns - clk_in rise@0.000ns)
  Data Path Delay:        0.342ns  (logic 0.052ns (15.194%)  route 0.290ns (84.806%))
  Logic Levels:           1  (LUT6=1)
  Clock Path Skew:        0.017ns (DCD - SCD - CPR)
    Destination Clock Delay (DCD):    1.568ns
    Source Clock Delay      (SCD):    1.159ns
    Clock Pessimism Removal (CPR):    0.392ns
  Clock Uncertainty:      0.200ns  ((TSJ^2 + TIJ^2)^1/2 + DJ) / 2 + PE + UU
    Total System Jitter     (TSJ):    0.000ns
    Total Input Jitter      (TIJ):    0.000ns
    Discrete Jitter          (DJ):    0.000ns
    Phase Error              (PE):    0.000ns
    User Uncertainty         (UU):    0.200ns
  Clock Net Delay (Source):      0.716ns (routing 0.242ns, distribution 0.474ns)
  Clock Net Delay (Destination): 0.812ns (routing 0.268ns, distribution 0.544ns)

    Location             Delay type                Incr(ns)  Path(ns)    Netlist Resource(s)
  -------------------------------------------------------------------    -------------------
                         (clock clk_in rise edge)     0.000     0.000 r  
    D14                                               0.000     0.000 r  clk_in (IN)
                         net (fo=0)                   0.000     0.000    clk_in_IBUF_inst/I
    D14                  INBUF (Prop_INBUF_HDIOB_M_PAD_O)
                                                      0.336     0.336 r  clk_in_IBUF_inst/INBUF_INST/O
                         net (fo=1, routed)           0.000     0.336    clk_in_IBUF_inst/OUT
    D14                  IBUFCTRL (Prop_IBUFCTRL_HDIOB_M_I_O)
                                                      0.000     0.336 r  clk_in_IBUF_inst/IBUFCTRL_INST/O
                         net (fo=1, routed)           0.091     0.427    clk_in_IBUF
    BUFGCE_HDIO_X0Y6     BUFGCE (Prop_BUFCE_BUFGCE_HDIO_I_O)
                                                      0.017     0.444 r  bufg_clk/O
    X0Y3 (CLOCK_ROOT)    net (fo=64, routed)          0.716     1.159    clk
    SLICE_X4Y225         FDRE                                         r  enable_r_reg/C
  -------------------------------------------------------------------    -------------------
    SLICE_X4Y225         FDRE (Prop_EFF_SLICEM_C_Q)
                                                      0.038     1.197 r  enable_r_reg/Q
                         net (fo=33, routed)          0.264     1.462    u_lif/enable_r
    SLICE_X4Y224         LUT6 (Prop_D6LUT_SLICEM_I3_O)
                                                      0.014     1.476 r  u_lif/spike_i_1/O
                         net (fo=1, routed)           0.026     1.502    spike_i
    SLICE_X4Y224         FDRE                                         r  spike_reg/D
  -------------------------------------------------------------------    -------------------

                         (clock clk_in rise edge)     0.000     0.000 r  
    D14                                               0.000     0.000 r  clk_in (IN)
                         net (fo=0)                   0.000     0.000    clk_in_IBUF_inst/I
    D14                  INBUF (Prop_INBUF_HDIOB_M_PAD_O)
                                                      0.624     0.624 r  clk_in_IBUF_inst/INBUF_INST/O
                         net (fo=1, routed)           0.000     0.624    clk_in_IBUF_inst/OUT
    D14                  IBUFCTRL (Prop_IBUFCTRL_HDIOB_M_I_O)
                                                      0.000     0.624 r  clk_in_IBUF_inst/IBUFCTRL_INST/O
                         net (fo=1, routed)           0.113     0.737    clk_in_IBUF
    BUFGCE_HDIO_X0Y6     BUFGCE (Prop_BUFCE_BUFGCE_HDIO_I_O)
                                                      0.019     0.756 r  bufg_clk/O
    X0Y3 (CLOCK_ROOT)    net (fo=64, routed)          0.812     1.568    clk
    SLICE_X4Y224         FDRE                                         r  spike_reg/C
                         clock pessimism             -0.392     1.176    
                         clock uncertainty            0.200     1.376    
    SLICE_X4Y224         FDRE (Hold_DFF_SLICEM_C_D)
                                                      0.046     1.422    spike_reg
  -------------------------------------------------------------------
                         required time                         -1.422    
                         arrival time                           1.502    
  -------------------------------------------------------------------
                         slack                                  0.080    

Slack (MET) :             0.086ns  (arrival time - required time)
  Source:                 input_current_r_reg[2]/C
                            (rising edge-triggered cell FDRE clocked by clk_in  {rise@0.000ns fall@5.000ns period=10.000ns})
  Destination:            u_lif/internal_value_reg[2]/D
                            (rising edge-triggered cell FDRE clocked by clk_in  {rise@0.000ns fall@5.000ns period=10.000ns})
  Path Group:             clk_in
  Path Type:              Hold (Min at Fast Process Corner)
  Requirement:            0.000ns  (clk_in rise@0.000ns - clk_in rise@0.000ns)
  Data Path Delay:        0.371ns  (logic 0.078ns (21.009%)  route 0.293ns (78.991%))
  Logic Levels:           1  (LUT6=1)
  Clock Path Skew:        0.039ns (DCD - SCD - CPR)
    Destination Clock Delay (DCD):    1.563ns
    Source Clock Delay      (SCD):    1.163ns
    Clock Pessimism Removal (CPR):    0.361ns
  Clock Uncertainty:      0.200ns  ((TSJ^2 + TIJ^2)^1/2 + DJ) / 2 + PE + UU
    Total System Jitter     (TSJ):    0.000ns
    Total Input Jitter      (TIJ):    0.000ns
    Discrete Jitter          (DJ):    0.000ns
    Phase Error              (PE):    0.000ns
    User Uncertainty         (UU):    0.200ns
  Clock Net Delay (Source):      0.719ns (routing 0.242ns, distribution 0.477ns)
  Clock Net Delay (Destination): 0.807ns (routing 0.268ns, distribution 0.539ns)

    Location             Delay type                Incr(ns)  Path(ns)    Netlist Resource(s)
  -------------------------------------------------------------------    -------------------
                         (clock clk_in rise edge)     0.000     0.000 r  
    D14                                               0.000     0.000 r  clk_in (IN)
                         net (fo=0)                   0.000     0.000    clk_in_IBUF_inst/I
    D14                  INBUF (Prop_INBUF_HDIOB_M_PAD_O)
                                                      0.336     0.336 r  clk_in_IBUF_inst/INBUF_INST/O
                         net (fo=1, routed)           0.000     0.336    clk_in_IBUF_inst/OUT
    D14                  IBUFCTRL (Prop_IBUFCTRL_HDIOB_M_I_O)
                                                      0.000     0.336 r  clk_in_IBUF_inst/IBUFCTRL_INST/O
                         net (fo=1, routed)           0.091     0.427    clk_in_IBUF
    BUFGCE_HDIO_X0Y6     BUFGCE (Prop_BUFCE_BUFGCE_HDIO_I_O)
                                                      0.017     0.444 r  bufg_clk/O
    X0Y3 (CLOCK_ROOT)    net (fo=64, routed)          0.719     1.163    clk
    SLICE_X1Y230         FDRE                                         r  input_current_r_reg[2]/C
  -------------------------------------------------------------------    -------------------
    SLICE_X1Y230         FDRE (Prop_FFF_SLICEM_C_Q)
                                                      0.037     1.200 r  input_current_r_reg[2]/Q
                         net (fo=6, routed)           0.277     1.477    u_lif/Q[2]
    SLICE_X3Y216         LUT6 (Prop_D6LUT_SLICEL_I3_O)
                                                      0.041     1.518 r  u_lif/internal_value[2]_i_1/O
                         net (fo=1, routed)           0.016     1.534    u_lif/p_1_in[2]
    SLICE_X3Y216         FDRE                                         r  u_lif/internal_value_reg[2]/D
  -------------------------------------------------------------------    -------------------

                         (clock clk_in rise edge)     0.000     0.000 r  
    D14                                               0.000     0.000 r  clk_in (IN)
                         net (fo=0)                   0.000     0.000    clk_in_IBUF_inst/I
    D14                  INBUF (Prop_INBUF_HDIOB_M_PAD_O)
                                                      0.624     0.624 r  clk_in_IBUF_inst/INBUF_INST/O
                         net (fo=1, routed)           0.000     0.624    clk_in_IBUF_inst/OUT
    D14                  IBUFCTRL (Prop_IBUFCTRL_HDIOB_M_I_O)
                                                      0.000     0.624 r  clk_in_IBUF_inst/IBUFCTRL_INST/O
                         net (fo=1, routed)           0.113     0.737    clk_in_IBUF
    BUFGCE_HDIO_X0Y6     BUFGCE (Prop_BUFCE_BUFGCE_HDIO_I_O)
                                                      0.019     0.756 r  bufg_clk/O
    X0Y3 (CLOCK_ROOT)    net (fo=64, routed)          0.807     1.563    u_lif/clk
    SLICE_X3Y216         FDRE                                         r  u_lif/internal_value_reg[2]/C
                         clock pessimism             -0.361     1.202    
                         clock uncertainty            0.200     1.402    
    SLICE_X3Y216         FDRE (Hold_DFF_SLICEL_C_D)
                                                      0.046     1.448    u_lif/internal_value_reg[2]
  -------------------------------------------------------------------
                         required time                         -1.448    
                         arrival time                           1.534    
  -------------------------------------------------------------------
                         slack                                  0.086    

Slack (MET) :             0.086ns  (arrival time - required time)
  Source:                 input_current_r_reg[15]/C
                            (rising edge-triggered cell FDRE clocked by clk_in  {rise@0.000ns fall@5.000ns period=10.000ns})
  Destination:            u_lif/internal_value_reg[17]/D
                            (rising edge-triggered cell FDRE clocked by clk_in  {rise@0.000ns fall@5.000ns period=10.000ns})
  Path Group:             clk_in
  Path Type:              Hold (Min at Fast Process Corner)
  Requirement:            0.000ns  (clk_in rise@0.000ns - clk_in rise@0.000ns)
  Data Path Delay:        0.378ns  (logic 0.116ns (30.693%)  route 0.262ns (69.307%))
  Logic Levels:           3  (CARRY8=1 LUT5=1 LUT6=1)
  Clock Path Skew:        0.046ns (DCD - SCD - CPR)
    Destination Clock Delay (DCD):    1.570ns
    Source Clock Delay      (SCD):    1.163ns
    Clock Pessimism Removal (CPR):    0.361ns
  Clock Uncertainty:      0.200ns  ((TSJ^2 + TIJ^2)^1/2 + DJ) / 2 + PE + UU
    Total System Jitter     (TSJ):    0.000ns
    Total Input Jitter      (TIJ):    0.000ns
    Discrete Jitter          (DJ):    0.000ns
    Phase Error              (PE):    0.000ns
    User Uncertainty         (UU):    0.200ns
  Clock Net Delay (Source):      0.720ns (routing 0.242ns, distribution 0.478ns)
  Clock Net Delay (Destination): 0.814ns (routing 0.268ns, distribution 0.546ns)

    Location             Delay type                Incr(ns)  Path(ns)    Netlist Resource(s)
  -------------------------------------------------------------------    -------------------
                         (clock clk_in rise edge)     0.000     0.000 r  
    D14                                               0.000     0.000 r  clk_in (IN)
                         net (fo=0)                   0.000     0.000    clk_in_IBUF_inst/I
    D14                  INBUF (Prop_INBUF_HDIOB_M_PAD_O)
                                                      0.336     0.336 r  clk_in_IBUF_inst/INBUF_INST/O
                         net (fo=1, routed)           0.000     0.336    clk_in_IBUF_inst/OUT
    D14                  IBUFCTRL (Prop_IBUFCTRL_HDIOB_M_I_O)
                                                      0.000     0.336 r  clk_in_IBUF_inst/IBUFCTRL_INST/O
                         net (fo=1, routed)           0.091     0.427    clk_in_IBUF
    BUFGCE_HDIO_X0Y6     BUFGCE (Prop_BUFCE_BUFGCE_HDIO_I_O)
                                                      0.017     0.444 r  bufg_clk/O
    X0Y3 (CLOCK_ROOT)    net (fo=64, routed)          0.720     1.163    clk
    SLICE_X2Y220         FDRE                                         r  input_current_r_reg[15]/C
  -------------------------------------------------------------------    -------------------
    SLICE_X2Y220         FDRE (Prop_FFF2_SLICEL_C_Q)
                                                      0.040     1.203 r  input_current_r_reg[15]/Q
                         net (fo=7, routed)           0.107     1.311    u_lif/Q[15]
    SLICE_X3Y219         LUT5 (Prop_A6LUT_SLICEL_I1_O)
                                                      0.035     1.346 r  u_lif/membrane_next__0_carry__1_i_16/O
                         net (fo=1, routed)           0.008     1.354    u_lif/membrane_next__0_carry__1_i_16_n_0
    SLICE_X3Y219         CARRY8 (Prop_CARRY8_SLICEL_S[0]_O[1])
                                                      0.027     1.381 r  u_lif/membrane_next__0_carry__1/O[1]
                         net (fo=3, routed)           0.123     1.503    u_lif/membrane_next[17]
    SLICE_X4Y220         LUT6 (Prop_C6LUT_SLICEM_I1_O)
                                                      0.014     1.517 r  u_lif/internal_value[17]_i_1/O
                         net (fo=1, routed)           0.024     1.541    u_lif/p_1_in[17]
    SLICE_X4Y220         FDRE                                         r  u_lif/internal_value_reg[17]/D
  -------------------------------------------------------------------    -------------------

                         (clock clk_in rise edge)     0.000     0.000 r  
    D14                                               0.000     0.000 r  clk_in (IN)
                         net (fo=0)                   0.000     0.000    clk_in_IBUF_inst/I
    D14                  INBUF (Prop_INBUF_HDIOB_M_PAD_O)
                                                      0.624     0.624 r  clk_in_IBUF_inst/INBUF_INST/O
                         net (fo=1, routed)           0.000     0.624    clk_in_IBUF_inst/OUT
    D14                  IBUFCTRL (Prop_IBUFCTRL_HDIOB_M_I_O)
                                                      0.000     0.624 r  clk_in_IBUF_inst/IBUFCTRL_INST/O
                         net (fo=1, routed)           0.113     0.737    clk_in_IBUF
    BUFGCE_HDIO_X0Y6     BUFGCE (Prop_BUFCE_BUFGCE_HDIO_I_O)
                                                      0.019     0.756 r  bufg_clk/O
    X0Y3 (CLOCK_ROOT)    net (fo=64, routed)          0.814     1.570    u_lif/clk
    SLICE_X4Y220         FDRE                                         r  u_lif/internal_value_reg[17]/C
                         clock pessimism             -0.361     1.209    
                         clock uncertainty            0.200     1.409    
    SLICE_X4Y220         FDRE (Hold_CFF_SLICEM_C_D)
                                                      0.046     1.455    u_lif/internal_value_reg[17]
  -------------------------------------------------------------------
                         required time                         -1.455    
                         arrival time                           1.541    
  -------------------------------------------------------------------
                         slack                                  0.086    

Slack (MET) :             0.087ns  (arrival time - required time)
  Source:                 input_current_r_reg[9]/C
                            (rising edge-triggered cell FDRE clocked by clk_in  {rise@0.000ns fall@5.000ns period=10.000ns})
  Destination:            u_lif/internal_value_reg[9]/D
                            (rising edge-triggered cell FDRE clocked by clk_in  {rise@0.000ns fall@5.000ns period=10.000ns})
  Path Group:             clk_in
  Path Type:              Hold (Min at Fast Process Corner)
  Requirement:            0.000ns  (clk_in rise@0.000ns - clk_in rise@0.000ns)
  Data Path Delay:        0.351ns  (logic 0.054ns (15.377%)  route 0.297ns (84.623%))
  Logic Levels:           1  (LUT6=1)
  Clock Path Skew:        0.018ns (DCD - SCD - CPR)
    Destination Clock Delay (DCD):    1.567ns
    Source Clock Delay      (SCD):    1.158ns
    Clock Pessimism Removal (CPR):    0.391ns
  Clock Uncertainty:      0.200ns  ((TSJ^2 + TIJ^2)^1/2 + DJ) / 2 + PE + UU
    Total System Jitter     (TSJ):    0.000ns
    Total Input Jitter      (TIJ):    0.000ns
    Discrete Jitter          (DJ):    0.000ns
    Phase Error              (PE):    0.000ns
    User Uncertainty         (UU):    0.200ns
  Clock Net Delay (Source):      0.714ns (routing 0.242ns, distribution 0.472ns)
  Clock Net Delay (Destination): 0.811ns (routing 0.268ns, distribution 0.543ns)

    Location             Delay type                Incr(ns)  Path(ns)    Netlist Resource(s)
  -------------------------------------------------------------------    -------------------
                         (clock clk_in rise edge)     0.000     0.000 r  
    D14                                               0.000     0.000 r  clk_in (IN)
                         net (fo=0)                   0.000     0.000    clk_in_IBUF_inst/I
    D14                  INBUF (Prop_INBUF_HDIOB_M_PAD_O)
                                                      0.336     0.336 r  clk_in_IBUF_inst/INBUF_INST/O
                         net (fo=1, routed)           0.000     0.336    clk_in_IBUF_inst/OUT
    D14                  IBUFCTRL (Prop_IBUFCTRL_HDIOB_M_I_O)
                                                      0.000     0.336 r  clk_in_IBUF_inst/IBUFCTRL_INST/O
                         net (fo=1, routed)           0.091     0.427    clk_in_IBUF
    BUFGCE_HDIO_X0Y6     BUFGCE (Prop_BUFCE_BUFGCE_HDIO_I_O)
                                                      0.017     0.444 r  bufg_clk/O
    X0Y3 (CLOCK_ROOT)    net (fo=64, routed)          0.714     1.158    clk
    SLICE_X3Y222         FDRE                                         r  input_current_r_reg[9]/C
  -------------------------------------------------------------------    -------------------
    SLICE_X3Y222         FDRE (Prop_EFF_SLICEL_C_Q)
                                                      0.039     1.197 r  input_current_r_reg[9]/Q
                         net (fo=6, routed)           0.280     1.477    u_lif/Q[9]
    SLICE_X3Y216         LUT6 (Prop_H6LUT_SLICEL_I3_O)
                                                      0.015     1.492 r  u_lif/internal_value[9]_i_1/O
                         net (fo=1, routed)           0.017     1.509    u_lif/p_1_in[9]
    SLICE_X3Y216         FDRE                                         r  u_lif/internal_value_reg[9]/D
  -------------------------------------------------------------------    -------------------

                         (clock clk_in rise edge)     0.000     0.000 r  
    D14                                               0.000     0.000 r  clk_in (IN)
                         net (fo=0)                   0.000     0.000    clk_in_IBUF_inst/I
    D14                  INBUF (Prop_INBUF_HDIOB_M_PAD_O)
                                                      0.624     0.624 r  clk_in_IBUF_inst/INBUF_INST/O
                         net (fo=1, routed)           0.000     0.624    clk_in_IBUF_inst/OUT
    D14                  IBUFCTRL (Prop_IBUFCTRL_HDIOB_M_I_O)
                                                      0.000     0.624 r  clk_in_IBUF_inst/IBUFCTRL_INST/O
                         net (fo=1, routed)           0.113     0.737    clk_in_IBUF
    BUFGCE_HDIO_X0Y6     BUFGCE (Prop_BUFCE_BUFGCE_HDIO_I_O)
                                                      0.019     0.756 r  bufg_clk/O
    X0Y3 (CLOCK_ROOT)    net (fo=64, routed)          0.811     1.567    u_lif/clk
    SLICE_X3Y216         FDRE                                         r  u_lif/internal_value_reg[9]/C
                         clock pessimism             -0.391     1.176    
                         clock uncertainty            0.200     1.376    
    SLICE_X3Y216         FDRE (Hold_HFF_SLICEL_C_D)
                                                      0.046     1.422    u_lif/internal_value_reg[9]
  -------------------------------------------------------------------
                         required time                         -1.422    
                         arrival time                           1.509    
  -------------------------------------------------------------------
                         slack                                  0.087    

Slack (MET) :             0.090ns  (arrival time - required time)
  Source:                 input_current_r_reg[26]/C
                            (rising edge-triggered cell FDRE clocked by clk_in  {rise@0.000ns fall@5.000ns period=10.000ns})
  Destination:            u_lif/internal_value_reg[14]/D
                            (rising edge-triggered cell FDRE clocked by clk_in  {rise@0.000ns fall@5.000ns period=10.000ns})
  Path Group:             clk_in
  Path Type:              Hold (Min at Fast Process Corner)
  Requirement:            0.000ns  (clk_in rise@0.000ns - clk_in rise@0.000ns)
  Data Path Delay:        0.387ns  (logic 0.144ns (37.237%)  route 0.243ns (62.763%))
  Logic Levels:           4  (CARRY8=2 LUT4=1 LUT6=1)
  Clock Path Skew:        0.050ns (DCD - SCD - CPR)
    Destination Clock Delay (DCD):    1.568ns
    Source Clock Delay      (SCD):    1.157ns
    Clock Pessimism Removal (CPR):    0.361ns
  Clock Uncertainty:      0.200ns  ((TSJ^2 + TIJ^2)^1/2 + DJ) / 2 + PE + UU
    Total System Jitter     (TSJ):    0.000ns
    Total Input Jitter      (TIJ):    0.000ns
    Discrete Jitter          (DJ):    0.000ns
    Phase Error              (PE):    0.000ns
    User Uncertainty         (UU):    0.200ns
  Clock Net Delay (Source):      0.713ns (routing 0.242ns, distribution 0.471ns)
  Clock Net Delay (Destination): 0.812ns (routing 0.268ns, distribution 0.544ns)

    Location             Delay type                Incr(ns)  Path(ns)    Netlist Resource(s)
  -------------------------------------------------------------------    -------------------
                         (clock clk_in rise edge)     0.000     0.000 r  
    D14                                               0.000     0.000 r  clk_in (IN)
                         net (fo=0)                   0.000     0.000    clk_in_IBUF_inst/I
    D14                  INBUF (Prop_INBUF_HDIOB_M_PAD_O)
                                                      0.336     0.336 r  clk_in_IBUF_inst/INBUF_INST/O
                         net (fo=1, routed)           0.000     0.336    clk_in_IBUF_inst/OUT
    D14                  IBUFCTRL (Prop_IBUFCTRL_HDIOB_M_I_O)
                                                      0.000     0.336 r  clk_in_IBUF_inst/IBUFCTRL_INST/O
                         net (fo=1, routed)           0.091     0.427    clk_in_IBUF
    BUFGCE_HDIO_X0Y6     BUFGCE (Prop_BUFCE_BUFGCE_HDIO_I_O)
                                                      0.017     0.444 r  bufg_clk/O
    X0Y3 (CLOCK_ROOT)    net (fo=64, routed)          0.713     1.157    clk
    SLICE_X3Y220         FDRE                                         r  input_current_r_reg[26]/C
  -------------------------------------------------------------------    -------------------
    SLICE_X3Y220         FDRE (Prop_EFF_SLICEL_C_Q)
                                                      0.039     1.196 r  input_current_r_reg[26]/Q
                         net (fo=8, routed)           0.030     1.225    u_lif/Q[26]
    SLICE_X3Y220         LUT4 (Prop_E5LUT_SLICEL_I1_O)
                                                      0.032     1.257 r  u_lif/membrane_next__0_carry__2_i_1/O
                         net (fo=1, routed)           0.000     1.257    u_lif/membrane_next__0_carry__2_i_1_n_0
    SLICE_X3Y220         CARRY8 (Prop_CARRY8_SLICEL_DI[4]_CO[5])
                                                      0.031     1.288 r  u_lif/membrane_next__0_carry__2/CO[5]
                         net (fo=3, routed)           0.120     1.408    u_lif/membrane_next__0_carry__2_n_2
    SLICE_X2Y219         CARRY8 (Prop_CARRY8_SLICEL_S[7]_CO[7])
                                                      0.028     1.436 f  u_lif/threshold_crossed0_carry__0/CO[7]
                         net (fo=30, routed)          0.077     1.514    u_lif/threshold_crossed0_carry__0_n_0
    SLICE_X2Y217         LUT6 (Prop_D6LUT_SLICEL_I0_O)
                                                      0.014     1.528 r  u_lif/internal_value[14]_i_1/O
                         net (fo=1, routed)           0.016     1.544    u_lif/p_1_in[14]
    SLICE_X2Y217         FDRE                                         r  u_lif/internal_value_reg[14]/D
  -------------------------------------------------------------------    -------------------

                         (clock clk_in rise edge)     0.000     0.000 r  
    D14                                               0.000     0.000 r  clk_in (IN)
                         net (fo=0)                   0.000     0.000    clk_in_IBUF_inst/I
    D14                  INBUF (Prop_INBUF_HDIOB_M_PAD_O)
                                                      0.624     0.624 r  clk_in_IBUF_inst/INBUF_INST/O
                         net (fo=1, routed)           0.000     0.624    clk_in_IBUF_inst/OUT
    D14                  IBUFCTRL (Prop_IBUFCTRL_HDIOB_M_I_O)
                                                      0.000     0.624 r  clk_in_IBUF_inst/IBUFCTRL_INST/O
                         net (fo=1, routed)           0.113     0.737    clk_in_IBUF
    BUFGCE_HDIO_X0Y6     BUFGCE (Prop_BUFCE_BUFGCE_HDIO_I_O)
                                                      0.019     0.756 r  bufg_clk/O
    X0Y3 (CLOCK_ROOT)    net (fo=64, routed)          0.812     1.568    u_lif/clk
    SLICE_X2Y217         FDRE                                         r  u_lif/internal_value_reg[14]/C
                         clock pessimism             -0.361     1.207    
                         clock uncertainty            0.200     1.407    
    SLICE_X2Y217         FDRE (Hold_DFF_SLICEL_C_D)
                                                      0.046     1.453    u_lif/internal_value_reg[14]
  -------------------------------------------------------------------
                         required time                         -1.453    
                         arrival time                           1.544    
  -------------------------------------------------------------------
                         slack                                  0.090    

Slack (MET) :             0.091ns  (arrival time - required time)
  Source:                 input_current[3]
                            (input port clocked by clk_in  {rise@0.000ns fall@5.000ns period=10.000ns})
  Destination:            input_current_r_reg[3]/D
                            (rising edge-triggered cell FDRE clocked by clk_in  {rise@0.000ns fall@5.000ns period=10.000ns})
  Path Group:             clk_in
  Path Type:              Hold (Min at Slow Process Corner)
  Requirement:            0.000ns  (clk_in rise@0.000ns - clk_in rise@0.000ns)
  Data Path Delay:        2.880ns  (logic 0.330ns (11.448%)  route 2.550ns (88.552%))
  Logic Levels:           3  (IBUFCTRL=1 INBUF=1 LUT1=1)
  Input Delay:            0.000ns
  Clock Path Skew:        2.527ns (DCD - SCD - CPR)
    Destination Clock Delay (DCD):    2.527ns
    Source Clock Delay      (SCD):    0.000ns
    Clock Pessimism Removal (CPR):    -0.000ns
  Clock Uncertainty:      0.200ns  ((TSJ^2 + TIJ^2)^1/2 + DJ) / 2 + PE + UU
    Total System Jitter     (TSJ):    0.000ns
    Total Input Jitter      (TIJ):    0.000ns
    Discrete Jitter          (DJ):    0.000ns
    Phase Error              (PE):    0.000ns
    User Uncertainty         (UU):    0.200ns
  Clock Net Delay (Destination): 1.293ns (routing 0.438ns, distribution 0.855ns)

    Location             Delay type                Incr(ns)  Path(ns)    Netlist Resource(s)
  -------------------------------------------------------------------    -------------------
                         (clock clk_in rise edge)     0.000     0.000 r  
                         input delay                  0.000     0.000    
    A25                                               0.000     0.000 r  input_current[3] (IN)
                         net (fo=0)                   0.000     0.000    input_current_IBUF[3]_inst/I
    A25                  INBUF (Prop_INBUF_HPIOB_S_PAD_O)
                                                      0.269     0.269 r  input_current_IBUF[3]_inst/INBUF_INST/O
                         net (fo=1, routed)           0.000     0.269    input_current_IBUF[3]_inst/OUT
    A25                  IBUFCTRL (Prop_IBUFCTRL_HPIOB_S_I_O)
                                                      0.000     0.269 r  input_current_IBUF[3]_inst/IBUFCTRL_INST/O
                         net (fo=1, routed)           1.428     1.697    input_current_IBUF[3]
    SLICE_X87Y239        LUT1 (Prop_A5LUT_SLICEL_I0_O)
                                                      0.061     1.758 r  input_current_IBUF[3]_hold_fix/O
                         net (fo=1, routed)           1.122     2.880    input_current_IBUF[3]_hold_fix_1
    SLICE_X1Y230         FDRE                                         r  input_current_r_reg[3]/D
  -------------------------------------------------------------------    -------------------

                         (clock clk_in rise edge)     0.000     0.000 r  
    D14                                               0.000     0.000 r  clk_in (IN)
                         net (fo=0)                   0.000     0.000    clk_in_IBUF_inst/I
    D14                  INBUF (Prop_INBUF_HDIOB_M_PAD_O)
                                                      1.002     1.002 r  clk_in_IBUF_inst/INBUF_INST/O
                         net (fo=1, routed)           0.000     1.002    clk_in_IBUF_inst/OUT
    D14                  IBUFCTRL (Prop_IBUFCTRL_HDIOB_M_I_O)
                                                      0.000     1.002 r  clk_in_IBUF_inst/IBUFCTRL_INST/O
                         net (fo=1, routed)           0.204     1.206    clk_in_IBUF
    BUFGCE_HDIO_X0Y6     BUFGCE (Prop_BUFCE_BUFGCE_HDIO_I_O)
                                                      0.028     1.234 r  bufg_clk/O
    X0Y3 (CLOCK_ROOT)    net (fo=64, routed)          1.293     2.527    clk
    SLICE_X1Y230         FDRE                                         r  input_current_r_reg[3]/C
                         clock pessimism              0.000     2.527    
                         clock uncertainty            0.200     2.727    
    SLICE_X1Y230         FDRE (Hold_FFF2_SLICEM_C_D)
                                                      0.062     2.789    input_current_r_reg[3]
  -------------------------------------------------------------------
                         required time                         -2.789    
                         arrival time                           2.880    
  -------------------------------------------------------------------
                         slack                                  0.091    

Slack (MET) :             0.098ns  (arrival time - required time)
  Source:                 u_lif/refractory_counter_reg[0]/C
                            (rising edge-triggered cell FDRE clocked by clk_in  {rise@0.000ns fall@5.000ns period=10.000ns})
  Destination:            u_lif/refractory_counter_reg[0]/D
                            (rising edge-triggered cell FDRE clocked by clk_in  {rise@0.000ns fall@5.000ns period=10.000ns})
  Path Group:             clk_in
  Path Type:              Hold (Min at Fast Process Corner)
  Requirement:            0.000ns  (clk_in rise@0.000ns - clk_in rise@0.000ns)
  Data Path Delay:        0.351ns  (logic 0.089ns (25.365%)  route 0.262ns (74.635%))
  Logic Levels:           1  (LUT5=1)
  Clock Path Skew:        0.006ns (DCD - SCD - CPR)
    Destination Clock Delay (DCD):    1.572ns
    Source Clock Delay      (SCD):    1.160ns
    Clock Pessimism Removal (CPR):    0.406ns
  Clock Uncertainty:      0.200ns  ((TSJ^2 + TIJ^2)^1/2 + DJ) / 2 + PE + UU
    Total System Jitter     (TSJ):    0.000ns
    Total Input Jitter      (TIJ):    0.000ns
    Discrete Jitter          (DJ):    0.000ns
    Phase Error              (PE):    0.000ns
    User Uncertainty         (UU):    0.200ns
  Clock Net Delay (Source):      0.717ns (routing 0.242ns, distribution 0.475ns)
  Clock Net Delay (Destination): 0.816ns (routing 0.268ns, distribution 0.548ns)

    Location             Delay type                Incr(ns)  Path(ns)    Netlist Resource(s)
  -------------------------------------------------------------------    -------------------
                         (clock clk_in rise edge)     0.000     0.000 r  
    D14                                               0.000     0.000 r  clk_in (IN)
                         net (fo=0)                   0.000     0.000    clk_in_IBUF_inst/I
    D14                  INBUF (Prop_INBUF_HDIOB_M_PAD_O)
                                                      0.336     0.336 r  clk_in_IBUF_inst/INBUF_INST/O
                         net (fo=1, routed)           0.000     0.336    clk_in_IBUF_inst/OUT
    D14                  IBUFCTRL (Prop_IBUFCTRL_HDIOB_M_I_O)
                                                      0.000     0.336 r  clk_in_IBUF_inst/IBUFCTRL_INST/O
                         net (fo=1, routed)           0.091     0.427    clk_in_IBUF
    BUFGCE_HDIO_X0Y6     BUFGCE (Prop_BUFCE_BUFGCE_HDIO_I_O)
                                                      0.017     0.444 r  bufg_clk/O
    X0Y3 (CLOCK_ROOT)    net (fo=64, routed)          0.717     1.160    u_lif/clk
    SLICE_X4Y225         FDRE                                         r  u_lif/refractory_counter_reg[0]/C
  -------------------------------------------------------------------    -------------------
    SLICE_X4Y225         FDRE (Prop_BFF2_SLICEM_C_Q)
                                                      0.040     1.200 f  u_lif/refractory_counter_reg[0]/Q
                         net (fo=5, routed)           0.254     1.454    u_lif/refractory_counter_reg_n_0_[0]
    SLICE_X4Y225         LUT5 (Prop_B5LUT_SLICEM_I4_O)
                                                      0.049     1.503 r  u_lif/refractory_counter[0]_i_1/O
                         net (fo=1, routed)           0.008     1.511    u_lif/refractory_counter[0]_i_1_n_0
    SLICE_X4Y225         FDRE                                         r  u_lif/refractory_counter_reg[0]/D
  -------------------------------------------------------------------    -------------------

                         (clock clk_in rise edge)     0.000     0.000 r  
    D14                                               0.000     0.000 r  clk_in (IN)
                         net (fo=0)                   0.000     0.000    clk_in_IBUF_inst/I
    D14                  INBUF (Prop_INBUF_HDIOB_M_PAD_O)
                                                      0.624     0.624 r  clk_in_IBUF_inst/INBUF_INST/O
                         net (fo=1, routed)           0.000     0.624    clk_in_IBUF_inst/OUT
    D14                  IBUFCTRL (Prop_IBUFCTRL_HDIOB_M_I_O)
                                                      0.000     0.624 r  clk_in_IBUF_inst/IBUFCTRL_INST/O
                         net (fo=1, routed)           0.113     0.737    clk_in_IBUF
    BUFGCE_HDIO_X0Y6     BUFGCE (Prop_BUFCE_BUFGCE_HDIO_I_O)
                                                      0.019     0.756 r  bufg_clk/O
    X0Y3 (CLOCK_ROOT)    net (fo=64, routed)          0.816     1.572    u_lif/clk
    SLICE_X4Y225         FDRE                                         r  u_lif/refractory_counter_reg[0]/C
                         clock pessimism             -0.406     1.166    
                         clock uncertainty            0.200     1.366    
    SLICE_X4Y225         FDRE (Hold_BFF2_SLICEM_C_D)
                                                      0.047     1.413    u_lif/refractory_counter_reg[0]
  -------------------------------------------------------------------
                         required time                         -1.413    
                         arrival time                           1.511    
  -------------------------------------------------------------------
                         slack                                  0.098    

Slack (MET) :             0.100ns  (arrival time - required time)
  Source:                 input_current_r_reg[19]/C
                            (rising edge-triggered cell FDRE clocked by clk_in  {rise@0.000ns fall@5.000ns period=10.000ns})
  Destination:            u_lif/internal_value_reg[19]/D
                            (rising edge-triggered cell FDRE clocked by clk_in  {rise@0.000ns fall@5.000ns period=10.000ns})
  Path Group:             clk_in
  Path Type:              Hold (Min at Fast Process Corner)
  Requirement:            0.000ns  (clk_in rise@0.000ns - clk_in rise@0.000ns)
  Data Path Delay:        0.395ns  (logic 0.053ns (13.414%)  route 0.342ns (86.586%))
  Logic Levels:           1  (LUT6=1)
  Clock Path Skew:        0.049ns (DCD - SCD - CPR)
    Destination Clock Delay (DCD):    1.568ns
    Source Clock Delay      (SCD):    1.158ns
    Clock Pessimism Removal (CPR):    0.361ns
  Clock Uncertainty:      0.200ns  ((TSJ^2 + TIJ^2)^1/2 + DJ) / 2 + PE + UU
    Total System Jitter     (TSJ):    0.000ns
    Total Input Jitter      (TIJ):    0.000ns
    Discrete Jitter          (DJ):    0.000ns
    Phase Error              (PE):    0.000ns
    User Uncertainty         (UU):    0.200ns
  Clock Net Delay (Source):      0.714ns (routing 0.242ns, distribution 0.472ns)
  Clock Net Delay (Destination): 0.812ns (routing 0.268ns, distribution 0.544ns)

    Location             Delay type                Incr(ns)  Path(ns)    Netlist Resource(s)
  -------------------------------------------------------------------    -------------------
                         (clock clk_in rise edge)     0.000     0.000 r  
    D14                                               0.000     0.000 r  clk_in (IN)
                         net (fo=0)                   0.000     0.000    clk_in_IBUF_inst/I
    D14                  INBUF (Prop_INBUF_HDIOB_M_PAD_O)
                                                      0.336     0.336 r  clk_in_IBUF_inst/INBUF_INST/O
                         net (fo=1, routed)           0.000     0.336    clk_in_IBUF_inst/OUT
    D14                  IBUFCTRL (Prop_IBUFCTRL_HDIOB_M_I_O)
                                                      0.000     0.336 r  clk_in_IBUF_inst/IBUFCTRL_INST/O
                         net (fo=1, routed)           0.091     0.427    clk_in_IBUF
    BUFGCE_HDIO_X0Y6     BUFGCE (Prop_BUFCE_BUFGCE_HDIO_I_O)
                                                      0.017     0.444 r  bufg_clk/O
    X0Y3 (CLOCK_ROOT)    net (fo=64, routed)          0.714     1.158    clk
    SLICE_X0Y215         FDRE                                         r  input_current_r_reg[19]/C
  -------------------------------------------------------------------    -------------------
    SLICE_X0Y215         FDRE (Prop_EFF_SLICEL_C_Q)
                                                      0.039     1.197 r  input_current_r_reg[19]/Q
                         net (fo=7, routed)           0.316     1.513    u_lif/Q[19]
    SLICE_X4Y217         LUT6 (Prop_D6LUT_SLICEM_I3_O)
                                                      0.014     1.527 r  u_lif/internal_value[19]_i_1/O
                         net (fo=1, routed)           0.026     1.553    u_lif/p_1_in[19]
    SLICE_X4Y217         FDRE                                         r  u_lif/internal_value_reg[19]/D
  -------------------------------------------------------------------    -------------------

                         (clock clk_in rise edge)     0.000     0.000 r  
    D14                                               0.000     0.000 r  clk_in (IN)
                         net (fo=0)                   0.000     0.000    clk_in_IBUF_inst/I
    D14                  INBUF (Prop_INBUF_HDIOB_M_PAD_O)
                                                      0.624     0.624 r  clk_in_IBUF_inst/INBUF_INST/O
                         net (fo=1, routed)           0.000     0.624    clk_in_IBUF_inst/OUT
    D14                  IBUFCTRL (Prop_IBUFCTRL_HDIOB_M_I_O)
                                                      0.000     0.624 r  clk_in_IBUF_inst/IBUFCTRL_INST/O
                         net (fo=1, routed)           0.113     0.737    clk_in_IBUF
    BUFGCE_HDIO_X0Y6     BUFGCE (Prop_BUFCE_BUFGCE_HDIO_I_O)
                                                      0.019     0.756 r  bufg_clk/O
    X0Y3 (CLOCK_ROOT)    net (fo=64, routed)          0.812     1.568    u_lif/clk
    SLICE_X4Y217         FDRE                                         r  u_lif/internal_value_reg[19]/C
                         clock pessimism             -0.361     1.207    
                         clock uncertainty            0.200     1.407    
    SLICE_X4Y217         FDRE (Hold_DFF_SLICEM_C_D)
                                                      0.046     1.453    u_lif/internal_value_reg[19]
  -------------------------------------------------------------------
                         required time                         -1.453    
                         arrival time                           1.553    
  -------------------------------------------------------------------
                         slack                                  0.100    

Slack (MET) :             0.100ns  (arrival time - required time)
  Source:                 input_current_r_reg[26]/C
                            (rising edge-triggered cell FDRE clocked by clk_in  {rise@0.000ns fall@5.000ns period=10.000ns})
  Destination:            u_lif/internal_value_reg[3]/D
                            (rising edge-triggered cell FDRE clocked by clk_in  {rise@0.000ns fall@5.000ns period=10.000ns})
  Path Group:             clk_in
  Path Type:              Hold (Min at Fast Process Corner)
  Requirement:            0.000ns  (clk_in rise@0.000ns - clk_in rise@0.000ns)
  Data Path Delay:        0.397ns  (logic 0.153ns (38.566%)  route 0.244ns (61.434%))
  Logic Levels:           4  (CARRY8=2 LUT4=1 LUT6=1)
  Clock Path Skew:        0.050ns (DCD - SCD - CPR)
    Destination Clock Delay (DCD):    1.568ns
    Source Clock Delay      (SCD):    1.157ns
    Clock Pessimism Removal (CPR):    0.361ns
  Clock Uncertainty:      0.200ns  ((TSJ^2 + TIJ^2)^1/2 + DJ) / 2 + PE + UU
    Total System Jitter     (TSJ):    0.000ns
    Total Input Jitter      (TIJ):    0.000ns
    Discrete Jitter          (DJ):    0.000ns
    Phase Error              (PE):    0.000ns
    User Uncertainty         (UU):    0.200ns
  Clock Net Delay (Source):      0.713ns (routing 0.242ns, distribution 0.471ns)
  Clock Net Delay (Destination): 0.812ns (routing 0.268ns, distribution 0.544ns)

    Location             Delay type                Incr(ns)  Path(ns)    Netlist Resource(s)
  -------------------------------------------------------------------    -------------------
                         (clock clk_in rise edge)     0.000     0.000 r  
    D14                                               0.000     0.000 r  clk_in (IN)
                         net (fo=0)                   0.000     0.000    clk_in_IBUF_inst/I
    D14                  INBUF (Prop_INBUF_HDIOB_M_PAD_O)
                                                      0.336     0.336 r  clk_in_IBUF_inst/INBUF_INST/O
                         net (fo=1, routed)           0.000     0.336    clk_in_IBUF_inst/OUT
    D14                  IBUFCTRL (Prop_IBUFCTRL_HDIOB_M_I_O)
                                                      0.000     0.336 r  clk_in_IBUF_inst/IBUFCTRL_INST/O
                         net (fo=1, routed)           0.091     0.427    clk_in_IBUF
    BUFGCE_HDIO_X0Y6     BUFGCE (Prop_BUFCE_BUFGCE_HDIO_I_O)
                                                      0.017     0.444 r  bufg_clk/O
    X0Y3 (CLOCK_ROOT)    net (fo=64, routed)          0.713     1.157    clk
    SLICE_X3Y220         FDRE                                         r  input_current_r_reg[26]/C
  -------------------------------------------------------------------    -------------------
    SLICE_X3Y220         FDRE (Prop_EFF_SLICEL_C_Q)
                                                      0.039     1.196 r  input_current_r_reg[26]/Q
                         net (fo=8, routed)           0.030     1.225    u_lif/Q[26]
    SLICE_X3Y220         LUT4 (Prop_E5LUT_SLICEL_I1_O)
                                                      0.032     1.257 r  u_lif/membrane_next__0_carry__2_i_1/O
                         net (fo=1, routed)           0.000     1.257    u_lif/membrane_next__0_carry__2_i_1_n_0
    SLICE_X3Y220         CARRY8 (Prop_CARRY8_SLICEL_DI[4]_CO[5])
                                                      0.031     1.288 r  u_lif/membrane_next__0_carry__2/CO[5]
                         net (fo=3, routed)           0.120     1.408    u_lif/membrane_next__0_carry__2_n_2
    SLICE_X2Y219         CARRY8 (Prop_CARRY8_SLICEL_S[7]_CO[7])
                                                      0.028     1.436 f  u_lif/threshold_crossed0_carry__0/CO[7]
                         net (fo=30, routed)          0.079     1.516    u_lif/threshold_crossed0_carry__0_n_0
    SLICE_X2Y217         LUT6 (Prop_B6LUT_SLICEL_I0_O)
                                                      0.023     1.539 r  u_lif/internal_value[3]_i_1/O
                         net (fo=1, routed)           0.015     1.554    u_lif/p_1_in[3]
    SLICE_X2Y217         FDRE                                         r  u_lif/internal_value_reg[3]/D
  -------------------------------------------------------------------    -------------------

                         (clock clk_in rise edge)     0.000     0.000 r  
    D14                                               0.000     0.000 r  clk_in (IN)
                         net (fo=0)                   0.000     0.000    clk_in_IBUF_inst/I
    D14                  INBUF (Prop_INBUF_HDIOB_M_PAD_O)
                                                      0.624     0.624 r  clk_in_IBUF_inst/INBUF_INST/O
                         net (fo=1, routed)           0.000     0.624    clk_in_IBUF_inst/OUT
    D14                  IBUFCTRL (Prop_IBUFCTRL_HDIOB_M_I_O)
                                                      0.000     0.624 r  clk_in_IBUF_inst/IBUFCTRL_INST/O
                         net (fo=1, routed)           0.113     0.737    clk_in_IBUF
    BUFGCE_HDIO_X0Y6     BUFGCE (Prop_BUFCE_BUFGCE_HDIO_I_O)
                                                      0.019     0.756 r  bufg_clk/O
    X0Y3 (CLOCK_ROOT)    net (fo=64, routed)          0.812     1.568    u_lif/clk
    SLICE_X2Y217         FDRE                                         r  u_lif/internal_value_reg[3]/C
                         clock pessimism             -0.361     1.207    
                         clock uncertainty            0.200     1.407    
    SLICE_X2Y217         FDRE (Hold_BFF_SLICEL_C_D)
                                                      0.046     1.453    u_lif/internal_value_reg[3]
  -------------------------------------------------------------------
                         required time                         -1.453    
                         arrival time                           1.554    
  -------------------------------------------------------------------
                         slack                                  0.100    

Slack (MET) :             0.105ns  (arrival time - required time)
  Source:                 input_current_r_reg[10]/C
                            (rising edge-triggered cell FDRE clocked by clk_in  {rise@0.000ns fall@5.000ns period=10.000ns})
  Destination:            u_lif/internal_value_reg[10]/D
                            (rising edge-triggered cell FDRE clocked by clk_in  {rise@0.000ns fall@5.000ns period=10.000ns})
  Path Group:             clk_in
  Path Type:              Hold (Min at Fast Process Corner)
  Requirement:            0.000ns  (clk_in rise@0.000ns - clk_in rise@0.000ns)
  Data Path Delay:        0.400ns  (logic 0.089ns (22.239%)  route 0.311ns (77.761%))
  Logic Levels:           1  (LUT6=1)
  Clock Path Skew:        0.049ns (DCD - SCD - CPR)
    Destination Clock Delay (DCD):    1.570ns
    Source Clock Delay      (SCD):    1.160ns
    Clock Pessimism Removal (CPR):    0.361ns
  Clock Uncertainty:      0.200ns  ((TSJ^2 + TIJ^2)^1/2 + DJ) / 2 + PE + UU
    Total System Jitter     (TSJ):    0.000ns
    Total Input Jitter      (TIJ):    0.000ns
    Discrete Jitter          (DJ):    0.000ns
    Phase Error              (PE):    0.000ns
    User Uncertainty         (UU):    0.200ns
  Clock Net Delay (Source):      0.716ns (routing 0.242ns, distribution 0.474ns)
  Clock Net Delay (Destination): 0.814ns (routing 0.268ns, distribution 0.546ns)

    Location             Delay type                Incr(ns)  Path(ns)    Netlist Resource(s)
  -------------------------------------------------------------------    -------------------
                         (clock clk_in rise edge)     0.000     0.000 r  
    D14                                               0.000     0.000 r  clk_in (IN)
                         net (fo=0)                   0.000     0.000    clk_in_IBUF_inst/I
    D14                  INBUF (Prop_INBUF_HDIOB_M_PAD_O)
                                                      0.336     0.336 r  clk_in_IBUF_inst/INBUF_INST/O
                         net (fo=1, routed)           0.000     0.336    clk_in_IBUF_inst/OUT
    D14                  IBUFCTRL (Prop_IBUFCTRL_HDIOB_M_I_O)
                                                      0.000     0.336 r  clk_in_IBUF_inst/IBUFCTRL_INST/O
                         net (fo=1, routed)           0.091     0.427    clk_in_IBUF
    BUFGCE_HDIO_X0Y6     BUFGCE (Prop_BUFCE_BUFGCE_HDIO_I_O)
                                                      0.017     0.444 r  bufg_clk/O
    X0Y3 (CLOCK_ROOT)    net (fo=64, routed)          0.716     1.160    clk
    SLICE_X2Y221         FDRE                                         r  input_current_r_reg[10]/C
  -------------------------------------------------------------------    -------------------
    SLICE_X2Y221         FDRE (Prop_EFF_SLICEL_C_Q)
                                                      0.039     1.199 r  input_current_r_reg[10]/Q
                         net (fo=6, routed)           0.285     1.484    u_lif/Q[10]
    SLICE_X4Y220         LUT6 (Prop_D6LUT_SLICEM_I3_O)
                                                      0.050     1.534 r  u_lif/internal_value[10]_i_1/O
                         net (fo=1, routed)           0.026     1.560    u_lif/p_1_in[10]
    SLICE_X4Y220         FDRE                                         r  u_lif/internal_value_reg[10]/D
  -------------------------------------------------------------------    -------------------

                         (clock clk_in rise edge)     0.000     0.000 r  
    D14                                               0.000     0.000 r  clk_in (IN)
                         net (fo=0)                   0.000     0.000    clk_in_IBUF_inst/I
    D14                  INBUF (Prop_INBUF_HDIOB_M_PAD_O)
                                                      0.624     0.624 r  clk_in_IBUF_inst/INBUF_INST/O
                         net (fo=1, routed)           0.000     0.624    clk_in_IBUF_inst/OUT
    D14                  IBUFCTRL (Prop_IBUFCTRL_HDIOB_M_I_O)
                                                      0.000     0.624 r  clk_in_IBUF_inst/IBUFCTRL_INST/O
                         net (fo=1, routed)           0.113     0.737    clk_in_IBUF
    BUFGCE_HDIO_X0Y6     BUFGCE (Prop_BUFCE_BUFGCE_HDIO_I_O)
                                                      0.019     0.756 r  bufg_clk/O
    X0Y3 (CLOCK_ROOT)    net (fo=64, routed)          0.814     1.570    u_lif/clk
    SLICE_X4Y220         FDRE                                         r  u_lif/internal_value_reg[10]/C
                         clock pessimism             -0.361     1.209    
                         clock uncertainty            0.200     1.409    
    SLICE_X4Y220         FDRE (Hold_DFF_SLICEM_C_D)
                                                      0.046     1.455    u_lif/internal_value_reg[10]
  -------------------------------------------------------------------
                         required time                         -1.455    
                         arrival time                           1.560    
  -------------------------------------------------------------------
                         slack                                  0.105    

Slack (MET) :             0.114ns  (arrival time - required time)
  Source:                 input_current_r_reg[22]/C
                            (rising edge-triggered cell FDRE clocked by clk_in  {rise@0.000ns fall@5.000ns period=10.000ns})
  Destination:            u_lif/internal_value_reg[22]/D
                            (rising edge-triggered cell FDRE clocked by clk_in  {rise@0.000ns fall@5.000ns period=10.000ns})
  Path Group:             clk_in
  Path Type:              Hold (Min at Fast Process Corner)
  Requirement:            0.000ns  (clk_in rise@0.000ns - clk_in rise@0.000ns)
  Data Path Delay:        0.405ns  (logic 0.074ns (18.254%)  route 0.331ns (81.746%))
  Logic Levels:           1  (LUT6=1)
  Clock Path Skew:        0.045ns (DCD - SCD - CPR)
    Destination Clock Delay (DCD):    1.563ns
    Source Clock Delay      (SCD):    1.157ns
    Clock Pessimism Removal (CPR):    0.361ns
  Clock Uncertainty:      0.200ns  ((TSJ^2 + TIJ^2)^1/2 + DJ) / 2 + PE + UU
    Total System Jitter     (TSJ):    0.000ns
    Total Input Jitter      (TIJ):    0.000ns
    Discrete Jitter          (DJ):    0.000ns
    Phase Error              (PE):    0.000ns
    User Uncertainty         (UU):    0.200ns
  Clock Net Delay (Source):      0.713ns (routing 0.242ns, distribution 0.471ns)
  Clock Net Delay (Destination): 0.807ns (routing 0.268ns, distribution 0.539ns)

    Location             Delay type                Incr(ns)  Path(ns)    Netlist Resource(s)
  -------------------------------------------------------------------    -------------------
                         (clock clk_in rise edge)     0.000     0.000 r  
    D14                                               0.000     0.000 r  clk_in (IN)
                         net (fo=0)                   0.000     0.000    clk_in_IBUF_inst/I
    D14                  INBUF (Prop_INBUF_HDIOB_M_PAD_O)
                                                      0.336     0.336 r  clk_in_IBUF_inst/INBUF_INST/O
                         net (fo=1, routed)           0.000     0.336    clk_in_IBUF_inst/OUT
    D14                  IBUFCTRL (Prop_IBUFCTRL_HDIOB_M_I_O)
                                                      0.000     0.336 r  clk_in_IBUF_inst/IBUFCTRL_INST/O
                         net (fo=1, routed)           0.091     0.427    clk_in_IBUF
    BUFGCE_HDIO_X0Y6     BUFGCE (Prop_BUFCE_BUFGCE_HDIO_I_O)
                                                      0.017     0.444 r  bufg_clk/O
    X0Y3 (CLOCK_ROOT)    net (fo=64, routed)          0.713     1.157    clk
    SLICE_X2Y216         FDRE                                         r  input_current_r_reg[22]/C
  -------------------------------------------------------------------    -------------------
    SLICE_X2Y216         FDRE (Prop_EFF_SLICEL_C_Q)
                                                      0.039     1.196 r  input_current_r_reg[22]/Q
                         net (fo=7, routed)           0.305     1.501    u_lif/Q[22]
    SLICE_X4Y216         LUT6 (Prop_D6LUT_SLICEM_I3_O)
                                                      0.035     1.536 r  u_lif/internal_value[22]_i_1/O
                         net (fo=1, routed)           0.026     1.562    u_lif/p_1_in[22]
    SLICE_X4Y216         FDRE                                         r  u_lif/internal_value_reg[22]/D
  -------------------------------------------------------------------    -------------------

                         (clock clk_in rise edge)     0.000     0.000 r  
    D14                                               0.000     0.000 r  clk_in (IN)
                         net (fo=0)                   0.000     0.000    clk_in_IBUF_inst/I
    D14                  INBUF (Prop_INBUF_HDIOB_M_PAD_O)
                                                      0.624     0.624 r  clk_in_IBUF_inst/INBUF_INST/O
                         net (fo=1, routed)           0.000     0.624    clk_in_IBUF_inst/OUT
    D14                  IBUFCTRL (Prop_IBUFCTRL_HDIOB_M_I_O)
                                                      0.000     0.624 r  clk_in_IBUF_inst/IBUFCTRL_INST/O
                         net (fo=1, routed)           0.113     0.737    clk_in_IBUF
    BUFGCE_HDIO_X0Y6     BUFGCE (Prop_BUFCE_BUFGCE_HDIO_I_O)
                                                      0.019     0.756 r  bufg_clk/O
    X0Y3 (CLOCK_ROOT)    net (fo=64, routed)          0.807     1.563    u_lif/clk
    SLICE_X4Y216         FDRE                                         r  u_lif/internal_value_reg[22]/C
                         clock pessimism             -0.361     1.202    
                         clock uncertainty            0.200     1.402    
    SLICE_X4Y216         FDRE (Hold_DFF_SLICEM_C_D)
                                                      0.046     1.448    u_lif/internal_value_reg[22]
  -------------------------------------------------------------------
                         required time                         -1.448    
                         arrival time                           1.562    
  -------------------------------------------------------------------
                         slack                                  0.114    

Slack (MET) :             0.118ns  (arrival time - required time)
  Source:                 input_current_r_reg[15]/C
                            (rising edge-triggered cell FDRE clocked by clk_in  {rise@0.000ns fall@5.000ns period=10.000ns})
  Destination:            u_lif/internal_value_reg[16]/D
                            (rising edge-triggered cell FDRE clocked by clk_in  {rise@0.000ns fall@5.000ns period=10.000ns})
  Path Group:             clk_in
  Path Type:              Hold (Min at Fast Process Corner)
  Requirement:            0.000ns  (clk_in rise@0.000ns - clk_in rise@0.000ns)
  Data Path Delay:        0.408ns  (logic 0.116ns (28.435%)  route 0.292ns (71.565%))
  Logic Levels:           3  (CARRY8=1 LUT5=1 LUT6=1)
  Clock Path Skew:        0.044ns (DCD - SCD - CPR)
    Destination Clock Delay (DCD):    1.568ns
    Source Clock Delay      (SCD):    1.163ns
    Clock Pessimism Removal (CPR):    0.361ns
  Clock Uncertainty:      0.200ns  ((TSJ^2 + TIJ^2)^1/2 + DJ) / 2 + PE + UU
    Total System Jitter     (TSJ):    0.000ns
    Total Input Jitter      (TIJ):    0.000ns
    Discrete Jitter          (DJ):    0.000ns
    Phase Error              (PE):    0.000ns
    User Uncertainty         (UU):    0.200ns
  Clock Net Delay (Source):      0.720ns (routing 0.242ns, distribution 0.478ns)
  Clock Net Delay (Destination): 0.812ns (routing 0.268ns, distribution 0.544ns)

    Location             Delay type                Incr(ns)  Path(ns)    Netlist Resource(s)
  -------------------------------------------------------------------    -------------------
                         (clock clk_in rise edge)     0.000     0.000 r  
    D14                                               0.000     0.000 r  clk_in (IN)
                         net (fo=0)                   0.000     0.000    clk_in_IBUF_inst/I
    D14                  INBUF (Prop_INBUF_HDIOB_M_PAD_O)
                                                      0.336     0.336 r  clk_in_IBUF_inst/INBUF_INST/O
                         net (fo=1, routed)           0.000     0.336    clk_in_IBUF_inst/OUT
    D14                  IBUFCTRL (Prop_IBUFCTRL_HDIOB_M_I_O)
                                                      0.000     0.336 r  clk_in_IBUF_inst/IBUFCTRL_INST/O
                         net (fo=1, routed)           0.091     0.427    clk_in_IBUF
    BUFGCE_HDIO_X0Y6     BUFGCE (Prop_BUFCE_BUFGCE_HDIO_I_O)
                                                      0.017     0.444 r  bufg_clk/O
    X0Y3 (CLOCK_ROOT)    net (fo=64, routed)          0.720     1.163    clk
    SLICE_X2Y220         FDRE                                         r  input_current_r_reg[15]/C
  -------------------------------------------------------------------    -------------------
    SLICE_X2Y220         FDRE (Prop_FFF2_SLICEL_C_Q)
                                                      0.040     1.203 r  input_current_r_reg[15]/Q
                         net (fo=7, routed)           0.107     1.311    u_lif/Q[15]
    SLICE_X3Y219         LUT5 (Prop_A6LUT_SLICEL_I1_O)
                                                      0.035     1.346 r  u_lif/membrane_next__0_carry__1_i_16/O
                         net (fo=1, routed)           0.008     1.354    u_lif/membrane_next__0_carry__1_i_16_n_0
    SLICE_X3Y219         CARRY8 (Prop_CARRY8_SLICEL_S[0]_O[0])
                                                      0.018     1.372 r  u_lif/membrane_next__0_carry__1/O[0]
                         net (fo=3, routed)           0.156     1.527    u_lif/membrane_next[16]
    SLICE_X4Y220         LUT6 (Prop_H6LUT_SLICEM_I1_O)
                                                      0.023     1.550 r  u_lif/internal_value[16]_i_1/O
                         net (fo=1, routed)           0.021     1.571    u_lif/p_1_in[16]
    SLICE_X4Y220         FDRE                                         r  u_lif/internal_value_reg[16]/D
  -------------------------------------------------------------------    -------------------

                         (clock clk_in rise edge)     0.000     0.000 r  
    D14                                               0.000     0.000 r  clk_in (IN)
                         net (fo=0)                   0.000     0.000    clk_in_IBUF_inst/I
    D14                  INBUF (Prop_INBUF_HDIOB_M_PAD_O)
                                                      0.624     0.624 r  clk_in_IBUF_inst/INBUF_INST/O
                         net (fo=1, routed)           0.000     0.624    clk_in_IBUF_inst/OUT
    D14                  IBUFCTRL (Prop_IBUFCTRL_HDIOB_M_I_O)
                                                      0.000     0.624 r  clk_in_IBUF_inst/IBUFCTRL_INST/O
                         net (fo=1, routed)           0.113     0.737    clk_in_IBUF
    BUFGCE_HDIO_X0Y6     BUFGCE (Prop_BUFCE_BUFGCE_HDIO_I_O)
                                                      0.019     0.756 r  bufg_clk/O
    X0Y3 (CLOCK_ROOT)    net (fo=64, routed)          0.812     1.568    u_lif/clk
    SLICE_X4Y220         FDRE                                         r  u_lif/internal_value_reg[16]/C
                         clock pessimism             -0.361     1.207    
                         clock uncertainty            0.200     1.407    
    SLICE_X4Y220         FDRE (Hold_HFF_SLICEM_C_D)
                                                      0.046     1.453    u_lif/internal_value_reg[16]
  -------------------------------------------------------------------
                         required time                         -1.453    
                         arrival time                           1.571    
  -------------------------------------------------------------------
                         slack                                  0.118    

Slack (MET) :             0.118ns  (arrival time - required time)
  Source:                 input_current[2]
                            (input port clocked by clk_in  {rise@0.000ns fall@5.000ns period=10.000ns})
  Destination:            input_current_r_reg[2]/D
                            (rising edge-triggered cell FDRE clocked by clk_in  {rise@0.000ns fall@5.000ns period=10.000ns})
  Path Group:             clk_in
  Path Type:              Hold (Min at Slow Process Corner)
  Requirement:            0.000ns  (clk_in rise@0.000ns - clk_in rise@0.000ns)
  Data Path Delay:        2.905ns  (logic 0.301ns (10.361%)  route 2.604ns (89.639%))
  Logic Levels:           3  (IBUFCTRL=1 INBUF=1 LUT1=1)
  Input Delay:            0.000ns
  Clock Path Skew:        2.527ns (DCD - SCD - CPR)
    Destination Clock Delay (DCD):    2.527ns
    Source Clock Delay      (SCD):    0.000ns
    Clock Pessimism Removal (CPR):    -0.000ns
  Clock Uncertainty:      0.200ns  ((TSJ^2 + TIJ^2)^1/2 + DJ) / 2 + PE + UU
    Total System Jitter     (TSJ):    0.000ns
    Total Input Jitter      (TIJ):    0.000ns
    Discrete Jitter          (DJ):    0.000ns
    Phase Error              (PE):    0.000ns
    User Uncertainty         (UU):    0.200ns
  Clock Net Delay (Destination): 1.293ns (routing 0.438ns, distribution 0.855ns)

    Location             Delay type                Incr(ns)  Path(ns)    Netlist Resource(s)
  -------------------------------------------------------------------    -------------------
                         (clock clk_in rise edge)     0.000     0.000 r  
                         input delay                  0.000     0.000    
    A24                                               0.000     0.000 r  input_current[2] (IN)
                         net (fo=0)                   0.000     0.000    input_current_IBUF[2]_inst/I
    A24                  INBUF (Prop_INBUF_HPIOB_M_PAD_O)
                                                      0.269     0.269 r  input_current_IBUF[2]_inst/INBUF_INST/O
                         net (fo=1, routed)           0.000     0.269    input_current_IBUF[2]_inst/OUT
    A24                  IBUFCTRL (Prop_IBUFCTRL_HPIOB_M_I_O)
                                                      0.000     0.269 r  input_current_IBUF[2]_inst/IBUFCTRL_INST/O
                         net (fo=1, routed)           1.470     1.739    input_current_IBUF[2]
    SLICE_X87Y239        LUT1 (Prop_B5LUT_SLICEL_I0_O)
                                                      0.032     1.771 r  input_current_IBUF[2]_hold_fix/O
                         net (fo=1, routed)           1.134     2.905    input_current_IBUF[2]_hold_fix_1
    SLICE_X1Y230         FDRE                                         r  input_current_r_reg[2]/D
  -------------------------------------------------------------------    -------------------

                         (clock clk_in rise edge)     0.000     0.000 r  
    D14                                               0.000     0.000 r  clk_in (IN)
                         net (fo=0)                   0.000     0.000    clk_in_IBUF_inst/I
    D14                  INBUF (Prop_INBUF_HDIOB_M_PAD_O)
                                                      1.002     1.002 r  clk_in_IBUF_inst/INBUF_INST/O
                         net (fo=1, routed)           0.000     1.002    clk_in_IBUF_inst/OUT
    D14                  IBUFCTRL (Prop_IBUFCTRL_HDIOB_M_I_O)
                                                      0.000     1.002 r  clk_in_IBUF_inst/IBUFCTRL_INST/O
                         net (fo=1, routed)           0.204     1.206    clk_in_IBUF
    BUFGCE_HDIO_X0Y6     BUFGCE (Prop_BUFCE_BUFGCE_HDIO_I_O)
                                                      0.028     1.234 r  bufg_clk/O
    X0Y3 (CLOCK_ROOT)    net (fo=64, routed)          1.293     2.527    clk
    SLICE_X1Y230         FDRE                                         r  input_current_r_reg[2]/C
                         clock pessimism              0.000     2.527    
                         clock uncertainty            0.200     2.727    
    SLICE_X1Y230         FDRE (Hold_FFF_SLICEM_C_D)
                                                      0.060     2.787    input_current_r_reg[2]
  -------------------------------------------------------------------
                         required time                         -2.787    
                         arrival time                           2.905    
  -------------------------------------------------------------------
                         slack                                  0.118    

Slack (MET) :             0.122ns  (arrival time - required time)
  Source:                 input_current_r_reg[4]/C
                            (rising edge-triggered cell FDRE clocked by clk_in  {rise@0.000ns fall@5.000ns period=10.000ns})
  Destination:            u_lif/internal_value_reg[4]/D
                            (rising edge-triggered cell FDRE clocked by clk_in  {rise@0.000ns fall@5.000ns period=10.000ns})
  Path Group:             clk_in
  Path Type:              Hold (Min at Fast Process Corner)
  Requirement:            0.000ns  (clk_in rise@0.000ns - clk_in rise@0.000ns)
  Data Path Delay:        0.407ns  (logic 0.079ns (19.404%)  route 0.328ns (80.596%))
  Logic Levels:           1  (LUT6=1)
  Clock Path Skew:        0.039ns (DCD - SCD - CPR)
    Destination Clock Delay (DCD):    1.563ns
    Source Clock Delay      (SCD):    1.163ns
    Clock Pessimism Removal (CPR):    0.361ns
  Clock Uncertainty:      0.200ns  ((TSJ^2 + TIJ^2)^1/2 + DJ) / 2 + PE + UU
    Total System Jitter     (TSJ):    0.000ns
    Total Input Jitter      (TIJ):    0.000ns
    Discrete Jitter          (DJ):    0.000ns
    Phase Error              (PE):    0.000ns
    User Uncertainty         (UU):    0.200ns
  Clock Net Delay (Source):      0.719ns (routing 0.242ns, distribution 0.477ns)
  Clock Net Delay (Destination): 0.807ns (routing 0.268ns, distribution 0.539ns)

    Location             Delay type                Incr(ns)  Path(ns)    Netlist Resource(s)
  -------------------------------------------------------------------    -------------------
                         (clock clk_in rise edge)     0.000     0.000 r  
    D14                                               0.000     0.000 r  clk_in (IN)
                         net (fo=0)                   0.000     0.000    clk_in_IBUF_inst/I
    D14                  INBUF (Prop_INBUF_HDIOB_M_PAD_O)
                                                      0.336     0.336 r  clk_in_IBUF_inst/INBUF_INST/O
                         net (fo=1, routed)           0.000     0.336    clk_in_IBUF_inst/OUT
    D14                  IBUFCTRL (Prop_IBUFCTRL_HDIOB_M_I_O)
                                                      0.000     0.336 r  clk_in_IBUF_inst/IBUFCTRL_INST/O
                         net (fo=1, routed)           0.091     0.427    clk_in_IBUF
    BUFGCE_HDIO_X0Y6     BUFGCE (Prop_BUFCE_BUFGCE_HDIO_I_O)
                                                      0.017     0.444 r  bufg_clk/O
    X0Y3 (CLOCK_ROOT)    net (fo=64, routed)          0.719     1.163    clk
    SLICE_X1Y230         FDRE                                         r  input_current_r_reg[4]/C
  -------------------------------------------------------------------    -------------------
    SLICE_X1Y230         FDRE (Prop_GFF_SLICEM_C_Q)
                                                      0.039     1.202 r  input_current_r_reg[4]/Q
                         net (fo=6, routed)           0.304     1.506    u_lif/Q[4]
    SLICE_X4Y216         LUT6 (Prop_C6LUT_SLICEM_I3_O)
                                                      0.040     1.546 r  u_lif/internal_value[4]_i_1/O
                         net (fo=1, routed)           0.024     1.570    u_lif/p_1_in[4]
    SLICE_X4Y216         FDRE                                         r  u_lif/internal_value_reg[4]/D
  -------------------------------------------------------------------    -------------------

                         (clock clk_in rise edge)     0.000     0.000 r  
    D14                                               0.000     0.000 r  clk_in (IN)
                         net (fo=0)                   0.000     0.000    clk_in_IBUF_inst/I
    D14                  INBUF (Prop_INBUF_HDIOB_M_PAD_O)
                                                      0.624     0.624 r  clk_in_IBUF_inst/INBUF_INST/O
                         net (fo=1, routed)           0.000     0.624    clk_in_IBUF_inst/OUT
    D14                  IBUFCTRL (Prop_IBUFCTRL_HDIOB_M_I_O)
                                                      0.000     0.624 r  clk_in_IBUF_inst/IBUFCTRL_INST/O
                         net (fo=1, routed)           0.113     0.737    clk_in_IBUF
    BUFGCE_HDIO_X0Y6     BUFGCE (Prop_BUFCE_BUFGCE_HDIO_I_O)
                                                      0.019     0.756 r  bufg_clk/O
    X0Y3 (CLOCK_ROOT)    net (fo=64, routed)          0.807     1.563    u_lif/clk
    SLICE_X4Y216         FDRE                                         r  u_lif/internal_value_reg[4]/C
                         clock pessimism             -0.361     1.202    
                         clock uncertainty            0.200     1.402    
    SLICE_X4Y216         FDRE (Hold_CFF_SLICEM_C_D)
                                                      0.046     1.448    u_lif/internal_value_reg[4]
  -------------------------------------------------------------------
                         required time                         -1.448    
                         arrival time                           1.570    
  -------------------------------------------------------------------
                         slack                                  0.122    

Slack (MET) :             0.128ns  (arrival time - required time)
  Source:                 input_current_r_reg[7]/C
                            (rising edge-triggered cell FDRE clocked by clk_in  {rise@0.000ns fall@5.000ns period=10.000ns})
  Destination:            u_lif/internal_value_reg[7]/D
                            (rising edge-triggered cell FDRE clocked by clk_in  {rise@0.000ns fall@5.000ns period=10.000ns})
  Path Group:             clk_in
  Path Type:              Hold (Min at Fast Process Corner)
  Requirement:            0.000ns  (clk_in rise@0.000ns - clk_in rise@0.000ns)
  Data Path Delay:        0.416ns  (logic 0.079ns (18.994%)  route 0.337ns (81.006%))
  Logic Levels:           1  (LUT6=1)
  Clock Path Skew:        0.042ns (DCD - SCD - CPR)
    Destination Clock Delay (DCD):    1.566ns
    Source Clock Delay      (SCD):    1.163ns
    Clock Pessimism Removal (CPR):    0.361ns
  Clock Uncertainty:      0.200ns  ((TSJ^2 + TIJ^2)^1/2 + DJ) / 2 + PE + UU
    Total System Jitter     (TSJ):    0.000ns
    Total Input Jitter      (TIJ):    0.000ns
    Discrete Jitter          (DJ):    0.000ns
    Phase Error              (PE):    0.000ns
    User Uncertainty         (UU):    0.200ns
  Clock Net Delay (Source):      0.719ns (routing 0.242ns, distribution 0.477ns)
  Clock Net Delay (Destination): 0.810ns (routing 0.268ns, distribution 0.542ns)

    Location             Delay type                Incr(ns)  Path(ns)    Netlist Resource(s)
  -------------------------------------------------------------------    -------------------
                         (clock clk_in rise edge)     0.000     0.000 r  
    D14                                               0.000     0.000 r  clk_in (IN)
                         net (fo=0)                   0.000     0.000    clk_in_IBUF_inst/I
    D14                  INBUF (Prop_INBUF_HDIOB_M_PAD_O)
                                                      0.336     0.336 r  clk_in_IBUF_inst/INBUF_INST/O
                         net (fo=1, routed)           0.000     0.336    clk_in_IBUF_inst/OUT
    D14                  IBUFCTRL (Prop_IBUFCTRL_HDIOB_M_I_O)
                                                      0.000     0.336 r  clk_in_IBUF_inst/IBUFCTRL_INST/O
                         net (fo=1, routed)           0.091     0.427    clk_in_IBUF
    BUFGCE_HDIO_X0Y6     BUFGCE (Prop_BUFCE_BUFGCE_HDIO_I_O)
                                                      0.017     0.444 r  bufg_clk/O
    X0Y3 (CLOCK_ROOT)    net (fo=64, routed)          0.719     1.163    clk
    SLICE_X1Y230         FDRE                                         r  input_current_r_reg[7]/C
  -------------------------------------------------------------------    -------------------
    SLICE_X1Y230         FDRE (Prop_HFF_SLICEM_C_Q)
                                                      0.039     1.202 r  input_current_r_reg[7]/Q
                         net (fo=6, routed)           0.313     1.515    u_lif/Q[7]
    SLICE_X4Y217         LUT6 (Prop_F6LUT_SLICEM_I3_O)
                                                      0.040     1.555 r  u_lif/internal_value[7]_i_1/O
                         net (fo=1, routed)           0.024     1.579    u_lif/p_1_in[7]
    SLICE_X4Y217         FDRE                                         r  u_lif/internal_value_reg[7]/D
  -------------------------------------------------------------------    -------------------

                         (clock clk_in rise edge)     0.000     0.000 r  
    D14                                               0.000     0.000 r  clk_in (IN)
                         net (fo=0)                   0.000     0.000    clk_in_IBUF_inst/I
    D14                  INBUF (Prop_INBUF_HDIOB_M_PAD_O)
                                                      0.624     0.624 r  clk_in_IBUF_inst/INBUF_INST/O
                         net (fo=1, routed)           0.000     0.624    clk_in_IBUF_inst/OUT
    D14                  IBUFCTRL (Prop_IBUFCTRL_HDIOB_M_I_O)
                                                      0.000     0.624 r  clk_in_IBUF_inst/IBUFCTRL_INST/O
                         net (fo=1, routed)           0.113     0.737    clk_in_IBUF
    BUFGCE_HDIO_X0Y6     BUFGCE (Prop_BUFCE_BUFGCE_HDIO_I_O)
                                                      0.019     0.756 r  bufg_clk/O
    X0Y3 (CLOCK_ROOT)    net (fo=64, routed)          0.810     1.566    u_lif/clk
    SLICE_X4Y217         FDRE                                         r  u_lif/internal_value_reg[7]/C
                         clock pessimism             -0.361     1.205    
                         clock uncertainty            0.200     1.405    
    SLICE_X4Y217         FDRE (Hold_FFF_SLICEM_C_D)
                                                      0.046     1.451    u_lif/internal_value_reg[7]
  -------------------------------------------------------------------
                         required time                         -1.451    
                         arrival time                           1.579    
  -------------------------------------------------------------------
                         slack                                  0.128    

Slack (MET) :             0.131ns  (arrival time - required time)
  Source:                 new_image_r_reg/C
                            (rising edge-triggered cell FDRE clocked by clk_in  {rise@0.000ns fall@5.000ns period=10.000ns})
  Destination:            u_lif/internal_value_reg[6]/D
                            (rising edge-triggered cell FDRE clocked by clk_in  {rise@0.000ns fall@5.000ns period=10.000ns})
  Path Group:             clk_in
  Path Type:              Hold (Min at Fast Process Corner)
  Requirement:            0.000ns  (clk_in rise@0.000ns - clk_in rise@0.000ns)
  Data Path Delay:        0.420ns  (logic 0.062ns (14.754%)  route 0.358ns (85.245%))
  Logic Levels:           1  (LUT6=1)
  Clock Path Skew:        0.043ns (DCD - SCD - CPR)
    Destination Clock Delay (DCD):    1.563ns
    Source Clock Delay      (SCD):    1.159ns
    Clock Pessimism Removal (CPR):    0.361ns
  Clock Uncertainty:      0.200ns  ((TSJ^2 + TIJ^2)^1/2 + DJ) / 2 + PE + UU
    Total System Jitter     (TSJ):    0.000ns
    Total Input Jitter      (TIJ):    0.000ns
    Discrete Jitter          (DJ):    0.000ns
    Phase Error              (PE):    0.000ns
    User Uncertainty         (UU):    0.200ns
  Clock Net Delay (Source):      0.716ns (routing 0.242ns, distribution 0.474ns)
  Clock Net Delay (Destination): 0.807ns (routing 0.268ns, distribution 0.539ns)

    Location             Delay type                Incr(ns)  Path(ns)    Netlist Resource(s)
  -------------------------------------------------------------------    -------------------
                         (clock clk_in rise edge)     0.000     0.000 r  
    D14                                               0.000     0.000 r  clk_in (IN)
                         net (fo=0)                   0.000     0.000    clk_in_IBUF_inst/I
    D14                  INBUF (Prop_INBUF_HDIOB_M_PAD_O)
                                                      0.336     0.336 r  clk_in_IBUF_inst/INBUF_INST/O
                         net (fo=1, routed)           0.000     0.336    clk_in_IBUF_inst/OUT
    D14                  IBUFCTRL (Prop_IBUFCTRL_HDIOB_M_I_O)
                                                      0.000     0.336 r  clk_in_IBUF_inst/IBUFCTRL_INST/O
                         net (fo=1, routed)           0.091     0.427    clk_in_IBUF
    BUFGCE_HDIO_X0Y6     BUFGCE (Prop_BUFCE_BUFGCE_HDIO_I_O)
                                                      0.017     0.444 r  bufg_clk/O
    X0Y3 (CLOCK_ROOT)    net (fo=64, routed)          0.716     1.159    clk
    SLICE_X4Y225         FDRE                                         r  new_image_r_reg/C
  -------------------------------------------------------------------    -------------------
    SLICE_X4Y225         FDRE (Prop_EFF2_SLICEM_C_Q)
                                                      0.039     1.198 r  new_image_r_reg/Q
                         net (fo=36, routed)          0.343     1.542    u_lif/new_image_r
    SLICE_X3Y216         LUT6 (Prop_B6LUT_SLICEL_I2_O)
                                                      0.023     1.565 r  u_lif/internal_value[6]_i_1/O
                         net (fo=1, routed)           0.015     1.580    u_lif/p_1_in[6]
    SLICE_X3Y216         FDRE                                         r  u_lif/internal_value_reg[6]/D
  -------------------------------------------------------------------    -------------------

                         (clock clk_in rise edge)     0.000     0.000 r  
    D14                                               0.000     0.000 r  clk_in (IN)
                         net (fo=0)                   0.000     0.000    clk_in_IBUF_inst/I
    D14                  INBUF (Prop_INBUF_HDIOB_M_PAD_O)
                                                      0.624     0.624 r  clk_in_IBUF_inst/INBUF_INST/O
                         net (fo=1, routed)           0.000     0.624    clk_in_IBUF_inst/OUT
    D14                  IBUFCTRL (Prop_IBUFCTRL_HDIOB_M_I_O)
                                                      0.000     0.624 r  clk_in_IBUF_inst/IBUFCTRL_INST/O
                         net (fo=1, routed)           0.113     0.737    clk_in_IBUF
    BUFGCE_HDIO_X0Y6     BUFGCE (Prop_BUFCE_BUFGCE_HDIO_I_O)
                                                      0.019     0.756 r  bufg_clk/O
    X0Y3 (CLOCK_ROOT)    net (fo=64, routed)          0.807     1.563    u_lif/clk
    SLICE_X3Y216         FDRE                                         r  u_lif/internal_value_reg[6]/C
                         clock pessimism             -0.361     1.202    
                         clock uncertainty            0.200     1.402    
    SLICE_X3Y216         FDRE (Hold_BFF_SLICEL_C_D)
                                                      0.046     1.448    u_lif/internal_value_reg[6]
  -------------------------------------------------------------------
                         required time                         -1.448    
                         arrival time                           1.580    
  -------------------------------------------------------------------
                         slack                                  0.131    

Slack (MET) :             0.134ns  (arrival time - required time)
  Source:                 input_current_r_reg[15]/C
                            (rising edge-triggered cell FDRE clocked by clk_in  {rise@0.000ns fall@5.000ns period=10.000ns})
  Destination:            u_lif/internal_value_reg[15]/D
                            (rising edge-triggered cell FDRE clocked by clk_in  {rise@0.000ns fall@5.000ns period=10.000ns})
  Path Group:             clk_in
  Path Type:              Hold (Min at Fast Process Corner)
  Requirement:            0.000ns  (clk_in rise@0.000ns - clk_in rise@0.000ns)
  Data Path Delay:        0.422ns  (logic 0.100ns (23.683%)  route 0.322ns (76.317%))
  Logic Levels:           1  (LUT6=1)
  Clock Path Skew:        0.042ns (DCD - SCD - CPR)
    Destination Clock Delay (DCD):    1.566ns
    Source Clock Delay      (SCD):    1.163ns
    Clock Pessimism Removal (CPR):    0.361ns
  Clock Uncertainty:      0.200ns  ((TSJ^2 + TIJ^2)^1/2 + DJ) / 2 + PE + UU
    Total System Jitter     (TSJ):    0.000ns
    Total Input Jitter      (TIJ):    0.000ns
    Discrete Jitter          (DJ):    0.000ns
    Phase Error              (PE):    0.000ns
    User Uncertainty         (UU):    0.200ns
  Clock Net Delay (Source):      0.720ns (routing 0.242ns, distribution 0.478ns)
  Clock Net Delay (Destination): 0.810ns (routing 0.268ns, distribution 0.542ns)

    Location             Delay type                Incr(ns)  Path(ns)    Netlist Resource(s)
  -------------------------------------------------------------------    -------------------
                         (clock clk_in rise edge)     0.000     0.000 r  
    D14                                               0.000     0.000 r  clk_in (IN)
                         net (fo=0)                   0.000     0.000    clk_in_IBUF_inst/I
    D14                  INBUF (Prop_INBUF_HDIOB_M_PAD_O)
                                                      0.336     0.336 r  clk_in_IBUF_inst/INBUF_INST/O
                         net (fo=1, routed)           0.000     0.336    clk_in_IBUF_inst/OUT
    D14                  IBUFCTRL (Prop_IBUFCTRL_HDIOB_M_I_O)
                                                      0.000     0.336 r  clk_in_IBUF_inst/IBUFCTRL_INST/O
                         net (fo=1, routed)           0.091     0.427    clk_in_IBUF
    BUFGCE_HDIO_X0Y6     BUFGCE (Prop_BUFCE_BUFGCE_HDIO_I_O)
                                                      0.017     0.444 r  bufg_clk/O
    X0Y3 (CLOCK_ROOT)    net (fo=64, routed)          0.720     1.163    clk
    SLICE_X2Y220         FDRE                                         r  input_current_r_reg[15]/C
  -------------------------------------------------------------------    -------------------
    SLICE_X2Y220         FDRE (Prop_FFF2_SLICEL_C_Q)
                                                      0.040     1.203 r  input_current_r_reg[15]/Q
                         net (fo=7, routed)           0.301     1.505    u_lif/Q[15]
    SLICE_X4Y217         LUT6 (Prop_G6LUT_SLICEM_I3_O)
                                                      0.060     1.565 r  u_lif/internal_value[15]_i_1/O
                         net (fo=1, routed)           0.021     1.586    u_lif/p_1_in[15]
    SLICE_X4Y217         FDRE                                         r  u_lif/internal_value_reg[15]/D
  -------------------------------------------------------------------    -------------------

                         (clock clk_in rise edge)     0.000     0.000 r  
    D14                                               0.000     0.000 r  clk_in (IN)
                         net (fo=0)                   0.000     0.000    clk_in_IBUF_inst/I
    D14                  INBUF (Prop_INBUF_HDIOB_M_PAD_O)
                                                      0.624     0.624 r  clk_in_IBUF_inst/INBUF_INST/O
                         net (fo=1, routed)           0.000     0.624    clk_in_IBUF_inst/OUT
    D14                  IBUFCTRL (Prop_IBUFCTRL_HDIOB_M_I_O)
                                                      0.000     0.624 r  clk_in_IBUF_inst/IBUFCTRL_INST/O
                         net (fo=1, routed)           0.113     0.737    clk_in_IBUF
    BUFGCE_HDIO_X0Y6     BUFGCE (Prop_BUFCE_BUFGCE_HDIO_I_O)
                                                      0.019     0.756 r  bufg_clk/O
    X0Y3 (CLOCK_ROOT)    net (fo=64, routed)          0.810     1.566    u_lif/clk
    SLICE_X4Y217         FDRE                                         r  u_lif/internal_value_reg[15]/C
                         clock pessimism             -0.361     1.205    
                         clock uncertainty            0.200     1.405    
    SLICE_X4Y217         FDRE (Hold_GFF_SLICEM_C_D)
                                                      0.046     1.451    u_lif/internal_value_reg[15]
  -------------------------------------------------------------------
                         required time                         -1.451    
                         arrival time                           1.586    
  -------------------------------------------------------------------
                         slack                                  0.134    

Slack (MET) :             0.142ns  (arrival time - required time)
  Source:                 input_current_r_reg[0]/C
                            (rising edge-triggered cell FDRE clocked by clk_in  {rise@0.000ns fall@5.000ns period=10.000ns})
  Destination:            u_lif/internal_value_reg[0]/D
                            (rising edge-triggered cell FDRE clocked by clk_in  {rise@0.000ns fall@5.000ns period=10.000ns})
  Path Group:             clk_in
  Path Type:              Hold (Min at Fast Process Corner)
  Requirement:            0.000ns  (clk_in rise@0.000ns - clk_in rise@0.000ns)
  Data Path Delay:        0.427ns  (logic 0.073ns (17.079%)  route 0.354ns (82.921%))
  Logic Levels:           1  (LUT6=1)
  Clock Path Skew:        0.039ns (DCD - SCD - CPR)
    Destination Clock Delay (DCD):    1.563ns
    Source Clock Delay      (SCD):    1.163ns
    Clock Pessimism Removal (CPR):    0.361ns
  Clock Uncertainty:      0.200ns  ((TSJ^2 + TIJ^2)^1/2 + DJ) / 2 + PE + UU
    Total System Jitter     (TSJ):    0.000ns
    Total Input Jitter      (TIJ):    0.000ns
    Discrete Jitter          (DJ):    0.000ns
    Phase Error              (PE):    0.000ns
    User Uncertainty         (UU):    0.200ns
  Clock Net Delay (Source):      0.719ns (routing 0.242ns, distribution 0.477ns)
  Clock Net Delay (Destination): 0.807ns (routing 0.268ns, distribution 0.539ns)

    Location             Delay type                Incr(ns)  Path(ns)    Netlist Resource(s)
  -------------------------------------------------------------------    -------------------
                         (clock clk_in rise edge)     0.000     0.000 r  
    D14                                               0.000     0.000 r  clk_in (IN)
                         net (fo=0)                   0.000     0.000    clk_in_IBUF_inst/I
    D14                  INBUF (Prop_INBUF_HDIOB_M_PAD_O)
                                                      0.336     0.336 r  clk_in_IBUF_inst/INBUF_INST/O
                         net (fo=1, routed)           0.000     0.336    clk_in_IBUF_inst/OUT
    D14                  IBUFCTRL (Prop_IBUFCTRL_HDIOB_M_I_O)
                                                      0.000     0.336 r  clk_in_IBUF_inst/IBUFCTRL_INST/O
                         net (fo=1, routed)           0.091     0.427    clk_in_IBUF
    BUFGCE_HDIO_X0Y6     BUFGCE (Prop_BUFCE_BUFGCE_HDIO_I_O)
                                                      0.017     0.444 r  bufg_clk/O
    X0Y3 (CLOCK_ROOT)    net (fo=64, routed)          0.719     1.163    clk
    SLICE_X1Y230         FDRE                                         r  input_current_r_reg[0]/C
  -------------------------------------------------------------------    -------------------
    SLICE_X1Y230         FDRE (Prop_EFF_SLICEM_C_Q)
                                                      0.038     1.201 r  input_current_r_reg[0]/Q
                         net (fo=6, routed)           0.338     1.539    u_lif/Q[0]
    SLICE_X3Y216         LUT6 (Prop_A6LUT_SLICEL_I3_O)
                                                      0.035     1.574 r  u_lif/internal_value[0]_i_1/O
                         net (fo=1, routed)           0.016     1.590    u_lif/p_1_in[0]
    SLICE_X3Y216         FDRE                                         r  u_lif/internal_value_reg[0]/D
  -------------------------------------------------------------------    -------------------

                         (clock clk_in rise edge)     0.000     0.000 r  
    D14                                               0.000     0.000 r  clk_in (IN)
                         net (fo=0)                   0.000     0.000    clk_in_IBUF_inst/I
    D14                  INBUF (Prop_INBUF_HDIOB_M_PAD_O)
                                                      0.624     0.624 r  clk_in_IBUF_inst/INBUF_INST/O
                         net (fo=1, routed)           0.000     0.624    clk_in_IBUF_inst/OUT
    D14                  IBUFCTRL (Prop_IBUFCTRL_HDIOB_M_I_O)
                                                      0.000     0.624 r  clk_in_IBUF_inst/IBUFCTRL_INST/O
                         net (fo=1, routed)           0.113     0.737    clk_in_IBUF
    BUFGCE_HDIO_X0Y6     BUFGCE (Prop_BUFCE_BUFGCE_HDIO_I_O)
                                                      0.019     0.756 r  bufg_clk/O
    X0Y3 (CLOCK_ROOT)    net (fo=64, routed)          0.807     1.563    u_lif/clk
    SLICE_X3Y216         FDRE                                         r  u_lif/internal_value_reg[0]/C
                         clock pessimism             -0.361     1.202    
                         clock uncertainty            0.200     1.402    
    SLICE_X3Y216         FDRE (Hold_AFF_SLICEL_C_D)
                                                      0.046     1.448    u_lif/internal_value_reg[0]
  -------------------------------------------------------------------
                         required time                         -1.448    
                         arrival time                           1.590    
  -------------------------------------------------------------------
                         slack                                  0.142    

Slack (MET) :             0.149ns  (arrival time - required time)
  Source:                 new_image_r_reg/C
                            (rising edge-triggered cell FDRE clocked by clk_in  {rise@0.000ns fall@5.000ns period=10.000ns})
  Destination:            u_lif/internal_value_reg[5]/D
                            (rising edge-triggered cell FDRE clocked by clk_in  {rise@0.000ns fall@5.000ns period=10.000ns})
  Path Group:             clk_in
  Path Type:              Hold (Min at Fast Process Corner)
  Requirement:            0.000ns  (clk_in rise@0.000ns - clk_in rise@0.000ns)
  Data Path Delay:        0.438ns  (logic 0.074ns (16.911%)  route 0.364ns (83.089%))
  Logic Levels:           1  (LUT6=1)
  Clock Path Skew:        0.043ns (DCD - SCD - CPR)
    Destination Clock Delay (DCD):    1.563ns
    Source Clock Delay      (SCD):    1.159ns
    Clock Pessimism Removal (CPR):    0.361ns
  Clock Uncertainty:      0.200ns  ((TSJ^2 + TIJ^2)^1/2 + DJ) / 2 + PE + UU
    Total System Jitter     (TSJ):    0.000ns
    Total Input Jitter      (TIJ):    0.000ns
    Discrete Jitter          (DJ):    0.000ns
    Phase Error              (PE):    0.000ns
    User Uncertainty         (UU):    0.200ns
  Clock Net Delay (Source):      0.716ns (routing 0.242ns, distribution 0.474ns)
  Clock Net Delay (Destination): 0.807ns (routing 0.268ns, distribution 0.539ns)

    Location             Delay type                Incr(ns)  Path(ns)    Netlist Resource(s)
  -------------------------------------------------------------------    -------------------
                         (clock clk_in rise edge)     0.000     0.000 r  
    D14                                               0.000     0.000 r  clk_in (IN)
                         net (fo=0)                   0.000     0.000    clk_in_IBUF_inst/I
    D14                  INBUF (Prop_INBUF_HDIOB_M_PAD_O)
                                                      0.336     0.336 r  clk_in_IBUF_inst/INBUF_INST/O
                         net (fo=1, routed)           0.000     0.336    clk_in_IBUF_inst/OUT
    D14                  IBUFCTRL (Prop_IBUFCTRL_HDIOB_M_I_O)
                                                      0.000     0.336 r  clk_in_IBUF_inst/IBUFCTRL_INST/O
                         net (fo=1, routed)           0.091     0.427    clk_in_IBUF
    BUFGCE_HDIO_X0Y6     BUFGCE (Prop_BUFCE_BUFGCE_HDIO_I_O)
                                                      0.017     0.444 r  bufg_clk/O
    X0Y3 (CLOCK_ROOT)    net (fo=64, routed)          0.716     1.159    clk
    SLICE_X4Y225         FDRE                                         r  new_image_r_reg/C
  -------------------------------------------------------------------    -------------------
    SLICE_X4Y225         FDRE (Prop_EFF2_SLICEM_C_Q)
                                                      0.039     1.198 r  new_image_r_reg/Q
                         net (fo=36, routed)          0.347     1.545    u_lif/new_image_r
    SLICE_X3Y216         LUT6 (Prop_C6LUT_SLICEL_I2_O)
                                                      0.035     1.580 r  u_lif/internal_value[5]_i_1/O
                         net (fo=1, routed)           0.017     1.597    u_lif/p_1_in[5]
    SLICE_X3Y216         FDRE                                         r  u_lif/internal_value_reg[5]/D
  -------------------------------------------------------------------    -------------------

                         (clock clk_in rise edge)     0.000     0.000 r  
    D14                                               0.000     0.000 r  clk_in (IN)
                         net (fo=0)                   0.000     0.000    clk_in_IBUF_inst/I
    D14                  INBUF (Prop_INBUF_HDIOB_M_PAD_O)
                                                      0.624     0.624 r  clk_in_IBUF_inst/INBUF_INST/O
                         net (fo=1, routed)           0.000     0.624    clk_in_IBUF_inst/OUT
    D14                  IBUFCTRL (Prop_IBUFCTRL_HDIOB_M_I_O)
                                                      0.000     0.624 r  clk_in_IBUF_inst/IBUFCTRL_INST/O
                         net (fo=1, routed)           0.113     0.737    clk_in_IBUF
    BUFGCE_HDIO_X0Y6     BUFGCE (Prop_BUFCE_BUFGCE_HDIO_I_O)
                                                      0.019     0.756 r  bufg_clk/O
    X0Y3 (CLOCK_ROOT)    net (fo=64, routed)          0.807     1.563    u_lif/clk
    SLICE_X3Y216         FDRE                                         r  u_lif/internal_value_reg[5]/C
                         clock pessimism             -0.361     1.202    
                         clock uncertainty            0.200     1.402    
    SLICE_X3Y216         FDRE (Hold_CFF_SLICEL_C_D)
                                                      0.046     1.448    u_lif/internal_value_reg[5]
  -------------------------------------------------------------------
                         required time                         -1.448    
                         arrival time                           1.597    
  -------------------------------------------------------------------
                         slack                                  0.149    

Slack (MET) :             0.154ns  (arrival time - required time)
  Source:                 input_current[9]
                            (input port clocked by clk_in  {rise@0.000ns fall@5.000ns period=10.000ns})
  Destination:            input_current_r_reg[9]/D
                            (rising edge-triggered cell FDRE clocked by clk_in  {rise@0.000ns fall@5.000ns period=10.000ns})
  Path Group:             clk_in
  Path Type:              Hold (Min at Slow Process Corner)
  Requirement:            0.000ns  (clk_in rise@0.000ns - clk_in rise@0.000ns)
  Data Path Delay:        2.927ns  (logic 0.320ns (10.943%)  route 2.607ns (89.057%))
  Logic Levels:           3  (IBUFCTRL=1 INBUF=1 LUT1=1)
  Input Delay:            0.000ns
  Clock Path Skew:        2.514ns (DCD - SCD - CPR)
    Destination Clock Delay (DCD):    2.514ns
    Source Clock Delay      (SCD):    0.000ns
    Clock Pessimism Removal (CPR):    -0.000ns
  Clock Uncertainty:      0.200ns  ((TSJ^2 + TIJ^2)^1/2 + DJ) / 2 + PE + UU
    Total System Jitter     (TSJ):    0.000ns
    Total Input Jitter      (TIJ):    0.000ns
    Discrete Jitter          (DJ):    0.000ns
    Phase Error              (PE):    0.000ns
    User Uncertainty         (UU):    0.200ns
  Clock Net Delay (Destination): 1.280ns (routing 0.438ns, distribution 0.842ns)

    Location             Delay type                Incr(ns)  Path(ns)    Netlist Resource(s)
  -------------------------------------------------------------------    -------------------
                         (clock clk_in rise edge)     0.000     0.000 r  
                         input delay                  0.000     0.000    
    D21                                               0.000     0.000 r  input_current[9] (IN)
                         net (fo=0)                   0.000     0.000    input_current_IBUF[9]_inst/I
    D21                  INBUF (Prop_INBUF_HPIOB_S_PAD_O)
                                                      0.242     0.242 r  input_current_IBUF[9]_inst/INBUF_INST/O
                         net (fo=1, routed)           0.000     0.242    input_current_IBUF[9]_inst/OUT
    D21                  IBUFCTRL (Prop_IBUFCTRL_HPIOB_S_I_O)
                                                      0.000     0.242 r  input_current_IBUF[9]_inst/IBUFCTRL_INST/O
                         net (fo=1, routed)           1.508     1.750    input_current_IBUF[9]
    SLICE_X87Y239        LUT1 (Prop_C5LUT_SLICEL_I0_O)
                                                      0.078     1.828 r  input_current_IBUF[9]_hold_fix/O
                         net (fo=1, routed)           1.099     2.927    input_current_IBUF[9]_hold_fix_1
    SLICE_X3Y222         FDRE                                         r  input_current_r_reg[9]/D
  -------------------------------------------------------------------    -------------------

                         (clock clk_in rise edge)     0.000     0.000 r  
    D14                                               0.000     0.000 r  clk_in (IN)
                         net (fo=0)                   0.000     0.000    clk_in_IBUF_inst/I
    D14                  INBUF (Prop_INBUF_HDIOB_M_PAD_O)
                                                      1.002     1.002 r  clk_in_IBUF_inst/INBUF_INST/O
                         net (fo=1, routed)           0.000     1.002    clk_in_IBUF_inst/OUT
    D14                  IBUFCTRL (Prop_IBUFCTRL_HDIOB_M_I_O)
                                                      0.000     1.002 r  clk_in_IBUF_inst/IBUFCTRL_INST/O
                         net (fo=1, routed)           0.204     1.206    clk_in_IBUF
    BUFGCE_HDIO_X0Y6     BUFGCE (Prop_BUFCE_BUFGCE_HDIO_I_O)
                                                      0.028     1.234 r  bufg_clk/O
    X0Y3 (CLOCK_ROOT)    net (fo=64, routed)          1.280     2.514    clk
    SLICE_X3Y222         FDRE                                         r  input_current_r_reg[9]/C
                         clock pessimism              0.000     2.514    
                         clock uncertainty            0.200     2.714    
    SLICE_X3Y222         FDRE (Hold_EFF_SLICEL_C_D)
                                                      0.060     2.774    input_current_r_reg[9]
  -------------------------------------------------------------------
                         required time                         -2.774    
                         arrival time                           2.927    
  -------------------------------------------------------------------
                         slack                                  0.154    

Slack (MET) :             0.162ns  (arrival time - required time)
  Source:                 input_current[15]
                            (input port clocked by clk_in  {rise@0.000ns fall@5.000ns period=10.000ns})
  Destination:            input_current_r_reg[15]/D
                            (rising edge-triggered cell FDRE clocked by clk_in  {rise@0.000ns fall@5.000ns period=10.000ns})
  Path Group:             clk_in
  Path Type:              Hold (Min at Slow Process Corner)
  Requirement:            0.000ns  (clk_in rise@0.000ns - clk_in rise@0.000ns)
  Data Path Delay:        2.954ns  (logic 0.378ns (12.797%)  route 2.576ns (87.203%))
  Logic Levels:           3  (IBUFCTRL=1 INBUF=1 LUT1=1)
  Input Delay:            0.000ns
  Clock Path Skew:        2.530ns (DCD - SCD - CPR)
    Destination Clock Delay (DCD):    2.530ns
    Source Clock Delay      (SCD):    0.000ns
    Clock Pessimism Removal (CPR):    -0.000ns
  Clock Uncertainty:      0.200ns  ((TSJ^2 + TIJ^2)^1/2 + DJ) / 2 + PE + UU
    Total System Jitter     (TSJ):    0.000ns
    Total Input Jitter      (TIJ):    0.000ns
    Discrete Jitter          (DJ):    0.000ns
    Phase Error              (PE):    0.000ns
    User Uncertainty         (UU):    0.200ns
  Clock Net Delay (Destination): 1.296ns (routing 0.438ns, distribution 0.858ns)

    Location             Delay type                Incr(ns)  Path(ns)    Netlist Resource(s)
  -------------------------------------------------------------------    -------------------
                         (clock clk_in rise edge)     0.000     0.000 r  
                         input delay                  0.000     0.000    
    A15                                               0.000     0.000 r  input_current[15] (IN)
                         net (fo=0)                   0.000     0.000    input_current_IBUF[15]_inst/I
    A15                  INBUF (Prop_INBUF_HPIOB_S_PAD_O)
                                                      0.287     0.287 r  input_current_IBUF[15]_inst/INBUF_INST/O
                         net (fo=1, routed)           0.000     0.287    input_current_IBUF[15]_inst/OUT
    A15                  IBUFCTRL (Prop_IBUFCTRL_HPIOB_S_I_O)
                                                      0.000     0.287 r  input_current_IBUF[15]_inst/IBUFCTRL_INST/O
                         net (fo=1, routed)           1.454     1.741    input_current_IBUF[15]
    SLICE_X83Y239        LUT1 (Prop_C5LUT_SLICEL_I0_O)
                                                      0.091     1.832 r  input_current_IBUF[15]_hold_fix/O
                         net (fo=1, routed)           1.122     2.954    input_current_IBUF[15]_hold_fix_1
    SLICE_X2Y220         FDRE                                         r  input_current_r_reg[15]/D
  -------------------------------------------------------------------    -------------------

                         (clock clk_in rise edge)     0.000     0.000 r  
    D14                                               0.000     0.000 r  clk_in (IN)
                         net (fo=0)                   0.000     0.000    clk_in_IBUF_inst/I
    D14                  INBUF (Prop_INBUF_HDIOB_M_PAD_O)
                                                      1.002     1.002 r  clk_in_IBUF_inst/INBUF_INST/O
                         net (fo=1, routed)           0.000     1.002    clk_in_IBUF_inst/OUT
    D14                  IBUFCTRL (Prop_IBUFCTRL_HDIOB_M_I_O)
                                                      0.000     1.002 r  clk_in_IBUF_inst/IBUFCTRL_INST/O
                         net (fo=1, routed)           0.204     1.206    clk_in_IBUF
    BUFGCE_HDIO_X0Y6     BUFGCE (Prop_BUFCE_BUFGCE_HDIO_I_O)
                                                      0.028     1.234 r  bufg_clk/O
    X0Y3 (CLOCK_ROOT)    net (fo=64, routed)          1.296     2.530    clk
    SLICE_X2Y220         FDRE                                         r  input_current_r_reg[15]/C
                         clock pessimism              0.000     2.530    
                         clock uncertainty            0.200     2.730    
    SLICE_X2Y220         FDRE (Hold_FFF2_SLICEL_C_D)
                                                      0.062     2.792    input_current_r_reg[15]
  -------------------------------------------------------------------
                         required time                         -2.792    
                         arrival time                           2.954    
  -------------------------------------------------------------------
                         slack                                  0.162    

Slack (MET) :             0.166ns  (arrival time - required time)
  Source:                 input_current[26]
                            (input port clocked by clk_in  {rise@0.000ns fall@5.000ns period=10.000ns})
  Destination:            input_current_r_reg[26]/D
                            (rising edge-triggered cell FDRE clocked by clk_in  {rise@0.000ns fall@5.000ns period=10.000ns})
  Path Group:             clk_in
  Path Type:              Hold (Min at Slow Process Corner)
  Requirement:            0.000ns  (clk_in rise@0.000ns - clk_in rise@0.000ns)
  Data Path Delay:        2.937ns  (logic 0.313ns (10.665%)  route 2.624ns (89.335%))
  Logic Levels:           3  (IBUFCTRL=1 INBUF=1 LUT1=1)
  Input Delay:            0.000ns
  Clock Path Skew:        2.512ns (DCD - SCD - CPR)
    Destination Clock Delay (DCD):    2.512ns
    Source Clock Delay      (SCD):    0.000ns
    Clock Pessimism Removal (CPR):    -0.000ns
  Clock Uncertainty:      0.200ns  ((TSJ^2 + TIJ^2)^1/2 + DJ) / 2 + PE + UU
    Total System Jitter     (TSJ):    0.000ns
    Total Input Jitter      (TIJ):    0.000ns
    Discrete Jitter          (DJ):    0.000ns
    Phase Error              (PE):    0.000ns
    User Uncertainty         (UU):    0.200ns
  Clock Net Delay (Destination): 1.278ns (routing 0.438ns, distribution 0.840ns)

    Location             Delay type                Incr(ns)  Path(ns)    Netlist Resource(s)
  -------------------------------------------------------------------    -------------------
                         (clock clk_in rise edge)     0.000     0.000 r  
                         input delay                  0.000     0.000    
    E18                                               0.000     0.000 r  input_current[26] (IN)
                         net (fo=0)                   0.000     0.000    input_current_IBUF[26]_inst/I
    E18                  INBUF (Prop_INBUF_HPIOB_M_PAD_O)
                                                      0.255     0.255 r  input_current_IBUF[26]_inst/INBUF_INST/O
                         net (fo=1, routed)           0.000     0.255    input_current_IBUF[26]_inst/OUT
    E18                  IBUFCTRL (Prop_IBUFCTRL_HPIOB_M_I_O)
                                                      0.000     0.255 r  input_current_IBUF[26]_inst/IBUFCTRL_INST/O
                         net (fo=1, routed)           1.542     1.797    input_current_IBUF[26]
    SLICE_X79Y239        LUT1 (Prop_C5LUT_SLICEM_I0_O)
                                                      0.058     1.855 r  input_current_IBUF[26]_hold_fix/O
                         net (fo=1, routed)           1.082     2.937    input_current_IBUF[26]_hold_fix_1
    SLICE_X3Y220         FDRE                                         r  input_current_r_reg[26]/D
  -------------------------------------------------------------------    -------------------

                         (clock clk_in rise edge)     0.000     0.000 r  
    D14                                               0.000     0.000 r  clk_in (IN)
                         net (fo=0)                   0.000     0.000    clk_in_IBUF_inst/I
    D14                  INBUF (Prop_INBUF_HDIOB_M_PAD_O)
                                                      1.002     1.002 r  clk_in_IBUF_inst/INBUF_INST/O
                         net (fo=1, routed)           0.000     1.002    clk_in_IBUF_inst/OUT
    D14                  IBUFCTRL (Prop_IBUFCTRL_HDIOB_M_I_O)
                                                      0.000     1.002 r  clk_in_IBUF_inst/IBUFCTRL_INST/O
                         net (fo=1, routed)           0.204     1.206    clk_in_IBUF
    BUFGCE_HDIO_X0Y6     BUFGCE (Prop_BUFCE_BUFGCE_HDIO_I_O)
                                                      0.028     1.234 r  bufg_clk/O
    X0Y3 (CLOCK_ROOT)    net (fo=64, routed)          1.278     2.512    clk
    SLICE_X3Y220         FDRE                                         r  input_current_r_reg[26]/C
                         clock pessimism              0.000     2.512    
                         clock uncertainty            0.200     2.712    
    SLICE_X3Y220         FDRE (Hold_EFF_SLICEL_C_D)
                                                      0.060     2.772    input_current_r_reg[26]
  -------------------------------------------------------------------
                         required time                         -2.772    
                         arrival time                           2.937    
  -------------------------------------------------------------------
                         slack                                  0.166    

Slack (MET) :             0.166ns  (arrival time - required time)
  Source:                 input_current[25]
                            (input port clocked by clk_in  {rise@0.000ns fall@5.000ns period=10.000ns})
  Destination:            input_current_r_reg[25]/D
                            (rising edge-triggered cell FDRE clocked by clk_in  {rise@0.000ns fall@5.000ns period=10.000ns})
  Path Group:             clk_in
  Path Type:              Hold (Min at Slow Process Corner)
  Requirement:            0.000ns  (clk_in rise@0.000ns - clk_in rise@0.000ns)
  Data Path Delay:        2.935ns  (logic 0.342ns (11.647%)  route 2.593ns (88.353%))
  Logic Levels:           3  (IBUFCTRL=1 INBUF=1 LUT1=1)
  Input Delay:            0.000ns
  Clock Path Skew:        2.509ns (DCD - SCD - CPR)
    Destination Clock Delay (DCD):    2.509ns
    Source Clock Delay      (SCD):    0.000ns
    Clock Pessimism Removal (CPR):    -0.000ns
  Clock Uncertainty:      0.200ns  ((TSJ^2 + TIJ^2)^1/2 + DJ) / 2 + PE + UU
    Total System Jitter     (TSJ):    0.000ns
    Total Input Jitter      (TIJ):    0.000ns
    Discrete Jitter          (DJ):    0.000ns
    Phase Error              (PE):    0.000ns
    User Uncertainty         (UU):    0.200ns
  Clock Net Delay (Destination): 1.275ns (routing 0.438ns, distribution 0.837ns)

    Location             Delay type                Incr(ns)  Path(ns)    Netlist Resource(s)
  -------------------------------------------------------------------    -------------------
                         (clock clk_in rise edge)     0.000     0.000 r  
                         input delay                  0.000     0.000    
    D20                                               0.000     0.000 r  input_current[25] (IN)
                         net (fo=0)                   0.000     0.000    input_current_IBUF[25]_inst/I
    D20                  INBUF (Prop_INBUF_HPIOB_S_PAD_O)
                                                      0.265     0.265 r  input_current_IBUF[25]_inst/INBUF_INST/O
                         net (fo=1, routed)           0.000     0.265    input_current_IBUF[25]_inst/OUT
    D20                  IBUFCTRL (Prop_IBUFCTRL_HPIOB_S_I_O)
                                                      0.000     0.265 r  input_current_IBUF[25]_inst/IBUFCTRL_INST/O
                         net (fo=1, routed)           1.501     1.766    input_current_IBUF[25]
    SLICE_X78Y239        LUT1 (Prop_A5LUT_SLICEL_I0_O)
                                                      0.077     1.843 r  input_current_IBUF[25]_hold_fix/O
                         net (fo=1, routed)           1.092     2.935    input_current_IBUF[25]_hold_fix_1
    SLICE_X0Y212         FDRE                                         r  input_current_r_reg[25]/D
  -------------------------------------------------------------------    -------------------

                         (clock clk_in rise edge)     0.000     0.000 r  
    D14                                               0.000     0.000 r  clk_in (IN)
                         net (fo=0)                   0.000     0.000    clk_in_IBUF_inst/I
    D14                  INBUF (Prop_INBUF_HDIOB_M_PAD_O)
                                                      1.002     1.002 r  clk_in_IBUF_inst/INBUF_INST/O
                         net (fo=1, routed)           0.000     1.002    clk_in_IBUF_inst/OUT
    D14                  IBUFCTRL (Prop_IBUFCTRL_HDIOB_M_I_O)
                                                      0.000     1.002 r  clk_in_IBUF_inst/IBUFCTRL_INST/O
                         net (fo=1, routed)           0.204     1.206    clk_in_IBUF
    BUFGCE_HDIO_X0Y6     BUFGCE (Prop_BUFCE_BUFGCE_HDIO_I_O)
                                                      0.028     1.234 r  bufg_clk/O
    X0Y3 (CLOCK_ROOT)    net (fo=64, routed)          1.275     2.509    clk
    SLICE_X0Y212         FDRE                                         r  input_current_r_reg[25]/C
                         clock pessimism              0.000     2.509    
                         clock uncertainty            0.200     2.709    
    SLICE_X0Y212         FDRE (Hold_FFF_SLICEL_C_D)
                                                      0.060     2.769    input_current_r_reg[25]
  -------------------------------------------------------------------
                         required time                         -2.769    
                         arrival time                           2.935    
  -------------------------------------------------------------------
                         slack                                  0.166    

Slack (MET) :             0.170ns  (arrival time - required time)
  Source:                 input_current_r_reg[11]/C
                            (rising edge-triggered cell FDRE clocked by clk_in  {rise@0.000ns fall@5.000ns period=10.000ns})
  Destination:            u_lif/internal_value_reg[11]/D
                            (rising edge-triggered cell FDRE clocked by clk_in  {rise@0.000ns fall@5.000ns period=10.000ns})
  Path Group:             clk_in
  Path Type:              Hold (Min at Fast Process Corner)
  Requirement:            0.000ns  (clk_in rise@0.000ns - clk_in rise@0.000ns)
  Data Path Delay:        0.458ns  (logic 0.074ns (16.172%)  route 0.384ns (83.828%))
  Logic Levels:           1  (LUT6=1)
  Clock Path Skew:        0.042ns (DCD - SCD - CPR)
    Destination Clock Delay (DCD):    1.566ns
    Source Clock Delay      (SCD):    1.163ns
    Clock Pessimism Removal (CPR):    0.361ns
  Clock Uncertainty:      0.200ns  ((TSJ^2 + TIJ^2)^1/2 + DJ) / 2 + PE + UU
    Total System Jitter     (TSJ):    0.000ns
    Total Input Jitter      (TIJ):    0.000ns
    Discrete Jitter          (DJ):    0.000ns
    Phase Error              (PE):    0.000ns
    User Uncertainty         (UU):    0.200ns
  Clock Net Delay (Source):      0.720ns (routing 0.242ns, distribution 0.478ns)
  Clock Net Delay (Destination): 0.810ns (routing 0.268ns, distribution 0.542ns)

    Location             Delay type                Incr(ns)  Path(ns)    Netlist Resource(s)
  -------------------------------------------------------------------    -------------------
                         (clock clk_in rise edge)     0.000     0.000 r  
    D14                                               0.000     0.000 r  clk_in (IN)
                         net (fo=0)                   0.000     0.000    clk_in_IBUF_inst/I
    D14                  INBUF (Prop_INBUF_HDIOB_M_PAD_O)
                                                      0.336     0.336 r  clk_in_IBUF_inst/INBUF_INST/O
                         net (fo=1, routed)           0.000     0.336    clk_in_IBUF_inst/OUT
    D14                  IBUFCTRL (Prop_IBUFCTRL_HDIOB_M_I_O)
                                                      0.000     0.336 r  clk_in_IBUF_inst/IBUFCTRL_INST/O
                         net (fo=1, routed)           0.091     0.427    clk_in_IBUF
    BUFGCE_HDIO_X0Y6     BUFGCE (Prop_BUFCE_BUFGCE_HDIO_I_O)
                                                      0.017     0.444 r  bufg_clk/O
    X0Y3 (CLOCK_ROOT)    net (fo=64, routed)          0.720     1.163    clk
    SLICE_X2Y220         FDRE                                         r  input_current_r_reg[11]/C
  -------------------------------------------------------------------    -------------------
    SLICE_X2Y220         FDRE (Prop_EFF_SLICEL_C_Q)
                                                      0.039     1.202 r  input_current_r_reg[11]/Q
                         net (fo=5, routed)           0.363     1.565    u_lif/Q[11]
    SLICE_X4Y217         LUT6 (Prop_H6LUT_SLICEM_I3_O)
                                                      0.035     1.600 r  u_lif/internal_value[11]_i_1/O
                         net (fo=1, routed)           0.021     1.621    u_lif/p_1_in[11]
    SLICE_X4Y217         FDRE                                         r  u_lif/internal_value_reg[11]/D
  -------------------------------------------------------------------    -------------------

                         (clock clk_in rise edge)     0.000     0.000 r  
    D14                                               0.000     0.000 r  clk_in (IN)
                         net (fo=0)                   0.000     0.000    clk_in_IBUF_inst/I
    D14                  INBUF (Prop_INBUF_HDIOB_M_PAD_O)
                                                      0.624     0.624 r  clk_in_IBUF_inst/INBUF_INST/O
                         net (fo=1, routed)           0.000     0.624    clk_in_IBUF_inst/OUT
    D14                  IBUFCTRL (Prop_IBUFCTRL_HDIOB_M_I_O)
                                                      0.000     0.624 r  clk_in_IBUF_inst/IBUFCTRL_INST/O
                         net (fo=1, routed)           0.113     0.737    clk_in_IBUF
    BUFGCE_HDIO_X0Y6     BUFGCE (Prop_BUFCE_BUFGCE_HDIO_I_O)
                                                      0.019     0.756 r  bufg_clk/O
    X0Y3 (CLOCK_ROOT)    net (fo=64, routed)          0.810     1.566    u_lif/clk
    SLICE_X4Y217         FDRE                                         r  u_lif/internal_value_reg[11]/C
                         clock pessimism             -0.361     1.205    
                         clock uncertainty            0.200     1.405    
    SLICE_X4Y217         FDRE (Hold_HFF_SLICEM_C_D)
                                                      0.046     1.451    u_lif/internal_value_reg[11]
  -------------------------------------------------------------------
                         required time                         -1.451    
                         arrival time                           1.621    
  -------------------------------------------------------------------
                         slack                                  0.170    

Slack (MET) :             0.188ns  (arrival time - required time)
  Source:                 input_current[10]
                            (input port clocked by clk_in  {rise@0.000ns fall@5.000ns period=10.000ns})
  Destination:            input_current_r_reg[10]/D
                            (rising edge-triggered cell FDRE clocked by clk_in  {rise@0.000ns fall@5.000ns period=10.000ns})
  Path Group:             clk_in
  Path Type:              Hold (Min at Slow Process Corner)
  Requirement:            0.000ns  (clk_in rise@0.000ns - clk_in rise@0.000ns)
  Data Path Delay:        2.968ns  (logic 0.348ns (11.723%)  route 2.620ns (88.277%))
  Logic Levels:           3  (IBUFCTRL=1 INBUF=1 LUT1=1)
  Input Delay:            0.000ns
  Clock Path Skew:        2.520ns (DCD - SCD - CPR)
    Destination Clock Delay (DCD):    2.520ns
    Source Clock Delay      (SCD):    0.000ns
    Clock Pessimism Removal (CPR):    -0.000ns
  Clock Uncertainty:      0.200ns  ((TSJ^2 + TIJ^2)^1/2 + DJ) / 2 + PE + UU
    Total System Jitter     (TSJ):    0.000ns
    Total Input Jitter      (TIJ):    0.000ns
    Discrete Jitter          (DJ):    0.000ns
    Phase Error              (PE):    0.000ns
    User Uncertainty         (UU):    0.200ns
  Clock Net Delay (Destination): 1.286ns (routing 0.438ns, distribution 0.848ns)

    Location             Delay type                Incr(ns)  Path(ns)    Netlist Resource(s)
  -------------------------------------------------------------------    -------------------
                         (clock clk_in rise edge)     0.000     0.000 r  
                         input delay                  0.000     0.000    
    A22                                               0.000     0.000 r  input_current[10] (IN)
                         net (fo=0)                   0.000     0.000    input_current_IBUF[10]_inst/I
    A22                  INBUF (Prop_INBUF_HPIOB_M_PAD_O)
                                                      0.266     0.266 r  input_current_IBUF[10]_inst/INBUF_INST/O
                         net (fo=1, routed)           0.000     0.266    input_current_IBUF[10]_inst/OUT
    A22                  IBUFCTRL (Prop_IBUFCTRL_HPIOB_M_I_O)
                                                      0.000     0.266 r  input_current_IBUF[10]_inst/IBUFCTRL_INST/O
                         net (fo=1, routed)           1.487     1.753    input_current_IBUF[10]
    SLICE_X86Y239        LUT1 (Prop_C5LUT_SLICEM_I0_O)
                                                      0.082     1.835 r  input_current_IBUF[10]_hold_fix/O
                         net (fo=1, routed)           1.133     2.968    input_current_IBUF[10]_hold_fix_1
    SLICE_X2Y221         FDRE                                         r  input_current_r_reg[10]/D
  -------------------------------------------------------------------    -------------------

                         (clock clk_in rise edge)     0.000     0.000 r  
    D14                                               0.000     0.000 r  clk_in (IN)
                         net (fo=0)                   0.000     0.000    clk_in_IBUF_inst/I
    D14                  INBUF (Prop_INBUF_HDIOB_M_PAD_O)
                                                      1.002     1.002 r  clk_in_IBUF_inst/INBUF_INST/O
                         net (fo=1, routed)           0.000     1.002    clk_in_IBUF_inst/OUT
    D14                  IBUFCTRL (Prop_IBUFCTRL_HDIOB_M_I_O)
                                                      0.000     1.002 r  clk_in_IBUF_inst/IBUFCTRL_INST/O
                         net (fo=1, routed)           0.204     1.206    clk_in_IBUF
    BUFGCE_HDIO_X0Y6     BUFGCE (Prop_BUFCE_BUFGCE_HDIO_I_O)
                                                      0.028     1.234 r  bufg_clk/O
    X0Y3 (CLOCK_ROOT)    net (fo=64, routed)          1.286     2.520    clk
    SLICE_X2Y221         FDRE                                         r  input_current_r_reg[10]/C
                         clock pessimism              0.000     2.520    
                         clock uncertainty            0.200     2.720    
    SLICE_X2Y221         FDRE (Hold_EFF_SLICEL_C_D)
                                                      0.060     2.780    input_current_r_reg[10]
  -------------------------------------------------------------------
                         required time                         -2.780    
                         arrival time                           2.968    
  -------------------------------------------------------------------
                         slack                                  0.188    

Slack (MET) :             0.190ns  (arrival time - required time)
  Source:                 input_current[19]
                            (input port clocked by clk_in  {rise@0.000ns fall@5.000ns period=10.000ns})
  Destination:            input_current_r_reg[19]/D
                            (rising edge-triggered cell FDRE clocked by clk_in  {rise@0.000ns fall@5.000ns period=10.000ns})
  Path Group:             clk_in
  Path Type:              Hold (Min at Slow Process Corner)
  Requirement:            0.000ns  (clk_in rise@0.000ns - clk_in rise@0.000ns)
  Data Path Delay:        2.963ns  (logic 0.365ns (12.318%)  route 2.598ns (87.682%))
  Logic Levels:           3  (IBUFCTRL=1 INBUF=1 LUT1=1)
  Input Delay:            0.000ns
  Clock Path Skew:        2.513ns (DCD - SCD - CPR)
    Destination Clock Delay (DCD):    2.513ns
    Source Clock Delay      (SCD):    0.000ns
    Clock Pessimism Removal (CPR):    -0.000ns
  Clock Uncertainty:      0.200ns  ((TSJ^2 + TIJ^2)^1/2 + DJ) / 2 + PE + UU
    Total System Jitter     (TSJ):    0.000ns
    Total Input Jitter      (TIJ):    0.000ns
    Discrete Jitter          (DJ):    0.000ns
    Phase Error              (PE):    0.000ns
    User Uncertainty         (UU):    0.200ns
  Clock Net Delay (Destination): 1.279ns (routing 0.438ns, distribution 0.841ns)

    Location             Delay type                Incr(ns)  Path(ns)    Netlist Resource(s)
  -------------------------------------------------------------------    -------------------
                         (clock clk_in rise edge)     0.000     0.000 r  
                         input delay                  0.000     0.000    
    B17                                               0.000     0.000 r  input_current[19] (IN)
                         net (fo=0)                   0.000     0.000    input_current_IBUF[19]_inst/I
    B17                  INBUF (Prop_INBUF_HPIOB_S_PAD_O)
                                                      0.274     0.274 r  input_current_IBUF[19]_inst/INBUF_INST/O
                         net (fo=1, routed)           0.000     0.274    input_current_IBUF[19]_inst/OUT
    B17                  IBUFCTRL (Prop_IBUFCTRL_HPIOB_S_I_O)
                                                      0.000     0.274 r  input_current_IBUF[19]_inst/IBUFCTRL_INST/O
                         net (fo=1, routed)           1.537     1.811    input_current_IBUF[19]
    SLICE_X84Y239        LUT1 (Prop_A5LUT_SLICEL_I0_O)
                                                      0.091     1.902 r  input_current_IBUF[19]_hold_fix/O
                         net (fo=1, routed)           1.061     2.963    input_current_IBUF[19]_hold_fix_1
    SLICE_X0Y215         FDRE                                         r  input_current_r_reg[19]/D
  -------------------------------------------------------------------    -------------------

                         (clock clk_in rise edge)     0.000     0.000 r  
    D14                                               0.000     0.000 r  clk_in (IN)
                         net (fo=0)                   0.000     0.000    clk_in_IBUF_inst/I
    D14                  INBUF (Prop_INBUF_HDIOB_M_PAD_O)
                                                      1.002     1.002 r  clk_in_IBUF_inst/INBUF_INST/O
                         net (fo=1, routed)           0.000     1.002    clk_in_IBUF_inst/OUT
    D14                  IBUFCTRL (Prop_IBUFCTRL_HDIOB_M_I_O)
                                                      0.000     1.002 r  clk_in_IBUF_inst/IBUFCTRL_INST/O
                         net (fo=1, routed)           0.204     1.206    clk_in_IBUF
    BUFGCE_HDIO_X0Y6     BUFGCE (Prop_BUFCE_BUFGCE_HDIO_I_O)
                                                      0.028     1.234 r  bufg_clk/O
    X0Y3 (CLOCK_ROOT)    net (fo=64, routed)          1.279     2.513    clk
    SLICE_X0Y215         FDRE                                         r  input_current_r_reg[19]/C
                         clock pessimism              0.000     2.513    
                         clock uncertainty            0.200     2.713    
    SLICE_X0Y215         FDRE (Hold_EFF_SLICEL_C_D)
                                                      0.060     2.773    input_current_r_reg[19]
  -------------------------------------------------------------------
                         required time                         -2.773    
                         arrival time                           2.963    
  -------------------------------------------------------------------
                         slack                                  0.190    

Slack (MET) :             0.201ns  (arrival time - required time)
  Source:                 input_current[12]
                            (input port clocked by clk_in  {rise@0.000ns fall@5.000ns period=10.000ns})
  Destination:            input_current_r_reg[12]/D
                            (rising edge-triggered cell FDRE clocked by clk_in  {rise@0.000ns fall@5.000ns period=10.000ns})
  Path Group:             clk_in
  Path Type:              Hold (Min at Slow Process Corner)
  Requirement:            0.000ns  (clk_in rise@0.000ns - clk_in rise@0.000ns)
  Data Path Delay:        2.992ns  (logic 0.362ns (12.109%)  route 2.630ns (87.891%))
  Logic Levels:           3  (IBUFCTRL=1 INBUF=1 LUT1=1)
  Input Delay:            0.000ns
  Clock Path Skew:        2.530ns (DCD - SCD - CPR)
    Destination Clock Delay (DCD):    2.530ns
    Source Clock Delay      (SCD):    0.000ns
    Clock Pessimism Removal (CPR):    -0.000ns
  Clock Uncertainty:      0.200ns  ((TSJ^2 + TIJ^2)^1/2 + DJ) / 2 + PE + UU
    Total System Jitter     (TSJ):    0.000ns
    Total Input Jitter      (TIJ):    0.000ns
    Discrete Jitter          (DJ):    0.000ns
    Phase Error              (PE):    0.000ns
    User Uncertainty         (UU):    0.200ns
  Clock Net Delay (Destination): 1.296ns (routing 0.438ns, distribution 0.858ns)

    Location             Delay type                Incr(ns)  Path(ns)    Netlist Resource(s)
  -------------------------------------------------------------------    -------------------
                         (clock clk_in rise edge)     0.000     0.000 r  
                         input delay                  0.000     0.000    
    A19                                               0.000     0.000 r  input_current[12] (IN)
                         net (fo=0)                   0.000     0.000    input_current_IBUF[12]_inst/I
    A19                  INBUF (Prop_INBUF_HPIOB_M_PAD_O)
                                                      0.270     0.270 r  input_current_IBUF[12]_inst/INBUF_INST/O
                         net (fo=1, routed)           0.000     0.270    input_current_IBUF[12]_inst/OUT
    A19                  IBUFCTRL (Prop_IBUFCTRL_HPIOB_M_I_O)
                                                      0.000     0.270 r  input_current_IBUF[12]_inst/IBUFCTRL_INST/O
                         net (fo=1, routed)           1.518     1.788    input_current_IBUF[12]
    SLICE_X83Y239        LUT1 (Prop_B5LUT_SLICEL_I0_O)
                                                      0.092     1.880 r  input_current_IBUF[12]_hold_fix/O
                         net (fo=1, routed)           1.112     2.992    input_current_IBUF[12]_hold_fix_1
    SLICE_X2Y220         FDRE                                         r  input_current_r_reg[12]/D
  -------------------------------------------------------------------    -------------------

                         (clock clk_in rise edge)     0.000     0.000 r  
    D14                                               0.000     0.000 r  clk_in (IN)
                         net (fo=0)                   0.000     0.000    clk_in_IBUF_inst/I
    D14                  INBUF (Prop_INBUF_HDIOB_M_PAD_O)
                                                      1.002     1.002 r  clk_in_IBUF_inst/INBUF_INST/O
                         net (fo=1, routed)           0.000     1.002    clk_in_IBUF_inst/OUT
    D14                  IBUFCTRL (Prop_IBUFCTRL_HDIOB_M_I_O)
                                                      0.000     1.002 r  clk_in_IBUF_inst/IBUFCTRL_INST/O
                         net (fo=1, routed)           0.204     1.206    clk_in_IBUF
    BUFGCE_HDIO_X0Y6     BUFGCE (Prop_BUFCE_BUFGCE_HDIO_I_O)
                                                      0.028     1.234 r  bufg_clk/O
    X0Y3 (CLOCK_ROOT)    net (fo=64, routed)          1.296     2.530    clk
    SLICE_X2Y220         FDRE                                         r  input_current_r_reg[12]/C
                         clock pessimism              0.000     2.530    
                         clock uncertainty            0.200     2.730    
    SLICE_X2Y220         FDRE (Hold_EFF2_SLICEL_C_D)
                                                      0.062     2.792    input_current_r_reg[12]
  -------------------------------------------------------------------
                         required time                         -2.792    
                         arrival time                           2.992    
  -------------------------------------------------------------------
                         slack                                  0.201    

Slack (MET) :             0.205ns  (arrival time - required time)
  Source:                 input_current[27]
                            (input port clocked by clk_in  {rise@0.000ns fall@5.000ns period=10.000ns})
  Destination:            input_current_r_reg[27]/D
                            (rising edge-triggered cell FDRE clocked by clk_in  {rise@0.000ns fall@5.000ns period=10.000ns})
  Path Group:             clk_in
  Path Type:              Hold (Min at Slow Process Corner)
  Requirement:            0.000ns  (clk_in rise@0.000ns - clk_in rise@0.000ns)
  Data Path Delay:        2.976ns  (logic 0.349ns (11.730%)  route 2.627ns (88.270%))
  Logic Levels:           3  (IBUFCTRL=1 INBUF=1 LUT1=1)
  Input Delay:            0.000ns
  Clock Path Skew:        2.509ns (DCD - SCD - CPR)
    Destination Clock Delay (DCD):    2.509ns
    Source Clock Delay      (SCD):    0.000ns
    Clock Pessimism Removal (CPR):    -0.000ns
  Clock Uncertainty:      0.200ns  ((TSJ^2 + TIJ^2)^1/2 + DJ) / 2 + PE + UU
    Total System Jitter     (TSJ):    0.000ns
    Total Input Jitter      (TIJ):    0.000ns
    Discrete Jitter          (DJ):    0.000ns
    Phase Error              (PE):    0.000ns
    User Uncertainty         (UU):    0.200ns
  Clock Net Delay (Destination): 1.275ns (routing 0.438ns, distribution 0.837ns)

    Location             Delay type                Incr(ns)  Path(ns)    Netlist Resource(s)
  -------------------------------------------------------------------    -------------------
                         (clock clk_in rise edge)     0.000     0.000 r  
                         input delay                  0.000     0.000    
    D18                                               0.000     0.000 r  input_current[27] (IN)
                         net (fo=0)                   0.000     0.000    input_current_IBUF[27]_inst/I
    D18                  INBUF (Prop_INBUF_HPIOB_S_PAD_O)
                                                      0.256     0.256 r  input_current_IBUF[27]_inst/INBUF_INST/O
                         net (fo=1, routed)           0.000     0.256    input_current_IBUF[27]_inst/OUT
    D18                  IBUFCTRL (Prop_IBUFCTRL_HPIOB_S_I_O)
                                                      0.000     0.256 r  input_current_IBUF[27]_inst/IBUFCTRL_INST/O
                         net (fo=1, routed)           1.566     1.822    input_current_IBUF[27]
    SLICE_X79Y239        LUT1 (Prop_A5LUT_SLICEM_I0_O)
                                                      0.093     1.915 r  input_current_IBUF[27]_hold_fix/O
                         net (fo=1, routed)           1.061     2.976    input_current_IBUF[27]_hold_fix_1
    SLICE_X0Y212         FDRE                                         r  input_current_r_reg[27]/D
  -------------------------------------------------------------------    -------------------

                         (clock clk_in rise edge)     0.000     0.000 r  
    D14                                               0.000     0.000 r  clk_in (IN)
                         net (fo=0)                   0.000     0.000    clk_in_IBUF_inst/I
    D14                  INBUF (Prop_INBUF_HDIOB_M_PAD_O)
                                                      1.002     1.002 r  clk_in_IBUF_inst/INBUF_INST/O
                         net (fo=1, routed)           0.000     1.002    clk_in_IBUF_inst/OUT
    D14                  IBUFCTRL (Prop_IBUFCTRL_HDIOB_M_I_O)
                                                      0.000     1.002 r  clk_in_IBUF_inst/IBUFCTRL_INST/O
                         net (fo=1, routed)           0.204     1.206    clk_in_IBUF
    BUFGCE_HDIO_X0Y6     BUFGCE (Prop_BUFCE_BUFGCE_HDIO_I_O)
                                                      0.028     1.234 r  bufg_clk/O
    X0Y3 (CLOCK_ROOT)    net (fo=64, routed)          1.275     2.509    clk
    SLICE_X0Y212         FDRE                                         r  input_current_r_reg[27]/C
                         clock pessimism              0.000     2.509    
                         clock uncertainty            0.200     2.709    
    SLICE_X0Y212         FDRE (Hold_FFF2_SLICEL_C_D)
                                                      0.062     2.771    input_current_r_reg[27]
  -------------------------------------------------------------------
                         required time                         -2.771    
                         arrival time                           2.976    
  -------------------------------------------------------------------
                         slack                                  0.205    

Slack (MET) :             0.208ns  (arrival time - required time)
  Source:                 input_current[14]
                            (input port clocked by clk_in  {rise@0.000ns fall@5.000ns period=10.000ns})
  Destination:            input_current_r_reg[14]/D
                            (rising edge-triggered cell FDRE clocked by clk_in  {rise@0.000ns fall@5.000ns period=10.000ns})
  Path Group:             clk_in
  Path Type:              Hold (Min at Slow Process Corner)
  Requirement:            0.000ns  (clk_in rise@0.000ns - clk_in rise@0.000ns)
  Data Path Delay:        2.984ns  (logic 0.363ns (12.170%)  route 2.621ns (87.830%))
  Logic Levels:           3  (IBUFCTRL=1 INBUF=1 LUT1=1)
  Input Delay:            0.000ns
  Clock Path Skew:        2.517ns (DCD - SCD - CPR)
    Destination Clock Delay (DCD):    2.517ns
    Source Clock Delay      (SCD):    0.000ns
    Clock Pessimism Removal (CPR):    -0.000ns
  Clock Uncertainty:      0.200ns  ((TSJ^2 + TIJ^2)^1/2 + DJ) / 2 + PE + UU
    Total System Jitter     (TSJ):    0.000ns
    Total Input Jitter      (TIJ):    0.000ns
    Discrete Jitter          (DJ):    0.000ns
    Phase Error              (PE):    0.000ns
    User Uncertainty         (UU):    0.200ns
  Clock Net Delay (Destination): 1.283ns (routing 0.438ns, distribution 0.845ns)

    Location             Delay type                Incr(ns)  Path(ns)    Netlist Resource(s)
  -------------------------------------------------------------------    -------------------
                         (clock clk_in rise edge)     0.000     0.000 r  
                         input delay                  0.000     0.000    
    B15                                               0.000     0.000 r  input_current[14] (IN)
                         net (fo=0)                   0.000     0.000    input_current_IBUF[14]_inst/I
    B15                  INBUF (Prop_INBUF_HPIOB_M_PAD_O)
                                                      0.286     0.286 r  input_current_IBUF[14]_inst/INBUF_INST/O
                         net (fo=1, routed)           0.000     0.286    input_current_IBUF[14]_inst/OUT
    B15                  IBUFCTRL (Prop_IBUFCTRL_HPIOB_M_I_O)
                                                      0.000     0.286 r  input_current_IBUF[14]_inst/IBUFCTRL_INST/O
                         net (fo=1, routed)           1.495     1.781    input_current_IBUF[14]
    SLICE_X83Y239        LUT1 (Prop_A5LUT_SLICEL_I0_O)
                                                      0.077     1.858 r  input_current_IBUF[14]_hold_fix/O
                         net (fo=1, routed)           1.126     2.984    input_current_IBUF[14]_hold_fix_1
    SLICE_X0Y218         FDRE                                         r  input_current_r_reg[14]/D
  -------------------------------------------------------------------    -------------------

                         (clock clk_in rise edge)     0.000     0.000 r  
    D14                                               0.000     0.000 r  clk_in (IN)
                         net (fo=0)                   0.000     0.000    clk_in_IBUF_inst/I
    D14                  INBUF (Prop_INBUF_HDIOB_M_PAD_O)
                                                      1.002     1.002 r  clk_in_IBUF_inst/INBUF_INST/O
                         net (fo=1, routed)           0.000     1.002    clk_in_IBUF_inst/OUT
    D14                  IBUFCTRL (Prop_IBUFCTRL_HDIOB_M_I_O)
                                                      0.000     1.002 r  clk_in_IBUF_inst/IBUFCTRL_INST/O
                         net (fo=1, routed)           0.204     1.206    clk_in_IBUF
    BUFGCE_HDIO_X0Y6     BUFGCE (Prop_BUFCE_BUFGCE_HDIO_I_O)
                                                      0.028     1.234 r  bufg_clk/O
    X0Y3 (CLOCK_ROOT)    net (fo=64, routed)          1.283     2.517    clk
    SLICE_X0Y218         FDRE                                         r  input_current_r_reg[14]/C
                         clock pessimism              0.000     2.517    
                         clock uncertainty            0.200     2.717    
    SLICE_X0Y218         FDRE (Hold_EFF_SLICEL_C_D)
                                                      0.060     2.777    input_current_r_reg[14]
  -------------------------------------------------------------------
                         required time                         -2.777    
                         arrival time                           2.984    
  -------------------------------------------------------------------
                         slack                                  0.208    

Slack (MET) :             0.209ns  (arrival time - required time)
  Source:                 input_current[24]
                            (input port clocked by clk_in  {rise@0.000ns fall@5.000ns period=10.000ns})
  Destination:            input_current_r_reg[24]/D
                            (rising edge-triggered cell FDRE clocked by clk_in  {rise@0.000ns fall@5.000ns period=10.000ns})
  Path Group:             clk_in
  Path Type:              Hold (Min at Slow Process Corner)
  Requirement:            0.000ns  (clk_in rise@0.000ns - clk_in rise@0.000ns)
  Data Path Delay:        2.980ns  (logic 0.360ns (12.070%)  route 2.620ns (87.930%))
  Logic Levels:           3  (IBUFCTRL=1 INBUF=1 LUT1=1)
  Input Delay:            0.000ns
  Clock Path Skew:        2.509ns (DCD - SCD - CPR)
    Destination Clock Delay (DCD):    2.509ns
    Source Clock Delay      (SCD):    0.000ns
    Clock Pessimism Removal (CPR):    -0.000ns
  Clock Uncertainty:      0.200ns  ((TSJ^2 + TIJ^2)^1/2 + DJ) / 2 + PE + UU
    Total System Jitter     (TSJ):    0.000ns
    Total Input Jitter      (TIJ):    0.000ns
    Discrete Jitter          (DJ):    0.000ns
    Phase Error              (PE):    0.000ns
    User Uncertainty         (UU):    0.200ns
  Clock Net Delay (Destination): 1.275ns (routing 0.438ns, distribution 0.837ns)

    Location             Delay type                Incr(ns)  Path(ns)    Netlist Resource(s)
  -------------------------------------------------------------------    -------------------
                         (clock clk_in rise edge)     0.000     0.000 r  
                         input delay                  0.000     0.000    
    D19                                               0.000     0.000 r  input_current[24] (IN)
                         net (fo=0)                   0.000     0.000    input_current_IBUF[24]_inst/I
    D19                  INBUF (Prop_INBUF_HPIOB_M_PAD_O)
                                                      0.265     0.265 r  input_current_IBUF[24]_inst/INBUF_INST/O
                         net (fo=1, routed)           0.000     0.265    input_current_IBUF[24]_inst/OUT
    D19                  IBUFCTRL (Prop_IBUFCTRL_HPIOB_M_I_O)
                                                      0.000     0.265 r  input_current_IBUF[24]_inst/IBUFCTRL_INST/O
                         net (fo=1, routed)           1.563     1.828    input_current_IBUF[24]
    SLICE_X79Y239        LUT1 (Prop_B5LUT_SLICEM_I0_O)
                                                      0.095     1.923 r  input_current_IBUF[24]_hold_fix/O
                         net (fo=1, routed)           1.057     2.980    input_current_IBUF[24]_hold_fix_1
    SLICE_X0Y212         FDRE                                         r  input_current_r_reg[24]/D
  -------------------------------------------------------------------    -------------------

                         (clock clk_in rise edge)     0.000     0.000 r  
    D14                                               0.000     0.000 r  clk_in (IN)
                         net (fo=0)                   0.000     0.000    clk_in_IBUF_inst/I
    D14                  INBUF (Prop_INBUF_HDIOB_M_PAD_O)
                                                      1.002     1.002 r  clk_in_IBUF_inst/INBUF_INST/O
                         net (fo=1, routed)           0.000     1.002    clk_in_IBUF_inst/OUT
    D14                  IBUFCTRL (Prop_IBUFCTRL_HDIOB_M_I_O)
                                                      0.000     1.002 r  clk_in_IBUF_inst/IBUFCTRL_INST/O
                         net (fo=1, routed)           0.204     1.206    clk_in_IBUF
    BUFGCE_HDIO_X0Y6     BUFGCE (Prop_BUFCE_BUFGCE_HDIO_I_O)
                                                      0.028     1.234 r  bufg_clk/O
    X0Y3 (CLOCK_ROOT)    net (fo=64, routed)          1.275     2.509    clk
    SLICE_X0Y212         FDRE                                         r  input_current_r_reg[24]/C
                         clock pessimism              0.000     2.509    
                         clock uncertainty            0.200     2.709    
    SLICE_X0Y212         FDRE (Hold_EFF2_SLICEL_C_D)
                                                      0.062     2.771    input_current_r_reg[24]
  -------------------------------------------------------------------
                         required time                         -2.771    
                         arrival time                           2.980    
  -------------------------------------------------------------------
                         slack                                  0.209    

Slack (MET) :             0.212ns  (arrival time - required time)
  Source:                 input_current[5]
                            (input port clocked by clk_in  {rise@0.000ns fall@5.000ns period=10.000ns})
  Destination:            input_current_r_reg[5]/D
                            (rising edge-triggered cell FDRE clocked by clk_in  {rise@0.000ns fall@5.000ns period=10.000ns})
  Path Group:             clk_in
  Path Type:              Hold (Min at Slow Process Corner)
  Requirement:            0.000ns  (clk_in rise@0.000ns - clk_in rise@0.000ns)
  Data Path Delay:        3.001ns  (logic 0.335ns (11.154%)  route 2.666ns (88.846%))
  Logic Levels:           3  (IBUFCTRL=1 INBUF=1 LUT1=1)
  Input Delay:            0.000ns
  Clock Path Skew:        2.527ns (DCD - SCD - CPR)
    Destination Clock Delay (DCD):    2.527ns
    Source Clock Delay      (SCD):    0.000ns
    Clock Pessimism Removal (CPR):    -0.000ns
  Clock Uncertainty:      0.200ns  ((TSJ^2 + TIJ^2)^1/2 + DJ) / 2 + PE + UU
    Total System Jitter     (TSJ):    0.000ns
    Total Input Jitter      (TIJ):    0.000ns
    Discrete Jitter          (DJ):    0.000ns
    Phase Error              (PE):    0.000ns
    User Uncertainty         (UU):    0.200ns
  Clock Net Delay (Destination): 1.293ns (routing 0.438ns, distribution 0.855ns)

    Location             Delay type                Incr(ns)  Path(ns)    Netlist Resource(s)
  -------------------------------------------------------------------    -------------------
                         (clock clk_in rise edge)     0.000     0.000 r  
                         input delay                  0.000     0.000    
    B21                                               0.000     0.000 r  input_current[5] (IN)
                         net (fo=0)                   0.000     0.000    input_current_IBUF[5]_inst/I
    B21                  INBUF (Prop_INBUF_HPIOB_S_PAD_O)
                                                      0.256     0.256 r  input_current_IBUF[5]_inst/INBUF_INST/O
                         net (fo=1, routed)           0.000     0.256    input_current_IBUF[5]_inst/OUT
    B21                  IBUFCTRL (Prop_IBUFCTRL_HPIOB_S_I_O)
                                                      0.000     0.256 r  input_current_IBUF[5]_inst/IBUFCTRL_INST/O
                         net (fo=1, routed)           1.551     1.807    input_current_IBUF[5]
    SLICE_X90Y239        LUT1 (Prop_A5LUT_SLICEM_I0_O)
                                                      0.079     1.886 r  input_current_IBUF[5]_hold_fix/O
                         net (fo=1, routed)           1.115     3.001    input_current_IBUF[5]_hold_fix_1
    SLICE_X1Y230         FDRE                                         r  input_current_r_reg[5]/D
  -------------------------------------------------------------------    -------------------

                         (clock clk_in rise edge)     0.000     0.000 r  
    D14                                               0.000     0.000 r  clk_in (IN)
                         net (fo=0)                   0.000     0.000    clk_in_IBUF_inst/I
    D14                  INBUF (Prop_INBUF_HDIOB_M_PAD_O)
                                                      1.002     1.002 r  clk_in_IBUF_inst/INBUF_INST/O
                         net (fo=1, routed)           0.000     1.002    clk_in_IBUF_inst/OUT
    D14                  IBUFCTRL (Prop_IBUFCTRL_HDIOB_M_I_O)
                                                      0.000     1.002 r  clk_in_IBUF_inst/IBUFCTRL_INST/O
                         net (fo=1, routed)           0.204     1.206    clk_in_IBUF
    BUFGCE_HDIO_X0Y6     BUFGCE (Prop_BUFCE_BUFGCE_HDIO_I_O)
                                                      0.028     1.234 r  bufg_clk/O
    X0Y3 (CLOCK_ROOT)    net (fo=64, routed)          1.293     2.527    clk
    SLICE_X1Y230         FDRE                                         r  input_current_r_reg[5]/C
                         clock pessimism              0.000     2.527    
                         clock uncertainty            0.200     2.727    
    SLICE_X1Y230         FDRE (Hold_GFF2_SLICEM_C_D)
                                                      0.062     2.789    input_current_r_reg[5]
  -------------------------------------------------------------------
                         required time                         -2.789    
                         arrival time                           3.001    
  -------------------------------------------------------------------
                         slack                                  0.212    

Slack (MET) :             0.216ns  (arrival time - required time)
  Source:                 input_current[20]
                            (input port clocked by clk_in  {rise@0.000ns fall@5.000ns period=10.000ns})
  Destination:            input_current_r_reg[20]/D
                            (rising edge-triggered cell FDRE clocked by clk_in  {rise@0.000ns fall@5.000ns period=10.000ns})
  Path Group:             clk_in
  Path Type:              Hold (Min at Slow Process Corner)
  Requirement:            0.000ns  (clk_in rise@0.000ns - clk_in rise@0.000ns)
  Data Path Delay:        2.985ns  (logic 0.301ns (10.084%)  route 2.684ns (89.916%))
  Logic Levels:           3  (IBUFCTRL=1 INBUF=1 LUT1=1)
  Input Delay:            0.000ns
  Clock Path Skew:        2.509ns (DCD - SCD - CPR)
    Destination Clock Delay (DCD):    2.509ns
    Source Clock Delay      (SCD):    0.000ns
    Clock Pessimism Removal (CPR):    -0.000ns
  Clock Uncertainty:      0.200ns  ((TSJ^2 + TIJ^2)^1/2 + DJ) / 2 + PE + UU
    Total System Jitter     (TSJ):    0.000ns
    Total Input Jitter      (TIJ):    0.000ns
    Discrete Jitter          (DJ):    0.000ns
    Phase Error              (PE):    0.000ns
    User Uncertainty         (UU):    0.200ns
  Clock Net Delay (Destination): 1.275ns (routing 0.438ns, distribution 0.837ns)

    Location             Delay type                Incr(ns)  Path(ns)    Netlist Resource(s)
  -------------------------------------------------------------------    -------------------
                         (clock clk_in rise edge)     0.000     0.000 r  
                         input delay                  0.000     0.000    
    B19                                               0.000     0.000 r  input_current[20] (IN)
                         net (fo=0)                   0.000     0.000    input_current_IBUF[20]_inst/I
    B19                  INBUF (Prop_INBUF_HPIOB_M_PAD_O)
                                                      0.267     0.267 r  input_current_IBUF[20]_inst/INBUF_INST/O
                         net (fo=1, routed)           0.000     0.267    input_current_IBUF[20]_inst/OUT
    B19                  IBUFCTRL (Prop_IBUFCTRL_HPIOB_M_I_O)
                                                      0.000     0.267 r  input_current_IBUF[20]_inst/IBUFCTRL_INST/O
                         net (fo=1, routed)           1.577     1.844    input_current_IBUF[20]
    SLICE_X82Y239        LUT1 (Prop_A5LUT_SLICEM_I0_O)
                                                      0.034     1.878 r  input_current_IBUF[20]_hold_fix/O
                         net (fo=1, routed)           1.107     2.985    input_current_IBUF[20]_hold_fix_1
    SLICE_X0Y212         FDRE                                         r  input_current_r_reg[20]/D
  -------------------------------------------------------------------    -------------------

                         (clock clk_in rise edge)     0.000     0.000 r  
    D14                                               0.000     0.000 r  clk_in (IN)
                         net (fo=0)                   0.000     0.000    clk_in_IBUF_inst/I
    D14                  INBUF (Prop_INBUF_HDIOB_M_PAD_O)
                                                      1.002     1.002 r  clk_in_IBUF_inst/INBUF_INST/O
                         net (fo=1, routed)           0.000     1.002    clk_in_IBUF_inst/OUT
    D14                  IBUFCTRL (Prop_IBUFCTRL_HDIOB_M_I_O)
                                                      0.000     1.002 r  clk_in_IBUF_inst/IBUFCTRL_INST/O
                         net (fo=1, routed)           0.204     1.206    clk_in_IBUF
    BUFGCE_HDIO_X0Y6     BUFGCE (Prop_BUFCE_BUFGCE_HDIO_I_O)
                                                      0.028     1.234 r  bufg_clk/O
    X0Y3 (CLOCK_ROOT)    net (fo=64, routed)          1.275     2.509    clk
    SLICE_X0Y212         FDRE                                         r  input_current_r_reg[20]/C
                         clock pessimism              0.000     2.509    
                         clock uncertainty            0.200     2.709    
    SLICE_X0Y212         FDRE (Hold_EFF_SLICEL_C_D)
                                                      0.060     2.769    input_current_r_reg[20]
  -------------------------------------------------------------------
                         required time                         -2.769    
                         arrival time                           2.985    
  -------------------------------------------------------------------
                         slack                                  0.216    

Slack (MET) :             0.222ns  (arrival time - required time)
  Source:                 input_current[8]
                            (input port clocked by clk_in  {rise@0.000ns fall@5.000ns period=10.000ns})
  Destination:            input_current_r_reg[8]/D
                            (rising edge-triggered cell FDRE clocked by clk_in  {rise@0.000ns fall@5.000ns period=10.000ns})
  Path Group:             clk_in
  Path Type:              Hold (Min at Slow Process Corner)
  Requirement:            0.000ns  (clk_in rise@0.000ns - clk_in rise@0.000ns)
  Data Path Delay:        2.997ns  (logic 0.334ns (11.149%)  route 2.663ns (88.851%))
  Logic Levels:           3  (IBUFCTRL=1 INBUF=1 LUT1=1)
  Input Delay:            0.000ns
  Clock Path Skew:        2.516ns (DCD - SCD - CPR)
    Destination Clock Delay (DCD):    2.516ns
    Source Clock Delay      (SCD):    0.000ns
    Clock Pessimism Removal (CPR):    -0.000ns
  Clock Uncertainty:      0.200ns  ((TSJ^2 + TIJ^2)^1/2 + DJ) / 2 + PE + UU
    Total System Jitter     (TSJ):    0.000ns
    Total Input Jitter      (TIJ):    0.000ns
    Discrete Jitter          (DJ):    0.000ns
    Phase Error              (PE):    0.000ns
    User Uncertainty         (UU):    0.200ns
  Clock Net Delay (Destination): 1.282ns (routing 0.438ns, distribution 0.844ns)

    Location             Delay type                Incr(ns)  Path(ns)    Netlist Resource(s)
  -------------------------------------------------------------------    -------------------
                         (clock clk_in rise edge)     0.000     0.000 r  
                         input delay                  0.000     0.000    
    E21                                               0.000     0.000 r  input_current[8] (IN)
                         net (fo=0)                   0.000     0.000    input_current_IBUF[8]_inst/I
    E21                  INBUF (Prop_INBUF_HPIOB_M_PAD_O)
                                                      0.243     0.243 r  input_current_IBUF[8]_inst/INBUF_INST/O
                         net (fo=1, routed)           0.000     0.243    input_current_IBUF[8]_inst/OUT
    E21                  IBUFCTRL (Prop_IBUFCTRL_HPIOB_M_I_O)
                                                      0.000     0.243 r  input_current_IBUF[8]_inst/IBUFCTRL_INST/O
                         net (fo=1, routed)           1.522     1.765    input_current_IBUF[8]
    SLICE_X88Y239        LUT1 (Prop_A5LUT_SLICEL_I0_O)
                                                      0.091     1.856 r  input_current_IBUF[8]_hold_fix/O
                         net (fo=1, routed)           1.141     2.997    input_current_IBUF[8]_hold_fix_1
    SLICE_X3Y225         FDRE                                         r  input_current_r_reg[8]/D
  -------------------------------------------------------------------    -------------------

                         (clock clk_in rise edge)     0.000     0.000 r  
    D14                                               0.000     0.000 r  clk_in (IN)
                         net (fo=0)                   0.000     0.000    clk_in_IBUF_inst/I
    D14                  INBUF (Prop_INBUF_HDIOB_M_PAD_O)
                                                      1.002     1.002 r  clk_in_IBUF_inst/INBUF_INST/O
                         net (fo=1, routed)           0.000     1.002    clk_in_IBUF_inst/OUT
    D14                  IBUFCTRL (Prop_IBUFCTRL_HDIOB_M_I_O)
                                                      0.000     1.002 r  clk_in_IBUF_inst/IBUFCTRL_INST/O
                         net (fo=1, routed)           0.204     1.206    clk_in_IBUF
    BUFGCE_HDIO_X0Y6     BUFGCE (Prop_BUFCE_BUFGCE_HDIO_I_O)
                                                      0.028     1.234 r  bufg_clk/O
    X0Y3 (CLOCK_ROOT)    net (fo=64, routed)          1.282     2.516    clk
    SLICE_X3Y225         FDRE                                         r  input_current_r_reg[8]/C
                         clock pessimism              0.000     2.516    
                         clock uncertainty            0.200     2.716    
    SLICE_X3Y225         FDRE (Hold_EFF_SLICEL_C_D)
                                                      0.060     2.776    input_current_r_reg[8]
  -------------------------------------------------------------------
                         required time                         -2.776    
                         arrival time                           2.997    
  -------------------------------------------------------------------
                         slack                                  0.222    





Pulse Width Checks
--------------------------------------------------------------------------------------
Clock Name:         clk_in
Waveform(ns):       { 0.000 5.000 }
Period(ns):         10.000
Sources:            { clk_in }

Check Type        Corner  Lib Pin   Reference Pin  Required(ns)  Actual(ns)  Slack(ns)  Location          Pin
Min Period        n/a     BUFGCE/I  n/a            1.290         10.000      8.710      BUFGCE_HDIO_X0Y6  bufg_clk/I
Min Period        n/a     FDRE/C    n/a            0.550         10.000      9.450      SLICE_X4Y225      enable_r_reg/C
Min Period        n/a     FDRE/C    n/a            0.550         10.000      9.450      SLICE_X1Y230      input_current_r_reg[0]/C
Min Period        n/a     FDRE/C    n/a            0.550         10.000      9.450      SLICE_X2Y221      input_current_r_reg[10]/C
Min Period        n/a     FDRE/C    n/a            0.550         10.000      9.450      SLICE_X2Y220      input_current_r_reg[11]/C
Min Period        n/a     FDRE/C    n/a            0.550         10.000      9.450      SLICE_X2Y220      input_current_r_reg[12]/C
Min Period        n/a     FDRE/C    n/a            0.550         10.000      9.450      SLICE_X2Y220      input_current_r_reg[13]/C
Min Period        n/a     FDRE/C    n/a            0.550         10.000      9.450      SLICE_X0Y218      input_current_r_reg[14]/C
Min Period        n/a     FDRE/C    n/a            0.550         10.000      9.450      SLICE_X2Y220      input_current_r_reg[15]/C
Min Period        n/a     FDRE/C    n/a            0.550         10.000      9.450      SLICE_X0Y218      input_current_r_reg[16]/C
Min Period        n/a     FDRE/C    n/a            0.550         10.000      9.450      SLICE_X0Y219      input_current_r_reg[17]/C
Min Period        n/a     FDRE/C    n/a            0.550         10.000      9.450      SLICE_X2Y217      input_current_r_reg[18]/C
Min Period        n/a     FDRE/C    n/a            0.550         10.000      9.450      SLICE_X0Y215      input_current_r_reg[19]/C
Min Period        n/a     FDRE/C    n/a            0.550         10.000      9.450      SLICE_X1Y230      input_current_r_reg[1]/C
Min Period        n/a     FDRE/C    n/a            0.550         10.000      9.450      SLICE_X0Y212      input_current_r_reg[20]/C
Min Period        n/a     FDRE/C    n/a            0.550         10.000      9.450      SLICE_X0Y213      input_current_r_reg[21]/C
Min Period        n/a     FDRE/C    n/a            0.550         10.000      9.450      SLICE_X2Y216      input_current_r_reg[22]/C
Min Period        n/a     FDRE/C    n/a            0.550         10.000      9.450      SLICE_X0Y213      input_current_r_reg[23]/C
Min Period        n/a     FDRE/C    n/a            0.550         10.000      9.450      SLICE_X0Y212      input_current_r_reg[24]/C
Min Period        n/a     FDRE/C    n/a            0.550         10.000      9.450      SLICE_X0Y212      input_current_r_reg[25]/C
Min Period        n/a     FDRE/C    n/a            0.550         10.000      9.450      SLICE_X3Y220      input_current_r_reg[26]/C
Min Period        n/a     FDRE/C    n/a            0.550         10.000      9.450      SLICE_X0Y212      input_current_r_reg[27]/C
Min Period        n/a     FDRE/C    n/a            0.550         10.000      9.450      SLICE_X1Y230      input_current_r_reg[2]/C
Min Period        n/a     FDRE/C    n/a            0.550         10.000      9.450      SLICE_X1Y230      input_current_r_reg[3]/C
Min Period        n/a     FDRE/C    n/a            0.550         10.000      9.450      SLICE_X1Y230      input_current_r_reg[4]/C
Min Period        n/a     FDRE/C    n/a            0.550         10.000      9.450      SLICE_X1Y230      input_current_r_reg[5]/C
Min Period        n/a     FDRE/C    n/a            0.550         10.000      9.450      SLICE_X1Y228      input_current_r_reg[6]/C
Min Period        n/a     FDRE/C    n/a            0.550         10.000      9.450      SLICE_X1Y230      input_current_r_reg[7]/C
Min Period        n/a     FDRE/C    n/a            0.550         10.000      9.450      SLICE_X3Y225      input_current_r_reg[8]/C
Min Period        n/a     FDRE/C    n/a            0.550         10.000      9.450      SLICE_X3Y222      input_current_r_reg[9]/C
Min Period        n/a     FDRE/C    n/a            0.550         10.000      9.450      SLICE_X4Y225      new_image_r_reg/C
Min Period        n/a     FDRE/C    n/a            0.550         10.000      9.450      SLICE_X4Y225      rst_r_reg/C
Min Period        n/a     FDRE/C    n/a            0.550         10.000      9.450      SLICE_X4Y224      spike_reg/C
Min Period        n/a     FDRE/C    n/a            0.550         10.000      9.450      SLICE_X3Y216      u_lif/internal_value_reg[0]/C
Min Period        n/a     FDRE/C    n/a            0.550         10.000      9.450      SLICE_X4Y220      u_lif/internal_value_reg[10]/C
Min Period        n/a     FDRE/C    n/a            0.550         10.000      9.450      SLICE_X4Y217      u_lif/internal_value_reg[11]/C
Min Period        n/a     FDRE/C    n/a            0.550         10.000      9.450      SLICE_X2Y220      u_lif/internal_value_reg[12]/C
Min Period        n/a     FDRE/C    n/a            0.550         10.000      9.450      SLICE_X2Y220      u_lif/internal_value_reg[13]/C
Min Period        n/a     FDRE/C    n/a            0.550         10.000      9.450      SLICE_X2Y217      u_lif/internal_value_reg[14]/C
Min Period        n/a     FDRE/C    n/a            0.550         10.000      9.450      SLICE_X4Y217      u_lif/internal_value_reg[15]/C
Min Period        n/a     FDRE/C    n/a            0.550         10.000      9.450      SLICE_X4Y220      u_lif/internal_value_reg[16]/C
Min Period        n/a     FDRE/C    n/a            0.550         10.000      9.450      SLICE_X4Y220      u_lif/internal_value_reg[17]/C
Min Period        n/a     FDRE/C    n/a            0.550         10.000      9.450      SLICE_X2Y217      u_lif/internal_value_reg[18]/C
Min Period        n/a     FDRE/C    n/a            0.550         10.000      9.450      SLICE_X4Y217      u_lif/internal_value_reg[19]/C
Min Period        n/a     FDRE/C    n/a            0.550         10.000      9.450      SLICE_X4Y217      u_lif/internal_value_reg[1]/C
Min Period        n/a     FDRE/C    n/a            0.550         10.000      9.450      SLICE_X4Y220      u_lif/internal_value_reg[20]/C
Min Period        n/a     FDRE/C    n/a            0.550         10.000      9.450      SLICE_X4Y220      u_lif/internal_value_reg[21]/C
Min Period        n/a     FDRE/C    n/a            0.550         10.000      9.450      SLICE_X4Y216      u_lif/internal_value_reg[22]/C
Min Period        n/a     FDRE/C    n/a            0.550         10.000      9.450      SLICE_X4Y220      u_lif/internal_value_reg[23]/C
Min Period        n/a     FDRE/C    n/a            0.550         10.000      9.450      SLICE_X3Y221      u_lif/internal_value_reg[24]/C
Low Pulse Width   Slow    FDRE/C    n/a            0.275         5.000       4.725      SLICE_X4Y225      enable_r_reg/C
Low Pulse Width   Fast    FDRE/C    n/a            0.275         5.000       4.725      SLICE_X4Y225      enable_r_reg/C
Low Pulse Width   Slow    FDRE/C    n/a            0.275         5.000       4.725      SLICE_X1Y230      input_current_r_reg[0]/C
Low Pulse Width   Fast    FDRE/C    n/a            0.275         5.000       4.725      SLICE_X1Y230      input_current_r_reg[0]/C
Low Pulse Width   Slow    FDRE/C    n/a            0.275         5.000       4.725      SLICE_X2Y221      input_current_r_reg[10]/C
Low Pulse Width   Fast    FDRE/C    n/a            0.275         5.000       4.725      SLICE_X2Y221      input_current_r_reg[10]/C
Low Pulse Width   Slow    FDRE/C    n/a            0.275         5.000       4.725      SLICE_X2Y220      input_current_r_reg[11]/C
Low Pulse Width   Fast    FDRE/C    n/a            0.275         5.000       4.725      SLICE_X2Y220      input_current_r_reg[11]/C
Low Pulse Width   Slow    FDRE/C    n/a            0.275         5.000       4.725      SLICE_X2Y220      input_current_r_reg[12]/C
Low Pulse Width   Fast    FDRE/C    n/a            0.275         5.000       4.725      SLICE_X2Y220      input_current_r_reg[12]/C
Low Pulse Width   Slow    FDRE/C    n/a            0.275         5.000       4.725      SLICE_X2Y220      input_current_r_reg[13]/C
Low Pulse Width   Fast    FDRE/C    n/a            0.275         5.000       4.725      SLICE_X2Y220      input_current_r_reg[13]/C
Low Pulse Width   Slow    FDRE/C    n/a            0.275         5.000       4.725      SLICE_X0Y218      input_current_r_reg[14]/C
Low Pulse Width   Fast    FDRE/C    n/a            0.275         5.000       4.725      SLICE_X0Y218      input_current_r_reg[14]/C
Low Pulse Width   Slow    FDRE/C    n/a            0.275         5.000       4.725      SLICE_X2Y220      input_current_r_reg[15]/C
Low Pulse Width   Fast    FDRE/C    n/a            0.275         5.000       4.725      SLICE_X2Y220      input_current_r_reg[15]/C
Low Pulse Width   Slow    FDRE/C    n/a            0.275         5.000       4.725      SLICE_X0Y218      input_current_r_reg[16]/C
Low Pulse Width   Fast    FDRE/C    n/a            0.275         5.000       4.725      SLICE_X0Y218      input_current_r_reg[16]/C
Low Pulse Width   Slow    FDRE/C    n/a            0.275         5.000       4.725      SLICE_X0Y219      input_current_r_reg[17]/C
Low Pulse Width   Fast    FDRE/C    n/a            0.275         5.000       4.725      SLICE_X0Y219      input_current_r_reg[17]/C
Low Pulse Width   Slow    FDRE/C    n/a            0.275         5.000       4.725      SLICE_X2Y217      input_current_r_reg[18]/C
Low Pulse Width   Fast    FDRE/C    n/a            0.275         5.000       4.725      SLICE_X2Y217      input_current_r_reg[18]/C
Low Pulse Width   Slow    FDRE/C    n/a            0.275         5.000       4.725      SLICE_X0Y215      input_current_r_reg[19]/C
Low Pulse Width   Fast    FDRE/C    n/a            0.275         5.000       4.725      SLICE_X0Y215      input_current_r_reg[19]/C
Low Pulse Width   Slow    FDRE/C    n/a            0.275         5.000       4.725      SLICE_X1Y230      input_current_r_reg[1]/C
Low Pulse Width   Fast    FDRE/C    n/a            0.275         5.000       4.725      SLICE_X1Y230      input_current_r_reg[1]/C
Low Pulse Width   Slow    FDRE/C    n/a            0.275         5.000       4.725      SLICE_X0Y212      input_current_r_reg[20]/C
Low Pulse Width   Fast    FDRE/C    n/a            0.275         5.000       4.725      SLICE_X0Y212      input_current_r_reg[20]/C
Low Pulse Width   Slow    FDRE/C    n/a            0.275         5.000       4.725      SLICE_X0Y213      input_current_r_reg[21]/C
Low Pulse Width   Fast    FDRE/C    n/a            0.275         5.000       4.725      SLICE_X0Y213      input_current_r_reg[21]/C
Low Pulse Width   Slow    FDRE/C    n/a            0.275         5.000       4.725      SLICE_X2Y216      input_current_r_reg[22]/C
Low Pulse Width   Fast    FDRE/C    n/a            0.275         5.000       4.725      SLICE_X2Y216      input_current_r_reg[22]/C
Low Pulse Width   Slow    FDRE/C    n/a            0.275         5.000       4.725      SLICE_X0Y213      input_current_r_reg[23]/C
Low Pulse Width   Fast    FDRE/C    n/a            0.275         5.000       4.725      SLICE_X0Y213      input_current_r_reg[23]/C
Low Pulse Width   Slow    FDRE/C    n/a            0.275         5.000       4.725      SLICE_X0Y212      input_current_r_reg[24]/C
Low Pulse Width   Fast    FDRE/C    n/a            0.275         5.000       4.725      SLICE_X0Y212      input_current_r_reg[24]/C
Low Pulse Width   Slow    FDRE/C    n/a            0.275         5.000       4.725      SLICE_X0Y212      input_current_r_reg[25]/C
Low Pulse Width   Fast    FDRE/C    n/a            0.275         5.000       4.725      SLICE_X0Y212      input_current_r_reg[25]/C
Low Pulse Width   Slow    FDRE/C    n/a            0.275         5.000       4.725      SLICE_X3Y220      input_current_r_reg[26]/C
Low Pulse Width   Fast    FDRE/C    n/a            0.275         5.000       4.725      SLICE_X3Y220      input_current_r_reg[26]/C
Low Pulse Width   Slow    FDRE/C    n/a            0.275         5.000       4.725      SLICE_X0Y212      input_current_r_reg[27]/C
Low Pulse Width   Fast    FDRE/C    n/a            0.275         5.000       4.725      SLICE_X0Y212      input_current_r_reg[27]/C
Low Pulse Width   Slow    FDRE/C    n/a            0.275         5.000       4.725      SLICE_X1Y230      input_current_r_reg[2]/C
Low Pulse Width   Fast    FDRE/C    n/a            0.275         5.000       4.725      SLICE_X1Y230      input_current_r_reg[2]/C
Low Pulse Width   Slow    FDRE/C    n/a            0.275         5.000       4.725      SLICE_X1Y230      input_current_r_reg[3]/C
Low Pulse Width   Fast    FDRE/C    n/a            0.275         5.000       4.725      SLICE_X1Y230      input_current_r_reg[3]/C
Low Pulse Width   Slow    FDRE/C    n/a            0.275         5.000       4.725      SLICE_X1Y230      input_current_r_reg[4]/C
Low Pulse Width   Fast    FDRE/C    n/a            0.275         5.000       4.725      SLICE_X1Y230      input_current_r_reg[4]/C
Low Pulse Width   Slow    FDRE/C    n/a            0.275         5.000       4.725      SLICE_X1Y230      input_current_r_reg[5]/C
Low Pulse Width   Fast    FDRE/C    n/a            0.275         5.000       4.725      SLICE_X1Y230      input_current_r_reg[5]/C
High Pulse Width  Slow    FDRE/C    n/a            0.275         5.000       4.725      SLICE_X4Y225      enable_r_reg/C
High Pulse Width  Fast    FDRE/C    n/a            0.275         5.000       4.725      SLICE_X4Y225      enable_r_reg/C
High Pulse Width  Slow    FDRE/C    n/a            0.275         5.000       4.725      SLICE_X1Y230      input_current_r_reg[0]/C
High Pulse Width  Fast    FDRE/C    n/a            0.275         5.000       4.725      SLICE_X1Y230      input_current_r_reg[0]/C
High Pulse Width  Slow    FDRE/C    n/a            0.275         5.000       4.725      SLICE_X2Y221      input_current_r_reg[10]/C
High Pulse Width  Fast    FDRE/C    n/a            0.275         5.000       4.725      SLICE_X2Y221      input_current_r_reg[10]/C
High Pulse Width  Slow    FDRE/C    n/a            0.275         5.000       4.725      SLICE_X2Y220      input_current_r_reg[11]/C
High Pulse Width  Fast    FDRE/C    n/a            0.275         5.000       4.725      SLICE_X2Y220      input_current_r_reg[11]/C
High Pulse Width  Slow    FDRE/C    n/a            0.275         5.000       4.725      SLICE_X2Y220      input_current_r_reg[12]/C
High Pulse Width  Fast    FDRE/C    n/a            0.275         5.000       4.725      SLICE_X2Y220      input_current_r_reg[12]/C
High Pulse Width  Slow    FDRE/C    n/a            0.275         5.000       4.725      SLICE_X2Y220      input_current_r_reg[13]/C
High Pulse Width  Fast    FDRE/C    n/a            0.275         5.000       4.725      SLICE_X2Y220      input_current_r_reg[13]/C
High Pulse Width  Slow    FDRE/C    n/a            0.275         5.000       4.725      SLICE_X0Y218      input_current_r_reg[14]/C
High Pulse Width  Fast    FDRE/C    n/a            0.275         5.000       4.725      SLICE_X0Y218      input_current_r_reg[14]/C
High Pulse Width  Slow    FDRE/C    n/a            0.275         5.000       4.725      SLICE_X2Y220      input_current_r_reg[15]/C
High Pulse Width  Fast    FDRE/C    n/a            0.275         5.000       4.725      SLICE_X2Y220      input_current_r_reg[15]/C
High Pulse Width  Slow    FDRE/C    n/a            0.275         5.000       4.725      SLICE_X0Y218      input_current_r_reg[16]/C
High Pulse Width  Fast    FDRE/C    n/a            0.275         5.000       4.725      SLICE_X0Y218      input_current_r_reg[16]/C
High Pulse Width  Slow    FDRE/C    n/a            0.275         5.000       4.725      SLICE_X0Y219      input_current_r_reg[17]/C
High Pulse Width  Fast    FDRE/C    n/a            0.275         5.000       4.725      SLICE_X0Y219      input_current_r_reg[17]/C
High Pulse Width  Slow    FDRE/C    n/a            0.275         5.000       4.725      SLICE_X2Y217      input_current_r_reg[18]/C
High Pulse Width  Fast    FDRE/C    n/a            0.275         5.000       4.725      SLICE_X2Y217      input_current_r_reg[18]/C
High Pulse Width  Slow    FDRE/C    n/a            0.275         5.000       4.725      SLICE_X0Y215      input_current_r_reg[19]/C
High Pulse Width  Fast    FDRE/C    n/a            0.275         5.000       4.725      SLICE_X0Y215      input_current_r_reg[19]/C
High Pulse Width  Slow    FDRE/C    n/a            0.275         5.000       4.725      SLICE_X1Y230      input_current_r_reg[1]/C
High Pulse Width  Fast    FDRE/C    n/a            0.275         5.000       4.725      SLICE_X1Y230      input_current_r_reg[1]/C
High Pulse Width  Slow    FDRE/C    n/a            0.275         5.000       4.725      SLICE_X0Y212      input_current_r_reg[20]/C
High Pulse Width  Fast    FDRE/C    n/a            0.275         5.000       4.725      SLICE_X0Y212      input_current_r_reg[20]/C
High Pulse Width  Slow    FDRE/C    n/a            0.275         5.000       4.725      SLICE_X0Y213      input_current_r_reg[21]/C
High Pulse Width  Fast    FDRE/C    n/a            0.275         5.000       4.725      SLICE_X0Y213      input_current_r_reg[21]/C
High Pulse Width  Slow    FDRE/C    n/a            0.275         5.000       4.725      SLICE_X2Y216      input_current_r_reg[22]/C
High Pulse Width  Fast    FDRE/C    n/a            0.275         5.000       4.725      SLICE_X2Y216      input_current_r_reg[22]/C
High Pulse Width  Slow    FDRE/C    n/a            0.275         5.000       4.725      SLICE_X0Y213      input_current_r_reg[23]/C
High Pulse Width  Fast    FDRE/C    n/a            0.275         5.000       4.725      SLICE_X0Y213      input_current_r_reg[23]/C
High Pulse Width  Slow    FDRE/C    n/a            0.275         5.000       4.725      SLICE_X0Y212      input_current_r_reg[24]/C
High Pulse Width  Fast    FDRE/C    n/a            0.275         5.000       4.725      SLICE_X0Y212      input_current_r_reg[24]/C
High Pulse Width  Slow    FDRE/C    n/a            0.275         5.000       4.725      SLICE_X0Y212      input_current_r_reg[25]/C
High Pulse Width  Fast    FDRE/C    n/a            0.275         5.000       4.725      SLICE_X0Y212      input_current_r_reg[25]/C
High Pulse Width  Slow    FDRE/C    n/a            0.275         5.000       4.725      SLICE_X3Y220      input_current_r_reg[26]/C
High Pulse Width  Fast    FDRE/C    n/a            0.275         5.000       4.725      SLICE_X3Y220      input_current_r_reg[26]/C
High Pulse Width  Slow    FDRE/C    n/a            0.275         5.000       4.725      SLICE_X0Y212      input_current_r_reg[27]/C
High Pulse Width  Fast    FDRE/C    n/a            0.275         5.000       4.725      SLICE_X0Y212      input_current_r_reg[27]/C
High Pulse Width  Slow    FDRE/C    n/a            0.275         5.000       4.725      SLICE_X1Y230      input_current_r_reg[2]/C
High Pulse Width  Fast    FDRE/C    n/a            0.275         5.000       4.725      SLICE_X1Y230      input_current_r_reg[2]/C
High Pulse Width  Slow    FDRE/C    n/a            0.275         5.000       4.725      SLICE_X1Y230      input_current_r_reg[3]/C
High Pulse Width  Fast    FDRE/C    n/a            0.275         5.000       4.725      SLICE_X1Y230      input_current_r_reg[3]/C
High Pulse Width  Slow    FDRE/C    n/a            0.275         5.000       4.725      SLICE_X1Y230      input_current_r_reg[4]/C
High Pulse Width  Fast    FDRE/C    n/a            0.275         5.000       4.725      SLICE_X1Y230      input_current_r_reg[4]/C
High Pulse Width  Slow    FDRE/C    n/a            0.275         5.000       4.725      SLICE_X1Y230      input_current_r_reg[5]/C
High Pulse Width  Fast    FDRE/C    n/a            0.275         5.000       4.725      SLICE_X1Y230      input_current_r_reg[5]/C



