--- Unmatched simulation nets ---
B[1]
l2_collision[18]
l2_collision[19]
l2_collision[22]
l2_collision[25]
p_1_in[1]
NLW_compute_neuron_reg_rep_CASDOUTA_UNCONNECTED[0]
NLW_compute_neuron_reg_rep_CASDOUTA_UNCONNECTED[1]
NLW_compute_neuron_reg_rep_CASDOUTA_UNCONNECTED[2]
NLW_compute_neuron_reg_rep_CASDOUTA_UNCONNECTED[3]
NLW_compute_neuron_reg_rep_CASDOUTA_UNCONNECTED[4]
NLW_compute_neuron_reg_rep_CASDOUTA_UNCONNECTED[5]
NLW_compute_neuron_reg_rep_CASDOUTA_UNCONNECTED[6]
NLW_compute_neuron_reg_rep_CASDOUTA_UNCONNECTED[7]
NLW_compute_neuron_reg_rep_CASDOUTA_UNCONNECTED[8]
NLW_compute_neuron_reg_rep_CASDOUTA_UNCONNECTED[9]
NLW_compute_neuron_reg_rep_CASDOUTA_UNCONNECTED[10]
NLW_compute_neuron_reg_rep_CASDOUTA_UNCONNECTED[11]
NLW_compute_neuron_reg_rep_CASDOUTA_UNCONNECTED[12]
NLW_compute_neuron_reg_rep_CASDOUTA_UNCONNECTED[13]
NLW_compute_neuron_reg_rep_CASDOUTA_UNCONNECTED[14]
NLW_compute_neuron_reg_rep_CASDOUTA_UNCONNECTED[15]
NLW_compute_neuron_reg_rep_CASDOUTB_UNCONNECTED[0]
NLW_compute_neuron_reg_rep_CASDOUTB_UNCONNECTED[1]
NLW_compute_neuron_reg_rep_CASDOUTB_UNCONNECTED[2]
NLW_compute_neuron_reg_rep_CASDOUTB_UNCONNECTED[3]
NLW_compute_neuron_reg_rep_CASDOUTB_UNCONNECTED[4]
NLW_compute_neuron_reg_rep_CASDOUTB_UNCONNECTED[5]
NLW_compute_neuron_reg_rep_CASDOUTB_UNCONNECTED[6]
NLW_compute_neuron_reg_rep_CASDOUTB_UNCONNECTED[7]
NLW_compute_neuron_reg_rep_CASDOUTB_UNCONNECTED[8]
NLW_compute_neuron_reg_rep_CASDOUTB_UNCONNECTED[9]
NLW_compute_neuron_reg_rep_CASDOUTB_UNCONNECTED[10]
NLW_compute_neuron_reg_rep_CASDOUTB_UNCONNECTED[11]
NLW_compute_neuron_reg_rep_CASDOUTB_UNCONNECTED[12]
NLW_compute_neuron_reg_rep_CASDOUTB_UNCONNECTED[13]
NLW_compute_neuron_reg_rep_CASDOUTB_UNCONNECTED[14]
NLW_compute_neuron_reg_rep_CASDOUTB_UNCONNECTED[15]
NLW_compute_neuron_reg_rep_CASDOUTPA_UNCONNECTED[0]
NLW_compute_neuron_reg_rep_CASDOUTPA_UNCONNECTED[1]
NLW_compute_neuron_reg_rep_CASDOUTPB_UNCONNECTED[0]
NLW_compute_neuron_reg_rep_CASDOUTPB_UNCONNECTED[1]
NLW_compute_neuron_reg_rep_DOUTBDOUT_UNCONNECTED[0]
NLW_compute_neuron_reg_rep_DOUTBDOUT_UNCONNECTED[1]
NLW_compute_neuron_reg_rep_DOUTBDOUT_UNCONNECTED[2]
NLW_compute_neuron_reg_rep_DOUTBDOUT_UNCONNECTED[3]
NLW_compute_neuron_reg_rep_DOUTBDOUT_UNCONNECTED[4]
NLW_compute_neuron_reg_rep_DOUTBDOUT_UNCONNECTED[5]
NLW_compute_neuron_reg_rep_DOUTBDOUT_UNCONNECTED[6]
NLW_compute_neuron_reg_rep_DOUTBDOUT_UNCONNECTED[7]
NLW_compute_neuron_reg_rep_DOUTBDOUT_UNCONNECTED[8]
NLW_compute_neuron_reg_rep_DOUTBDOUT_UNCONNECTED[9]
NLW_compute_neuron_reg_rep_DOUTBDOUT_UNCONNECTED[10]
NLW_compute_neuron_reg_rep_DOUTBDOUT_UNCONNECTED[11]
NLW_compute_neuron_reg_rep_DOUTBDOUT_UNCONNECTED[12]
NLW_compute_neuron_reg_rep_DOUTBDOUT_UNCONNECTED[13]
NLW_compute_neuron_reg_rep_DOUTBDOUT_UNCONNECTED[14]
NLW_compute_neuron_reg_rep_DOUTBDOUT_UNCONNECTED[15]
NLW_compute_neuron_reg_rep_DOUTPADOUTP_UNCONNECTED[0]
NLW_compute_neuron_reg_rep_DOUTPADOUTP_UNCONNECTED[1]
NLW_compute_neuron_reg_rep_DOUTPBDOUTP_UNCONNECTED[0]
NLW_compute_neuron_reg_rep_DOUTPBDOUTP_UNCONNECTED[1]
NLW_compute_neuron_reg_rep__0_CASDOUTA_UNCONNECTED[0]
NLW_compute_neuron_reg_rep__0_CASDOUTA_UNCONNECTED[1]
NLW_compute_neuron_reg_rep__0_CASDOUTA_UNCONNECTED[2]
NLW_compute_neuron_reg_rep__0_CASDOUTA_UNCONNECTED[3]
NLW_compute_neuron_reg_rep__0_CASDOUTA_UNCONNECTED[4]
NLW_compute_neuron_reg_rep__0_CASDOUTA_UNCONNECTED[5]
NLW_compute_neuron_reg_rep__0_CASDOUTA_UNCONNECTED[6]
NLW_compute_neuron_reg_rep__0_CASDOUTA_UNCONNECTED[7]
NLW_compute_neuron_reg_rep__0_CASDOUTA_UNCONNECTED[8]
NLW_compute_neuron_reg_rep__0_CASDOUTA_UNCONNECTED[9]
NLW_compute_neuron_reg_rep__0_CASDOUTA_UNCONNECTED[10]
NLW_compute_neuron_reg_rep__0_CASDOUTA_UNCONNECTED[11]
NLW_compute_neuron_reg_rep__0_CASDOUTA_UNCONNECTED[12]
NLW_compute_neuron_reg_rep__0_CASDOUTA_UNCONNECTED[13]
NLW_compute_neuron_reg_rep__0_CASDOUTA_UNCONNECTED[14]
NLW_compute_neuron_reg_rep__0_CASDOUTA_UNCONNECTED[15]
NLW_compute_neuron_reg_rep__0_CASDOUTB_UNCONNECTED[0]
NLW_compute_neuron_reg_rep__0_CASDOUTB_UNCONNECTED[1]
NLW_compute_neuron_reg_rep__0_CASDOUTB_UNCONNECTED[2]
NLW_compute_neuron_reg_rep__0_CASDOUTB_UNCONNECTED[3]
NLW_compute_neuron_reg_rep__0_CASDOUTB_UNCONNECTED[4]
NLW_compute_neuron_reg_rep__0_CASDOUTB_UNCONNECTED[5]
NLW_compute_neuron_reg_rep__0_CASDOUTB_UNCONNECTED[6]
NLW_compute_neuron_reg_rep__0_CASDOUTB_UNCONNECTED[7]
NLW_compute_neuron_reg_rep__0_CASDOUTB_UNCONNECTED[8]
NLW_compute_neuron_reg_rep__0_CASDOUTB_UNCONNECTED[9]
NLW_compute_neuron_reg_rep__0_CASDOUTB_UNCONNECTED[10]
NLW_compute_neuron_reg_rep__0_CASDOUTB_UNCONNECTED[11]
NLW_compute_neuron_reg_rep__0_CASDOUTB_UNCONNECTED[12]
NLW_compute_neuron_reg_rep__0_CASDOUTB_UNCONNECTED[13]
NLW_compute_neuron_reg_rep__0_CASDOUTB_UNCONNECTED[14]
NLW_compute_neuron_reg_rep__0_CASDOUTB_UNCONNECTED[15]
NLW_compute_neuron_reg_rep__0_CASDOUTPA_UNCONNECTED[0]
NLW_compute_neuron_reg_rep__0_CASDOUTPA_UNCONNECTED[1]
NLW_compute_neuron_reg_rep__0_CASDOUTPB_UNCONNECTED[0]
NLW_compute_neuron_reg_rep__0_CASDOUTPB_UNCONNECTED[1]
NLW_compute_neuron_reg_rep__0_DOUTBDOUT_UNCONNECTED[0]
NLW_compute_neuron_reg_rep__0_DOUTBDOUT_UNCONNECTED[1]
NLW_compute_neuron_reg_rep__0_DOUTBDOUT_UNCONNECTED[2]
NLW_compute_neuron_reg_rep__0_DOUTBDOUT_UNCONNECTED[3]
NLW_compute_neuron_reg_rep__0_DOUTBDOUT_UNCONNECTED[4]
NLW_compute_neuron_reg_rep__0_DOUTBDOUT_UNCONNECTED[5]
NLW_compute_neuron_reg_rep__0_DOUTBDOUT_UNCONNECTED[6]
NLW_compute_neuron_reg_rep__0_DOUTBDOUT_UNCONNECTED[7]
NLW_compute_neuron_reg_rep__0_DOUTBDOUT_UNCONNECTED[8]
NLW_compute_neuron_reg_rep__0_DOUTBDOUT_UNCONNECTED[9]
NLW_compute_neuron_reg_rep__0_DOUTBDOUT_UNCONNECTED[10]
NLW_compute_neuron_reg_rep__0_DOUTBDOUT_UNCONNECTED[11]
NLW_compute_neuron_reg_rep__0_DOUTBDOUT_UNCONNECTED[12]
NLW_compute_neuron_reg_rep__0_DOUTBDOUT_UNCONNECTED[13]
NLW_compute_neuron_reg_rep__0_DOUTBDOUT_UNCONNECTED[14]
NLW_compute_neuron_reg_rep__0_DOUTBDOUT_UNCONNECTED[15]
NLW_compute_neuron_reg_rep__0_DOUTPADOUTP_UNCONNECTED[0]
NLW_compute_neuron_reg_rep__0_DOUTPADOUTP_UNCONNECTED[1]
NLW_compute_neuron_reg_rep__0_DOUTPBDOUTP_UNCONNECTED[0]
NLW_compute_neuron_reg_rep__0_DOUTPBDOUTP_UNCONNECTED[1]
NLW_compute_neuron_reg_rep__1_CASDOUTA_UNCONNECTED[0]
NLW_compute_neuron_reg_rep__1_CASDOUTA_UNCONNECTED[1]
NLW_compute_neuron_reg_rep__1_CASDOUTA_UNCONNECTED[2]
NLW_compute_neuron_reg_rep__1_CASDOUTA_UNCONNECTED[3]
NLW_compute_neuron_reg_rep__1_CASDOUTA_UNCONNECTED[4]
NLW_compute_neuron_reg_rep__1_CASDOUTA_UNCONNECTED[5]
NLW_compute_neuron_reg_rep__1_CASDOUTA_UNCONNECTED[6]
NLW_compute_neuron_reg_rep__1_CASDOUTA_UNCONNECTED[7]
NLW_compute_neuron_reg_rep__1_CASDOUTA_UNCONNECTED[8]
NLW_compute_neuron_reg_rep__1_CASDOUTA_UNCONNECTED[9]
NLW_compute_neuron_reg_rep__1_CASDOUTA_UNCONNECTED[10]
NLW_compute_neuron_reg_rep__1_CASDOUTA_UNCONNECTED[11]
NLW_compute_neuron_reg_rep__1_CASDOUTA_UNCONNECTED[12]
NLW_compute_neuron_reg_rep__1_CASDOUTA_UNCONNECTED[13]
NLW_compute_neuron_reg_rep__1_CASDOUTA_UNCONNECTED[14]
NLW_compute_neuron_reg_rep__1_CASDOUTA_UNCONNECTED[15]
NLW_compute_neuron_reg_rep__1_CASDOUTB_UNCONNECTED[0]
NLW_compute_neuron_reg_rep__1_CASDOUTB_UNCONNECTED[1]
NLW_compute_neuron_reg_rep__1_CASDOUTB_UNCONNECTED[2]
NLW_compute_neuron_reg_rep__1_CASDOUTB_UNCONNECTED[3]
NLW_compute_neuron_reg_rep__1_CASDOUTB_UNCONNECTED[4]
NLW_compute_neuron_reg_rep__1_CASDOUTB_UNCONNECTED[5]
NLW_compute_neuron_reg_rep__1_CASDOUTB_UNCONNECTED[6]
NLW_compute_neuron_reg_rep__1_CASDOUTB_UNCONNECTED[7]
NLW_compute_neuron_reg_rep__1_CASDOUTB_UNCONNECTED[8]
NLW_compute_neuron_reg_rep__1_CASDOUTB_UNCONNECTED[9]
NLW_compute_neuron_reg_rep__1_CASDOUTB_UNCONNECTED[10]
NLW_compute_neuron_reg_rep__1_CASDOUTB_UNCONNECTED[11]
NLW_compute_neuron_reg_rep__1_CASDOUTB_UNCONNECTED[12]
NLW_compute_neuron_reg_rep__1_CASDOUTB_UNCONNECTED[13]
NLW_compute_neuron_reg_rep__1_CASDOUTB_UNCONNECTED[14]
NLW_compute_neuron_reg_rep__1_CASDOUTB_UNCONNECTED[15]
NLW_compute_neuron_reg_rep__1_CASDOUTPA_UNCONNECTED[0]
NLW_compute_neuron_reg_rep__1_CASDOUTPA_UNCONNECTED[1]
NLW_compute_neuron_reg_rep__1_CASDOUTPB_UNCONNECTED[0]
NLW_compute_neuron_reg_rep__1_CASDOUTPB_UNCONNECTED[1]
NLW_compute_neuron_reg_rep__1_DOUTBDOUT_UNCONNECTED[0]
NLW_compute_neuron_reg_rep__1_DOUTBDOUT_UNCONNECTED[1]
NLW_compute_neuron_reg_rep__1_DOUTBDOUT_UNCONNECTED[2]
NLW_compute_neuron_reg_rep__1_DOUTBDOUT_UNCONNECTED[3]
NLW_compute_neuron_reg_rep__1_DOUTBDOUT_UNCONNECTED[4]
NLW_compute_neuron_reg_rep__1_DOUTBDOUT_UNCONNECTED[5]
NLW_compute_neuron_reg_rep__1_DOUTBDOUT_UNCONNECTED[6]
NLW_compute_neuron_reg_rep__1_DOUTBDOUT_UNCONNECTED[7]
NLW_compute_neuron_reg_rep__1_DOUTBDOUT_UNCONNECTED[8]
NLW_compute_neuron_reg_rep__1_DOUTBDOUT_UNCONNECTED[9]
NLW_compute_neuron_reg_rep__1_DOUTBDOUT_UNCONNECTED[10]
NLW_compute_neuron_reg_rep__1_DOUTBDOUT_UNCONNECTED[11]
NLW_compute_neuron_reg_rep__1_DOUTBDOUT_UNCONNECTED[12]
NLW_compute_neuron_reg_rep__1_DOUTBDOUT_UNCONNECTED[13]
NLW_compute_neuron_reg_rep__1_DOUTBDOUT_UNCONNECTED[14]
NLW_compute_neuron_reg_rep__1_DOUTBDOUT_UNCONNECTED[15]
NLW_compute_neuron_reg_rep__1_DOUTPADOUTP_UNCONNECTED[0]
NLW_compute_neuron_reg_rep__1_DOUTPADOUTP_UNCONNECTED[1]
NLW_compute_neuron_reg_rep__1_DOUTPBDOUTP_UNCONNECTED[0]
NLW_compute_neuron_reg_rep__1_DOUTPBDOUTP_UNCONNECTED[1]
NLW_internal_value_reg[27]_i_10_CO_UNCONNECTED[0]
NLW_internal_value_reg[27]_i_10_CO_UNCONNECTED[1]
NLW_internal_value_reg[27]_i_10_CO_UNCONNECTED[2]
NLW_internal_value_reg[27]_i_10_CO_UNCONNECTED[3]
NLW_internal_value_reg[27]_i_10_CO_UNCONNECTED[4]
NLW_internal_value_reg[27]_i_10_CO_UNCONNECTED[5]
NLW_internal_value_reg[27]_i_10_CO_UNCONNECTED[6]
NLW_internal_value_reg[27]_i_10_O_UNCONNECTED[0]
NLW_internal_value_reg[27]_i_10_O_UNCONNECTED[1]
NLW_internal_value_reg[27]_i_10_O_UNCONNECTED[2]
NLW_internal_value_reg[27]_i_10_O_UNCONNECTED[3]
NLW_internal_value_reg[27]_i_10_O_UNCONNECTED[4]
NLW_internal_value_reg[27]_i_10_O_UNCONNECTED[5]
NLW_internal_value_reg[27]_i_10_O_UNCONNECTED[6]
NLW_internal_value_reg[27]_i_10_O_UNCONNECTED[7]
NLW_internal_value_reg[27]_i_10__0_CO_UNCONNECTED[0]
NLW_internal_value_reg[27]_i_10__0_CO_UNCONNECTED[1]
NLW_internal_value_reg[27]_i_10__0_CO_UNCONNECTED[2]
NLW_internal_value_reg[27]_i_10__0_CO_UNCONNECTED[3]
NLW_internal_value_reg[27]_i_10__0_CO_UNCONNECTED[4]
NLW_internal_value_reg[27]_i_10__0_CO_UNCONNECTED[5]
NLW_internal_value_reg[27]_i_10__0_CO_UNCONNECTED[6]
NLW_internal_value_reg[27]_i_10__0_O_UNCONNECTED[0]
NLW_internal_value_reg[27]_i_10__0_O_UNCONNECTED[1]
NLW_internal_value_reg[27]_i_10__0_O_UNCONNECTED[2]
NLW_internal_value_reg[27]_i_10__0_O_UNCONNECTED[3]
NLW_internal_value_reg[27]_i_10__0_O_UNCONNECTED[4]
NLW_internal_value_reg[27]_i_10__0_O_UNCONNECTED[5]
NLW_internal_value_reg[27]_i_10__0_O_UNCONNECTED[6]
NLW_internal_value_reg[27]_i_10__0_O_UNCONNECTED[7]
NLW_internal_value_reg[27]_i_3_CO_UNCONNECTED[0]
NLW_internal_value_reg[27]_i_3_CO_UNCONNECTED[1]
NLW_internal_value_reg[27]_i_3_CO_UNCONNECTED[2]
NLW_internal_value_reg[27]_i_3_CO_UNCONNECTED[3]
NLW_internal_value_reg[27]_i_3_CO_UNCONNECTED[4]
NLW_internal_value_reg[27]_i_3_CO_UNCONNECTED[5]
NLW_internal_value_reg[27]_i_3_CO_UNCONNECTED[6]
NLW_internal_value_reg[27]_i_3_CO_UNCONNECTED[7]
NLW_internal_value_reg[27]_i_3_DI_UNCONNECTED[5]
NLW_internal_value_reg[27]_i_3_DI_UNCONNECTED[6]
NLW_internal_value_reg[27]_i_3_DI_UNCONNECTED[7]
NLW_internal_value_reg[27]_i_3_O_UNCONNECTED[0]
NLW_internal_value_reg[27]_i_3_O_UNCONNECTED[1]
NLW_internal_value_reg[27]_i_3_O_UNCONNECTED[2]
NLW_internal_value_reg[27]_i_3_O_UNCONNECTED[3]
NLW_internal_value_reg[27]_i_3_O_UNCONNECTED[4]
NLW_internal_value_reg[27]_i_3_O_UNCONNECTED[5]
NLW_internal_value_reg[27]_i_3_O_UNCONNECTED[6]
NLW_internal_value_reg[27]_i_3_O_UNCONNECTED[7]
NLW_internal_value_reg[27]_i_3_S_UNCONNECTED[5]
NLW_internal_value_reg[27]_i_3_S_UNCONNECTED[6]
NLW_internal_value_reg[27]_i_3_S_UNCONNECTED[7]
NLW_internal_value_reg[27]_i_4_CO_UNCONNECTED[0]
NLW_internal_value_reg[27]_i_4_CO_UNCONNECTED[1]
NLW_internal_value_reg[27]_i_4_CO_UNCONNECTED[2]
NLW_internal_value_reg[27]_i_4_CO_UNCONNECTED[3]
NLW_internal_value_reg[27]_i_4_CO_UNCONNECTED[4]
NLW_internal_value_reg[27]_i_4_CO_UNCONNECTED[5]
NLW_internal_value_reg[27]_i_4_CO_UNCONNECTED[6]
NLW_internal_value_reg[27]_i_4_CO_UNCONNECTED[7]
NLW_internal_value_reg[27]_i_4_DI_UNCONNECTED[6]
NLW_internal_value_reg[27]_i_4_DI_UNCONNECTED[7]
NLW_internal_value_reg[27]_i_4_O_UNCONNECTED[0]
NLW_internal_value_reg[27]_i_4_O_UNCONNECTED[1]
NLW_internal_value_reg[27]_i_4_O_UNCONNECTED[2]
NLW_internal_value_reg[27]_i_4_O_UNCONNECTED[3]
NLW_internal_value_reg[27]_i_4_O_UNCONNECTED[4]
NLW_internal_value_reg[27]_i_4_O_UNCONNECTED[5]
NLW_internal_value_reg[27]_i_4_O_UNCONNECTED[6]
NLW_internal_value_reg[27]_i_4_O_UNCONNECTED[7]
NLW_internal_value_reg[27]_i_4_S_UNCONNECTED[6]
NLW_internal_value_reg[27]_i_4_S_UNCONNECTED[7]
NLW_internal_value_reg[27]_i_4__0_CO_UNCONNECTED[0]
NLW_internal_value_reg[27]_i_4__0_CO_UNCONNECTED[1]
NLW_internal_value_reg[27]_i_4__0_CO_UNCONNECTED[2]
NLW_internal_value_reg[27]_i_4__0_CO_UNCONNECTED[3]
NLW_internal_value_reg[27]_i_4__0_CO_UNCONNECTED[4]
NLW_internal_value_reg[27]_i_4__0_CO_UNCONNECTED[5]
NLW_internal_value_reg[27]_i_4__0_CO_UNCONNECTED[6]
NLW_internal_value_reg[27]_i_4__0_CO_UNCONNECTED[7]
NLW_internal_value_reg[27]_i_4__0_DI_UNCONNECTED[5]
NLW_internal_value_reg[27]_i_4__0_DI_UNCONNECTED[6]
NLW_internal_value_reg[27]_i_4__0_DI_UNCONNECTED[7]
NLW_internal_value_reg[27]_i_4__0_O_UNCONNECTED[0]
NLW_internal_value_reg[27]_i_4__0_O_UNCONNECTED[1]
NLW_internal_value_reg[27]_i_4__0_O_UNCONNECTED[2]
NLW_internal_value_reg[27]_i_4__0_O_UNCONNECTED[3]
NLW_internal_value_reg[27]_i_4__0_O_UNCONNECTED[4]
NLW_internal_value_reg[27]_i_4__0_O_UNCONNECTED[5]
NLW_internal_value_reg[27]_i_4__0_O_UNCONNECTED[6]
NLW_internal_value_reg[27]_i_4__0_O_UNCONNECTED[7]
NLW_internal_value_reg[27]_i_4__0_S_UNCONNECTED[5]
NLW_internal_value_reg[27]_i_4__0_S_UNCONNECTED[6]
NLW_internal_value_reg[27]_i_4__0_S_UNCONNECTED[7]
NLW_internal_value_reg[27]_i_7__1_CO_UNCONNECTED[0]
NLW_internal_value_reg[27]_i_7__1_CO_UNCONNECTED[1]
NLW_internal_value_reg[27]_i_7__1_CO_UNCONNECTED[2]
NLW_internal_value_reg[27]_i_7__1_CO_UNCONNECTED[3]
NLW_internal_value_reg[27]_i_7__1_CO_UNCONNECTED[4]
NLW_internal_value_reg[27]_i_7__1_CO_UNCONNECTED[5]
NLW_internal_value_reg[27]_i_7__1_CO_UNCONNECTED[6]
NLW_internal_value_reg[27]_i_7__1_O_UNCONNECTED[0]
NLW_internal_value_reg[27]_i_7__1_O_UNCONNECTED[1]
NLW_internal_value_reg[27]_i_7__1_O_UNCONNECTED[2]
NLW_internal_value_reg[27]_i_7__1_O_UNCONNECTED[3]
NLW_internal_value_reg[27]_i_7__1_O_UNCONNECTED[4]
NLW_internal_value_reg[27]_i_7__1_O_UNCONNECTED[5]
NLW_internal_value_reg[27]_i_7__1_O_UNCONNECTED[6]
NLW_internal_value_reg[27]_i_7__1_O_UNCONNECTED[7]
NLW_l2_collision_reg[0][15]_i_2_CO_UNCONNECTED[0]
NLW_l2_collision_reg[0][15]_i_2_CO_UNCONNECTED[1]
NLW_l2_collision_reg[0][15]_i_2_CO_UNCONNECTED[2]
NLW_l2_collision_reg[0][15]_i_2_CO_UNCONNECTED[3]
NLW_l2_collision_reg[0][15]_i_2_CO_UNCONNECTED[4]
NLW_l2_collision_reg[0][15]_i_2_CO_UNCONNECTED[5]
NLW_l2_collision_reg[0][15]_i_2_CO_UNCONNECTED[6]
NLW_l2_collision_reg[0][23]_i_2_CO_UNCONNECTED[0]
NLW_l2_collision_reg[0][23]_i_2_CO_UNCONNECTED[1]
NLW_l2_collision_reg[0][23]_i_2_CO_UNCONNECTED[2]
NLW_l2_collision_reg[0][23]_i_2_CO_UNCONNECTED[3]
NLW_l2_collision_reg[0][23]_i_2_CO_UNCONNECTED[4]
NLW_l2_collision_reg[0][23]_i_2_CO_UNCONNECTED[5]
NLW_l2_collision_reg[0][23]_i_2_CO_UNCONNECTED[6]
NLW_l2_collision_reg[0][27]_i_5_CO_UNCONNECTED[0]
NLW_l2_collision_reg[0][27]_i_5_CO_UNCONNECTED[1]
NLW_l2_collision_reg[0][27]_i_5_CO_UNCONNECTED[2]
NLW_l2_collision_reg[0][27]_i_5_CO_UNCONNECTED[3]
NLW_l2_collision_reg[0][27]_i_5_CO_UNCONNECTED[4]
NLW_l2_collision_reg[0][27]_i_5_CO_UNCONNECTED[5]
NLW_l2_collision_reg[0][27]_i_5_CO_UNCONNECTED[6]
NLW_l2_collision_reg[0][27]_i_5_CO_UNCONNECTED[7]
NLW_l2_collision_reg[0][27]_i_5_DI_UNCONNECTED[4]
NLW_l2_collision_reg[0][27]_i_5_DI_UNCONNECTED[5]
NLW_l2_collision_reg[0][27]_i_5_DI_UNCONNECTED[6]
NLW_l2_collision_reg[0][27]_i_5_DI_UNCONNECTED[7]
NLW_l2_collision_reg[0][27]_i_5_O_UNCONNECTED[4]
NLW_l2_collision_reg[0][27]_i_5_O_UNCONNECTED[5]
NLW_l2_collision_reg[0][27]_i_5_O_UNCONNECTED[6]
NLW_l2_collision_reg[0][27]_i_5_O_UNCONNECTED[7]
NLW_l2_collision_reg[0][27]_i_5_S_UNCONNECTED[4]
NLW_l2_collision_reg[0][27]_i_5_S_UNCONNECTED[5]
NLW_l2_collision_reg[0][27]_i_5_S_UNCONNECTED[6]
NLW_l2_collision_reg[0][27]_i_5_S_UNCONNECTED[7]
NLW_l2_collision_reg[0][7]_i_2_CO_UNCONNECTED[0]
NLW_l2_collision_reg[0][7]_i_2_CO_UNCONNECTED[1]
NLW_l2_collision_reg[0][7]_i_2_CO_UNCONNECTED[2]
NLW_l2_collision_reg[0][7]_i_2_CO_UNCONNECTED[3]
NLW_l2_collision_reg[0][7]_i_2_CO_UNCONNECTED[4]
NLW_l2_collision_reg[0][7]_i_2_CO_UNCONNECTED[5]
NLW_l2_collision_reg[0][7]_i_2_CO_UNCONNECTED[6]
NLW_l2_no_collision_reg[0][15]_i_2_CO_UNCONNECTED[0]
NLW_l2_no_collision_reg[0][15]_i_2_CO_UNCONNECTED[1]
NLW_l2_no_collision_reg[0][15]_i_2_CO_UNCONNECTED[2]
NLW_l2_no_collision_reg[0][15]_i_2_CO_UNCONNECTED[3]
NLW_l2_no_collision_reg[0][15]_i_2_CO_UNCONNECTED[4]
NLW_l2_no_collision_reg[0][15]_i_2_CO_UNCONNECTED[5]
NLW_l2_no_collision_reg[0][15]_i_2_CO_UNCONNECTED[6]
NLW_l2_no_collision_reg[0][23]_i_2_CO_UNCONNECTED[0]
NLW_l2_no_collision_reg[0][23]_i_2_CO_UNCONNECTED[1]
NLW_l2_no_collision_reg[0][23]_i_2_CO_UNCONNECTED[2]
NLW_l2_no_collision_reg[0][23]_i_2_CO_UNCONNECTED[3]
NLW_l2_no_collision_reg[0][23]_i_2_CO_UNCONNECTED[4]
NLW_l2_no_collision_reg[0][23]_i_2_CO_UNCONNECTED[5]
NLW_l2_no_collision_reg[0][23]_i_2_CO_UNCONNECTED[6]
NLW_l2_no_collision_reg[0][27]_i_2_CO_UNCONNECTED[0]
NLW_l2_no_collision_reg[0][27]_i_2_CO_UNCONNECTED[1]
NLW_l2_no_collision_reg[0][27]_i_2_CO_UNCONNECTED[2]
NLW_l2_no_collision_reg[0][27]_i_2_CO_UNCONNECTED[3]
NLW_l2_no_collision_reg[0][27]_i_2_CO_UNCONNECTED[4]
NLW_l2_no_collision_reg[0][27]_i_2_CO_UNCONNECTED[5]
NLW_l2_no_collision_reg[0][27]_i_2_CO_UNCONNECTED[6]
NLW_l2_no_collision_reg[0][27]_i_2_CO_UNCONNECTED[7]
NLW_l2_no_collision_reg[0][27]_i_2_DI_UNCONNECTED[4]
NLW_l2_no_collision_reg[0][27]_i_2_DI_UNCONNECTED[5]
NLW_l2_no_collision_reg[0][27]_i_2_DI_UNCONNECTED[6]
NLW_l2_no_collision_reg[0][27]_i_2_DI_UNCONNECTED[7]
NLW_l2_no_collision_reg[0][27]_i_2_O_UNCONNECTED[4]
NLW_l2_no_collision_reg[0][27]_i_2_O_UNCONNECTED[5]
NLW_l2_no_collision_reg[0][27]_i_2_O_UNCONNECTED[6]
NLW_l2_no_collision_reg[0][27]_i_2_O_UNCONNECTED[7]
NLW_l2_no_collision_reg[0][27]_i_2_S_UNCONNECTED[4]
NLW_l2_no_collision_reg[0][27]_i_2_S_UNCONNECTED[5]
NLW_l2_no_collision_reg[0][27]_i_2_S_UNCONNECTED[6]
NLW_l2_no_collision_reg[0][27]_i_2_S_UNCONNECTED[7]
NLW_l2_no_collision_reg[0][7]_i_2_CO_UNCONNECTED[0]
NLW_l2_no_collision_reg[0][7]_i_2_CO_UNCONNECTED[1]
NLW_l2_no_collision_reg[0][7]_i_2_CO_UNCONNECTED[2]
NLW_l2_no_collision_reg[0][7]_i_2_CO_UNCONNECTED[3]
NLW_l2_no_collision_reg[0][7]_i_2_CO_UNCONNECTED[4]
NLW_l2_no_collision_reg[0][7]_i_2_CO_UNCONNECTED[5]
NLW_l2_no_collision_reg[0][7]_i_2_CO_UNCONNECTED[6]
NLW_second_row_buffer.weight_rows_1_reg_0_CASOUTDBITERR_UNCONNECTED
NLW_second_row_buffer.weight_rows_1_reg_0_CASOUTSBITERR_UNCONNECTED
NLW_second_row_buffer.weight_rows_1_reg_0_DBITERR_UNCONNECTED
NLW_second_row_buffer.weight_rows_1_reg_0_SBITERR_UNCONNECTED
NLW_second_row_buffer.weight_rows_1_reg_0_CASDINA_UNCONNECTED[0]
NLW_second_row_buffer.weight_rows_1_reg_0_CASDINA_UNCONNECTED[1]
NLW_second_row_buffer.weight_rows_1_reg_0_CASDINA_UNCONNECTED[2]
NLW_second_row_buffer.weight_rows_1_reg_0_CASDINA_UNCONNECTED[3]
NLW_second_row_buffer.weight_rows_1_reg_0_CASDINA_UNCONNECTED[4]
NLW_second_row_buffer.weight_rows_1_reg_0_CASDINA_UNCONNECTED[5]
NLW_second_row_buffer.weight_rows_1_reg_0_CASDINA_UNCONNECTED[6]
NLW_second_row_buffer.weight_rows_1_reg_0_CASDINA_UNCONNECTED[7]
NLW_second_row_buffer.weight_rows_1_reg_0_CASDINA_UNCONNECTED[8]
NLW_second_row_buffer.weight_rows_1_reg_0_CASDINA_UNCONNECTED[9]
NLW_second_row_buffer.weight_rows_1_reg_0_CASDINA_UNCONNECTED[10]
NLW_second_row_buffer.weight_rows_1_reg_0_CASDINA_UNCONNECTED[11]
NLW_second_row_buffer.weight_rows_1_reg_0_CASDINA_UNCONNECTED[12]
NLW_second_row_buffer.weight_rows_1_reg_0_CASDINA_UNCONNECTED[13]
NLW_second_row_buffer.weight_rows_1_reg_0_CASDINA_UNCONNECTED[14]
NLW_second_row_buffer.weight_rows_1_reg_0_CASDINA_UNCONNECTED[15]
NLW_second_row_buffer.weight_rows_1_reg_0_CASDINA_UNCONNECTED[16]
NLW_second_row_buffer.weight_rows_1_reg_0_CASDINA_UNCONNECTED[17]
NLW_second_row_buffer.weight_rows_1_reg_0_CASDINA_UNCONNECTED[18]
NLW_second_row_buffer.weight_rows_1_reg_0_CASDINA_UNCONNECTED[19]
NLW_second_row_buffer.weight_rows_1_reg_0_CASDINA_UNCONNECTED[20]
NLW_second_row_buffer.weight_rows_1_reg_0_CASDINA_UNCONNECTED[21]
NLW_second_row_buffer.weight_rows_1_reg_0_CASDINA_UNCONNECTED[22]
NLW_second_row_buffer.weight_rows_1_reg_0_CASDINA_UNCONNECTED[23]
NLW_second_row_buffer.weight_rows_1_reg_0_CASDINA_UNCONNECTED[24]
NLW_second_row_buffer.weight_rows_1_reg_0_CASDINA_UNCONNECTED[25]
NLW_second_row_buffer.weight_rows_1_reg_0_CASDINA_UNCONNECTED[26]
NLW_second_row_buffer.weight_rows_1_reg_0_CASDINA_UNCONNECTED[27]
NLW_second_row_buffer.weight_rows_1_reg_0_CASDINA_UNCONNECTED[28]
NLW_second_row_buffer.weight_rows_1_reg_0_CASDINA_UNCONNECTED[29]
NLW_second_row_buffer.weight_rows_1_reg_0_CASDINA_UNCONNECTED[30]
NLW_second_row_buffer.weight_rows_1_reg_0_CASDINA_UNCONNECTED[31]
NLW_second_row_buffer.weight_rows_1_reg_0_CASDINB_UNCONNECTED[0]
NLW_second_row_buffer.weight_rows_1_reg_0_CASDINB_UNCONNECTED[1]
NLW_second_row_buffer.weight_rows_1_reg_0_CASDINB_UNCONNECTED[2]
NLW_second_row_buffer.weight_rows_1_reg_0_CASDINB_UNCONNECTED[3]
NLW_second_row_buffer.weight_rows_1_reg_0_CASDINB_UNCONNECTED[4]
NLW_second_row_buffer.weight_rows_1_reg_0_CASDINB_UNCONNECTED[5]
NLW_second_row_buffer.weight_rows_1_reg_0_CASDINB_UNCONNECTED[6]
NLW_second_row_buffer.weight_rows_1_reg_0_CASDINB_UNCONNECTED[7]
NLW_second_row_buffer.weight_rows_1_reg_0_CASDINB_UNCONNECTED[8]
NLW_second_row_buffer.weight_rows_1_reg_0_CASDINB_UNCONNECTED[9]
NLW_second_row_buffer.weight_rows_1_reg_0_CASDINB_UNCONNECTED[10]
NLW_second_row_buffer.weight_rows_1_reg_0_CASDINB_UNCONNECTED[11]
NLW_second_row_buffer.weight_rows_1_reg_0_CASDINB_UNCONNECTED[12]
NLW_second_row_buffer.weight_rows_1_reg_0_CASDINB_UNCONNECTED[13]
NLW_second_row_buffer.weight_rows_1_reg_0_CASDINB_UNCONNECTED[14]
NLW_second_row_buffer.weight_rows_1_reg_0_CASDINB_UNCONNECTED[15]
NLW_second_row_buffer.weight_rows_1_reg_0_CASDINB_UNCONNECTED[16]
NLW_second_row_buffer.weight_rows_1_reg_0_CASDINB_UNCONNECTED[17]
NLW_second_row_buffer.weight_rows_1_reg_0_CASDINB_UNCONNECTED[18]
NLW_second_row_buffer.weight_rows_1_reg_0_CASDINB_UNCONNECTED[19]
NLW_second_row_buffer.weight_rows_1_reg_0_CASDINB_UNCONNECTED[20]
NLW_second_row_buffer.weight_rows_1_reg_0_CASDINB_UNCONNECTED[21]
NLW_second_row_buffer.weight_rows_1_reg_0_CASDINB_UNCONNECTED[22]
NLW_second_row_buffer.weight_rows_1_reg_0_CASDINB_UNCONNECTED[23]
NLW_second_row_buffer.weight_rows_1_reg_0_CASDINB_UNCONNECTED[24]
NLW_second_row_buffer.weight_rows_1_reg_0_CASDINB_UNCONNECTED[25]
NLW_second_row_buffer.weight_rows_1_reg_0_CASDINB_UNCONNECTED[26]
NLW_second_row_buffer.weight_rows_1_reg_0_CASDINB_UNCONNECTED[27]
NLW_second_row_buffer.weight_rows_1_reg_0_CASDINB_UNCONNECTED[28]
NLW_second_row_buffer.weight_rows_1_reg_0_CASDINB_UNCONNECTED[29]
NLW_second_row_buffer.weight_rows_1_reg_0_CASDINB_UNCONNECTED[30]
NLW_second_row_buffer.weight_rows_1_reg_0_CASDINB_UNCONNECTED[31]
NLW_second_row_buffer.weight_rows_1_reg_0_CASDINPA_UNCONNECTED[0]
NLW_second_row_buffer.weight_rows_1_reg_0_CASDINPA_UNCONNECTED[1]
NLW_second_row_buffer.weight_rows_1_reg_0_CASDINPA_UNCONNECTED[2]
NLW_second_row_buffer.weight_rows_1_reg_0_CASDINPA_UNCONNECTED[3]
NLW_second_row_buffer.weight_rows_1_reg_0_CASDINPB_UNCONNECTED[0]
NLW_second_row_buffer.weight_rows_1_reg_0_CASDINPB_UNCONNECTED[1]
NLW_second_row_buffer.weight_rows_1_reg_0_CASDINPB_UNCONNECTED[2]
NLW_second_row_buffer.weight_rows_1_reg_0_CASDINPB_UNCONNECTED[3]
NLW_second_row_buffer.weight_rows_1_reg_0_CASDOUTA_UNCONNECTED[0]
NLW_second_row_buffer.weight_rows_1_reg_0_CASDOUTA_UNCONNECTED[1]
NLW_second_row_buffer.weight_rows_1_reg_0_CASDOUTA_UNCONNECTED[2]
NLW_second_row_buffer.weight_rows_1_reg_0_CASDOUTA_UNCONNECTED[3]
NLW_second_row_buffer.weight_rows_1_reg_0_CASDOUTA_UNCONNECTED[4]
NLW_second_row_buffer.weight_rows_1_reg_0_CASDOUTA_UNCONNECTED[5]
NLW_second_row_buffer.weight_rows_1_reg_0_CASDOUTA_UNCONNECTED[6]
NLW_second_row_buffer.weight_rows_1_reg_0_CASDOUTA_UNCONNECTED[7]
NLW_second_row_buffer.weight_rows_1_reg_0_CASDOUTA_UNCONNECTED[8]
NLW_second_row_buffer.weight_rows_1_reg_0_CASDOUTA_UNCONNECTED[9]
NLW_second_row_buffer.weight_rows_1_reg_0_CASDOUTA_UNCONNECTED[10]
NLW_second_row_buffer.weight_rows_1_reg_0_CASDOUTA_UNCONNECTED[11]
NLW_second_row_buffer.weight_rows_1_reg_0_CASDOUTA_UNCONNECTED[12]
NLW_second_row_buffer.weight_rows_1_reg_0_CASDOUTA_UNCONNECTED[13]
NLW_second_row_buffer.weight_rows_1_reg_0_CASDOUTA_UNCONNECTED[14]
NLW_second_row_buffer.weight_rows_1_reg_0_CASDOUTA_UNCONNECTED[15]
NLW_second_row_buffer.weight_rows_1_reg_0_CASDOUTA_UNCONNECTED[16]
NLW_second_row_buffer.weight_rows_1_reg_0_CASDOUTA_UNCONNECTED[17]
NLW_second_row_buffer.weight_rows_1_reg_0_CASDOUTA_UNCONNECTED[18]
NLW_second_row_buffer.weight_rows_1_reg_0_CASDOUTA_UNCONNECTED[19]
NLW_second_row_buffer.weight_rows_1_reg_0_CASDOUTA_UNCONNECTED[20]
NLW_second_row_buffer.weight_rows_1_reg_0_CASDOUTA_UNCONNECTED[21]
NLW_second_row_buffer.weight_rows_1_reg_0_CASDOUTA_UNCONNECTED[22]
NLW_second_row_buffer.weight_rows_1_reg_0_CASDOUTA_UNCONNECTED[23]
NLW_second_row_buffer.weight_rows_1_reg_0_CASDOUTA_UNCONNECTED[24]
NLW_second_row_buffer.weight_rows_1_reg_0_CASDOUTA_UNCONNECTED[25]
NLW_second_row_buffer.weight_rows_1_reg_0_CASDOUTA_UNCONNECTED[26]
NLW_second_row_buffer.weight_rows_1_reg_0_CASDOUTA_UNCONNECTED[27]
NLW_second_row_buffer.weight_rows_1_reg_0_CASDOUTA_UNCONNECTED[28]
NLW_second_row_buffer.weight_rows_1_reg_0_CASDOUTA_UNCONNECTED[29]
NLW_second_row_buffer.weight_rows_1_reg_0_CASDOUTA_UNCONNECTED[30]
NLW_second_row_buffer.weight_rows_1_reg_0_CASDOUTA_UNCONNECTED[31]
NLW_second_row_buffer.weight_rows_1_reg_0_CASDOUTB_UNCONNECTED[0]
NLW_second_row_buffer.weight_rows_1_reg_0_CASDOUTB_UNCONNECTED[1]
NLW_second_row_buffer.weight_rows_1_reg_0_CASDOUTB_UNCONNECTED[2]
NLW_second_row_buffer.weight_rows_1_reg_0_CASDOUTB_UNCONNECTED[3]
NLW_second_row_buffer.weight_rows_1_reg_0_CASDOUTB_UNCONNECTED[4]
NLW_second_row_buffer.weight_rows_1_reg_0_CASDOUTB_UNCONNECTED[5]
NLW_second_row_buffer.weight_rows_1_reg_0_CASDOUTB_UNCONNECTED[6]
NLW_second_row_buffer.weight_rows_1_reg_0_CASDOUTB_UNCONNECTED[7]
NLW_second_row_buffer.weight_rows_1_reg_0_CASDOUTB_UNCONNECTED[8]
NLW_second_row_buffer.weight_rows_1_reg_0_CASDOUTB_UNCONNECTED[9]
NLW_second_row_buffer.weight_rows_1_reg_0_CASDOUTB_UNCONNECTED[10]
NLW_second_row_buffer.weight_rows_1_reg_0_CASDOUTB_UNCONNECTED[11]
NLW_second_row_buffer.weight_rows_1_reg_0_CASDOUTB_UNCONNECTED[12]
NLW_second_row_buffer.weight_rows_1_reg_0_CASDOUTB_UNCONNECTED[13]
NLW_second_row_buffer.weight_rows_1_reg_0_CASDOUTB_UNCONNECTED[14]
NLW_second_row_buffer.weight_rows_1_reg_0_CASDOUTB_UNCONNECTED[15]
NLW_second_row_buffer.weight_rows_1_reg_0_CASDOUTB_UNCONNECTED[16]
NLW_second_row_buffer.weight_rows_1_reg_0_CASDOUTB_UNCONNECTED[17]
NLW_second_row_buffer.weight_rows_1_reg_0_CASDOUTB_UNCONNECTED[18]
NLW_second_row_buffer.weight_rows_1_reg_0_CASDOUTB_UNCONNECTED[19]
NLW_second_row_buffer.weight_rows_1_reg_0_CASDOUTB_UNCONNECTED[20]
NLW_second_row_buffer.weight_rows_1_reg_0_CASDOUTB_UNCONNECTED[21]
NLW_second_row_buffer.weight_rows_1_reg_0_CASDOUTB_UNCONNECTED[22]
NLW_second_row_buffer.weight_rows_1_reg_0_CASDOUTB_UNCONNECTED[23]
NLW_second_row_buffer.weight_rows_1_reg_0_CASDOUTB_UNCONNECTED[24]
NLW_second_row_buffer.weight_rows_1_reg_0_CASDOUTB_UNCONNECTED[25]
NLW_second_row_buffer.weight_rows_1_reg_0_CASDOUTB_UNCONNECTED[26]
NLW_second_row_buffer.weight_rows_1_reg_0_CASDOUTB_UNCONNECTED[27]
NLW_second_row_buffer.weight_rows_1_reg_0_CASDOUTB_UNCONNECTED[28]
NLW_second_row_buffer.weight_rows_1_reg_0_CASDOUTB_UNCONNECTED[29]
NLW_second_row_buffer.weight_rows_1_reg_0_CASDOUTB_UNCONNECTED[30]
NLW_second_row_buffer.weight_rows_1_reg_0_CASDOUTB_UNCONNECTED[31]
NLW_second_row_buffer.weight_rows_1_reg_0_CASDOUTPA_UNCONNECTED[0]
NLW_second_row_buffer.weight_rows_1_reg_0_CASDOUTPA_UNCONNECTED[1]
NLW_second_row_buffer.weight_rows_1_reg_0_CASDOUTPA_UNCONNECTED[2]
NLW_second_row_buffer.weight_rows_1_reg_0_CASDOUTPA_UNCONNECTED[3]
NLW_second_row_buffer.weight_rows_1_reg_0_CASDOUTPB_UNCONNECTED[0]
NLW_second_row_buffer.weight_rows_1_reg_0_CASDOUTPB_UNCONNECTED[1]
NLW_second_row_buffer.weight_rows_1_reg_0_CASDOUTPB_UNCONNECTED[2]
NLW_second_row_buffer.weight_rows_1_reg_0_CASDOUTPB_UNCONNECTED[3]
NLW_second_row_buffer.weight_rows_1_reg_0_ECCPARITY_UNCONNECTED[0]
NLW_second_row_buffer.weight_rows_1_reg_0_ECCPARITY_UNCONNECTED[1]
NLW_second_row_buffer.weight_rows_1_reg_0_ECCPARITY_UNCONNECTED[2]
NLW_second_row_buffer.weight_rows_1_reg_0_ECCPARITY_UNCONNECTED[3]
NLW_second_row_buffer.weight_rows_1_reg_0_ECCPARITY_UNCONNECTED[4]
NLW_second_row_buffer.weight_rows_1_reg_0_ECCPARITY_UNCONNECTED[5]
NLW_second_row_buffer.weight_rows_1_reg_0_ECCPARITY_UNCONNECTED[6]
NLW_second_row_buffer.weight_rows_1_reg_0_ECCPARITY_UNCONNECTED[7]
NLW_second_row_buffer.weight_rows_1_reg_0_RDADDRECC_UNCONNECTED[0]
NLW_second_row_buffer.weight_rows_1_reg_0_RDADDRECC_UNCONNECTED[1]
NLW_second_row_buffer.weight_rows_1_reg_0_RDADDRECC_UNCONNECTED[2]
NLW_second_row_buffer.weight_rows_1_reg_0_RDADDRECC_UNCONNECTED[3]
NLW_second_row_buffer.weight_rows_1_reg_0_RDADDRECC_UNCONNECTED[4]
NLW_second_row_buffer.weight_rows_1_reg_0_RDADDRECC_UNCONNECTED[5]
NLW_second_row_buffer.weight_rows_1_reg_0_RDADDRECC_UNCONNECTED[6]
NLW_second_row_buffer.weight_rows_1_reg_0_RDADDRECC_UNCONNECTED[7]
NLW_second_row_buffer.weight_rows_1_reg_0_RDADDRECC_UNCONNECTED[8]
NLW_second_row_buffer.weight_rows_1_reg_1_CASOUTDBITERR_UNCONNECTED
NLW_second_row_buffer.weight_rows_1_reg_1_CASOUTSBITERR_UNCONNECTED
NLW_second_row_buffer.weight_rows_1_reg_1_DBITERR_UNCONNECTED
NLW_second_row_buffer.weight_rows_1_reg_1_SBITERR_UNCONNECTED
NLW_second_row_buffer.weight_rows_1_reg_1_CASDINA_UNCONNECTED[0]
NLW_second_row_buffer.weight_rows_1_reg_1_CASDINA_UNCONNECTED[1]
NLW_second_row_buffer.weight_rows_1_reg_1_CASDINA_UNCONNECTED[2]
NLW_second_row_buffer.weight_rows_1_reg_1_CASDINA_UNCONNECTED[3]
NLW_second_row_buffer.weight_rows_1_reg_1_CASDINA_UNCONNECTED[4]
NLW_second_row_buffer.weight_rows_1_reg_1_CASDINA_UNCONNECTED[5]
NLW_second_row_buffer.weight_rows_1_reg_1_CASDINA_UNCONNECTED[6]
NLW_second_row_buffer.weight_rows_1_reg_1_CASDINA_UNCONNECTED[7]
NLW_second_row_buffer.weight_rows_1_reg_1_CASDINA_UNCONNECTED[8]
NLW_second_row_buffer.weight_rows_1_reg_1_CASDINA_UNCONNECTED[9]
NLW_second_row_buffer.weight_rows_1_reg_1_CASDINA_UNCONNECTED[10]
NLW_second_row_buffer.weight_rows_1_reg_1_CASDINA_UNCONNECTED[11]
NLW_second_row_buffer.weight_rows_1_reg_1_CASDINA_UNCONNECTED[12]
NLW_second_row_buffer.weight_rows_1_reg_1_CASDINA_UNCONNECTED[13]
NLW_second_row_buffer.weight_rows_1_reg_1_CASDINA_UNCONNECTED[14]
NLW_second_row_buffer.weight_rows_1_reg_1_CASDINA_UNCONNECTED[15]
NLW_second_row_buffer.weight_rows_1_reg_1_CASDINA_UNCONNECTED[16]
NLW_second_row_buffer.weight_rows_1_reg_1_CASDINA_UNCONNECTED[17]
NLW_second_row_buffer.weight_rows_1_reg_1_CASDINA_UNCONNECTED[18]
NLW_second_row_buffer.weight_rows_1_reg_1_CASDINA_UNCONNECTED[19]
NLW_second_row_buffer.weight_rows_1_reg_1_CASDINA_UNCONNECTED[20]
NLW_second_row_buffer.weight_rows_1_reg_1_CASDINA_UNCONNECTED[21]
NLW_second_row_buffer.weight_rows_1_reg_1_CASDINA_UNCONNECTED[22]
NLW_second_row_buffer.weight_rows_1_reg_1_CASDINA_UNCONNECTED[23]
NLW_second_row_buffer.weight_rows_1_reg_1_CASDINA_UNCONNECTED[24]
NLW_second_row_buffer.weight_rows_1_reg_1_CASDINA_UNCONNECTED[25]
NLW_second_row_buffer.weight_rows_1_reg_1_CASDINA_UNCONNECTED[26]
NLW_second_row_buffer.weight_rows_1_reg_1_CASDINA_UNCONNECTED[27]
NLW_second_row_buffer.weight_rows_1_reg_1_CASDINA_UNCONNECTED[28]
NLW_second_row_buffer.weight_rows_1_reg_1_CASDINA_UNCONNECTED[29]
NLW_second_row_buffer.weight_rows_1_reg_1_CASDINA_UNCONNECTED[30]
NLW_second_row_buffer.weight_rows_1_reg_1_CASDINA_UNCONNECTED[31]
NLW_second_row_buffer.weight_rows_1_reg_1_CASDINB_UNCONNECTED[0]
NLW_second_row_buffer.weight_rows_1_reg_1_CASDINB_UNCONNECTED[1]
NLW_second_row_buffer.weight_rows_1_reg_1_CASDINB_UNCONNECTED[2]
NLW_second_row_buffer.weight_rows_1_reg_1_CASDINB_UNCONNECTED[3]
NLW_second_row_buffer.weight_rows_1_reg_1_CASDINB_UNCONNECTED[4]
NLW_second_row_buffer.weight_rows_1_reg_1_CASDINB_UNCONNECTED[5]
NLW_second_row_buffer.weight_rows_1_reg_1_CASDINB_UNCONNECTED[6]
NLW_second_row_buffer.weight_rows_1_reg_1_CASDINB_UNCONNECTED[7]
NLW_second_row_buffer.weight_rows_1_reg_1_CASDINB_UNCONNECTED[8]
NLW_second_row_buffer.weight_rows_1_reg_1_CASDINB_UNCONNECTED[9]
NLW_second_row_buffer.weight_rows_1_reg_1_CASDINB_UNCONNECTED[10]
NLW_second_row_buffer.weight_rows_1_reg_1_CASDINB_UNCONNECTED[11]
NLW_second_row_buffer.weight_rows_1_reg_1_CASDINB_UNCONNECTED[12]
NLW_second_row_buffer.weight_rows_1_reg_1_CASDINB_UNCONNECTED[13]
NLW_second_row_buffer.weight_rows_1_reg_1_CASDINB_UNCONNECTED[14]
NLW_second_row_buffer.weight_rows_1_reg_1_CASDINB_UNCONNECTED[15]
NLW_second_row_buffer.weight_rows_1_reg_1_CASDINB_UNCONNECTED[16]
NLW_second_row_buffer.weight_rows_1_reg_1_CASDINB_UNCONNECTED[17]
NLW_second_row_buffer.weight_rows_1_reg_1_CASDINB_UNCONNECTED[18]
NLW_second_row_buffer.weight_rows_1_reg_1_CASDINB_UNCONNECTED[19]
NLW_second_row_buffer.weight_rows_1_reg_1_CASDINB_UNCONNECTED[20]
NLW_second_row_buffer.weight_rows_1_reg_1_CASDINB_UNCONNECTED[21]
NLW_second_row_buffer.weight_rows_1_reg_1_CASDINB_UNCONNECTED[22]
NLW_second_row_buffer.weight_rows_1_reg_1_CASDINB_UNCONNECTED[23]
NLW_second_row_buffer.weight_rows_1_reg_1_CASDINB_UNCONNECTED[24]
NLW_second_row_buffer.weight_rows_1_reg_1_CASDINB_UNCONNECTED[25]
NLW_second_row_buffer.weight_rows_1_reg_1_CASDINB_UNCONNECTED[26]
NLW_second_row_buffer.weight_rows_1_reg_1_CASDINB_UNCONNECTED[27]
NLW_second_row_buffer.weight_rows_1_reg_1_CASDINB_UNCONNECTED[28]
NLW_second_row_buffer.weight_rows_1_reg_1_CASDINB_UNCONNECTED[29]
NLW_second_row_buffer.weight_rows_1_reg_1_CASDINB_UNCONNECTED[30]
NLW_second_row_buffer.weight_rows_1_reg_1_CASDINB_UNCONNECTED[31]
NLW_second_row_buffer.weight_rows_1_reg_1_CASDINPA_UNCONNECTED[0]
NLW_second_row_buffer.weight_rows_1_reg_1_CASDINPA_UNCONNECTED[1]
NLW_second_row_buffer.weight_rows_1_reg_1_CASDINPA_UNCONNECTED[2]
NLW_second_row_buffer.weight_rows_1_reg_1_CASDINPA_UNCONNECTED[3]
NLW_second_row_buffer.weight_rows_1_reg_1_CASDINPB_UNCONNECTED[0]
NLW_second_row_buffer.weight_rows_1_reg_1_CASDINPB_UNCONNECTED[1]
NLW_second_row_buffer.weight_rows_1_reg_1_CASDINPB_UNCONNECTED[2]
NLW_second_row_buffer.weight_rows_1_reg_1_CASDINPB_UNCONNECTED[3]
NLW_second_row_buffer.weight_rows_1_reg_1_CASDOUTA_UNCONNECTED[0]
NLW_second_row_buffer.weight_rows_1_reg_1_CASDOUTA_UNCONNECTED[1]
NLW_second_row_buffer.weight_rows_1_reg_1_CASDOUTA_UNCONNECTED[2]
NLW_second_row_buffer.weight_rows_1_reg_1_CASDOUTA_UNCONNECTED[3]
NLW_second_row_buffer.weight_rows_1_reg_1_CASDOUTA_UNCONNECTED[4]
NLW_second_row_buffer.weight_rows_1_reg_1_CASDOUTA_UNCONNECTED[5]
NLW_second_row_buffer.weight_rows_1_reg_1_CASDOUTA_UNCONNECTED[6]
NLW_second_row_buffer.weight_rows_1_reg_1_CASDOUTA_UNCONNECTED[7]
NLW_second_row_buffer.weight_rows_1_reg_1_CASDOUTA_UNCONNECTED[8]
NLW_second_row_buffer.weight_rows_1_reg_1_CASDOUTA_UNCONNECTED[9]
NLW_second_row_buffer.weight_rows_1_reg_1_CASDOUTA_UNCONNECTED[10]
NLW_second_row_buffer.weight_rows_1_reg_1_CASDOUTA_UNCONNECTED[11]
NLW_second_row_buffer.weight_rows_1_reg_1_CASDOUTA_UNCONNECTED[12]
NLW_second_row_buffer.weight_rows_1_reg_1_CASDOUTA_UNCONNECTED[13]
NLW_second_row_buffer.weight_rows_1_reg_1_CASDOUTA_UNCONNECTED[14]
NLW_second_row_buffer.weight_rows_1_reg_1_CASDOUTA_UNCONNECTED[15]
NLW_second_row_buffer.weight_rows_1_reg_1_CASDOUTA_UNCONNECTED[16]
NLW_second_row_buffer.weight_rows_1_reg_1_CASDOUTA_UNCONNECTED[17]
NLW_second_row_buffer.weight_rows_1_reg_1_CASDOUTA_UNCONNECTED[18]
NLW_second_row_buffer.weight_rows_1_reg_1_CASDOUTA_UNCONNECTED[19]
NLW_second_row_buffer.weight_rows_1_reg_1_CASDOUTA_UNCONNECTED[20]
NLW_second_row_buffer.weight_rows_1_reg_1_CASDOUTA_UNCONNECTED[21]
NLW_second_row_buffer.weight_rows_1_reg_1_CASDOUTA_UNCONNECTED[22]
NLW_second_row_buffer.weight_rows_1_reg_1_CASDOUTA_UNCONNECTED[23]
NLW_second_row_buffer.weight_rows_1_reg_1_CASDOUTA_UNCONNECTED[24]
NLW_second_row_buffer.weight_rows_1_reg_1_CASDOUTA_UNCONNECTED[25]
NLW_second_row_buffer.weight_rows_1_reg_1_CASDOUTA_UNCONNECTED[26]
NLW_second_row_buffer.weight_rows_1_reg_1_CASDOUTA_UNCONNECTED[27]
NLW_second_row_buffer.weight_rows_1_reg_1_CASDOUTA_UNCONNECTED[28]
NLW_second_row_buffer.weight_rows_1_reg_1_CASDOUTA_UNCONNECTED[29]
NLW_second_row_buffer.weight_rows_1_reg_1_CASDOUTA_UNCONNECTED[30]
NLW_second_row_buffer.weight_rows_1_reg_1_CASDOUTA_UNCONNECTED[31]
NLW_second_row_buffer.weight_rows_1_reg_1_CASDOUTB_UNCONNECTED[0]
NLW_second_row_buffer.weight_rows_1_reg_1_CASDOUTB_UNCONNECTED[1]
NLW_second_row_buffer.weight_rows_1_reg_1_CASDOUTB_UNCONNECTED[2]
NLW_second_row_buffer.weight_rows_1_reg_1_CASDOUTB_UNCONNECTED[3]
NLW_second_row_buffer.weight_rows_1_reg_1_CASDOUTB_UNCONNECTED[4]
NLW_second_row_buffer.weight_rows_1_reg_1_CASDOUTB_UNCONNECTED[5]
NLW_second_row_buffer.weight_rows_1_reg_1_CASDOUTB_UNCONNECTED[6]
NLW_second_row_buffer.weight_rows_1_reg_1_CASDOUTB_UNCONNECTED[7]
NLW_second_row_buffer.weight_rows_1_reg_1_CASDOUTB_UNCONNECTED[8]
NLW_second_row_buffer.weight_rows_1_reg_1_CASDOUTB_UNCONNECTED[9]
NLW_second_row_buffer.weight_rows_1_reg_1_CASDOUTB_UNCONNECTED[10]
NLW_second_row_buffer.weight_rows_1_reg_1_CASDOUTB_UNCONNECTED[11]
NLW_second_row_buffer.weight_rows_1_reg_1_CASDOUTB_UNCONNECTED[12]
NLW_second_row_buffer.weight_rows_1_reg_1_CASDOUTB_UNCONNECTED[13]
NLW_second_row_buffer.weight_rows_1_reg_1_CASDOUTB_UNCONNECTED[14]
NLW_second_row_buffer.weight_rows_1_reg_1_CASDOUTB_UNCONNECTED[15]
NLW_second_row_buffer.weight_rows_1_reg_1_CASDOUTB_UNCONNECTED[16]
NLW_second_row_buffer.weight_rows_1_reg_1_CASDOUTB_UNCONNECTED[17]
NLW_second_row_buffer.weight_rows_1_reg_1_CASDOUTB_UNCONNECTED[18]
NLW_second_row_buffer.weight_rows_1_reg_1_CASDOUTB_UNCONNECTED[19]
NLW_second_row_buffer.weight_rows_1_reg_1_CASDOUTB_UNCONNECTED[20]
NLW_second_row_buffer.weight_rows_1_reg_1_CASDOUTB_UNCONNECTED[21]
NLW_second_row_buffer.weight_rows_1_reg_1_CASDOUTB_UNCONNECTED[22]
NLW_second_row_buffer.weight_rows_1_reg_1_CASDOUTB_UNCONNECTED[23]
NLW_second_row_buffer.weight_rows_1_reg_1_CASDOUTB_UNCONNECTED[24]
NLW_second_row_buffer.weight_rows_1_reg_1_CASDOUTB_UNCONNECTED[25]
NLW_second_row_buffer.weight_rows_1_reg_1_CASDOUTB_UNCONNECTED[26]
NLW_second_row_buffer.weight_rows_1_reg_1_CASDOUTB_UNCONNECTED[27]
NLW_second_row_buffer.weight_rows_1_reg_1_CASDOUTB_UNCONNECTED[28]
NLW_second_row_buffer.weight_rows_1_reg_1_CASDOUTB_UNCONNECTED[29]
NLW_second_row_buffer.weight_rows_1_reg_1_CASDOUTB_UNCONNECTED[30]
NLW_second_row_buffer.weight_rows_1_reg_1_CASDOUTB_UNCONNECTED[31]
NLW_second_row_buffer.weight_rows_1_reg_1_CASDOUTPA_UNCONNECTED[0]
NLW_second_row_buffer.weight_rows_1_reg_1_CASDOUTPA_UNCONNECTED[1]
NLW_second_row_buffer.weight_rows_1_reg_1_CASDOUTPA_UNCONNECTED[2]
NLW_second_row_buffer.weight_rows_1_reg_1_CASDOUTPA_UNCONNECTED[3]
NLW_second_row_buffer.weight_rows_1_reg_1_CASDOUTPB_UNCONNECTED[0]
NLW_second_row_buffer.weight_rows_1_reg_1_CASDOUTPB_UNCONNECTED[1]
NLW_second_row_buffer.weight_rows_1_reg_1_CASDOUTPB_UNCONNECTED[2]
NLW_second_row_buffer.weight_rows_1_reg_1_CASDOUTPB_UNCONNECTED[3]
NLW_second_row_buffer.weight_rows_1_reg_1_ECCPARITY_UNCONNECTED[0]
NLW_second_row_buffer.weight_rows_1_reg_1_ECCPARITY_UNCONNECTED[1]
NLW_second_row_buffer.weight_rows_1_reg_1_ECCPARITY_UNCONNECTED[2]
NLW_second_row_buffer.weight_rows_1_reg_1_ECCPARITY_UNCONNECTED[3]
NLW_second_row_buffer.weight_rows_1_reg_1_ECCPARITY_UNCONNECTED[4]
NLW_second_row_buffer.weight_rows_1_reg_1_ECCPARITY_UNCONNECTED[5]
NLW_second_row_buffer.weight_rows_1_reg_1_ECCPARITY_UNCONNECTED[6]
NLW_second_row_buffer.weight_rows_1_reg_1_ECCPARITY_UNCONNECTED[7]
NLW_second_row_buffer.weight_rows_1_reg_1_RDADDRECC_UNCONNECTED[0]
NLW_second_row_buffer.weight_rows_1_reg_1_RDADDRECC_UNCONNECTED[1]
NLW_second_row_buffer.weight_rows_1_reg_1_RDADDRECC_UNCONNECTED[2]
NLW_second_row_buffer.weight_rows_1_reg_1_RDADDRECC_UNCONNECTED[3]
NLW_second_row_buffer.weight_rows_1_reg_1_RDADDRECC_UNCONNECTED[4]
NLW_second_row_buffer.weight_rows_1_reg_1_RDADDRECC_UNCONNECTED[5]
NLW_second_row_buffer.weight_rows_1_reg_1_RDADDRECC_UNCONNECTED[6]
NLW_second_row_buffer.weight_rows_1_reg_1_RDADDRECC_UNCONNECTED[7]
NLW_second_row_buffer.weight_rows_1_reg_1_RDADDRECC_UNCONNECTED[8]
NLW_second_row_buffer.weight_rows_1_reg_10_CASOUTDBITERR_UNCONNECTED
NLW_second_row_buffer.weight_rows_1_reg_10_CASOUTSBITERR_UNCONNECTED
NLW_second_row_buffer.weight_rows_1_reg_10_DBITERR_UNCONNECTED
NLW_second_row_buffer.weight_rows_1_reg_10_SBITERR_UNCONNECTED
NLW_second_row_buffer.weight_rows_1_reg_10_CASDINA_UNCONNECTED[0]
NLW_second_row_buffer.weight_rows_1_reg_10_CASDINA_UNCONNECTED[1]
NLW_second_row_buffer.weight_rows_1_reg_10_CASDINA_UNCONNECTED[2]
NLW_second_row_buffer.weight_rows_1_reg_10_CASDINA_UNCONNECTED[3]
NLW_second_row_buffer.weight_rows_1_reg_10_CASDINA_UNCONNECTED[4]
NLW_second_row_buffer.weight_rows_1_reg_10_CASDINA_UNCONNECTED[5]
NLW_second_row_buffer.weight_rows_1_reg_10_CASDINA_UNCONNECTED[6]
NLW_second_row_buffer.weight_rows_1_reg_10_CASDINA_UNCONNECTED[7]
NLW_second_row_buffer.weight_rows_1_reg_10_CASDINA_UNCONNECTED[8]
NLW_second_row_buffer.weight_rows_1_reg_10_CASDINA_UNCONNECTED[9]
NLW_second_row_buffer.weight_rows_1_reg_10_CASDINA_UNCONNECTED[10]
NLW_second_row_buffer.weight_rows_1_reg_10_CASDINA_UNCONNECTED[11]
NLW_second_row_buffer.weight_rows_1_reg_10_CASDINA_UNCONNECTED[12]
NLW_second_row_buffer.weight_rows_1_reg_10_CASDINA_UNCONNECTED[13]
NLW_second_row_buffer.weight_rows_1_reg_10_CASDINA_UNCONNECTED[14]
NLW_second_row_buffer.weight_rows_1_reg_10_CASDINA_UNCONNECTED[15]
NLW_second_row_buffer.weight_rows_1_reg_10_CASDINA_UNCONNECTED[16]
NLW_second_row_buffer.weight_rows_1_reg_10_CASDINA_UNCONNECTED[17]
NLW_second_row_buffer.weight_rows_1_reg_10_CASDINA_UNCONNECTED[18]
NLW_second_row_buffer.weight_rows_1_reg_10_CASDINA_UNCONNECTED[19]
NLW_second_row_buffer.weight_rows_1_reg_10_CASDINA_UNCONNECTED[20]
NLW_second_row_buffer.weight_rows_1_reg_10_CASDINA_UNCONNECTED[21]
NLW_second_row_buffer.weight_rows_1_reg_10_CASDINA_UNCONNECTED[22]
NLW_second_row_buffer.weight_rows_1_reg_10_CASDINA_UNCONNECTED[23]
NLW_second_row_buffer.weight_rows_1_reg_10_CASDINA_UNCONNECTED[24]
NLW_second_row_buffer.weight_rows_1_reg_10_CASDINA_UNCONNECTED[25]
NLW_second_row_buffer.weight_rows_1_reg_10_CASDINA_UNCONNECTED[26]
NLW_second_row_buffer.weight_rows_1_reg_10_CASDINA_UNCONNECTED[27]
NLW_second_row_buffer.weight_rows_1_reg_10_CASDINA_UNCONNECTED[28]
NLW_second_row_buffer.weight_rows_1_reg_10_CASDINA_UNCONNECTED[29]
NLW_second_row_buffer.weight_rows_1_reg_10_CASDINA_UNCONNECTED[30]
NLW_second_row_buffer.weight_rows_1_reg_10_CASDINA_UNCONNECTED[31]
NLW_second_row_buffer.weight_rows_1_reg_10_CASDINB_UNCONNECTED[0]
NLW_second_row_buffer.weight_rows_1_reg_10_CASDINB_UNCONNECTED[1]
NLW_second_row_buffer.weight_rows_1_reg_10_CASDINB_UNCONNECTED[2]
NLW_second_row_buffer.weight_rows_1_reg_10_CASDINB_UNCONNECTED[3]
NLW_second_row_buffer.weight_rows_1_reg_10_CASDINB_UNCONNECTED[4]
NLW_second_row_buffer.weight_rows_1_reg_10_CASDINB_UNCONNECTED[5]
NLW_second_row_buffer.weight_rows_1_reg_10_CASDINB_UNCONNECTED[6]
NLW_second_row_buffer.weight_rows_1_reg_10_CASDINB_UNCONNECTED[7]
NLW_second_row_buffer.weight_rows_1_reg_10_CASDINB_UNCONNECTED[8]
NLW_second_row_buffer.weight_rows_1_reg_10_CASDINB_UNCONNECTED[9]
NLW_second_row_buffer.weight_rows_1_reg_10_CASDINB_UNCONNECTED[10]
NLW_second_row_buffer.weight_rows_1_reg_10_CASDINB_UNCONNECTED[11]
NLW_second_row_buffer.weight_rows_1_reg_10_CASDINB_UNCONNECTED[12]
NLW_second_row_buffer.weight_rows_1_reg_10_CASDINB_UNCONNECTED[13]
NLW_second_row_buffer.weight_rows_1_reg_10_CASDINB_UNCONNECTED[14]
NLW_second_row_buffer.weight_rows_1_reg_10_CASDINB_UNCONNECTED[15]
NLW_second_row_buffer.weight_rows_1_reg_10_CASDINB_UNCONNECTED[16]
NLW_second_row_buffer.weight_rows_1_reg_10_CASDINB_UNCONNECTED[17]
NLW_second_row_buffer.weight_rows_1_reg_10_CASDINB_UNCONNECTED[18]
NLW_second_row_buffer.weight_rows_1_reg_10_CASDINB_UNCONNECTED[19]
NLW_second_row_buffer.weight_rows_1_reg_10_CASDINB_UNCONNECTED[20]
NLW_second_row_buffer.weight_rows_1_reg_10_CASDINB_UNCONNECTED[21]
NLW_second_row_buffer.weight_rows_1_reg_10_CASDINB_UNCONNECTED[22]
NLW_second_row_buffer.weight_rows_1_reg_10_CASDINB_UNCONNECTED[23]
NLW_second_row_buffer.weight_rows_1_reg_10_CASDINB_UNCONNECTED[24]
NLW_second_row_buffer.weight_rows_1_reg_10_CASDINB_UNCONNECTED[25]
NLW_second_row_buffer.weight_rows_1_reg_10_CASDINB_UNCONNECTED[26]
NLW_second_row_buffer.weight_rows_1_reg_10_CASDINB_UNCONNECTED[27]
NLW_second_row_buffer.weight_rows_1_reg_10_CASDINB_UNCONNECTED[28]
NLW_second_row_buffer.weight_rows_1_reg_10_CASDINB_UNCONNECTED[29]
NLW_second_row_buffer.weight_rows_1_reg_10_CASDINB_UNCONNECTED[30]
NLW_second_row_buffer.weight_rows_1_reg_10_CASDINB_UNCONNECTED[31]
NLW_second_row_buffer.weight_rows_1_reg_10_CASDINPA_UNCONNECTED[0]
NLW_second_row_buffer.weight_rows_1_reg_10_CASDINPA_UNCONNECTED[1]
NLW_second_row_buffer.weight_rows_1_reg_10_CASDINPA_UNCONNECTED[2]
NLW_second_row_buffer.weight_rows_1_reg_10_CASDINPA_UNCONNECTED[3]
NLW_second_row_buffer.weight_rows_1_reg_10_CASDINPB_UNCONNECTED[0]
NLW_second_row_buffer.weight_rows_1_reg_10_CASDINPB_UNCONNECTED[1]
NLW_second_row_buffer.weight_rows_1_reg_10_CASDINPB_UNCONNECTED[2]
NLW_second_row_buffer.weight_rows_1_reg_10_CASDINPB_UNCONNECTED[3]
NLW_second_row_buffer.weight_rows_1_reg_10_CASDOUTA_UNCONNECTED[0]
NLW_second_row_buffer.weight_rows_1_reg_10_CASDOUTA_UNCONNECTED[1]
NLW_second_row_buffer.weight_rows_1_reg_10_CASDOUTA_UNCONNECTED[2]
NLW_second_row_buffer.weight_rows_1_reg_10_CASDOUTA_UNCONNECTED[3]
NLW_second_row_buffer.weight_rows_1_reg_10_CASDOUTA_UNCONNECTED[4]
NLW_second_row_buffer.weight_rows_1_reg_10_CASDOUTA_UNCONNECTED[5]
NLW_second_row_buffer.weight_rows_1_reg_10_CASDOUTA_UNCONNECTED[6]
NLW_second_row_buffer.weight_rows_1_reg_10_CASDOUTA_UNCONNECTED[7]
NLW_second_row_buffer.weight_rows_1_reg_10_CASDOUTA_UNCONNECTED[8]
NLW_second_row_buffer.weight_rows_1_reg_10_CASDOUTA_UNCONNECTED[9]
NLW_second_row_buffer.weight_rows_1_reg_10_CASDOUTA_UNCONNECTED[10]
NLW_second_row_buffer.weight_rows_1_reg_10_CASDOUTA_UNCONNECTED[11]
NLW_second_row_buffer.weight_rows_1_reg_10_CASDOUTA_UNCONNECTED[12]
NLW_second_row_buffer.weight_rows_1_reg_10_CASDOUTA_UNCONNECTED[13]
NLW_second_row_buffer.weight_rows_1_reg_10_CASDOUTA_UNCONNECTED[14]
NLW_second_row_buffer.weight_rows_1_reg_10_CASDOUTA_UNCONNECTED[15]
NLW_second_row_buffer.weight_rows_1_reg_10_CASDOUTA_UNCONNECTED[16]
NLW_second_row_buffer.weight_rows_1_reg_10_CASDOUTA_UNCONNECTED[17]
NLW_second_row_buffer.weight_rows_1_reg_10_CASDOUTA_UNCONNECTED[18]
NLW_second_row_buffer.weight_rows_1_reg_10_CASDOUTA_UNCONNECTED[19]
NLW_second_row_buffer.weight_rows_1_reg_10_CASDOUTA_UNCONNECTED[20]
NLW_second_row_buffer.weight_rows_1_reg_10_CASDOUTA_UNCONNECTED[21]
NLW_second_row_buffer.weight_rows_1_reg_10_CASDOUTA_UNCONNECTED[22]
NLW_second_row_buffer.weight_rows_1_reg_10_CASDOUTA_UNCONNECTED[23]
NLW_second_row_buffer.weight_rows_1_reg_10_CASDOUTA_UNCONNECTED[24]
NLW_second_row_buffer.weight_rows_1_reg_10_CASDOUTA_UNCONNECTED[25]
NLW_second_row_buffer.weight_rows_1_reg_10_CASDOUTA_UNCONNECTED[26]
NLW_second_row_buffer.weight_rows_1_reg_10_CASDOUTA_UNCONNECTED[27]
NLW_second_row_buffer.weight_rows_1_reg_10_CASDOUTA_UNCONNECTED[28]
NLW_second_row_buffer.weight_rows_1_reg_10_CASDOUTA_UNCONNECTED[29]
NLW_second_row_buffer.weight_rows_1_reg_10_CASDOUTA_UNCONNECTED[30]
NLW_second_row_buffer.weight_rows_1_reg_10_CASDOUTA_UNCONNECTED[31]
NLW_second_row_buffer.weight_rows_1_reg_10_CASDOUTB_UNCONNECTED[0]
NLW_second_row_buffer.weight_rows_1_reg_10_CASDOUTB_UNCONNECTED[1]
NLW_second_row_buffer.weight_rows_1_reg_10_CASDOUTB_UNCONNECTED[2]
NLW_second_row_buffer.weight_rows_1_reg_10_CASDOUTB_UNCONNECTED[3]
NLW_second_row_buffer.weight_rows_1_reg_10_CASDOUTB_UNCONNECTED[4]
NLW_second_row_buffer.weight_rows_1_reg_10_CASDOUTB_UNCONNECTED[5]
NLW_second_row_buffer.weight_rows_1_reg_10_CASDOUTB_UNCONNECTED[6]
NLW_second_row_buffer.weight_rows_1_reg_10_CASDOUTB_UNCONNECTED[7]
NLW_second_row_buffer.weight_rows_1_reg_10_CASDOUTB_UNCONNECTED[8]
NLW_second_row_buffer.weight_rows_1_reg_10_CASDOUTB_UNCONNECTED[9]
NLW_second_row_buffer.weight_rows_1_reg_10_CASDOUTB_UNCONNECTED[10]
NLW_second_row_buffer.weight_rows_1_reg_10_CASDOUTB_UNCONNECTED[11]
NLW_second_row_buffer.weight_rows_1_reg_10_CASDOUTB_UNCONNECTED[12]
NLW_second_row_buffer.weight_rows_1_reg_10_CASDOUTB_UNCONNECTED[13]
NLW_second_row_buffer.weight_rows_1_reg_10_CASDOUTB_UNCONNECTED[14]
NLW_second_row_buffer.weight_rows_1_reg_10_CASDOUTB_UNCONNECTED[15]
NLW_second_row_buffer.weight_rows_1_reg_10_CASDOUTB_UNCONNECTED[16]
NLW_second_row_buffer.weight_rows_1_reg_10_CASDOUTB_UNCONNECTED[17]
NLW_second_row_buffer.weight_rows_1_reg_10_CASDOUTB_UNCONNECTED[18]
NLW_second_row_buffer.weight_rows_1_reg_10_CASDOUTB_UNCONNECTED[19]
NLW_second_row_buffer.weight_rows_1_reg_10_CASDOUTB_UNCONNECTED[20]
NLW_second_row_buffer.weight_rows_1_reg_10_CASDOUTB_UNCONNECTED[21]
NLW_second_row_buffer.weight_rows_1_reg_10_CASDOUTB_UNCONNECTED[22]
NLW_second_row_buffer.weight_rows_1_reg_10_CASDOUTB_UNCONNECTED[23]
NLW_second_row_buffer.weight_rows_1_reg_10_CASDOUTB_UNCONNECTED[24]
NLW_second_row_buffer.weight_rows_1_reg_10_CASDOUTB_UNCONNECTED[25]
NLW_second_row_buffer.weight_rows_1_reg_10_CASDOUTB_UNCONNECTED[26]
NLW_second_row_buffer.weight_rows_1_reg_10_CASDOUTB_UNCONNECTED[27]
NLW_second_row_buffer.weight_rows_1_reg_10_CASDOUTB_UNCONNECTED[28]
NLW_second_row_buffer.weight_rows_1_reg_10_CASDOUTB_UNCONNECTED[29]
NLW_second_row_buffer.weight_rows_1_reg_10_CASDOUTB_UNCONNECTED[30]
NLW_second_row_buffer.weight_rows_1_reg_10_CASDOUTB_UNCONNECTED[31]
NLW_second_row_buffer.weight_rows_1_reg_10_CASDOUTPA_UNCONNECTED[0]
NLW_second_row_buffer.weight_rows_1_reg_10_CASDOUTPA_UNCONNECTED[1]
NLW_second_row_buffer.weight_rows_1_reg_10_CASDOUTPA_UNCONNECTED[2]
NLW_second_row_buffer.weight_rows_1_reg_10_CASDOUTPA_UNCONNECTED[3]
NLW_second_row_buffer.weight_rows_1_reg_10_CASDOUTPB_UNCONNECTED[0]
NLW_second_row_buffer.weight_rows_1_reg_10_CASDOUTPB_UNCONNECTED[1]
NLW_second_row_buffer.weight_rows_1_reg_10_CASDOUTPB_UNCONNECTED[2]
NLW_second_row_buffer.weight_rows_1_reg_10_CASDOUTPB_UNCONNECTED[3]
NLW_second_row_buffer.weight_rows_1_reg_10_ECCPARITY_UNCONNECTED[0]
NLW_second_row_buffer.weight_rows_1_reg_10_ECCPARITY_UNCONNECTED[1]
NLW_second_row_buffer.weight_rows_1_reg_10_ECCPARITY_UNCONNECTED[2]
NLW_second_row_buffer.weight_rows_1_reg_10_ECCPARITY_UNCONNECTED[3]
NLW_second_row_buffer.weight_rows_1_reg_10_ECCPARITY_UNCONNECTED[4]
NLW_second_row_buffer.weight_rows_1_reg_10_ECCPARITY_UNCONNECTED[5]
NLW_second_row_buffer.weight_rows_1_reg_10_ECCPARITY_UNCONNECTED[6]
NLW_second_row_buffer.weight_rows_1_reg_10_ECCPARITY_UNCONNECTED[7]
NLW_second_row_buffer.weight_rows_1_reg_10_RDADDRECC_UNCONNECTED[0]
NLW_second_row_buffer.weight_rows_1_reg_10_RDADDRECC_UNCONNECTED[1]
NLW_second_row_buffer.weight_rows_1_reg_10_RDADDRECC_UNCONNECTED[2]
NLW_second_row_buffer.weight_rows_1_reg_10_RDADDRECC_UNCONNECTED[3]
NLW_second_row_buffer.weight_rows_1_reg_10_RDADDRECC_UNCONNECTED[4]
NLW_second_row_buffer.weight_rows_1_reg_10_RDADDRECC_UNCONNECTED[5]
NLW_second_row_buffer.weight_rows_1_reg_10_RDADDRECC_UNCONNECTED[6]
NLW_second_row_buffer.weight_rows_1_reg_10_RDADDRECC_UNCONNECTED[7]
NLW_second_row_buffer.weight_rows_1_reg_10_RDADDRECC_UNCONNECTED[8]
NLW_second_row_buffer.weight_rows_1_reg_11_CASOUTDBITERR_UNCONNECTED
NLW_second_row_buffer.weight_rows_1_reg_11_CASOUTSBITERR_UNCONNECTED
NLW_second_row_buffer.weight_rows_1_reg_11_DBITERR_UNCONNECTED
NLW_second_row_buffer.weight_rows_1_reg_11_SBITERR_UNCONNECTED
NLW_second_row_buffer.weight_rows_1_reg_11_CASDINA_UNCONNECTED[0]
NLW_second_row_buffer.weight_rows_1_reg_11_CASDINA_UNCONNECTED[1]
NLW_second_row_buffer.weight_rows_1_reg_11_CASDINA_UNCONNECTED[2]
NLW_second_row_buffer.weight_rows_1_reg_11_CASDINA_UNCONNECTED[3]
NLW_second_row_buffer.weight_rows_1_reg_11_CASDINA_UNCONNECTED[4]
NLW_second_row_buffer.weight_rows_1_reg_11_CASDINA_UNCONNECTED[5]
NLW_second_row_buffer.weight_rows_1_reg_11_CASDINA_UNCONNECTED[6]
NLW_second_row_buffer.weight_rows_1_reg_11_CASDINA_UNCONNECTED[7]
NLW_second_row_buffer.weight_rows_1_reg_11_CASDINA_UNCONNECTED[8]
NLW_second_row_buffer.weight_rows_1_reg_11_CASDINA_UNCONNECTED[9]
NLW_second_row_buffer.weight_rows_1_reg_11_CASDINA_UNCONNECTED[10]
NLW_second_row_buffer.weight_rows_1_reg_11_CASDINA_UNCONNECTED[11]
NLW_second_row_buffer.weight_rows_1_reg_11_CASDINA_UNCONNECTED[12]
NLW_second_row_buffer.weight_rows_1_reg_11_CASDINA_UNCONNECTED[13]
NLW_second_row_buffer.weight_rows_1_reg_11_CASDINA_UNCONNECTED[14]
NLW_second_row_buffer.weight_rows_1_reg_11_CASDINA_UNCONNECTED[15]
NLW_second_row_buffer.weight_rows_1_reg_11_CASDINA_UNCONNECTED[16]
NLW_second_row_buffer.weight_rows_1_reg_11_CASDINA_UNCONNECTED[17]
NLW_second_row_buffer.weight_rows_1_reg_11_CASDINA_UNCONNECTED[18]
NLW_second_row_buffer.weight_rows_1_reg_11_CASDINA_UNCONNECTED[19]
NLW_second_row_buffer.weight_rows_1_reg_11_CASDINA_UNCONNECTED[20]
NLW_second_row_buffer.weight_rows_1_reg_11_CASDINA_UNCONNECTED[21]
NLW_second_row_buffer.weight_rows_1_reg_11_CASDINA_UNCONNECTED[22]
NLW_second_row_buffer.weight_rows_1_reg_11_CASDINA_UNCONNECTED[23]
NLW_second_row_buffer.weight_rows_1_reg_11_CASDINA_UNCONNECTED[24]
NLW_second_row_buffer.weight_rows_1_reg_11_CASDINA_UNCONNECTED[25]
NLW_second_row_buffer.weight_rows_1_reg_11_CASDINA_UNCONNECTED[26]
NLW_second_row_buffer.weight_rows_1_reg_11_CASDINA_UNCONNECTED[27]
NLW_second_row_buffer.weight_rows_1_reg_11_CASDINA_UNCONNECTED[28]
NLW_second_row_buffer.weight_rows_1_reg_11_CASDINA_UNCONNECTED[29]
NLW_second_row_buffer.weight_rows_1_reg_11_CASDINA_UNCONNECTED[30]
NLW_second_row_buffer.weight_rows_1_reg_11_CASDINA_UNCONNECTED[31]
NLW_second_row_buffer.weight_rows_1_reg_11_CASDINB_UNCONNECTED[0]
NLW_second_row_buffer.weight_rows_1_reg_11_CASDINB_UNCONNECTED[1]
NLW_second_row_buffer.weight_rows_1_reg_11_CASDINB_UNCONNECTED[2]
NLW_second_row_buffer.weight_rows_1_reg_11_CASDINB_UNCONNECTED[3]
NLW_second_row_buffer.weight_rows_1_reg_11_CASDINB_UNCONNECTED[4]
NLW_second_row_buffer.weight_rows_1_reg_11_CASDINB_UNCONNECTED[5]
NLW_second_row_buffer.weight_rows_1_reg_11_CASDINB_UNCONNECTED[6]
NLW_second_row_buffer.weight_rows_1_reg_11_CASDINB_UNCONNECTED[7]
NLW_second_row_buffer.weight_rows_1_reg_11_CASDINB_UNCONNECTED[8]
NLW_second_row_buffer.weight_rows_1_reg_11_CASDINB_UNCONNECTED[9]
NLW_second_row_buffer.weight_rows_1_reg_11_CASDINB_UNCONNECTED[10]
NLW_second_row_buffer.weight_rows_1_reg_11_CASDINB_UNCONNECTED[11]
NLW_second_row_buffer.weight_rows_1_reg_11_CASDINB_UNCONNECTED[12]
NLW_second_row_buffer.weight_rows_1_reg_11_CASDINB_UNCONNECTED[13]
NLW_second_row_buffer.weight_rows_1_reg_11_CASDINB_UNCONNECTED[14]
NLW_second_row_buffer.weight_rows_1_reg_11_CASDINB_UNCONNECTED[15]
NLW_second_row_buffer.weight_rows_1_reg_11_CASDINB_UNCONNECTED[16]
NLW_second_row_buffer.weight_rows_1_reg_11_CASDINB_UNCONNECTED[17]
NLW_second_row_buffer.weight_rows_1_reg_11_CASDINB_UNCONNECTED[18]
NLW_second_row_buffer.weight_rows_1_reg_11_CASDINB_UNCONNECTED[19]
NLW_second_row_buffer.weight_rows_1_reg_11_CASDINB_UNCONNECTED[20]
NLW_second_row_buffer.weight_rows_1_reg_11_CASDINB_UNCONNECTED[21]
NLW_second_row_buffer.weight_rows_1_reg_11_CASDINB_UNCONNECTED[22]
NLW_second_row_buffer.weight_rows_1_reg_11_CASDINB_UNCONNECTED[23]
NLW_second_row_buffer.weight_rows_1_reg_11_CASDINB_UNCONNECTED[24]
NLW_second_row_buffer.weight_rows_1_reg_11_CASDINB_UNCONNECTED[25]
NLW_second_row_buffer.weight_rows_1_reg_11_CASDINB_UNCONNECTED[26]
NLW_second_row_buffer.weight_rows_1_reg_11_CASDINB_UNCONNECTED[27]
NLW_second_row_buffer.weight_rows_1_reg_11_CASDINB_UNCONNECTED[28]
NLW_second_row_buffer.weight_rows_1_reg_11_CASDINB_UNCONNECTED[29]
NLW_second_row_buffer.weight_rows_1_reg_11_CASDINB_UNCONNECTED[30]
NLW_second_row_buffer.weight_rows_1_reg_11_CASDINB_UNCONNECTED[31]
NLW_second_row_buffer.weight_rows_1_reg_11_CASDINPA_UNCONNECTED[0]
NLW_second_row_buffer.weight_rows_1_reg_11_CASDINPA_UNCONNECTED[1]
NLW_second_row_buffer.weight_rows_1_reg_11_CASDINPA_UNCONNECTED[2]
NLW_second_row_buffer.weight_rows_1_reg_11_CASDINPA_UNCONNECTED[3]
NLW_second_row_buffer.weight_rows_1_reg_11_CASDINPB_UNCONNECTED[0]
NLW_second_row_buffer.weight_rows_1_reg_11_CASDINPB_UNCONNECTED[1]
NLW_second_row_buffer.weight_rows_1_reg_11_CASDINPB_UNCONNECTED[2]
NLW_second_row_buffer.weight_rows_1_reg_11_CASDINPB_UNCONNECTED[3]
NLW_second_row_buffer.weight_rows_1_reg_11_CASDOUTA_UNCONNECTED[0]
NLW_second_row_buffer.weight_rows_1_reg_11_CASDOUTA_UNCONNECTED[1]
NLW_second_row_buffer.weight_rows_1_reg_11_CASDOUTA_UNCONNECTED[2]
NLW_second_row_buffer.weight_rows_1_reg_11_CASDOUTA_UNCONNECTED[3]
NLW_second_row_buffer.weight_rows_1_reg_11_CASDOUTA_UNCONNECTED[4]
NLW_second_row_buffer.weight_rows_1_reg_11_CASDOUTA_UNCONNECTED[5]
NLW_second_row_buffer.weight_rows_1_reg_11_CASDOUTA_UNCONNECTED[6]
NLW_second_row_buffer.weight_rows_1_reg_11_CASDOUTA_UNCONNECTED[7]
NLW_second_row_buffer.weight_rows_1_reg_11_CASDOUTA_UNCONNECTED[8]
NLW_second_row_buffer.weight_rows_1_reg_11_CASDOUTA_UNCONNECTED[9]
NLW_second_row_buffer.weight_rows_1_reg_11_CASDOUTA_UNCONNECTED[10]
NLW_second_row_buffer.weight_rows_1_reg_11_CASDOUTA_UNCONNECTED[11]
NLW_second_row_buffer.weight_rows_1_reg_11_CASDOUTA_UNCONNECTED[12]
NLW_second_row_buffer.weight_rows_1_reg_11_CASDOUTA_UNCONNECTED[13]
NLW_second_row_buffer.weight_rows_1_reg_11_CASDOUTA_UNCONNECTED[14]
NLW_second_row_buffer.weight_rows_1_reg_11_CASDOUTA_UNCONNECTED[15]
NLW_second_row_buffer.weight_rows_1_reg_11_CASDOUTA_UNCONNECTED[16]
NLW_second_row_buffer.weight_rows_1_reg_11_CASDOUTA_UNCONNECTED[17]
NLW_second_row_buffer.weight_rows_1_reg_11_CASDOUTA_UNCONNECTED[18]
NLW_second_row_buffer.weight_rows_1_reg_11_CASDOUTA_UNCONNECTED[19]
NLW_second_row_buffer.weight_rows_1_reg_11_CASDOUTA_UNCONNECTED[20]
NLW_second_row_buffer.weight_rows_1_reg_11_CASDOUTA_UNCONNECTED[21]
NLW_second_row_buffer.weight_rows_1_reg_11_CASDOUTA_UNCONNECTED[22]
NLW_second_row_buffer.weight_rows_1_reg_11_CASDOUTA_UNCONNECTED[23]
NLW_second_row_buffer.weight_rows_1_reg_11_CASDOUTA_UNCONNECTED[24]
NLW_second_row_buffer.weight_rows_1_reg_11_CASDOUTA_UNCONNECTED[25]
NLW_second_row_buffer.weight_rows_1_reg_11_CASDOUTA_UNCONNECTED[26]
NLW_second_row_buffer.weight_rows_1_reg_11_CASDOUTA_UNCONNECTED[27]
NLW_second_row_buffer.weight_rows_1_reg_11_CASDOUTA_UNCONNECTED[28]
NLW_second_row_buffer.weight_rows_1_reg_11_CASDOUTA_UNCONNECTED[29]
NLW_second_row_buffer.weight_rows_1_reg_11_CASDOUTA_UNCONNECTED[30]
NLW_second_row_buffer.weight_rows_1_reg_11_CASDOUTA_UNCONNECTED[31]
NLW_second_row_buffer.weight_rows_1_reg_11_CASDOUTB_UNCONNECTED[0]
NLW_second_row_buffer.weight_rows_1_reg_11_CASDOUTB_UNCONNECTED[1]
NLW_second_row_buffer.weight_rows_1_reg_11_CASDOUTB_UNCONNECTED[2]
NLW_second_row_buffer.weight_rows_1_reg_11_CASDOUTB_UNCONNECTED[3]
NLW_second_row_buffer.weight_rows_1_reg_11_CASDOUTB_UNCONNECTED[4]
NLW_second_row_buffer.weight_rows_1_reg_11_CASDOUTB_UNCONNECTED[5]
NLW_second_row_buffer.weight_rows_1_reg_11_CASDOUTB_UNCONNECTED[6]
NLW_second_row_buffer.weight_rows_1_reg_11_CASDOUTB_UNCONNECTED[7]
NLW_second_row_buffer.weight_rows_1_reg_11_CASDOUTB_UNCONNECTED[8]
NLW_second_row_buffer.weight_rows_1_reg_11_CASDOUTB_UNCONNECTED[9]
NLW_second_row_buffer.weight_rows_1_reg_11_CASDOUTB_UNCONNECTED[10]
NLW_second_row_buffer.weight_rows_1_reg_11_CASDOUTB_UNCONNECTED[11]
NLW_second_row_buffer.weight_rows_1_reg_11_CASDOUTB_UNCONNECTED[12]
NLW_second_row_buffer.weight_rows_1_reg_11_CASDOUTB_UNCONNECTED[13]
NLW_second_row_buffer.weight_rows_1_reg_11_CASDOUTB_UNCONNECTED[14]
NLW_second_row_buffer.weight_rows_1_reg_11_CASDOUTB_UNCONNECTED[15]
NLW_second_row_buffer.weight_rows_1_reg_11_CASDOUTB_UNCONNECTED[16]
NLW_second_row_buffer.weight_rows_1_reg_11_CASDOUTB_UNCONNECTED[17]
NLW_second_row_buffer.weight_rows_1_reg_11_CASDOUTB_UNCONNECTED[18]
NLW_second_row_buffer.weight_rows_1_reg_11_CASDOUTB_UNCONNECTED[19]
NLW_second_row_buffer.weight_rows_1_reg_11_CASDOUTB_UNCONNECTED[20]
NLW_second_row_buffer.weight_rows_1_reg_11_CASDOUTB_UNCONNECTED[21]
NLW_second_row_buffer.weight_rows_1_reg_11_CASDOUTB_UNCONNECTED[22]
NLW_second_row_buffer.weight_rows_1_reg_11_CASDOUTB_UNCONNECTED[23]
NLW_second_row_buffer.weight_rows_1_reg_11_CASDOUTB_UNCONNECTED[24]
NLW_second_row_buffer.weight_rows_1_reg_11_CASDOUTB_UNCONNECTED[25]
NLW_second_row_buffer.weight_rows_1_reg_11_CASDOUTB_UNCONNECTED[26]
NLW_second_row_buffer.weight_rows_1_reg_11_CASDOUTB_UNCONNECTED[27]
NLW_second_row_buffer.weight_rows_1_reg_11_CASDOUTB_UNCONNECTED[28]
NLW_second_row_buffer.weight_rows_1_reg_11_CASDOUTB_UNCONNECTED[29]
NLW_second_row_buffer.weight_rows_1_reg_11_CASDOUTB_UNCONNECTED[30]
NLW_second_row_buffer.weight_rows_1_reg_11_CASDOUTB_UNCONNECTED[31]
NLW_second_row_buffer.weight_rows_1_reg_11_CASDOUTPA_UNCONNECTED[0]
NLW_second_row_buffer.weight_rows_1_reg_11_CASDOUTPA_UNCONNECTED[1]
NLW_second_row_buffer.weight_rows_1_reg_11_CASDOUTPA_UNCONNECTED[2]
NLW_second_row_buffer.weight_rows_1_reg_11_CASDOUTPA_UNCONNECTED[3]
NLW_second_row_buffer.weight_rows_1_reg_11_CASDOUTPB_UNCONNECTED[0]
NLW_second_row_buffer.weight_rows_1_reg_11_CASDOUTPB_UNCONNECTED[1]
NLW_second_row_buffer.weight_rows_1_reg_11_CASDOUTPB_UNCONNECTED[2]
NLW_second_row_buffer.weight_rows_1_reg_11_CASDOUTPB_UNCONNECTED[3]
NLW_second_row_buffer.weight_rows_1_reg_11_ECCPARITY_UNCONNECTED[0]
NLW_second_row_buffer.weight_rows_1_reg_11_ECCPARITY_UNCONNECTED[1]
NLW_second_row_buffer.weight_rows_1_reg_11_ECCPARITY_UNCONNECTED[2]
NLW_second_row_buffer.weight_rows_1_reg_11_ECCPARITY_UNCONNECTED[3]
NLW_second_row_buffer.weight_rows_1_reg_11_ECCPARITY_UNCONNECTED[4]
NLW_second_row_buffer.weight_rows_1_reg_11_ECCPARITY_UNCONNECTED[5]
NLW_second_row_buffer.weight_rows_1_reg_11_ECCPARITY_UNCONNECTED[6]
NLW_second_row_buffer.weight_rows_1_reg_11_ECCPARITY_UNCONNECTED[7]
NLW_second_row_buffer.weight_rows_1_reg_11_RDADDRECC_UNCONNECTED[0]
NLW_second_row_buffer.weight_rows_1_reg_11_RDADDRECC_UNCONNECTED[1]
NLW_second_row_buffer.weight_rows_1_reg_11_RDADDRECC_UNCONNECTED[2]
NLW_second_row_buffer.weight_rows_1_reg_11_RDADDRECC_UNCONNECTED[3]
NLW_second_row_buffer.weight_rows_1_reg_11_RDADDRECC_UNCONNECTED[4]
NLW_second_row_buffer.weight_rows_1_reg_11_RDADDRECC_UNCONNECTED[5]
NLW_second_row_buffer.weight_rows_1_reg_11_RDADDRECC_UNCONNECTED[6]
NLW_second_row_buffer.weight_rows_1_reg_11_RDADDRECC_UNCONNECTED[7]
NLW_second_row_buffer.weight_rows_1_reg_11_RDADDRECC_UNCONNECTED[8]
NLW_second_row_buffer.weight_rows_1_reg_12_CASOUTDBITERR_UNCONNECTED
NLW_second_row_buffer.weight_rows_1_reg_12_CASOUTSBITERR_UNCONNECTED
NLW_second_row_buffer.weight_rows_1_reg_12_DBITERR_UNCONNECTED
NLW_second_row_buffer.weight_rows_1_reg_12_SBITERR_UNCONNECTED
NLW_second_row_buffer.weight_rows_1_reg_12_CASDINA_UNCONNECTED[0]
NLW_second_row_buffer.weight_rows_1_reg_12_CASDINA_UNCONNECTED[1]
NLW_second_row_buffer.weight_rows_1_reg_12_CASDINA_UNCONNECTED[2]
NLW_second_row_buffer.weight_rows_1_reg_12_CASDINA_UNCONNECTED[3]
NLW_second_row_buffer.weight_rows_1_reg_12_CASDINA_UNCONNECTED[4]
NLW_second_row_buffer.weight_rows_1_reg_12_CASDINA_UNCONNECTED[5]
NLW_second_row_buffer.weight_rows_1_reg_12_CASDINA_UNCONNECTED[6]
NLW_second_row_buffer.weight_rows_1_reg_12_CASDINA_UNCONNECTED[7]
NLW_second_row_buffer.weight_rows_1_reg_12_CASDINA_UNCONNECTED[8]
NLW_second_row_buffer.weight_rows_1_reg_12_CASDINA_UNCONNECTED[9]
NLW_second_row_buffer.weight_rows_1_reg_12_CASDINA_UNCONNECTED[10]
NLW_second_row_buffer.weight_rows_1_reg_12_CASDINA_UNCONNECTED[11]
NLW_second_row_buffer.weight_rows_1_reg_12_CASDINA_UNCONNECTED[12]
NLW_second_row_buffer.weight_rows_1_reg_12_CASDINA_UNCONNECTED[13]
NLW_second_row_buffer.weight_rows_1_reg_12_CASDINA_UNCONNECTED[14]
NLW_second_row_buffer.weight_rows_1_reg_12_CASDINA_UNCONNECTED[15]
NLW_second_row_buffer.weight_rows_1_reg_12_CASDINA_UNCONNECTED[16]
NLW_second_row_buffer.weight_rows_1_reg_12_CASDINA_UNCONNECTED[17]
NLW_second_row_buffer.weight_rows_1_reg_12_CASDINA_UNCONNECTED[18]
NLW_second_row_buffer.weight_rows_1_reg_12_CASDINA_UNCONNECTED[19]
NLW_second_row_buffer.weight_rows_1_reg_12_CASDINA_UNCONNECTED[20]
NLW_second_row_buffer.weight_rows_1_reg_12_CASDINA_UNCONNECTED[21]
NLW_second_row_buffer.weight_rows_1_reg_12_CASDINA_UNCONNECTED[22]
NLW_second_row_buffer.weight_rows_1_reg_12_CASDINA_UNCONNECTED[23]
NLW_second_row_buffer.weight_rows_1_reg_12_CASDINA_UNCONNECTED[24]
NLW_second_row_buffer.weight_rows_1_reg_12_CASDINA_UNCONNECTED[25]
NLW_second_row_buffer.weight_rows_1_reg_12_CASDINA_UNCONNECTED[26]
NLW_second_row_buffer.weight_rows_1_reg_12_CASDINA_UNCONNECTED[27]
NLW_second_row_buffer.weight_rows_1_reg_12_CASDINA_UNCONNECTED[28]
NLW_second_row_buffer.weight_rows_1_reg_12_CASDINA_UNCONNECTED[29]
NLW_second_row_buffer.weight_rows_1_reg_12_CASDINA_UNCONNECTED[30]
NLW_second_row_buffer.weight_rows_1_reg_12_CASDINA_UNCONNECTED[31]
NLW_second_row_buffer.weight_rows_1_reg_12_CASDINB_UNCONNECTED[0]
NLW_second_row_buffer.weight_rows_1_reg_12_CASDINB_UNCONNECTED[1]
NLW_second_row_buffer.weight_rows_1_reg_12_CASDINB_UNCONNECTED[2]
NLW_second_row_buffer.weight_rows_1_reg_12_CASDINB_UNCONNECTED[3]
NLW_second_row_buffer.weight_rows_1_reg_12_CASDINB_UNCONNECTED[4]
NLW_second_row_buffer.weight_rows_1_reg_12_CASDINB_UNCONNECTED[5]
NLW_second_row_buffer.weight_rows_1_reg_12_CASDINB_UNCONNECTED[6]
NLW_second_row_buffer.weight_rows_1_reg_12_CASDINB_UNCONNECTED[7]
NLW_second_row_buffer.weight_rows_1_reg_12_CASDINB_UNCONNECTED[8]
NLW_second_row_buffer.weight_rows_1_reg_12_CASDINB_UNCONNECTED[9]
NLW_second_row_buffer.weight_rows_1_reg_12_CASDINB_UNCONNECTED[10]
NLW_second_row_buffer.weight_rows_1_reg_12_CASDINB_UNCONNECTED[11]
NLW_second_row_buffer.weight_rows_1_reg_12_CASDINB_UNCONNECTED[12]
NLW_second_row_buffer.weight_rows_1_reg_12_CASDINB_UNCONNECTED[13]
NLW_second_row_buffer.weight_rows_1_reg_12_CASDINB_UNCONNECTED[14]
NLW_second_row_buffer.weight_rows_1_reg_12_CASDINB_UNCONNECTED[15]
NLW_second_row_buffer.weight_rows_1_reg_12_CASDINB_UNCONNECTED[16]
NLW_second_row_buffer.weight_rows_1_reg_12_CASDINB_UNCONNECTED[17]
NLW_second_row_buffer.weight_rows_1_reg_12_CASDINB_UNCONNECTED[18]
NLW_second_row_buffer.weight_rows_1_reg_12_CASDINB_UNCONNECTED[19]
NLW_second_row_buffer.weight_rows_1_reg_12_CASDINB_UNCONNECTED[20]
NLW_second_row_buffer.weight_rows_1_reg_12_CASDINB_UNCONNECTED[21]
NLW_second_row_buffer.weight_rows_1_reg_12_CASDINB_UNCONNECTED[22]
NLW_second_row_buffer.weight_rows_1_reg_12_CASDINB_UNCONNECTED[23]
NLW_second_row_buffer.weight_rows_1_reg_12_CASDINB_UNCONNECTED[24]
NLW_second_row_buffer.weight_rows_1_reg_12_CASDINB_UNCONNECTED[25]
NLW_second_row_buffer.weight_rows_1_reg_12_CASDINB_UNCONNECTED[26]
NLW_second_row_buffer.weight_rows_1_reg_12_CASDINB_UNCONNECTED[27]
NLW_second_row_buffer.weight_rows_1_reg_12_CASDINB_UNCONNECTED[28]
NLW_second_row_buffer.weight_rows_1_reg_12_CASDINB_UNCONNECTED[29]
NLW_second_row_buffer.weight_rows_1_reg_12_CASDINB_UNCONNECTED[30]
NLW_second_row_buffer.weight_rows_1_reg_12_CASDINB_UNCONNECTED[31]
NLW_second_row_buffer.weight_rows_1_reg_12_CASDINPA_UNCONNECTED[0]
NLW_second_row_buffer.weight_rows_1_reg_12_CASDINPA_UNCONNECTED[1]
NLW_second_row_buffer.weight_rows_1_reg_12_CASDINPA_UNCONNECTED[2]
NLW_second_row_buffer.weight_rows_1_reg_12_CASDINPA_UNCONNECTED[3]
NLW_second_row_buffer.weight_rows_1_reg_12_CASDINPB_UNCONNECTED[0]
NLW_second_row_buffer.weight_rows_1_reg_12_CASDINPB_UNCONNECTED[1]
NLW_second_row_buffer.weight_rows_1_reg_12_CASDINPB_UNCONNECTED[2]
NLW_second_row_buffer.weight_rows_1_reg_12_CASDINPB_UNCONNECTED[3]
NLW_second_row_buffer.weight_rows_1_reg_12_CASDOUTA_UNCONNECTED[0]
NLW_second_row_buffer.weight_rows_1_reg_12_CASDOUTA_UNCONNECTED[1]
NLW_second_row_buffer.weight_rows_1_reg_12_CASDOUTA_UNCONNECTED[2]
NLW_second_row_buffer.weight_rows_1_reg_12_CASDOUTA_UNCONNECTED[3]
NLW_second_row_buffer.weight_rows_1_reg_12_CASDOUTA_UNCONNECTED[4]
NLW_second_row_buffer.weight_rows_1_reg_12_CASDOUTA_UNCONNECTED[5]
NLW_second_row_buffer.weight_rows_1_reg_12_CASDOUTA_UNCONNECTED[6]
NLW_second_row_buffer.weight_rows_1_reg_12_CASDOUTA_UNCONNECTED[7]
NLW_second_row_buffer.weight_rows_1_reg_12_CASDOUTA_UNCONNECTED[8]
NLW_second_row_buffer.weight_rows_1_reg_12_CASDOUTA_UNCONNECTED[9]
NLW_second_row_buffer.weight_rows_1_reg_12_CASDOUTA_UNCONNECTED[10]
NLW_second_row_buffer.weight_rows_1_reg_12_CASDOUTA_UNCONNECTED[11]
NLW_second_row_buffer.weight_rows_1_reg_12_CASDOUTA_UNCONNECTED[12]
NLW_second_row_buffer.weight_rows_1_reg_12_CASDOUTA_UNCONNECTED[13]
NLW_second_row_buffer.weight_rows_1_reg_12_CASDOUTA_UNCONNECTED[14]
NLW_second_row_buffer.weight_rows_1_reg_12_CASDOUTA_UNCONNECTED[15]
NLW_second_row_buffer.weight_rows_1_reg_12_CASDOUTA_UNCONNECTED[16]
NLW_second_row_buffer.weight_rows_1_reg_12_CASDOUTA_UNCONNECTED[17]
NLW_second_row_buffer.weight_rows_1_reg_12_CASDOUTA_UNCONNECTED[18]
NLW_second_row_buffer.weight_rows_1_reg_12_CASDOUTA_UNCONNECTED[19]
NLW_second_row_buffer.weight_rows_1_reg_12_CASDOUTA_UNCONNECTED[20]
NLW_second_row_buffer.weight_rows_1_reg_12_CASDOUTA_UNCONNECTED[21]
NLW_second_row_buffer.weight_rows_1_reg_12_CASDOUTA_UNCONNECTED[22]
NLW_second_row_buffer.weight_rows_1_reg_12_CASDOUTA_UNCONNECTED[23]
NLW_second_row_buffer.weight_rows_1_reg_12_CASDOUTA_UNCONNECTED[24]
NLW_second_row_buffer.weight_rows_1_reg_12_CASDOUTA_UNCONNECTED[25]
NLW_second_row_buffer.weight_rows_1_reg_12_CASDOUTA_UNCONNECTED[26]
NLW_second_row_buffer.weight_rows_1_reg_12_CASDOUTA_UNCONNECTED[27]
NLW_second_row_buffer.weight_rows_1_reg_12_CASDOUTA_UNCONNECTED[28]
NLW_second_row_buffer.weight_rows_1_reg_12_CASDOUTA_UNCONNECTED[29]
NLW_second_row_buffer.weight_rows_1_reg_12_CASDOUTA_UNCONNECTED[30]
NLW_second_row_buffer.weight_rows_1_reg_12_CASDOUTA_UNCONNECTED[31]
NLW_second_row_buffer.weight_rows_1_reg_12_CASDOUTB_UNCONNECTED[0]
NLW_second_row_buffer.weight_rows_1_reg_12_CASDOUTB_UNCONNECTED[1]
NLW_second_row_buffer.weight_rows_1_reg_12_CASDOUTB_UNCONNECTED[2]
NLW_second_row_buffer.weight_rows_1_reg_12_CASDOUTB_UNCONNECTED[3]
NLW_second_row_buffer.weight_rows_1_reg_12_CASDOUTB_UNCONNECTED[4]
NLW_second_row_buffer.weight_rows_1_reg_12_CASDOUTB_UNCONNECTED[5]
NLW_second_row_buffer.weight_rows_1_reg_12_CASDOUTB_UNCONNECTED[6]
NLW_second_row_buffer.weight_rows_1_reg_12_CASDOUTB_UNCONNECTED[7]
NLW_second_row_buffer.weight_rows_1_reg_12_CASDOUTB_UNCONNECTED[8]
NLW_second_row_buffer.weight_rows_1_reg_12_CASDOUTB_UNCONNECTED[9]
NLW_second_row_buffer.weight_rows_1_reg_12_CASDOUTB_UNCONNECTED[10]
NLW_second_row_buffer.weight_rows_1_reg_12_CASDOUTB_UNCONNECTED[11]
NLW_second_row_buffer.weight_rows_1_reg_12_CASDOUTB_UNCONNECTED[12]
NLW_second_row_buffer.weight_rows_1_reg_12_CASDOUTB_UNCONNECTED[13]
NLW_second_row_buffer.weight_rows_1_reg_12_CASDOUTB_UNCONNECTED[14]
NLW_second_row_buffer.weight_rows_1_reg_12_CASDOUTB_UNCONNECTED[15]
NLW_second_row_buffer.weight_rows_1_reg_12_CASDOUTB_UNCONNECTED[16]
NLW_second_row_buffer.weight_rows_1_reg_12_CASDOUTB_UNCONNECTED[17]
NLW_second_row_buffer.weight_rows_1_reg_12_CASDOUTB_UNCONNECTED[18]
NLW_second_row_buffer.weight_rows_1_reg_12_CASDOUTB_UNCONNECTED[19]
NLW_second_row_buffer.weight_rows_1_reg_12_CASDOUTB_UNCONNECTED[20]
NLW_second_row_buffer.weight_rows_1_reg_12_CASDOUTB_UNCONNECTED[21]
NLW_second_row_buffer.weight_rows_1_reg_12_CASDOUTB_UNCONNECTED[22]
NLW_second_row_buffer.weight_rows_1_reg_12_CASDOUTB_UNCONNECTED[23]
NLW_second_row_buffer.weight_rows_1_reg_12_CASDOUTB_UNCONNECTED[24]
NLW_second_row_buffer.weight_rows_1_reg_12_CASDOUTB_UNCONNECTED[25]
NLW_second_row_buffer.weight_rows_1_reg_12_CASDOUTB_UNCONNECTED[26]
NLW_second_row_buffer.weight_rows_1_reg_12_CASDOUTB_UNCONNECTED[27]
NLW_second_row_buffer.weight_rows_1_reg_12_CASDOUTB_UNCONNECTED[28]
NLW_second_row_buffer.weight_rows_1_reg_12_CASDOUTB_UNCONNECTED[29]
NLW_second_row_buffer.weight_rows_1_reg_12_CASDOUTB_UNCONNECTED[30]
NLW_second_row_buffer.weight_rows_1_reg_12_CASDOUTB_UNCONNECTED[31]
NLW_second_row_buffer.weight_rows_1_reg_12_CASDOUTPA_UNCONNECTED[0]
NLW_second_row_buffer.weight_rows_1_reg_12_CASDOUTPA_UNCONNECTED[1]
NLW_second_row_buffer.weight_rows_1_reg_12_CASDOUTPA_UNCONNECTED[2]
NLW_second_row_buffer.weight_rows_1_reg_12_CASDOUTPA_UNCONNECTED[3]
NLW_second_row_buffer.weight_rows_1_reg_12_CASDOUTPB_UNCONNECTED[0]
NLW_second_row_buffer.weight_rows_1_reg_12_CASDOUTPB_UNCONNECTED[1]
NLW_second_row_buffer.weight_rows_1_reg_12_CASDOUTPB_UNCONNECTED[2]
NLW_second_row_buffer.weight_rows_1_reg_12_CASDOUTPB_UNCONNECTED[3]
NLW_second_row_buffer.weight_rows_1_reg_12_ECCPARITY_UNCONNECTED[0]
NLW_second_row_buffer.weight_rows_1_reg_12_ECCPARITY_UNCONNECTED[1]
NLW_second_row_buffer.weight_rows_1_reg_12_ECCPARITY_UNCONNECTED[2]
NLW_second_row_buffer.weight_rows_1_reg_12_ECCPARITY_UNCONNECTED[3]
NLW_second_row_buffer.weight_rows_1_reg_12_ECCPARITY_UNCONNECTED[4]
NLW_second_row_buffer.weight_rows_1_reg_12_ECCPARITY_UNCONNECTED[5]
NLW_second_row_buffer.weight_rows_1_reg_12_ECCPARITY_UNCONNECTED[6]
NLW_second_row_buffer.weight_rows_1_reg_12_ECCPARITY_UNCONNECTED[7]
NLW_second_row_buffer.weight_rows_1_reg_12_RDADDRECC_UNCONNECTED[0]
NLW_second_row_buffer.weight_rows_1_reg_12_RDADDRECC_UNCONNECTED[1]
NLW_second_row_buffer.weight_rows_1_reg_12_RDADDRECC_UNCONNECTED[2]
NLW_second_row_buffer.weight_rows_1_reg_12_RDADDRECC_UNCONNECTED[3]
NLW_second_row_buffer.weight_rows_1_reg_12_RDADDRECC_UNCONNECTED[4]
NLW_second_row_buffer.weight_rows_1_reg_12_RDADDRECC_UNCONNECTED[5]
NLW_second_row_buffer.weight_rows_1_reg_12_RDADDRECC_UNCONNECTED[6]
NLW_second_row_buffer.weight_rows_1_reg_12_RDADDRECC_UNCONNECTED[7]
NLW_second_row_buffer.weight_rows_1_reg_12_RDADDRECC_UNCONNECTED[8]
NLW_second_row_buffer.weight_rows_1_reg_13_CASOUTDBITERR_UNCONNECTED
NLW_second_row_buffer.weight_rows_1_reg_13_CASOUTSBITERR_UNCONNECTED
NLW_second_row_buffer.weight_rows_1_reg_13_DBITERR_UNCONNECTED
NLW_second_row_buffer.weight_rows_1_reg_13_SBITERR_UNCONNECTED
NLW_second_row_buffer.weight_rows_1_reg_13_CASDINA_UNCONNECTED[0]
NLW_second_row_buffer.weight_rows_1_reg_13_CASDINA_UNCONNECTED[1]
NLW_second_row_buffer.weight_rows_1_reg_13_CASDINA_UNCONNECTED[2]
NLW_second_row_buffer.weight_rows_1_reg_13_CASDINA_UNCONNECTED[3]
NLW_second_row_buffer.weight_rows_1_reg_13_CASDINA_UNCONNECTED[4]
NLW_second_row_buffer.weight_rows_1_reg_13_CASDINA_UNCONNECTED[5]
NLW_second_row_buffer.weight_rows_1_reg_13_CASDINA_UNCONNECTED[6]
NLW_second_row_buffer.weight_rows_1_reg_13_CASDINA_UNCONNECTED[7]
NLW_second_row_buffer.weight_rows_1_reg_13_CASDINA_UNCONNECTED[8]
NLW_second_row_buffer.weight_rows_1_reg_13_CASDINA_UNCONNECTED[9]
NLW_second_row_buffer.weight_rows_1_reg_13_CASDINA_UNCONNECTED[10]
NLW_second_row_buffer.weight_rows_1_reg_13_CASDINA_UNCONNECTED[11]
NLW_second_row_buffer.weight_rows_1_reg_13_CASDINA_UNCONNECTED[12]
NLW_second_row_buffer.weight_rows_1_reg_13_CASDINA_UNCONNECTED[13]
NLW_second_row_buffer.weight_rows_1_reg_13_CASDINA_UNCONNECTED[14]
NLW_second_row_buffer.weight_rows_1_reg_13_CASDINA_UNCONNECTED[15]
NLW_second_row_buffer.weight_rows_1_reg_13_CASDINA_UNCONNECTED[16]
NLW_second_row_buffer.weight_rows_1_reg_13_CASDINA_UNCONNECTED[17]
NLW_second_row_buffer.weight_rows_1_reg_13_CASDINA_UNCONNECTED[18]
NLW_second_row_buffer.weight_rows_1_reg_13_CASDINA_UNCONNECTED[19]
NLW_second_row_buffer.weight_rows_1_reg_13_CASDINA_UNCONNECTED[20]
NLW_second_row_buffer.weight_rows_1_reg_13_CASDINA_UNCONNECTED[21]
NLW_second_row_buffer.weight_rows_1_reg_13_CASDINA_UNCONNECTED[22]
NLW_second_row_buffer.weight_rows_1_reg_13_CASDINA_UNCONNECTED[23]
NLW_second_row_buffer.weight_rows_1_reg_13_CASDINA_UNCONNECTED[24]
NLW_second_row_buffer.weight_rows_1_reg_13_CASDINA_UNCONNECTED[25]
NLW_second_row_buffer.weight_rows_1_reg_13_CASDINA_UNCONNECTED[26]
NLW_second_row_buffer.weight_rows_1_reg_13_CASDINA_UNCONNECTED[27]
NLW_second_row_buffer.weight_rows_1_reg_13_CASDINA_UNCONNECTED[28]
NLW_second_row_buffer.weight_rows_1_reg_13_CASDINA_UNCONNECTED[29]
NLW_second_row_buffer.weight_rows_1_reg_13_CASDINA_UNCONNECTED[30]
NLW_second_row_buffer.weight_rows_1_reg_13_CASDINA_UNCONNECTED[31]
NLW_second_row_buffer.weight_rows_1_reg_13_CASDINB_UNCONNECTED[0]
NLW_second_row_buffer.weight_rows_1_reg_13_CASDINB_UNCONNECTED[1]
NLW_second_row_buffer.weight_rows_1_reg_13_CASDINB_UNCONNECTED[2]
NLW_second_row_buffer.weight_rows_1_reg_13_CASDINB_UNCONNECTED[3]
NLW_second_row_buffer.weight_rows_1_reg_13_CASDINB_UNCONNECTED[4]
NLW_second_row_buffer.weight_rows_1_reg_13_CASDINB_UNCONNECTED[5]
NLW_second_row_buffer.weight_rows_1_reg_13_CASDINB_UNCONNECTED[6]
NLW_second_row_buffer.weight_rows_1_reg_13_CASDINB_UNCONNECTED[7]
NLW_second_row_buffer.weight_rows_1_reg_13_CASDINB_UNCONNECTED[8]
NLW_second_row_buffer.weight_rows_1_reg_13_CASDINB_UNCONNECTED[9]
NLW_second_row_buffer.weight_rows_1_reg_13_CASDINB_UNCONNECTED[10]
NLW_second_row_buffer.weight_rows_1_reg_13_CASDINB_UNCONNECTED[11]
NLW_second_row_buffer.weight_rows_1_reg_13_CASDINB_UNCONNECTED[12]
NLW_second_row_buffer.weight_rows_1_reg_13_CASDINB_UNCONNECTED[13]
NLW_second_row_buffer.weight_rows_1_reg_13_CASDINB_UNCONNECTED[14]
NLW_second_row_buffer.weight_rows_1_reg_13_CASDINB_UNCONNECTED[15]
NLW_second_row_buffer.weight_rows_1_reg_13_CASDINB_UNCONNECTED[16]
NLW_second_row_buffer.weight_rows_1_reg_13_CASDINB_UNCONNECTED[17]
NLW_second_row_buffer.weight_rows_1_reg_13_CASDINB_UNCONNECTED[18]
NLW_second_row_buffer.weight_rows_1_reg_13_CASDINB_UNCONNECTED[19]
NLW_second_row_buffer.weight_rows_1_reg_13_CASDINB_UNCONNECTED[20]
NLW_second_row_buffer.weight_rows_1_reg_13_CASDINB_UNCONNECTED[21]
NLW_second_row_buffer.weight_rows_1_reg_13_CASDINB_UNCONNECTED[22]
NLW_second_row_buffer.weight_rows_1_reg_13_CASDINB_UNCONNECTED[23]
NLW_second_row_buffer.weight_rows_1_reg_13_CASDINB_UNCONNECTED[24]
NLW_second_row_buffer.weight_rows_1_reg_13_CASDINB_UNCONNECTED[25]
NLW_second_row_buffer.weight_rows_1_reg_13_CASDINB_UNCONNECTED[26]
NLW_second_row_buffer.weight_rows_1_reg_13_CASDINB_UNCONNECTED[27]
NLW_second_row_buffer.weight_rows_1_reg_13_CASDINB_UNCONNECTED[28]
NLW_second_row_buffer.weight_rows_1_reg_13_CASDINB_UNCONNECTED[29]
NLW_second_row_buffer.weight_rows_1_reg_13_CASDINB_UNCONNECTED[30]
NLW_second_row_buffer.weight_rows_1_reg_13_CASDINB_UNCONNECTED[31]
NLW_second_row_buffer.weight_rows_1_reg_13_CASDINPA_UNCONNECTED[0]
NLW_second_row_buffer.weight_rows_1_reg_13_CASDINPA_UNCONNECTED[1]
NLW_second_row_buffer.weight_rows_1_reg_13_CASDINPA_UNCONNECTED[2]
NLW_second_row_buffer.weight_rows_1_reg_13_CASDINPA_UNCONNECTED[3]
NLW_second_row_buffer.weight_rows_1_reg_13_CASDINPB_UNCONNECTED[0]
NLW_second_row_buffer.weight_rows_1_reg_13_CASDINPB_UNCONNECTED[1]
NLW_second_row_buffer.weight_rows_1_reg_13_CASDINPB_UNCONNECTED[2]
NLW_second_row_buffer.weight_rows_1_reg_13_CASDINPB_UNCONNECTED[3]
NLW_second_row_buffer.weight_rows_1_reg_13_CASDOUTA_UNCONNECTED[0]
NLW_second_row_buffer.weight_rows_1_reg_13_CASDOUTA_UNCONNECTED[1]
NLW_second_row_buffer.weight_rows_1_reg_13_CASDOUTA_UNCONNECTED[2]
NLW_second_row_buffer.weight_rows_1_reg_13_CASDOUTA_UNCONNECTED[3]
NLW_second_row_buffer.weight_rows_1_reg_13_CASDOUTA_UNCONNECTED[4]
NLW_second_row_buffer.weight_rows_1_reg_13_CASDOUTA_UNCONNECTED[5]
NLW_second_row_buffer.weight_rows_1_reg_13_CASDOUTA_UNCONNECTED[6]
NLW_second_row_buffer.weight_rows_1_reg_13_CASDOUTA_UNCONNECTED[7]
NLW_second_row_buffer.weight_rows_1_reg_13_CASDOUTA_UNCONNECTED[8]
NLW_second_row_buffer.weight_rows_1_reg_13_CASDOUTA_UNCONNECTED[9]
NLW_second_row_buffer.weight_rows_1_reg_13_CASDOUTA_UNCONNECTED[10]
NLW_second_row_buffer.weight_rows_1_reg_13_CASDOUTA_UNCONNECTED[11]
NLW_second_row_buffer.weight_rows_1_reg_13_CASDOUTA_UNCONNECTED[12]
NLW_second_row_buffer.weight_rows_1_reg_13_CASDOUTA_UNCONNECTED[13]
NLW_second_row_buffer.weight_rows_1_reg_13_CASDOUTA_UNCONNECTED[14]
NLW_second_row_buffer.weight_rows_1_reg_13_CASDOUTA_UNCONNECTED[15]
NLW_second_row_buffer.weight_rows_1_reg_13_CASDOUTA_UNCONNECTED[16]
NLW_second_row_buffer.weight_rows_1_reg_13_CASDOUTA_UNCONNECTED[17]
NLW_second_row_buffer.weight_rows_1_reg_13_CASDOUTA_UNCONNECTED[18]
NLW_second_row_buffer.weight_rows_1_reg_13_CASDOUTA_UNCONNECTED[19]
NLW_second_row_buffer.weight_rows_1_reg_13_CASDOUTA_UNCONNECTED[20]
NLW_second_row_buffer.weight_rows_1_reg_13_CASDOUTA_UNCONNECTED[21]
NLW_second_row_buffer.weight_rows_1_reg_13_CASDOUTA_UNCONNECTED[22]
NLW_second_row_buffer.weight_rows_1_reg_13_CASDOUTA_UNCONNECTED[23]
NLW_second_row_buffer.weight_rows_1_reg_13_CASDOUTA_UNCONNECTED[24]
NLW_second_row_buffer.weight_rows_1_reg_13_CASDOUTA_UNCONNECTED[25]
NLW_second_row_buffer.weight_rows_1_reg_13_CASDOUTA_UNCONNECTED[26]
NLW_second_row_buffer.weight_rows_1_reg_13_CASDOUTA_UNCONNECTED[27]
NLW_second_row_buffer.weight_rows_1_reg_13_CASDOUTA_UNCONNECTED[28]
NLW_second_row_buffer.weight_rows_1_reg_13_CASDOUTA_UNCONNECTED[29]
NLW_second_row_buffer.weight_rows_1_reg_13_CASDOUTA_UNCONNECTED[30]
NLW_second_row_buffer.weight_rows_1_reg_13_CASDOUTA_UNCONNECTED[31]
NLW_second_row_buffer.weight_rows_1_reg_13_CASDOUTB_UNCONNECTED[0]
NLW_second_row_buffer.weight_rows_1_reg_13_CASDOUTB_UNCONNECTED[1]
NLW_second_row_buffer.weight_rows_1_reg_13_CASDOUTB_UNCONNECTED[2]
NLW_second_row_buffer.weight_rows_1_reg_13_CASDOUTB_UNCONNECTED[3]
NLW_second_row_buffer.weight_rows_1_reg_13_CASDOUTB_UNCONNECTED[4]
NLW_second_row_buffer.weight_rows_1_reg_13_CASDOUTB_UNCONNECTED[5]
NLW_second_row_buffer.weight_rows_1_reg_13_CASDOUTB_UNCONNECTED[6]
NLW_second_row_buffer.weight_rows_1_reg_13_CASDOUTB_UNCONNECTED[7]
NLW_second_row_buffer.weight_rows_1_reg_13_CASDOUTB_UNCONNECTED[8]
NLW_second_row_buffer.weight_rows_1_reg_13_CASDOUTB_UNCONNECTED[9]
NLW_second_row_buffer.weight_rows_1_reg_13_CASDOUTB_UNCONNECTED[10]
NLW_second_row_buffer.weight_rows_1_reg_13_CASDOUTB_UNCONNECTED[11]
NLW_second_row_buffer.weight_rows_1_reg_13_CASDOUTB_UNCONNECTED[12]
NLW_second_row_buffer.weight_rows_1_reg_13_CASDOUTB_UNCONNECTED[13]
NLW_second_row_buffer.weight_rows_1_reg_13_CASDOUTB_UNCONNECTED[14]
NLW_second_row_buffer.weight_rows_1_reg_13_CASDOUTB_UNCONNECTED[15]
NLW_second_row_buffer.weight_rows_1_reg_13_CASDOUTB_UNCONNECTED[16]
NLW_second_row_buffer.weight_rows_1_reg_13_CASDOUTB_UNCONNECTED[17]
NLW_second_row_buffer.weight_rows_1_reg_13_CASDOUTB_UNCONNECTED[18]
NLW_second_row_buffer.weight_rows_1_reg_13_CASDOUTB_UNCONNECTED[19]
NLW_second_row_buffer.weight_rows_1_reg_13_CASDOUTB_UNCONNECTED[20]
NLW_second_row_buffer.weight_rows_1_reg_13_CASDOUTB_UNCONNECTED[21]
NLW_second_row_buffer.weight_rows_1_reg_13_CASDOUTB_UNCONNECTED[22]
NLW_second_row_buffer.weight_rows_1_reg_13_CASDOUTB_UNCONNECTED[23]
NLW_second_row_buffer.weight_rows_1_reg_13_CASDOUTB_UNCONNECTED[24]
NLW_second_row_buffer.weight_rows_1_reg_13_CASDOUTB_UNCONNECTED[25]
NLW_second_row_buffer.weight_rows_1_reg_13_CASDOUTB_UNCONNECTED[26]
NLW_second_row_buffer.weight_rows_1_reg_13_CASDOUTB_UNCONNECTED[27]
NLW_second_row_buffer.weight_rows_1_reg_13_CASDOUTB_UNCONNECTED[28]
NLW_second_row_buffer.weight_rows_1_reg_13_CASDOUTB_UNCONNECTED[29]
NLW_second_row_buffer.weight_rows_1_reg_13_CASDOUTB_UNCONNECTED[30]
NLW_second_row_buffer.weight_rows_1_reg_13_CASDOUTB_UNCONNECTED[31]
NLW_second_row_buffer.weight_rows_1_reg_13_CASDOUTPA_UNCONNECTED[0]
NLW_second_row_buffer.weight_rows_1_reg_13_CASDOUTPA_UNCONNECTED[1]
NLW_second_row_buffer.weight_rows_1_reg_13_CASDOUTPA_UNCONNECTED[2]
NLW_second_row_buffer.weight_rows_1_reg_13_CASDOUTPA_UNCONNECTED[3]
NLW_second_row_buffer.weight_rows_1_reg_13_CASDOUTPB_UNCONNECTED[0]
NLW_second_row_buffer.weight_rows_1_reg_13_CASDOUTPB_UNCONNECTED[1]
NLW_second_row_buffer.weight_rows_1_reg_13_CASDOUTPB_UNCONNECTED[2]
NLW_second_row_buffer.weight_rows_1_reg_13_CASDOUTPB_UNCONNECTED[3]
NLW_second_row_buffer.weight_rows_1_reg_13_ECCPARITY_UNCONNECTED[0]
NLW_second_row_buffer.weight_rows_1_reg_13_ECCPARITY_UNCONNECTED[1]
NLW_second_row_buffer.weight_rows_1_reg_13_ECCPARITY_UNCONNECTED[2]
NLW_second_row_buffer.weight_rows_1_reg_13_ECCPARITY_UNCONNECTED[3]
NLW_second_row_buffer.weight_rows_1_reg_13_ECCPARITY_UNCONNECTED[4]
NLW_second_row_buffer.weight_rows_1_reg_13_ECCPARITY_UNCONNECTED[5]
NLW_second_row_buffer.weight_rows_1_reg_13_ECCPARITY_UNCONNECTED[6]
NLW_second_row_buffer.weight_rows_1_reg_13_ECCPARITY_UNCONNECTED[7]
NLW_second_row_buffer.weight_rows_1_reg_13_RDADDRECC_UNCONNECTED[0]
NLW_second_row_buffer.weight_rows_1_reg_13_RDADDRECC_UNCONNECTED[1]
NLW_second_row_buffer.weight_rows_1_reg_13_RDADDRECC_UNCONNECTED[2]
NLW_second_row_buffer.weight_rows_1_reg_13_RDADDRECC_UNCONNECTED[3]
NLW_second_row_buffer.weight_rows_1_reg_13_RDADDRECC_UNCONNECTED[4]
NLW_second_row_buffer.weight_rows_1_reg_13_RDADDRECC_UNCONNECTED[5]
NLW_second_row_buffer.weight_rows_1_reg_13_RDADDRECC_UNCONNECTED[6]
NLW_second_row_buffer.weight_rows_1_reg_13_RDADDRECC_UNCONNECTED[7]
NLW_second_row_buffer.weight_rows_1_reg_13_RDADDRECC_UNCONNECTED[8]
NLW_second_row_buffer.weight_rows_1_reg_14_CASDINA_UNCONNECTED[0]
NLW_second_row_buffer.weight_rows_1_reg_14_CASDINA_UNCONNECTED[1]
NLW_second_row_buffer.weight_rows_1_reg_14_CASDINA_UNCONNECTED[2]
NLW_second_row_buffer.weight_rows_1_reg_14_CASDINA_UNCONNECTED[3]
NLW_second_row_buffer.weight_rows_1_reg_14_CASDINA_UNCONNECTED[4]
NLW_second_row_buffer.weight_rows_1_reg_14_CASDINA_UNCONNECTED[5]
NLW_second_row_buffer.weight_rows_1_reg_14_CASDINA_UNCONNECTED[6]
NLW_second_row_buffer.weight_rows_1_reg_14_CASDINA_UNCONNECTED[7]
NLW_second_row_buffer.weight_rows_1_reg_14_CASDINA_UNCONNECTED[8]
NLW_second_row_buffer.weight_rows_1_reg_14_CASDINA_UNCONNECTED[9]
NLW_second_row_buffer.weight_rows_1_reg_14_CASDINA_UNCONNECTED[10]
NLW_second_row_buffer.weight_rows_1_reg_14_CASDINA_UNCONNECTED[11]
NLW_second_row_buffer.weight_rows_1_reg_14_CASDINA_UNCONNECTED[12]
NLW_second_row_buffer.weight_rows_1_reg_14_CASDINA_UNCONNECTED[13]
NLW_second_row_buffer.weight_rows_1_reg_14_CASDINA_UNCONNECTED[14]
NLW_second_row_buffer.weight_rows_1_reg_14_CASDINA_UNCONNECTED[15]
NLW_second_row_buffer.weight_rows_1_reg_14_CASDINB_UNCONNECTED[0]
NLW_second_row_buffer.weight_rows_1_reg_14_CASDINB_UNCONNECTED[1]
NLW_second_row_buffer.weight_rows_1_reg_14_CASDINB_UNCONNECTED[2]
NLW_second_row_buffer.weight_rows_1_reg_14_CASDINB_UNCONNECTED[3]
NLW_second_row_buffer.weight_rows_1_reg_14_CASDINB_UNCONNECTED[4]
NLW_second_row_buffer.weight_rows_1_reg_14_CASDINB_UNCONNECTED[5]
NLW_second_row_buffer.weight_rows_1_reg_14_CASDINB_UNCONNECTED[6]
NLW_second_row_buffer.weight_rows_1_reg_14_CASDINB_UNCONNECTED[7]
NLW_second_row_buffer.weight_rows_1_reg_14_CASDINB_UNCONNECTED[8]
NLW_second_row_buffer.weight_rows_1_reg_14_CASDINB_UNCONNECTED[9]
NLW_second_row_buffer.weight_rows_1_reg_14_CASDINB_UNCONNECTED[10]
NLW_second_row_buffer.weight_rows_1_reg_14_CASDINB_UNCONNECTED[11]
NLW_second_row_buffer.weight_rows_1_reg_14_CASDINB_UNCONNECTED[12]
NLW_second_row_buffer.weight_rows_1_reg_14_CASDINB_UNCONNECTED[13]
NLW_second_row_buffer.weight_rows_1_reg_14_CASDINB_UNCONNECTED[14]
NLW_second_row_buffer.weight_rows_1_reg_14_CASDINB_UNCONNECTED[15]
NLW_second_row_buffer.weight_rows_1_reg_14_CASDINPA_UNCONNECTED[0]
NLW_second_row_buffer.weight_rows_1_reg_14_CASDINPA_UNCONNECTED[1]
NLW_second_row_buffer.weight_rows_1_reg_14_CASDINPB_UNCONNECTED[0]
NLW_second_row_buffer.weight_rows_1_reg_14_CASDINPB_UNCONNECTED[1]
NLW_second_row_buffer.weight_rows_1_reg_14_CASDOUTA_UNCONNECTED[0]
NLW_second_row_buffer.weight_rows_1_reg_14_CASDOUTA_UNCONNECTED[1]
NLW_second_row_buffer.weight_rows_1_reg_14_CASDOUTA_UNCONNECTED[2]
NLW_second_row_buffer.weight_rows_1_reg_14_CASDOUTA_UNCONNECTED[3]
NLW_second_row_buffer.weight_rows_1_reg_14_CASDOUTA_UNCONNECTED[4]
NLW_second_row_buffer.weight_rows_1_reg_14_CASDOUTA_UNCONNECTED[5]
NLW_second_row_buffer.weight_rows_1_reg_14_CASDOUTA_UNCONNECTED[6]
NLW_second_row_buffer.weight_rows_1_reg_14_CASDOUTA_UNCONNECTED[7]
NLW_second_row_buffer.weight_rows_1_reg_14_CASDOUTA_UNCONNECTED[8]
NLW_second_row_buffer.weight_rows_1_reg_14_CASDOUTA_UNCONNECTED[9]
NLW_second_row_buffer.weight_rows_1_reg_14_CASDOUTA_UNCONNECTED[10]
NLW_second_row_buffer.weight_rows_1_reg_14_CASDOUTA_UNCONNECTED[11]
NLW_second_row_buffer.weight_rows_1_reg_14_CASDOUTA_UNCONNECTED[12]
NLW_second_row_buffer.weight_rows_1_reg_14_CASDOUTA_UNCONNECTED[13]
NLW_second_row_buffer.weight_rows_1_reg_14_CASDOUTA_UNCONNECTED[14]
NLW_second_row_buffer.weight_rows_1_reg_14_CASDOUTA_UNCONNECTED[15]
NLW_second_row_buffer.weight_rows_1_reg_14_CASDOUTB_UNCONNECTED[0]
NLW_second_row_buffer.weight_rows_1_reg_14_CASDOUTB_UNCONNECTED[1]
NLW_second_row_buffer.weight_rows_1_reg_14_CASDOUTB_UNCONNECTED[2]
NLW_second_row_buffer.weight_rows_1_reg_14_CASDOUTB_UNCONNECTED[3]
NLW_second_row_buffer.weight_rows_1_reg_14_CASDOUTB_UNCONNECTED[4]
NLW_second_row_buffer.weight_rows_1_reg_14_CASDOUTB_UNCONNECTED[5]
NLW_second_row_buffer.weight_rows_1_reg_14_CASDOUTB_UNCONNECTED[6]
NLW_second_row_buffer.weight_rows_1_reg_14_CASDOUTB_UNCONNECTED[7]
NLW_second_row_buffer.weight_rows_1_reg_14_CASDOUTB_UNCONNECTED[8]
NLW_second_row_buffer.weight_rows_1_reg_14_CASDOUTB_UNCONNECTED[9]
NLW_second_row_buffer.weight_rows_1_reg_14_CASDOUTB_UNCONNECTED[10]
NLW_second_row_buffer.weight_rows_1_reg_14_CASDOUTB_UNCONNECTED[11]
NLW_second_row_buffer.weight_rows_1_reg_14_CASDOUTB_UNCONNECTED[12]
NLW_second_row_buffer.weight_rows_1_reg_14_CASDOUTB_UNCONNECTED[13]
NLW_second_row_buffer.weight_rows_1_reg_14_CASDOUTB_UNCONNECTED[14]
NLW_second_row_buffer.weight_rows_1_reg_14_CASDOUTB_UNCONNECTED[15]
NLW_second_row_buffer.weight_rows_1_reg_14_CASDOUTPA_UNCONNECTED[0]
NLW_second_row_buffer.weight_rows_1_reg_14_CASDOUTPA_UNCONNECTED[1]
NLW_second_row_buffer.weight_rows_1_reg_14_CASDOUTPB_UNCONNECTED[0]
NLW_second_row_buffer.weight_rows_1_reg_14_CASDOUTPB_UNCONNECTED[1]
NLW_second_row_buffer.weight_rows_1_reg_14_DOUTBDOUT_UNCONNECTED[0]
NLW_second_row_buffer.weight_rows_1_reg_14_DOUTBDOUT_UNCONNECTED[1]
NLW_second_row_buffer.weight_rows_1_reg_14_DOUTBDOUT_UNCONNECTED[2]
NLW_second_row_buffer.weight_rows_1_reg_14_DOUTBDOUT_UNCONNECTED[3]
NLW_second_row_buffer.weight_rows_1_reg_14_DOUTBDOUT_UNCONNECTED[4]
NLW_second_row_buffer.weight_rows_1_reg_14_DOUTBDOUT_UNCONNECTED[5]
NLW_second_row_buffer.weight_rows_1_reg_14_DOUTBDOUT_UNCONNECTED[6]
NLW_second_row_buffer.weight_rows_1_reg_14_DOUTBDOUT_UNCONNECTED[7]
NLW_second_row_buffer.weight_rows_1_reg_14_DOUTBDOUT_UNCONNECTED[8]
NLW_second_row_buffer.weight_rows_1_reg_14_DOUTBDOUT_UNCONNECTED[9]
NLW_second_row_buffer.weight_rows_1_reg_14_DOUTBDOUT_UNCONNECTED[10]
NLW_second_row_buffer.weight_rows_1_reg_14_DOUTBDOUT_UNCONNECTED[11]
NLW_second_row_buffer.weight_rows_1_reg_14_DOUTBDOUT_UNCONNECTED[12]
NLW_second_row_buffer.weight_rows_1_reg_14_DOUTBDOUT_UNCONNECTED[13]
NLW_second_row_buffer.weight_rows_1_reg_14_DOUTBDOUT_UNCONNECTED[14]
NLW_second_row_buffer.weight_rows_1_reg_14_DOUTBDOUT_UNCONNECTED[15]
NLW_second_row_buffer.weight_rows_1_reg_14_DOUTPADOUTP_UNCONNECTED[0]
NLW_second_row_buffer.weight_rows_1_reg_14_DOUTPADOUTP_UNCONNECTED[1]
NLW_second_row_buffer.weight_rows_1_reg_14_DOUTPBDOUTP_UNCONNECTED[0]
NLW_second_row_buffer.weight_rows_1_reg_14_DOUTPBDOUTP_UNCONNECTED[1]
NLW_second_row_buffer.weight_rows_1_reg_2_CASOUTDBITERR_UNCONNECTED
NLW_second_row_buffer.weight_rows_1_reg_2_CASOUTSBITERR_UNCONNECTED
NLW_second_row_buffer.weight_rows_1_reg_2_DBITERR_UNCONNECTED
NLW_second_row_buffer.weight_rows_1_reg_2_SBITERR_UNCONNECTED
NLW_second_row_buffer.weight_rows_1_reg_2_CASDINA_UNCONNECTED[0]
NLW_second_row_buffer.weight_rows_1_reg_2_CASDINA_UNCONNECTED[1]
NLW_second_row_buffer.weight_rows_1_reg_2_CASDINA_UNCONNECTED[2]
NLW_second_row_buffer.weight_rows_1_reg_2_CASDINA_UNCONNECTED[3]
NLW_second_row_buffer.weight_rows_1_reg_2_CASDINA_UNCONNECTED[4]
NLW_second_row_buffer.weight_rows_1_reg_2_CASDINA_UNCONNECTED[5]
NLW_second_row_buffer.weight_rows_1_reg_2_CASDINA_UNCONNECTED[6]
NLW_second_row_buffer.weight_rows_1_reg_2_CASDINA_UNCONNECTED[7]
NLW_second_row_buffer.weight_rows_1_reg_2_CASDINA_UNCONNECTED[8]
NLW_second_row_buffer.weight_rows_1_reg_2_CASDINA_UNCONNECTED[9]
NLW_second_row_buffer.weight_rows_1_reg_2_CASDINA_UNCONNECTED[10]
NLW_second_row_buffer.weight_rows_1_reg_2_CASDINA_UNCONNECTED[11]
NLW_second_row_buffer.weight_rows_1_reg_2_CASDINA_UNCONNECTED[12]
NLW_second_row_buffer.weight_rows_1_reg_2_CASDINA_UNCONNECTED[13]
NLW_second_row_buffer.weight_rows_1_reg_2_CASDINA_UNCONNECTED[14]
NLW_second_row_buffer.weight_rows_1_reg_2_CASDINA_UNCONNECTED[15]
NLW_second_row_buffer.weight_rows_1_reg_2_CASDINA_UNCONNECTED[16]
NLW_second_row_buffer.weight_rows_1_reg_2_CASDINA_UNCONNECTED[17]
NLW_second_row_buffer.weight_rows_1_reg_2_CASDINA_UNCONNECTED[18]
NLW_second_row_buffer.weight_rows_1_reg_2_CASDINA_UNCONNECTED[19]
NLW_second_row_buffer.weight_rows_1_reg_2_CASDINA_UNCONNECTED[20]
NLW_second_row_buffer.weight_rows_1_reg_2_CASDINA_UNCONNECTED[21]
NLW_second_row_buffer.weight_rows_1_reg_2_CASDINA_UNCONNECTED[22]
NLW_second_row_buffer.weight_rows_1_reg_2_CASDINA_UNCONNECTED[23]
NLW_second_row_buffer.weight_rows_1_reg_2_CASDINA_UNCONNECTED[24]
NLW_second_row_buffer.weight_rows_1_reg_2_CASDINA_UNCONNECTED[25]
NLW_second_row_buffer.weight_rows_1_reg_2_CASDINA_UNCONNECTED[26]
NLW_second_row_buffer.weight_rows_1_reg_2_CASDINA_UNCONNECTED[27]
NLW_second_row_buffer.weight_rows_1_reg_2_CASDINA_UNCONNECTED[28]
NLW_second_row_buffer.weight_rows_1_reg_2_CASDINA_UNCONNECTED[29]
NLW_second_row_buffer.weight_rows_1_reg_2_CASDINA_UNCONNECTED[30]
NLW_second_row_buffer.weight_rows_1_reg_2_CASDINA_UNCONNECTED[31]
NLW_second_row_buffer.weight_rows_1_reg_2_CASDINB_UNCONNECTED[0]
NLW_second_row_buffer.weight_rows_1_reg_2_CASDINB_UNCONNECTED[1]
NLW_second_row_buffer.weight_rows_1_reg_2_CASDINB_UNCONNECTED[2]
NLW_second_row_buffer.weight_rows_1_reg_2_CASDINB_UNCONNECTED[3]
NLW_second_row_buffer.weight_rows_1_reg_2_CASDINB_UNCONNECTED[4]
NLW_second_row_buffer.weight_rows_1_reg_2_CASDINB_UNCONNECTED[5]
NLW_second_row_buffer.weight_rows_1_reg_2_CASDINB_UNCONNECTED[6]
NLW_second_row_buffer.weight_rows_1_reg_2_CASDINB_UNCONNECTED[7]
NLW_second_row_buffer.weight_rows_1_reg_2_CASDINB_UNCONNECTED[8]
NLW_second_row_buffer.weight_rows_1_reg_2_CASDINB_UNCONNECTED[9]
NLW_second_row_buffer.weight_rows_1_reg_2_CASDINB_UNCONNECTED[10]
NLW_second_row_buffer.weight_rows_1_reg_2_CASDINB_UNCONNECTED[11]
NLW_second_row_buffer.weight_rows_1_reg_2_CASDINB_UNCONNECTED[12]
NLW_second_row_buffer.weight_rows_1_reg_2_CASDINB_UNCONNECTED[13]
NLW_second_row_buffer.weight_rows_1_reg_2_CASDINB_UNCONNECTED[14]
NLW_second_row_buffer.weight_rows_1_reg_2_CASDINB_UNCONNECTED[15]
NLW_second_row_buffer.weight_rows_1_reg_2_CASDINB_UNCONNECTED[16]
NLW_second_row_buffer.weight_rows_1_reg_2_CASDINB_UNCONNECTED[17]
NLW_second_row_buffer.weight_rows_1_reg_2_CASDINB_UNCONNECTED[18]
NLW_second_row_buffer.weight_rows_1_reg_2_CASDINB_UNCONNECTED[19]
NLW_second_row_buffer.weight_rows_1_reg_2_CASDINB_UNCONNECTED[20]
NLW_second_row_buffer.weight_rows_1_reg_2_CASDINB_UNCONNECTED[21]
NLW_second_row_buffer.weight_rows_1_reg_2_CASDINB_UNCONNECTED[22]
NLW_second_row_buffer.weight_rows_1_reg_2_CASDINB_UNCONNECTED[23]
NLW_second_row_buffer.weight_rows_1_reg_2_CASDINB_UNCONNECTED[24]
NLW_second_row_buffer.weight_rows_1_reg_2_CASDINB_UNCONNECTED[25]
NLW_second_row_buffer.weight_rows_1_reg_2_CASDINB_UNCONNECTED[26]
NLW_second_row_buffer.weight_rows_1_reg_2_CASDINB_UNCONNECTED[27]
NLW_second_row_buffer.weight_rows_1_reg_2_CASDINB_UNCONNECTED[28]
NLW_second_row_buffer.weight_rows_1_reg_2_CASDINB_UNCONNECTED[29]
NLW_second_row_buffer.weight_rows_1_reg_2_CASDINB_UNCONNECTED[30]
NLW_second_row_buffer.weight_rows_1_reg_2_CASDINB_UNCONNECTED[31]
NLW_second_row_buffer.weight_rows_1_reg_2_CASDINPA_UNCONNECTED[0]
NLW_second_row_buffer.weight_rows_1_reg_2_CASDINPA_UNCONNECTED[1]
NLW_second_row_buffer.weight_rows_1_reg_2_CASDINPA_UNCONNECTED[2]
NLW_second_row_buffer.weight_rows_1_reg_2_CASDINPA_UNCONNECTED[3]
NLW_second_row_buffer.weight_rows_1_reg_2_CASDINPB_UNCONNECTED[0]
NLW_second_row_buffer.weight_rows_1_reg_2_CASDINPB_UNCONNECTED[1]
NLW_second_row_buffer.weight_rows_1_reg_2_CASDINPB_UNCONNECTED[2]
NLW_second_row_buffer.weight_rows_1_reg_2_CASDINPB_UNCONNECTED[3]
NLW_second_row_buffer.weight_rows_1_reg_2_CASDOUTA_UNCONNECTED[0]
NLW_second_row_buffer.weight_rows_1_reg_2_CASDOUTA_UNCONNECTED[1]
NLW_second_row_buffer.weight_rows_1_reg_2_CASDOUTA_UNCONNECTED[2]
NLW_second_row_buffer.weight_rows_1_reg_2_CASDOUTA_UNCONNECTED[3]
NLW_second_row_buffer.weight_rows_1_reg_2_CASDOUTA_UNCONNECTED[4]
NLW_second_row_buffer.weight_rows_1_reg_2_CASDOUTA_UNCONNECTED[5]
NLW_second_row_buffer.weight_rows_1_reg_2_CASDOUTA_UNCONNECTED[6]
NLW_second_row_buffer.weight_rows_1_reg_2_CASDOUTA_UNCONNECTED[7]
NLW_second_row_buffer.weight_rows_1_reg_2_CASDOUTA_UNCONNECTED[8]
NLW_second_row_buffer.weight_rows_1_reg_2_CASDOUTA_UNCONNECTED[9]
NLW_second_row_buffer.weight_rows_1_reg_2_CASDOUTA_UNCONNECTED[10]
NLW_second_row_buffer.weight_rows_1_reg_2_CASDOUTA_UNCONNECTED[11]
NLW_second_row_buffer.weight_rows_1_reg_2_CASDOUTA_UNCONNECTED[12]
NLW_second_row_buffer.weight_rows_1_reg_2_CASDOUTA_UNCONNECTED[13]
NLW_second_row_buffer.weight_rows_1_reg_2_CASDOUTA_UNCONNECTED[14]
NLW_second_row_buffer.weight_rows_1_reg_2_CASDOUTA_UNCONNECTED[15]
NLW_second_row_buffer.weight_rows_1_reg_2_CASDOUTA_UNCONNECTED[16]
NLW_second_row_buffer.weight_rows_1_reg_2_CASDOUTA_UNCONNECTED[17]
NLW_second_row_buffer.weight_rows_1_reg_2_CASDOUTA_UNCONNECTED[18]
NLW_second_row_buffer.weight_rows_1_reg_2_CASDOUTA_UNCONNECTED[19]
NLW_second_row_buffer.weight_rows_1_reg_2_CASDOUTA_UNCONNECTED[20]
NLW_second_row_buffer.weight_rows_1_reg_2_CASDOUTA_UNCONNECTED[21]
NLW_second_row_buffer.weight_rows_1_reg_2_CASDOUTA_UNCONNECTED[22]
NLW_second_row_buffer.weight_rows_1_reg_2_CASDOUTA_UNCONNECTED[23]
NLW_second_row_buffer.weight_rows_1_reg_2_CASDOUTA_UNCONNECTED[24]
NLW_second_row_buffer.weight_rows_1_reg_2_CASDOUTA_UNCONNECTED[25]
NLW_second_row_buffer.weight_rows_1_reg_2_CASDOUTA_UNCONNECTED[26]
NLW_second_row_buffer.weight_rows_1_reg_2_CASDOUTA_UNCONNECTED[27]
NLW_second_row_buffer.weight_rows_1_reg_2_CASDOUTA_UNCONNECTED[28]
NLW_second_row_buffer.weight_rows_1_reg_2_CASDOUTA_UNCONNECTED[29]
NLW_second_row_buffer.weight_rows_1_reg_2_CASDOUTA_UNCONNECTED[30]
NLW_second_row_buffer.weight_rows_1_reg_2_CASDOUTA_UNCONNECTED[31]
NLW_second_row_buffer.weight_rows_1_reg_2_CASDOUTB_UNCONNECTED[0]
NLW_second_row_buffer.weight_rows_1_reg_2_CASDOUTB_UNCONNECTED[1]
NLW_second_row_buffer.weight_rows_1_reg_2_CASDOUTB_UNCONNECTED[2]
NLW_second_row_buffer.weight_rows_1_reg_2_CASDOUTB_UNCONNECTED[3]
NLW_second_row_buffer.weight_rows_1_reg_2_CASDOUTB_UNCONNECTED[4]
NLW_second_row_buffer.weight_rows_1_reg_2_CASDOUTB_UNCONNECTED[5]
NLW_second_row_buffer.weight_rows_1_reg_2_CASDOUTB_UNCONNECTED[6]
NLW_second_row_buffer.weight_rows_1_reg_2_CASDOUTB_UNCONNECTED[7]
NLW_second_row_buffer.weight_rows_1_reg_2_CASDOUTB_UNCONNECTED[8]
NLW_second_row_buffer.weight_rows_1_reg_2_CASDOUTB_UNCONNECTED[9]
NLW_second_row_buffer.weight_rows_1_reg_2_CASDOUTB_UNCONNECTED[10]
NLW_second_row_buffer.weight_rows_1_reg_2_CASDOUTB_UNCONNECTED[11]
NLW_second_row_buffer.weight_rows_1_reg_2_CASDOUTB_UNCONNECTED[12]
NLW_second_row_buffer.weight_rows_1_reg_2_CASDOUTB_UNCONNECTED[13]
NLW_second_row_buffer.weight_rows_1_reg_2_CASDOUTB_UNCONNECTED[14]
NLW_second_row_buffer.weight_rows_1_reg_2_CASDOUTB_UNCONNECTED[15]
NLW_second_row_buffer.weight_rows_1_reg_2_CASDOUTB_UNCONNECTED[16]
NLW_second_row_buffer.weight_rows_1_reg_2_CASDOUTB_UNCONNECTED[17]
NLW_second_row_buffer.weight_rows_1_reg_2_CASDOUTB_UNCONNECTED[18]
NLW_second_row_buffer.weight_rows_1_reg_2_CASDOUTB_UNCONNECTED[19]
NLW_second_row_buffer.weight_rows_1_reg_2_CASDOUTB_UNCONNECTED[20]
NLW_second_row_buffer.weight_rows_1_reg_2_CASDOUTB_UNCONNECTED[21]
NLW_second_row_buffer.weight_rows_1_reg_2_CASDOUTB_UNCONNECTED[22]
NLW_second_row_buffer.weight_rows_1_reg_2_CASDOUTB_UNCONNECTED[23]
NLW_second_row_buffer.weight_rows_1_reg_2_CASDOUTB_UNCONNECTED[24]
NLW_second_row_buffer.weight_rows_1_reg_2_CASDOUTB_UNCONNECTED[25]
NLW_second_row_buffer.weight_rows_1_reg_2_CASDOUTB_UNCONNECTED[26]
NLW_second_row_buffer.weight_rows_1_reg_2_CASDOUTB_UNCONNECTED[27]
NLW_second_row_buffer.weight_rows_1_reg_2_CASDOUTB_UNCONNECTED[28]
NLW_second_row_buffer.weight_rows_1_reg_2_CASDOUTB_UNCONNECTED[29]
NLW_second_row_buffer.weight_rows_1_reg_2_CASDOUTB_UNCONNECTED[30]
NLW_second_row_buffer.weight_rows_1_reg_2_CASDOUTB_UNCONNECTED[31]
NLW_second_row_buffer.weight_rows_1_reg_2_CASDOUTPA_UNCONNECTED[0]
NLW_second_row_buffer.weight_rows_1_reg_2_CASDOUTPA_UNCONNECTED[1]
NLW_second_row_buffer.weight_rows_1_reg_2_CASDOUTPA_UNCONNECTED[2]
NLW_second_row_buffer.weight_rows_1_reg_2_CASDOUTPA_UNCONNECTED[3]
NLW_second_row_buffer.weight_rows_1_reg_2_CASDOUTPB_UNCONNECTED[0]
NLW_second_row_buffer.weight_rows_1_reg_2_CASDOUTPB_UNCONNECTED[1]
NLW_second_row_buffer.weight_rows_1_reg_2_CASDOUTPB_UNCONNECTED[2]
NLW_second_row_buffer.weight_rows_1_reg_2_CASDOUTPB_UNCONNECTED[3]
NLW_second_row_buffer.weight_rows_1_reg_2_ECCPARITY_UNCONNECTED[0]
NLW_second_row_buffer.weight_rows_1_reg_2_ECCPARITY_UNCONNECTED[1]
NLW_second_row_buffer.weight_rows_1_reg_2_ECCPARITY_UNCONNECTED[2]
NLW_second_row_buffer.weight_rows_1_reg_2_ECCPARITY_UNCONNECTED[3]
NLW_second_row_buffer.weight_rows_1_reg_2_ECCPARITY_UNCONNECTED[4]
NLW_second_row_buffer.weight_rows_1_reg_2_ECCPARITY_UNCONNECTED[5]
NLW_second_row_buffer.weight_rows_1_reg_2_ECCPARITY_UNCONNECTED[6]
NLW_second_row_buffer.weight_rows_1_reg_2_ECCPARITY_UNCONNECTED[7]
NLW_second_row_buffer.weight_rows_1_reg_2_RDADDRECC_UNCONNECTED[0]
NLW_second_row_buffer.weight_rows_1_reg_2_RDADDRECC_UNCONNECTED[1]
NLW_second_row_buffer.weight_rows_1_reg_2_RDADDRECC_UNCONNECTED[2]
NLW_second_row_buffer.weight_rows_1_reg_2_RDADDRECC_UNCONNECTED[3]
NLW_second_row_buffer.weight_rows_1_reg_2_RDADDRECC_UNCONNECTED[4]
NLW_second_row_buffer.weight_rows_1_reg_2_RDADDRECC_UNCONNECTED[5]
NLW_second_row_buffer.weight_rows_1_reg_2_RDADDRECC_UNCONNECTED[6]
NLW_second_row_buffer.weight_rows_1_reg_2_RDADDRECC_UNCONNECTED[7]
NLW_second_row_buffer.weight_rows_1_reg_2_RDADDRECC_UNCONNECTED[8]
NLW_second_row_buffer.weight_rows_1_reg_3_CASOUTDBITERR_UNCONNECTED
NLW_second_row_buffer.weight_rows_1_reg_3_CASOUTSBITERR_UNCONNECTED
NLW_second_row_buffer.weight_rows_1_reg_3_DBITERR_UNCONNECTED
NLW_second_row_buffer.weight_rows_1_reg_3_SBITERR_UNCONNECTED
NLW_second_row_buffer.weight_rows_1_reg_3_CASDINA_UNCONNECTED[0]
NLW_second_row_buffer.weight_rows_1_reg_3_CASDINA_UNCONNECTED[1]
NLW_second_row_buffer.weight_rows_1_reg_3_CASDINA_UNCONNECTED[2]
NLW_second_row_buffer.weight_rows_1_reg_3_CASDINA_UNCONNECTED[3]
NLW_second_row_buffer.weight_rows_1_reg_3_CASDINA_UNCONNECTED[4]
NLW_second_row_buffer.weight_rows_1_reg_3_CASDINA_UNCONNECTED[5]
NLW_second_row_buffer.weight_rows_1_reg_3_CASDINA_UNCONNECTED[6]
NLW_second_row_buffer.weight_rows_1_reg_3_CASDINA_UNCONNECTED[7]
NLW_second_row_buffer.weight_rows_1_reg_3_CASDINA_UNCONNECTED[8]
NLW_second_row_buffer.weight_rows_1_reg_3_CASDINA_UNCONNECTED[9]
NLW_second_row_buffer.weight_rows_1_reg_3_CASDINA_UNCONNECTED[10]
NLW_second_row_buffer.weight_rows_1_reg_3_CASDINA_UNCONNECTED[11]
NLW_second_row_buffer.weight_rows_1_reg_3_CASDINA_UNCONNECTED[12]
NLW_second_row_buffer.weight_rows_1_reg_3_CASDINA_UNCONNECTED[13]
NLW_second_row_buffer.weight_rows_1_reg_3_CASDINA_UNCONNECTED[14]
NLW_second_row_buffer.weight_rows_1_reg_3_CASDINA_UNCONNECTED[15]
NLW_second_row_buffer.weight_rows_1_reg_3_CASDINA_UNCONNECTED[16]
NLW_second_row_buffer.weight_rows_1_reg_3_CASDINA_UNCONNECTED[17]
NLW_second_row_buffer.weight_rows_1_reg_3_CASDINA_UNCONNECTED[18]
NLW_second_row_buffer.weight_rows_1_reg_3_CASDINA_UNCONNECTED[19]
NLW_second_row_buffer.weight_rows_1_reg_3_CASDINA_UNCONNECTED[20]
NLW_second_row_buffer.weight_rows_1_reg_3_CASDINA_UNCONNECTED[21]
NLW_second_row_buffer.weight_rows_1_reg_3_CASDINA_UNCONNECTED[22]
NLW_second_row_buffer.weight_rows_1_reg_3_CASDINA_UNCONNECTED[23]
NLW_second_row_buffer.weight_rows_1_reg_3_CASDINA_UNCONNECTED[24]
NLW_second_row_buffer.weight_rows_1_reg_3_CASDINA_UNCONNECTED[25]
NLW_second_row_buffer.weight_rows_1_reg_3_CASDINA_UNCONNECTED[26]
NLW_second_row_buffer.weight_rows_1_reg_3_CASDINA_UNCONNECTED[27]
NLW_second_row_buffer.weight_rows_1_reg_3_CASDINA_UNCONNECTED[28]
NLW_second_row_buffer.weight_rows_1_reg_3_CASDINA_UNCONNECTED[29]
NLW_second_row_buffer.weight_rows_1_reg_3_CASDINA_UNCONNECTED[30]
NLW_second_row_buffer.weight_rows_1_reg_3_CASDINA_UNCONNECTED[31]
NLW_second_row_buffer.weight_rows_1_reg_3_CASDINB_UNCONNECTED[0]
NLW_second_row_buffer.weight_rows_1_reg_3_CASDINB_UNCONNECTED[1]
NLW_second_row_buffer.weight_rows_1_reg_3_CASDINB_UNCONNECTED[2]
NLW_second_row_buffer.weight_rows_1_reg_3_CASDINB_UNCONNECTED[3]
NLW_second_row_buffer.weight_rows_1_reg_3_CASDINB_UNCONNECTED[4]
NLW_second_row_buffer.weight_rows_1_reg_3_CASDINB_UNCONNECTED[5]
NLW_second_row_buffer.weight_rows_1_reg_3_CASDINB_UNCONNECTED[6]
NLW_second_row_buffer.weight_rows_1_reg_3_CASDINB_UNCONNECTED[7]
NLW_second_row_buffer.weight_rows_1_reg_3_CASDINB_UNCONNECTED[8]
NLW_second_row_buffer.weight_rows_1_reg_3_CASDINB_UNCONNECTED[9]
NLW_second_row_buffer.weight_rows_1_reg_3_CASDINB_UNCONNECTED[10]
NLW_second_row_buffer.weight_rows_1_reg_3_CASDINB_UNCONNECTED[11]
NLW_second_row_buffer.weight_rows_1_reg_3_CASDINB_UNCONNECTED[12]
NLW_second_row_buffer.weight_rows_1_reg_3_CASDINB_UNCONNECTED[13]
NLW_second_row_buffer.weight_rows_1_reg_3_CASDINB_UNCONNECTED[14]
NLW_second_row_buffer.weight_rows_1_reg_3_CASDINB_UNCONNECTED[15]
NLW_second_row_buffer.weight_rows_1_reg_3_CASDINB_UNCONNECTED[16]
NLW_second_row_buffer.weight_rows_1_reg_3_CASDINB_UNCONNECTED[17]
NLW_second_row_buffer.weight_rows_1_reg_3_CASDINB_UNCONNECTED[18]
NLW_second_row_buffer.weight_rows_1_reg_3_CASDINB_UNCONNECTED[19]
NLW_second_row_buffer.weight_rows_1_reg_3_CASDINB_UNCONNECTED[20]
NLW_second_row_buffer.weight_rows_1_reg_3_CASDINB_UNCONNECTED[21]
NLW_second_row_buffer.weight_rows_1_reg_3_CASDINB_UNCONNECTED[22]
NLW_second_row_buffer.weight_rows_1_reg_3_CASDINB_UNCONNECTED[23]
NLW_second_row_buffer.weight_rows_1_reg_3_CASDINB_UNCONNECTED[24]
NLW_second_row_buffer.weight_rows_1_reg_3_CASDINB_UNCONNECTED[25]
NLW_second_row_buffer.weight_rows_1_reg_3_CASDINB_UNCONNECTED[26]
NLW_second_row_buffer.weight_rows_1_reg_3_CASDINB_UNCONNECTED[27]
NLW_second_row_buffer.weight_rows_1_reg_3_CASDINB_UNCONNECTED[28]
NLW_second_row_buffer.weight_rows_1_reg_3_CASDINB_UNCONNECTED[29]
NLW_second_row_buffer.weight_rows_1_reg_3_CASDINB_UNCONNECTED[30]
NLW_second_row_buffer.weight_rows_1_reg_3_CASDINB_UNCONNECTED[31]
NLW_second_row_buffer.weight_rows_1_reg_3_CASDINPA_UNCONNECTED[0]
NLW_second_row_buffer.weight_rows_1_reg_3_CASDINPA_UNCONNECTED[1]
NLW_second_row_buffer.weight_rows_1_reg_3_CASDINPA_UNCONNECTED[2]
NLW_second_row_buffer.weight_rows_1_reg_3_CASDINPA_UNCONNECTED[3]
NLW_second_row_buffer.weight_rows_1_reg_3_CASDINPB_UNCONNECTED[0]
NLW_second_row_buffer.weight_rows_1_reg_3_CASDINPB_UNCONNECTED[1]
NLW_second_row_buffer.weight_rows_1_reg_3_CASDINPB_UNCONNECTED[2]
NLW_second_row_buffer.weight_rows_1_reg_3_CASDINPB_UNCONNECTED[3]
NLW_second_row_buffer.weight_rows_1_reg_3_CASDOUTA_UNCONNECTED[0]
NLW_second_row_buffer.weight_rows_1_reg_3_CASDOUTA_UNCONNECTED[1]
NLW_second_row_buffer.weight_rows_1_reg_3_CASDOUTA_UNCONNECTED[2]
NLW_second_row_buffer.weight_rows_1_reg_3_CASDOUTA_UNCONNECTED[3]
NLW_second_row_buffer.weight_rows_1_reg_3_CASDOUTA_UNCONNECTED[4]
NLW_second_row_buffer.weight_rows_1_reg_3_CASDOUTA_UNCONNECTED[5]
NLW_second_row_buffer.weight_rows_1_reg_3_CASDOUTA_UNCONNECTED[6]
NLW_second_row_buffer.weight_rows_1_reg_3_CASDOUTA_UNCONNECTED[7]
NLW_second_row_buffer.weight_rows_1_reg_3_CASDOUTA_UNCONNECTED[8]
NLW_second_row_buffer.weight_rows_1_reg_3_CASDOUTA_UNCONNECTED[9]
NLW_second_row_buffer.weight_rows_1_reg_3_CASDOUTA_UNCONNECTED[10]
NLW_second_row_buffer.weight_rows_1_reg_3_CASDOUTA_UNCONNECTED[11]
NLW_second_row_buffer.weight_rows_1_reg_3_CASDOUTA_UNCONNECTED[12]
NLW_second_row_buffer.weight_rows_1_reg_3_CASDOUTA_UNCONNECTED[13]
NLW_second_row_buffer.weight_rows_1_reg_3_CASDOUTA_UNCONNECTED[14]
NLW_second_row_buffer.weight_rows_1_reg_3_CASDOUTA_UNCONNECTED[15]
NLW_second_row_buffer.weight_rows_1_reg_3_CASDOUTA_UNCONNECTED[16]
NLW_second_row_buffer.weight_rows_1_reg_3_CASDOUTA_UNCONNECTED[17]
NLW_second_row_buffer.weight_rows_1_reg_3_CASDOUTA_UNCONNECTED[18]
NLW_second_row_buffer.weight_rows_1_reg_3_CASDOUTA_UNCONNECTED[19]
NLW_second_row_buffer.weight_rows_1_reg_3_CASDOUTA_UNCONNECTED[20]
NLW_second_row_buffer.weight_rows_1_reg_3_CASDOUTA_UNCONNECTED[21]
NLW_second_row_buffer.weight_rows_1_reg_3_CASDOUTA_UNCONNECTED[22]
NLW_second_row_buffer.weight_rows_1_reg_3_CASDOUTA_UNCONNECTED[23]
NLW_second_row_buffer.weight_rows_1_reg_3_CASDOUTA_UNCONNECTED[24]
NLW_second_row_buffer.weight_rows_1_reg_3_CASDOUTA_UNCONNECTED[25]
NLW_second_row_buffer.weight_rows_1_reg_3_CASDOUTA_UNCONNECTED[26]
NLW_second_row_buffer.weight_rows_1_reg_3_CASDOUTA_UNCONNECTED[27]
NLW_second_row_buffer.weight_rows_1_reg_3_CASDOUTA_UNCONNECTED[28]
NLW_second_row_buffer.weight_rows_1_reg_3_CASDOUTA_UNCONNECTED[29]
NLW_second_row_buffer.weight_rows_1_reg_3_CASDOUTA_UNCONNECTED[30]
NLW_second_row_buffer.weight_rows_1_reg_3_CASDOUTA_UNCONNECTED[31]
NLW_second_row_buffer.weight_rows_1_reg_3_CASDOUTB_UNCONNECTED[0]
NLW_second_row_buffer.weight_rows_1_reg_3_CASDOUTB_UNCONNECTED[1]
NLW_second_row_buffer.weight_rows_1_reg_3_CASDOUTB_UNCONNECTED[2]
NLW_second_row_buffer.weight_rows_1_reg_3_CASDOUTB_UNCONNECTED[3]
NLW_second_row_buffer.weight_rows_1_reg_3_CASDOUTB_UNCONNECTED[4]
NLW_second_row_buffer.weight_rows_1_reg_3_CASDOUTB_UNCONNECTED[5]
NLW_second_row_buffer.weight_rows_1_reg_3_CASDOUTB_UNCONNECTED[6]
NLW_second_row_buffer.weight_rows_1_reg_3_CASDOUTB_UNCONNECTED[7]
NLW_second_row_buffer.weight_rows_1_reg_3_CASDOUTB_UNCONNECTED[8]
NLW_second_row_buffer.weight_rows_1_reg_3_CASDOUTB_UNCONNECTED[9]
NLW_second_row_buffer.weight_rows_1_reg_3_CASDOUTB_UNCONNECTED[10]
NLW_second_row_buffer.weight_rows_1_reg_3_CASDOUTB_UNCONNECTED[11]
NLW_second_row_buffer.weight_rows_1_reg_3_CASDOUTB_UNCONNECTED[12]
NLW_second_row_buffer.weight_rows_1_reg_3_CASDOUTB_UNCONNECTED[13]
NLW_second_row_buffer.weight_rows_1_reg_3_CASDOUTB_UNCONNECTED[14]
NLW_second_row_buffer.weight_rows_1_reg_3_CASDOUTB_UNCONNECTED[15]
NLW_second_row_buffer.weight_rows_1_reg_3_CASDOUTB_UNCONNECTED[16]
NLW_second_row_buffer.weight_rows_1_reg_3_CASDOUTB_UNCONNECTED[17]
NLW_second_row_buffer.weight_rows_1_reg_3_CASDOUTB_UNCONNECTED[18]
NLW_second_row_buffer.weight_rows_1_reg_3_CASDOUTB_UNCONNECTED[19]
NLW_second_row_buffer.weight_rows_1_reg_3_CASDOUTB_UNCONNECTED[20]
NLW_second_row_buffer.weight_rows_1_reg_3_CASDOUTB_UNCONNECTED[21]
NLW_second_row_buffer.weight_rows_1_reg_3_CASDOUTB_UNCONNECTED[22]
NLW_second_row_buffer.weight_rows_1_reg_3_CASDOUTB_UNCONNECTED[23]
NLW_second_row_buffer.weight_rows_1_reg_3_CASDOUTB_UNCONNECTED[24]
NLW_second_row_buffer.weight_rows_1_reg_3_CASDOUTB_UNCONNECTED[25]
NLW_second_row_buffer.weight_rows_1_reg_3_CASDOUTB_UNCONNECTED[26]
NLW_second_row_buffer.weight_rows_1_reg_3_CASDOUTB_UNCONNECTED[27]
NLW_second_row_buffer.weight_rows_1_reg_3_CASDOUTB_UNCONNECTED[28]
NLW_second_row_buffer.weight_rows_1_reg_3_CASDOUTB_UNCONNECTED[29]
NLW_second_row_buffer.weight_rows_1_reg_3_CASDOUTB_UNCONNECTED[30]
NLW_second_row_buffer.weight_rows_1_reg_3_CASDOUTB_UNCONNECTED[31]
NLW_second_row_buffer.weight_rows_1_reg_3_CASDOUTPA_UNCONNECTED[0]
NLW_second_row_buffer.weight_rows_1_reg_3_CASDOUTPA_UNCONNECTED[1]
NLW_second_row_buffer.weight_rows_1_reg_3_CASDOUTPA_UNCONNECTED[2]
NLW_second_row_buffer.weight_rows_1_reg_3_CASDOUTPA_UNCONNECTED[3]
NLW_second_row_buffer.weight_rows_1_reg_3_CASDOUTPB_UNCONNECTED[0]
NLW_second_row_buffer.weight_rows_1_reg_3_CASDOUTPB_UNCONNECTED[1]
NLW_second_row_buffer.weight_rows_1_reg_3_CASDOUTPB_UNCONNECTED[2]
NLW_second_row_buffer.weight_rows_1_reg_3_CASDOUTPB_UNCONNECTED[3]
NLW_second_row_buffer.weight_rows_1_reg_3_ECCPARITY_UNCONNECTED[0]
NLW_second_row_buffer.weight_rows_1_reg_3_ECCPARITY_UNCONNECTED[1]
NLW_second_row_buffer.weight_rows_1_reg_3_ECCPARITY_UNCONNECTED[2]
NLW_second_row_buffer.weight_rows_1_reg_3_ECCPARITY_UNCONNECTED[3]
NLW_second_row_buffer.weight_rows_1_reg_3_ECCPARITY_UNCONNECTED[4]
NLW_second_row_buffer.weight_rows_1_reg_3_ECCPARITY_UNCONNECTED[5]
NLW_second_row_buffer.weight_rows_1_reg_3_ECCPARITY_UNCONNECTED[6]
NLW_second_row_buffer.weight_rows_1_reg_3_ECCPARITY_UNCONNECTED[7]
NLW_second_row_buffer.weight_rows_1_reg_3_RDADDRECC_UNCONNECTED[0]
NLW_second_row_buffer.weight_rows_1_reg_3_RDADDRECC_UNCONNECTED[1]
NLW_second_row_buffer.weight_rows_1_reg_3_RDADDRECC_UNCONNECTED[2]
NLW_second_row_buffer.weight_rows_1_reg_3_RDADDRECC_UNCONNECTED[3]
NLW_second_row_buffer.weight_rows_1_reg_3_RDADDRECC_UNCONNECTED[4]
NLW_second_row_buffer.weight_rows_1_reg_3_RDADDRECC_UNCONNECTED[5]
NLW_second_row_buffer.weight_rows_1_reg_3_RDADDRECC_UNCONNECTED[6]
NLW_second_row_buffer.weight_rows_1_reg_3_RDADDRECC_UNCONNECTED[7]
NLW_second_row_buffer.weight_rows_1_reg_3_RDADDRECC_UNCONNECTED[8]
NLW_second_row_buffer.weight_rows_1_reg_4_CASOUTDBITERR_UNCONNECTED
NLW_second_row_buffer.weight_rows_1_reg_4_CASOUTSBITERR_UNCONNECTED
NLW_second_row_buffer.weight_rows_1_reg_4_DBITERR_UNCONNECTED
NLW_second_row_buffer.weight_rows_1_reg_4_SBITERR_UNCONNECTED
NLW_second_row_buffer.weight_rows_1_reg_4_CASDINA_UNCONNECTED[0]
NLW_second_row_buffer.weight_rows_1_reg_4_CASDINA_UNCONNECTED[1]
NLW_second_row_buffer.weight_rows_1_reg_4_CASDINA_UNCONNECTED[2]
NLW_second_row_buffer.weight_rows_1_reg_4_CASDINA_UNCONNECTED[3]
NLW_second_row_buffer.weight_rows_1_reg_4_CASDINA_UNCONNECTED[4]
NLW_second_row_buffer.weight_rows_1_reg_4_CASDINA_UNCONNECTED[5]
NLW_second_row_buffer.weight_rows_1_reg_4_CASDINA_UNCONNECTED[6]
NLW_second_row_buffer.weight_rows_1_reg_4_CASDINA_UNCONNECTED[7]
NLW_second_row_buffer.weight_rows_1_reg_4_CASDINA_UNCONNECTED[8]
NLW_second_row_buffer.weight_rows_1_reg_4_CASDINA_UNCONNECTED[9]
NLW_second_row_buffer.weight_rows_1_reg_4_CASDINA_UNCONNECTED[10]
NLW_second_row_buffer.weight_rows_1_reg_4_CASDINA_UNCONNECTED[11]
NLW_second_row_buffer.weight_rows_1_reg_4_CASDINA_UNCONNECTED[12]
NLW_second_row_buffer.weight_rows_1_reg_4_CASDINA_UNCONNECTED[13]
NLW_second_row_buffer.weight_rows_1_reg_4_CASDINA_UNCONNECTED[14]
NLW_second_row_buffer.weight_rows_1_reg_4_CASDINA_UNCONNECTED[15]
NLW_second_row_buffer.weight_rows_1_reg_4_CASDINA_UNCONNECTED[16]
NLW_second_row_buffer.weight_rows_1_reg_4_CASDINA_UNCONNECTED[17]
NLW_second_row_buffer.weight_rows_1_reg_4_CASDINA_UNCONNECTED[18]
NLW_second_row_buffer.weight_rows_1_reg_4_CASDINA_UNCONNECTED[19]
NLW_second_row_buffer.weight_rows_1_reg_4_CASDINA_UNCONNECTED[20]
NLW_second_row_buffer.weight_rows_1_reg_4_CASDINA_UNCONNECTED[21]
NLW_second_row_buffer.weight_rows_1_reg_4_CASDINA_UNCONNECTED[22]
NLW_second_row_buffer.weight_rows_1_reg_4_CASDINA_UNCONNECTED[23]
NLW_second_row_buffer.weight_rows_1_reg_4_CASDINA_UNCONNECTED[24]
NLW_second_row_buffer.weight_rows_1_reg_4_CASDINA_UNCONNECTED[25]
NLW_second_row_buffer.weight_rows_1_reg_4_CASDINA_UNCONNECTED[26]
NLW_second_row_buffer.weight_rows_1_reg_4_CASDINA_UNCONNECTED[27]
NLW_second_row_buffer.weight_rows_1_reg_4_CASDINA_UNCONNECTED[28]
NLW_second_row_buffer.weight_rows_1_reg_4_CASDINA_UNCONNECTED[29]
NLW_second_row_buffer.weight_rows_1_reg_4_CASDINA_UNCONNECTED[30]
NLW_second_row_buffer.weight_rows_1_reg_4_CASDINA_UNCONNECTED[31]
NLW_second_row_buffer.weight_rows_1_reg_4_CASDINB_UNCONNECTED[0]
NLW_second_row_buffer.weight_rows_1_reg_4_CASDINB_UNCONNECTED[1]
NLW_second_row_buffer.weight_rows_1_reg_4_CASDINB_UNCONNECTED[2]
NLW_second_row_buffer.weight_rows_1_reg_4_CASDINB_UNCONNECTED[3]
NLW_second_row_buffer.weight_rows_1_reg_4_CASDINB_UNCONNECTED[4]
NLW_second_row_buffer.weight_rows_1_reg_4_CASDINB_UNCONNECTED[5]
NLW_second_row_buffer.weight_rows_1_reg_4_CASDINB_UNCONNECTED[6]
NLW_second_row_buffer.weight_rows_1_reg_4_CASDINB_UNCONNECTED[7]
NLW_second_row_buffer.weight_rows_1_reg_4_CASDINB_UNCONNECTED[8]
NLW_second_row_buffer.weight_rows_1_reg_4_CASDINB_UNCONNECTED[9]
NLW_second_row_buffer.weight_rows_1_reg_4_CASDINB_UNCONNECTED[10]
NLW_second_row_buffer.weight_rows_1_reg_4_CASDINB_UNCONNECTED[11]
NLW_second_row_buffer.weight_rows_1_reg_4_CASDINB_UNCONNECTED[12]
NLW_second_row_buffer.weight_rows_1_reg_4_CASDINB_UNCONNECTED[13]
NLW_second_row_buffer.weight_rows_1_reg_4_CASDINB_UNCONNECTED[14]
NLW_second_row_buffer.weight_rows_1_reg_4_CASDINB_UNCONNECTED[15]
NLW_second_row_buffer.weight_rows_1_reg_4_CASDINB_UNCONNECTED[16]
NLW_second_row_buffer.weight_rows_1_reg_4_CASDINB_UNCONNECTED[17]
NLW_second_row_buffer.weight_rows_1_reg_4_CASDINB_UNCONNECTED[18]
NLW_second_row_buffer.weight_rows_1_reg_4_CASDINB_UNCONNECTED[19]
NLW_second_row_buffer.weight_rows_1_reg_4_CASDINB_UNCONNECTED[20]
NLW_second_row_buffer.weight_rows_1_reg_4_CASDINB_UNCONNECTED[21]
NLW_second_row_buffer.weight_rows_1_reg_4_CASDINB_UNCONNECTED[22]
NLW_second_row_buffer.weight_rows_1_reg_4_CASDINB_UNCONNECTED[23]
NLW_second_row_buffer.weight_rows_1_reg_4_CASDINB_UNCONNECTED[24]
NLW_second_row_buffer.weight_rows_1_reg_4_CASDINB_UNCONNECTED[25]
NLW_second_row_buffer.weight_rows_1_reg_4_CASDINB_UNCONNECTED[26]
NLW_second_row_buffer.weight_rows_1_reg_4_CASDINB_UNCONNECTED[27]
NLW_second_row_buffer.weight_rows_1_reg_4_CASDINB_UNCONNECTED[28]
NLW_second_row_buffer.weight_rows_1_reg_4_CASDINB_UNCONNECTED[29]
NLW_second_row_buffer.weight_rows_1_reg_4_CASDINB_UNCONNECTED[30]
NLW_second_row_buffer.weight_rows_1_reg_4_CASDINB_UNCONNECTED[31]
NLW_second_row_buffer.weight_rows_1_reg_4_CASDINPA_UNCONNECTED[0]
NLW_second_row_buffer.weight_rows_1_reg_4_CASDINPA_UNCONNECTED[1]
NLW_second_row_buffer.weight_rows_1_reg_4_CASDINPA_UNCONNECTED[2]
NLW_second_row_buffer.weight_rows_1_reg_4_CASDINPA_UNCONNECTED[3]
NLW_second_row_buffer.weight_rows_1_reg_4_CASDINPB_UNCONNECTED[0]
NLW_second_row_buffer.weight_rows_1_reg_4_CASDINPB_UNCONNECTED[1]
NLW_second_row_buffer.weight_rows_1_reg_4_CASDINPB_UNCONNECTED[2]
NLW_second_row_buffer.weight_rows_1_reg_4_CASDINPB_UNCONNECTED[3]
NLW_second_row_buffer.weight_rows_1_reg_4_CASDOUTA_UNCONNECTED[0]
NLW_second_row_buffer.weight_rows_1_reg_4_CASDOUTA_UNCONNECTED[1]
NLW_second_row_buffer.weight_rows_1_reg_4_CASDOUTA_UNCONNECTED[2]
NLW_second_row_buffer.weight_rows_1_reg_4_CASDOUTA_UNCONNECTED[3]
NLW_second_row_buffer.weight_rows_1_reg_4_CASDOUTA_UNCONNECTED[4]
NLW_second_row_buffer.weight_rows_1_reg_4_CASDOUTA_UNCONNECTED[5]
NLW_second_row_buffer.weight_rows_1_reg_4_CASDOUTA_UNCONNECTED[6]
NLW_second_row_buffer.weight_rows_1_reg_4_CASDOUTA_UNCONNECTED[7]
NLW_second_row_buffer.weight_rows_1_reg_4_CASDOUTA_UNCONNECTED[8]
NLW_second_row_buffer.weight_rows_1_reg_4_CASDOUTA_UNCONNECTED[9]
NLW_second_row_buffer.weight_rows_1_reg_4_CASDOUTA_UNCONNECTED[10]
NLW_second_row_buffer.weight_rows_1_reg_4_CASDOUTA_UNCONNECTED[11]
NLW_second_row_buffer.weight_rows_1_reg_4_CASDOUTA_UNCONNECTED[12]
NLW_second_row_buffer.weight_rows_1_reg_4_CASDOUTA_UNCONNECTED[13]
NLW_second_row_buffer.weight_rows_1_reg_4_CASDOUTA_UNCONNECTED[14]
NLW_second_row_buffer.weight_rows_1_reg_4_CASDOUTA_UNCONNECTED[15]
NLW_second_row_buffer.weight_rows_1_reg_4_CASDOUTA_UNCONNECTED[16]
NLW_second_row_buffer.weight_rows_1_reg_4_CASDOUTA_UNCONNECTED[17]
NLW_second_row_buffer.weight_rows_1_reg_4_CASDOUTA_UNCONNECTED[18]
NLW_second_row_buffer.weight_rows_1_reg_4_CASDOUTA_UNCONNECTED[19]
NLW_second_row_buffer.weight_rows_1_reg_4_CASDOUTA_UNCONNECTED[20]
NLW_second_row_buffer.weight_rows_1_reg_4_CASDOUTA_UNCONNECTED[21]
NLW_second_row_buffer.weight_rows_1_reg_4_CASDOUTA_UNCONNECTED[22]
NLW_second_row_buffer.weight_rows_1_reg_4_CASDOUTA_UNCONNECTED[23]
NLW_second_row_buffer.weight_rows_1_reg_4_CASDOUTA_UNCONNECTED[24]
NLW_second_row_buffer.weight_rows_1_reg_4_CASDOUTA_UNCONNECTED[25]
NLW_second_row_buffer.weight_rows_1_reg_4_CASDOUTA_UNCONNECTED[26]
NLW_second_row_buffer.weight_rows_1_reg_4_CASDOUTA_UNCONNECTED[27]
NLW_second_row_buffer.weight_rows_1_reg_4_CASDOUTA_UNCONNECTED[28]
NLW_second_row_buffer.weight_rows_1_reg_4_CASDOUTA_UNCONNECTED[29]
NLW_second_row_buffer.weight_rows_1_reg_4_CASDOUTA_UNCONNECTED[30]
NLW_second_row_buffer.weight_rows_1_reg_4_CASDOUTA_UNCONNECTED[31]
NLW_second_row_buffer.weight_rows_1_reg_4_CASDOUTB_UNCONNECTED[0]
NLW_second_row_buffer.weight_rows_1_reg_4_CASDOUTB_UNCONNECTED[1]
NLW_second_row_buffer.weight_rows_1_reg_4_CASDOUTB_UNCONNECTED[2]
NLW_second_row_buffer.weight_rows_1_reg_4_CASDOUTB_UNCONNECTED[3]
NLW_second_row_buffer.weight_rows_1_reg_4_CASDOUTB_UNCONNECTED[4]
NLW_second_row_buffer.weight_rows_1_reg_4_CASDOUTB_UNCONNECTED[5]
NLW_second_row_buffer.weight_rows_1_reg_4_CASDOUTB_UNCONNECTED[6]
NLW_second_row_buffer.weight_rows_1_reg_4_CASDOUTB_UNCONNECTED[7]
NLW_second_row_buffer.weight_rows_1_reg_4_CASDOUTB_UNCONNECTED[8]
NLW_second_row_buffer.weight_rows_1_reg_4_CASDOUTB_UNCONNECTED[9]
NLW_second_row_buffer.weight_rows_1_reg_4_CASDOUTB_UNCONNECTED[10]
NLW_second_row_buffer.weight_rows_1_reg_4_CASDOUTB_UNCONNECTED[11]
NLW_second_row_buffer.weight_rows_1_reg_4_CASDOUTB_UNCONNECTED[12]
NLW_second_row_buffer.weight_rows_1_reg_4_CASDOUTB_UNCONNECTED[13]
NLW_second_row_buffer.weight_rows_1_reg_4_CASDOUTB_UNCONNECTED[14]
NLW_second_row_buffer.weight_rows_1_reg_4_CASDOUTB_UNCONNECTED[15]
NLW_second_row_buffer.weight_rows_1_reg_4_CASDOUTB_UNCONNECTED[16]
NLW_second_row_buffer.weight_rows_1_reg_4_CASDOUTB_UNCONNECTED[17]
NLW_second_row_buffer.weight_rows_1_reg_4_CASDOUTB_UNCONNECTED[18]
NLW_second_row_buffer.weight_rows_1_reg_4_CASDOUTB_UNCONNECTED[19]
NLW_second_row_buffer.weight_rows_1_reg_4_CASDOUTB_UNCONNECTED[20]
NLW_second_row_buffer.weight_rows_1_reg_4_CASDOUTB_UNCONNECTED[21]
NLW_second_row_buffer.weight_rows_1_reg_4_CASDOUTB_UNCONNECTED[22]
NLW_second_row_buffer.weight_rows_1_reg_4_CASDOUTB_UNCONNECTED[23]
NLW_second_row_buffer.weight_rows_1_reg_4_CASDOUTB_UNCONNECTED[24]
NLW_second_row_buffer.weight_rows_1_reg_4_CASDOUTB_UNCONNECTED[25]
NLW_second_row_buffer.weight_rows_1_reg_4_CASDOUTB_UNCONNECTED[26]
NLW_second_row_buffer.weight_rows_1_reg_4_CASDOUTB_UNCONNECTED[27]
NLW_second_row_buffer.weight_rows_1_reg_4_CASDOUTB_UNCONNECTED[28]
NLW_second_row_buffer.weight_rows_1_reg_4_CASDOUTB_UNCONNECTED[29]
NLW_second_row_buffer.weight_rows_1_reg_4_CASDOUTB_UNCONNECTED[30]
NLW_second_row_buffer.weight_rows_1_reg_4_CASDOUTB_UNCONNECTED[31]
NLW_second_row_buffer.weight_rows_1_reg_4_CASDOUTPA_UNCONNECTED[0]
NLW_second_row_buffer.weight_rows_1_reg_4_CASDOUTPA_UNCONNECTED[1]
NLW_second_row_buffer.weight_rows_1_reg_4_CASDOUTPA_UNCONNECTED[2]
NLW_second_row_buffer.weight_rows_1_reg_4_CASDOUTPA_UNCONNECTED[3]
NLW_second_row_buffer.weight_rows_1_reg_4_CASDOUTPB_UNCONNECTED[0]
NLW_second_row_buffer.weight_rows_1_reg_4_CASDOUTPB_UNCONNECTED[1]
NLW_second_row_buffer.weight_rows_1_reg_4_CASDOUTPB_UNCONNECTED[2]
NLW_second_row_buffer.weight_rows_1_reg_4_CASDOUTPB_UNCONNECTED[3]
NLW_second_row_buffer.weight_rows_1_reg_4_ECCPARITY_UNCONNECTED[0]
NLW_second_row_buffer.weight_rows_1_reg_4_ECCPARITY_UNCONNECTED[1]
NLW_second_row_buffer.weight_rows_1_reg_4_ECCPARITY_UNCONNECTED[2]
NLW_second_row_buffer.weight_rows_1_reg_4_ECCPARITY_UNCONNECTED[3]
NLW_second_row_buffer.weight_rows_1_reg_4_ECCPARITY_UNCONNECTED[4]
NLW_second_row_buffer.weight_rows_1_reg_4_ECCPARITY_UNCONNECTED[5]
NLW_second_row_buffer.weight_rows_1_reg_4_ECCPARITY_UNCONNECTED[6]
NLW_second_row_buffer.weight_rows_1_reg_4_ECCPARITY_UNCONNECTED[7]
NLW_second_row_buffer.weight_rows_1_reg_4_RDADDRECC_UNCONNECTED[0]
NLW_second_row_buffer.weight_rows_1_reg_4_RDADDRECC_UNCONNECTED[1]
NLW_second_row_buffer.weight_rows_1_reg_4_RDADDRECC_UNCONNECTED[2]
NLW_second_row_buffer.weight_rows_1_reg_4_RDADDRECC_UNCONNECTED[3]
NLW_second_row_buffer.weight_rows_1_reg_4_RDADDRECC_UNCONNECTED[4]
NLW_second_row_buffer.weight_rows_1_reg_4_RDADDRECC_UNCONNECTED[5]
NLW_second_row_buffer.weight_rows_1_reg_4_RDADDRECC_UNCONNECTED[6]
NLW_second_row_buffer.weight_rows_1_reg_4_RDADDRECC_UNCONNECTED[7]
NLW_second_row_buffer.weight_rows_1_reg_4_RDADDRECC_UNCONNECTED[8]
NLW_second_row_buffer.weight_rows_1_reg_5_CASOUTDBITERR_UNCONNECTED
NLW_second_row_buffer.weight_rows_1_reg_5_CASOUTSBITERR_UNCONNECTED
NLW_second_row_buffer.weight_rows_1_reg_5_DBITERR_UNCONNECTED
NLW_second_row_buffer.weight_rows_1_reg_5_SBITERR_UNCONNECTED
NLW_second_row_buffer.weight_rows_1_reg_5_CASDINA_UNCONNECTED[0]
NLW_second_row_buffer.weight_rows_1_reg_5_CASDINA_UNCONNECTED[1]
NLW_second_row_buffer.weight_rows_1_reg_5_CASDINA_UNCONNECTED[2]
NLW_second_row_buffer.weight_rows_1_reg_5_CASDINA_UNCONNECTED[3]
NLW_second_row_buffer.weight_rows_1_reg_5_CASDINA_UNCONNECTED[4]
NLW_second_row_buffer.weight_rows_1_reg_5_CASDINA_UNCONNECTED[5]
NLW_second_row_buffer.weight_rows_1_reg_5_CASDINA_UNCONNECTED[6]
NLW_second_row_buffer.weight_rows_1_reg_5_CASDINA_UNCONNECTED[7]
NLW_second_row_buffer.weight_rows_1_reg_5_CASDINA_UNCONNECTED[8]
NLW_second_row_buffer.weight_rows_1_reg_5_CASDINA_UNCONNECTED[9]
NLW_second_row_buffer.weight_rows_1_reg_5_CASDINA_UNCONNECTED[10]
NLW_second_row_buffer.weight_rows_1_reg_5_CASDINA_UNCONNECTED[11]
NLW_second_row_buffer.weight_rows_1_reg_5_CASDINA_UNCONNECTED[12]
NLW_second_row_buffer.weight_rows_1_reg_5_CASDINA_UNCONNECTED[13]
NLW_second_row_buffer.weight_rows_1_reg_5_CASDINA_UNCONNECTED[14]
NLW_second_row_buffer.weight_rows_1_reg_5_CASDINA_UNCONNECTED[15]
NLW_second_row_buffer.weight_rows_1_reg_5_CASDINA_UNCONNECTED[16]
NLW_second_row_buffer.weight_rows_1_reg_5_CASDINA_UNCONNECTED[17]
NLW_second_row_buffer.weight_rows_1_reg_5_CASDINA_UNCONNECTED[18]
NLW_second_row_buffer.weight_rows_1_reg_5_CASDINA_UNCONNECTED[19]
NLW_second_row_buffer.weight_rows_1_reg_5_CASDINA_UNCONNECTED[20]
NLW_second_row_buffer.weight_rows_1_reg_5_CASDINA_UNCONNECTED[21]
NLW_second_row_buffer.weight_rows_1_reg_5_CASDINA_UNCONNECTED[22]
NLW_second_row_buffer.weight_rows_1_reg_5_CASDINA_UNCONNECTED[23]
NLW_second_row_buffer.weight_rows_1_reg_5_CASDINA_UNCONNECTED[24]
NLW_second_row_buffer.weight_rows_1_reg_5_CASDINA_UNCONNECTED[25]
NLW_second_row_buffer.weight_rows_1_reg_5_CASDINA_UNCONNECTED[26]
NLW_second_row_buffer.weight_rows_1_reg_5_CASDINA_UNCONNECTED[27]
NLW_second_row_buffer.weight_rows_1_reg_5_CASDINA_UNCONNECTED[28]
NLW_second_row_buffer.weight_rows_1_reg_5_CASDINA_UNCONNECTED[29]
NLW_second_row_buffer.weight_rows_1_reg_5_CASDINA_UNCONNECTED[30]
NLW_second_row_buffer.weight_rows_1_reg_5_CASDINA_UNCONNECTED[31]
NLW_second_row_buffer.weight_rows_1_reg_5_CASDINB_UNCONNECTED[0]
NLW_second_row_buffer.weight_rows_1_reg_5_CASDINB_UNCONNECTED[1]
NLW_second_row_buffer.weight_rows_1_reg_5_CASDINB_UNCONNECTED[2]
NLW_second_row_buffer.weight_rows_1_reg_5_CASDINB_UNCONNECTED[3]
NLW_second_row_buffer.weight_rows_1_reg_5_CASDINB_UNCONNECTED[4]
NLW_second_row_buffer.weight_rows_1_reg_5_CASDINB_UNCONNECTED[5]
NLW_second_row_buffer.weight_rows_1_reg_5_CASDINB_UNCONNECTED[6]
NLW_second_row_buffer.weight_rows_1_reg_5_CASDINB_UNCONNECTED[7]
NLW_second_row_buffer.weight_rows_1_reg_5_CASDINB_UNCONNECTED[8]
NLW_second_row_buffer.weight_rows_1_reg_5_CASDINB_UNCONNECTED[9]
NLW_second_row_buffer.weight_rows_1_reg_5_CASDINB_UNCONNECTED[10]
NLW_second_row_buffer.weight_rows_1_reg_5_CASDINB_UNCONNECTED[11]
NLW_second_row_buffer.weight_rows_1_reg_5_CASDINB_UNCONNECTED[12]
NLW_second_row_buffer.weight_rows_1_reg_5_CASDINB_UNCONNECTED[13]
NLW_second_row_buffer.weight_rows_1_reg_5_CASDINB_UNCONNECTED[14]
NLW_second_row_buffer.weight_rows_1_reg_5_CASDINB_UNCONNECTED[15]
NLW_second_row_buffer.weight_rows_1_reg_5_CASDINB_UNCONNECTED[16]
NLW_second_row_buffer.weight_rows_1_reg_5_CASDINB_UNCONNECTED[17]
NLW_second_row_buffer.weight_rows_1_reg_5_CASDINB_UNCONNECTED[18]
NLW_second_row_buffer.weight_rows_1_reg_5_CASDINB_UNCONNECTED[19]
NLW_second_row_buffer.weight_rows_1_reg_5_CASDINB_UNCONNECTED[20]
NLW_second_row_buffer.weight_rows_1_reg_5_CASDINB_UNCONNECTED[21]
NLW_second_row_buffer.weight_rows_1_reg_5_CASDINB_UNCONNECTED[22]
NLW_second_row_buffer.weight_rows_1_reg_5_CASDINB_UNCONNECTED[23]
NLW_second_row_buffer.weight_rows_1_reg_5_CASDINB_UNCONNECTED[24]
NLW_second_row_buffer.weight_rows_1_reg_5_CASDINB_UNCONNECTED[25]
NLW_second_row_buffer.weight_rows_1_reg_5_CASDINB_UNCONNECTED[26]
NLW_second_row_buffer.weight_rows_1_reg_5_CASDINB_UNCONNECTED[27]
NLW_second_row_buffer.weight_rows_1_reg_5_CASDINB_UNCONNECTED[28]
NLW_second_row_buffer.weight_rows_1_reg_5_CASDINB_UNCONNECTED[29]
NLW_second_row_buffer.weight_rows_1_reg_5_CASDINB_UNCONNECTED[30]
NLW_second_row_buffer.weight_rows_1_reg_5_CASDINB_UNCONNECTED[31]
NLW_second_row_buffer.weight_rows_1_reg_5_CASDINPA_UNCONNECTED[0]
NLW_second_row_buffer.weight_rows_1_reg_5_CASDINPA_UNCONNECTED[1]
NLW_second_row_buffer.weight_rows_1_reg_5_CASDINPA_UNCONNECTED[2]
NLW_second_row_buffer.weight_rows_1_reg_5_CASDINPA_UNCONNECTED[3]
NLW_second_row_buffer.weight_rows_1_reg_5_CASDINPB_UNCONNECTED[0]
NLW_second_row_buffer.weight_rows_1_reg_5_CASDINPB_UNCONNECTED[1]
NLW_second_row_buffer.weight_rows_1_reg_5_CASDINPB_UNCONNECTED[2]
NLW_second_row_buffer.weight_rows_1_reg_5_CASDINPB_UNCONNECTED[3]
NLW_second_row_buffer.weight_rows_1_reg_5_CASDOUTA_UNCONNECTED[0]
NLW_second_row_buffer.weight_rows_1_reg_5_CASDOUTA_UNCONNECTED[1]
NLW_second_row_buffer.weight_rows_1_reg_5_CASDOUTA_UNCONNECTED[2]
NLW_second_row_buffer.weight_rows_1_reg_5_CASDOUTA_UNCONNECTED[3]
NLW_second_row_buffer.weight_rows_1_reg_5_CASDOUTA_UNCONNECTED[4]
NLW_second_row_buffer.weight_rows_1_reg_5_CASDOUTA_UNCONNECTED[5]
NLW_second_row_buffer.weight_rows_1_reg_5_CASDOUTA_UNCONNECTED[6]
NLW_second_row_buffer.weight_rows_1_reg_5_CASDOUTA_UNCONNECTED[7]
NLW_second_row_buffer.weight_rows_1_reg_5_CASDOUTA_UNCONNECTED[8]
NLW_second_row_buffer.weight_rows_1_reg_5_CASDOUTA_UNCONNECTED[9]
NLW_second_row_buffer.weight_rows_1_reg_5_CASDOUTA_UNCONNECTED[10]
NLW_second_row_buffer.weight_rows_1_reg_5_CASDOUTA_UNCONNECTED[11]
NLW_second_row_buffer.weight_rows_1_reg_5_CASDOUTA_UNCONNECTED[12]
NLW_second_row_buffer.weight_rows_1_reg_5_CASDOUTA_UNCONNECTED[13]
NLW_second_row_buffer.weight_rows_1_reg_5_CASDOUTA_UNCONNECTED[14]
NLW_second_row_buffer.weight_rows_1_reg_5_CASDOUTA_UNCONNECTED[15]
NLW_second_row_buffer.weight_rows_1_reg_5_CASDOUTA_UNCONNECTED[16]
NLW_second_row_buffer.weight_rows_1_reg_5_CASDOUTA_UNCONNECTED[17]
NLW_second_row_buffer.weight_rows_1_reg_5_CASDOUTA_UNCONNECTED[18]
NLW_second_row_buffer.weight_rows_1_reg_5_CASDOUTA_UNCONNECTED[19]
NLW_second_row_buffer.weight_rows_1_reg_5_CASDOUTA_UNCONNECTED[20]
NLW_second_row_buffer.weight_rows_1_reg_5_CASDOUTA_UNCONNECTED[21]
NLW_second_row_buffer.weight_rows_1_reg_5_CASDOUTA_UNCONNECTED[22]
NLW_second_row_buffer.weight_rows_1_reg_5_CASDOUTA_UNCONNECTED[23]
NLW_second_row_buffer.weight_rows_1_reg_5_CASDOUTA_UNCONNECTED[24]
NLW_second_row_buffer.weight_rows_1_reg_5_CASDOUTA_UNCONNECTED[25]
NLW_second_row_buffer.weight_rows_1_reg_5_CASDOUTA_UNCONNECTED[26]
NLW_second_row_buffer.weight_rows_1_reg_5_CASDOUTA_UNCONNECTED[27]
NLW_second_row_buffer.weight_rows_1_reg_5_CASDOUTA_UNCONNECTED[28]
NLW_second_row_buffer.weight_rows_1_reg_5_CASDOUTA_UNCONNECTED[29]
NLW_second_row_buffer.weight_rows_1_reg_5_CASDOUTA_UNCONNECTED[30]
NLW_second_row_buffer.weight_rows_1_reg_5_CASDOUTA_UNCONNECTED[31]
NLW_second_row_buffer.weight_rows_1_reg_5_CASDOUTB_UNCONNECTED[0]
NLW_second_row_buffer.weight_rows_1_reg_5_CASDOUTB_UNCONNECTED[1]
NLW_second_row_buffer.weight_rows_1_reg_5_CASDOUTB_UNCONNECTED[2]
NLW_second_row_buffer.weight_rows_1_reg_5_CASDOUTB_UNCONNECTED[3]
NLW_second_row_buffer.weight_rows_1_reg_5_CASDOUTB_UNCONNECTED[4]
NLW_second_row_buffer.weight_rows_1_reg_5_CASDOUTB_UNCONNECTED[5]
NLW_second_row_buffer.weight_rows_1_reg_5_CASDOUTB_UNCONNECTED[6]
NLW_second_row_buffer.weight_rows_1_reg_5_CASDOUTB_UNCONNECTED[7]
NLW_second_row_buffer.weight_rows_1_reg_5_CASDOUTB_UNCONNECTED[8]
NLW_second_row_buffer.weight_rows_1_reg_5_CASDOUTB_UNCONNECTED[9]
NLW_second_row_buffer.weight_rows_1_reg_5_CASDOUTB_UNCONNECTED[10]
NLW_second_row_buffer.weight_rows_1_reg_5_CASDOUTB_UNCONNECTED[11]
NLW_second_row_buffer.weight_rows_1_reg_5_CASDOUTB_UNCONNECTED[12]
NLW_second_row_buffer.weight_rows_1_reg_5_CASDOUTB_UNCONNECTED[13]
NLW_second_row_buffer.weight_rows_1_reg_5_CASDOUTB_UNCONNECTED[14]
NLW_second_row_buffer.weight_rows_1_reg_5_CASDOUTB_UNCONNECTED[15]
NLW_second_row_buffer.weight_rows_1_reg_5_CASDOUTB_UNCONNECTED[16]
NLW_second_row_buffer.weight_rows_1_reg_5_CASDOUTB_UNCONNECTED[17]
NLW_second_row_buffer.weight_rows_1_reg_5_CASDOUTB_UNCONNECTED[18]
NLW_second_row_buffer.weight_rows_1_reg_5_CASDOUTB_UNCONNECTED[19]
NLW_second_row_buffer.weight_rows_1_reg_5_CASDOUTB_UNCONNECTED[20]
NLW_second_row_buffer.weight_rows_1_reg_5_CASDOUTB_UNCONNECTED[21]
NLW_second_row_buffer.weight_rows_1_reg_5_CASDOUTB_UNCONNECTED[22]
NLW_second_row_buffer.weight_rows_1_reg_5_CASDOUTB_UNCONNECTED[23]
NLW_second_row_buffer.weight_rows_1_reg_5_CASDOUTB_UNCONNECTED[24]
NLW_second_row_buffer.weight_rows_1_reg_5_CASDOUTB_UNCONNECTED[25]
NLW_second_row_buffer.weight_rows_1_reg_5_CASDOUTB_UNCONNECTED[26]
NLW_second_row_buffer.weight_rows_1_reg_5_CASDOUTB_UNCONNECTED[27]
NLW_second_row_buffer.weight_rows_1_reg_5_CASDOUTB_UNCONNECTED[28]
NLW_second_row_buffer.weight_rows_1_reg_5_CASDOUTB_UNCONNECTED[29]
NLW_second_row_buffer.weight_rows_1_reg_5_CASDOUTB_UNCONNECTED[30]
NLW_second_row_buffer.weight_rows_1_reg_5_CASDOUTB_UNCONNECTED[31]
NLW_second_row_buffer.weight_rows_1_reg_5_CASDOUTPA_UNCONNECTED[0]
NLW_second_row_buffer.weight_rows_1_reg_5_CASDOUTPA_UNCONNECTED[1]
NLW_second_row_buffer.weight_rows_1_reg_5_CASDOUTPA_UNCONNECTED[2]
NLW_second_row_buffer.weight_rows_1_reg_5_CASDOUTPA_UNCONNECTED[3]
NLW_second_row_buffer.weight_rows_1_reg_5_CASDOUTPB_UNCONNECTED[0]
NLW_second_row_buffer.weight_rows_1_reg_5_CASDOUTPB_UNCONNECTED[1]
NLW_second_row_buffer.weight_rows_1_reg_5_CASDOUTPB_UNCONNECTED[2]
NLW_second_row_buffer.weight_rows_1_reg_5_CASDOUTPB_UNCONNECTED[3]
NLW_second_row_buffer.weight_rows_1_reg_5_ECCPARITY_UNCONNECTED[0]
NLW_second_row_buffer.weight_rows_1_reg_5_ECCPARITY_UNCONNECTED[1]
NLW_second_row_buffer.weight_rows_1_reg_5_ECCPARITY_UNCONNECTED[2]
NLW_second_row_buffer.weight_rows_1_reg_5_ECCPARITY_UNCONNECTED[3]
NLW_second_row_buffer.weight_rows_1_reg_5_ECCPARITY_UNCONNECTED[4]
NLW_second_row_buffer.weight_rows_1_reg_5_ECCPARITY_UNCONNECTED[5]
NLW_second_row_buffer.weight_rows_1_reg_5_ECCPARITY_UNCONNECTED[6]
NLW_second_row_buffer.weight_rows_1_reg_5_ECCPARITY_UNCONNECTED[7]
NLW_second_row_buffer.weight_rows_1_reg_5_RDADDRECC_UNCONNECTED[0]
NLW_second_row_buffer.weight_rows_1_reg_5_RDADDRECC_UNCONNECTED[1]
NLW_second_row_buffer.weight_rows_1_reg_5_RDADDRECC_UNCONNECTED[2]
NLW_second_row_buffer.weight_rows_1_reg_5_RDADDRECC_UNCONNECTED[3]
NLW_second_row_buffer.weight_rows_1_reg_5_RDADDRECC_UNCONNECTED[4]
NLW_second_row_buffer.weight_rows_1_reg_5_RDADDRECC_UNCONNECTED[5]
NLW_second_row_buffer.weight_rows_1_reg_5_RDADDRECC_UNCONNECTED[6]
NLW_second_row_buffer.weight_rows_1_reg_5_RDADDRECC_UNCONNECTED[7]
NLW_second_row_buffer.weight_rows_1_reg_5_RDADDRECC_UNCONNECTED[8]
NLW_second_row_buffer.weight_rows_1_reg_6_CASOUTDBITERR_UNCONNECTED
NLW_second_row_buffer.weight_rows_1_reg_6_CASOUTSBITERR_UNCONNECTED
NLW_second_row_buffer.weight_rows_1_reg_6_DBITERR_UNCONNECTED
NLW_second_row_buffer.weight_rows_1_reg_6_SBITERR_UNCONNECTED
NLW_second_row_buffer.weight_rows_1_reg_6_CASDINA_UNCONNECTED[0]
NLW_second_row_buffer.weight_rows_1_reg_6_CASDINA_UNCONNECTED[1]
NLW_second_row_buffer.weight_rows_1_reg_6_CASDINA_UNCONNECTED[2]
NLW_second_row_buffer.weight_rows_1_reg_6_CASDINA_UNCONNECTED[3]
NLW_second_row_buffer.weight_rows_1_reg_6_CASDINA_UNCONNECTED[4]
NLW_second_row_buffer.weight_rows_1_reg_6_CASDINA_UNCONNECTED[5]
NLW_second_row_buffer.weight_rows_1_reg_6_CASDINA_UNCONNECTED[6]
NLW_second_row_buffer.weight_rows_1_reg_6_CASDINA_UNCONNECTED[7]
NLW_second_row_buffer.weight_rows_1_reg_6_CASDINA_UNCONNECTED[8]
NLW_second_row_buffer.weight_rows_1_reg_6_CASDINA_UNCONNECTED[9]
NLW_second_row_buffer.weight_rows_1_reg_6_CASDINA_UNCONNECTED[10]
NLW_second_row_buffer.weight_rows_1_reg_6_CASDINA_UNCONNECTED[11]
NLW_second_row_buffer.weight_rows_1_reg_6_CASDINA_UNCONNECTED[12]
NLW_second_row_buffer.weight_rows_1_reg_6_CASDINA_UNCONNECTED[13]
NLW_second_row_buffer.weight_rows_1_reg_6_CASDINA_UNCONNECTED[14]
NLW_second_row_buffer.weight_rows_1_reg_6_CASDINA_UNCONNECTED[15]
NLW_second_row_buffer.weight_rows_1_reg_6_CASDINA_UNCONNECTED[16]
NLW_second_row_buffer.weight_rows_1_reg_6_CASDINA_UNCONNECTED[17]
NLW_second_row_buffer.weight_rows_1_reg_6_CASDINA_UNCONNECTED[18]
NLW_second_row_buffer.weight_rows_1_reg_6_CASDINA_UNCONNECTED[19]
NLW_second_row_buffer.weight_rows_1_reg_6_CASDINA_UNCONNECTED[20]
NLW_second_row_buffer.weight_rows_1_reg_6_CASDINA_UNCONNECTED[21]
NLW_second_row_buffer.weight_rows_1_reg_6_CASDINA_UNCONNECTED[22]
NLW_second_row_buffer.weight_rows_1_reg_6_CASDINA_UNCONNECTED[23]
NLW_second_row_buffer.weight_rows_1_reg_6_CASDINA_UNCONNECTED[24]
NLW_second_row_buffer.weight_rows_1_reg_6_CASDINA_UNCONNECTED[25]
NLW_second_row_buffer.weight_rows_1_reg_6_CASDINA_UNCONNECTED[26]
NLW_second_row_buffer.weight_rows_1_reg_6_CASDINA_UNCONNECTED[27]
NLW_second_row_buffer.weight_rows_1_reg_6_CASDINA_UNCONNECTED[28]
NLW_second_row_buffer.weight_rows_1_reg_6_CASDINA_UNCONNECTED[29]
NLW_second_row_buffer.weight_rows_1_reg_6_CASDINA_UNCONNECTED[30]
NLW_second_row_buffer.weight_rows_1_reg_6_CASDINA_UNCONNECTED[31]
NLW_second_row_buffer.weight_rows_1_reg_6_CASDINB_UNCONNECTED[0]
NLW_second_row_buffer.weight_rows_1_reg_6_CASDINB_UNCONNECTED[1]
NLW_second_row_buffer.weight_rows_1_reg_6_CASDINB_UNCONNECTED[2]
NLW_second_row_buffer.weight_rows_1_reg_6_CASDINB_UNCONNECTED[3]
NLW_second_row_buffer.weight_rows_1_reg_6_CASDINB_UNCONNECTED[4]
NLW_second_row_buffer.weight_rows_1_reg_6_CASDINB_UNCONNECTED[5]
NLW_second_row_buffer.weight_rows_1_reg_6_CASDINB_UNCONNECTED[6]
NLW_second_row_buffer.weight_rows_1_reg_6_CASDINB_UNCONNECTED[7]
NLW_second_row_buffer.weight_rows_1_reg_6_CASDINB_UNCONNECTED[8]
NLW_second_row_buffer.weight_rows_1_reg_6_CASDINB_UNCONNECTED[9]
NLW_second_row_buffer.weight_rows_1_reg_6_CASDINB_UNCONNECTED[10]
NLW_second_row_buffer.weight_rows_1_reg_6_CASDINB_UNCONNECTED[11]
NLW_second_row_buffer.weight_rows_1_reg_6_CASDINB_UNCONNECTED[12]
NLW_second_row_buffer.weight_rows_1_reg_6_CASDINB_UNCONNECTED[13]
NLW_second_row_buffer.weight_rows_1_reg_6_CASDINB_UNCONNECTED[14]
NLW_second_row_buffer.weight_rows_1_reg_6_CASDINB_UNCONNECTED[15]
NLW_second_row_buffer.weight_rows_1_reg_6_CASDINB_UNCONNECTED[16]
NLW_second_row_buffer.weight_rows_1_reg_6_CASDINB_UNCONNECTED[17]
NLW_second_row_buffer.weight_rows_1_reg_6_CASDINB_UNCONNECTED[18]
NLW_second_row_buffer.weight_rows_1_reg_6_CASDINB_UNCONNECTED[19]
NLW_second_row_buffer.weight_rows_1_reg_6_CASDINB_UNCONNECTED[20]
NLW_second_row_buffer.weight_rows_1_reg_6_CASDINB_UNCONNECTED[21]
NLW_second_row_buffer.weight_rows_1_reg_6_CASDINB_UNCONNECTED[22]
NLW_second_row_buffer.weight_rows_1_reg_6_CASDINB_UNCONNECTED[23]
NLW_second_row_buffer.weight_rows_1_reg_6_CASDINB_UNCONNECTED[24]
NLW_second_row_buffer.weight_rows_1_reg_6_CASDINB_UNCONNECTED[25]
NLW_second_row_buffer.weight_rows_1_reg_6_CASDINB_UNCONNECTED[26]
NLW_second_row_buffer.weight_rows_1_reg_6_CASDINB_UNCONNECTED[27]
NLW_second_row_buffer.weight_rows_1_reg_6_CASDINB_UNCONNECTED[28]
NLW_second_row_buffer.weight_rows_1_reg_6_CASDINB_UNCONNECTED[29]
NLW_second_row_buffer.weight_rows_1_reg_6_CASDINB_UNCONNECTED[30]
NLW_second_row_buffer.weight_rows_1_reg_6_CASDINB_UNCONNECTED[31]
NLW_second_row_buffer.weight_rows_1_reg_6_CASDINPA_UNCONNECTED[0]
NLW_second_row_buffer.weight_rows_1_reg_6_CASDINPA_UNCONNECTED[1]
NLW_second_row_buffer.weight_rows_1_reg_6_CASDINPA_UNCONNECTED[2]
NLW_second_row_buffer.weight_rows_1_reg_6_CASDINPA_UNCONNECTED[3]
NLW_second_row_buffer.weight_rows_1_reg_6_CASDINPB_UNCONNECTED[0]
NLW_second_row_buffer.weight_rows_1_reg_6_CASDINPB_UNCONNECTED[1]
NLW_second_row_buffer.weight_rows_1_reg_6_CASDINPB_UNCONNECTED[2]
NLW_second_row_buffer.weight_rows_1_reg_6_CASDINPB_UNCONNECTED[3]
NLW_second_row_buffer.weight_rows_1_reg_6_CASDOUTA_UNCONNECTED[0]
NLW_second_row_buffer.weight_rows_1_reg_6_CASDOUTA_UNCONNECTED[1]
NLW_second_row_buffer.weight_rows_1_reg_6_CASDOUTA_UNCONNECTED[2]
NLW_second_row_buffer.weight_rows_1_reg_6_CASDOUTA_UNCONNECTED[3]
NLW_second_row_buffer.weight_rows_1_reg_6_CASDOUTA_UNCONNECTED[4]
NLW_second_row_buffer.weight_rows_1_reg_6_CASDOUTA_UNCONNECTED[5]
NLW_second_row_buffer.weight_rows_1_reg_6_CASDOUTA_UNCONNECTED[6]
NLW_second_row_buffer.weight_rows_1_reg_6_CASDOUTA_UNCONNECTED[7]
NLW_second_row_buffer.weight_rows_1_reg_6_CASDOUTA_UNCONNECTED[8]
NLW_second_row_buffer.weight_rows_1_reg_6_CASDOUTA_UNCONNECTED[9]
NLW_second_row_buffer.weight_rows_1_reg_6_CASDOUTA_UNCONNECTED[10]
NLW_second_row_buffer.weight_rows_1_reg_6_CASDOUTA_UNCONNECTED[11]
NLW_second_row_buffer.weight_rows_1_reg_6_CASDOUTA_UNCONNECTED[12]
NLW_second_row_buffer.weight_rows_1_reg_6_CASDOUTA_UNCONNECTED[13]
NLW_second_row_buffer.weight_rows_1_reg_6_CASDOUTA_UNCONNECTED[14]
NLW_second_row_buffer.weight_rows_1_reg_6_CASDOUTA_UNCONNECTED[15]
NLW_second_row_buffer.weight_rows_1_reg_6_CASDOUTA_UNCONNECTED[16]
NLW_second_row_buffer.weight_rows_1_reg_6_CASDOUTA_UNCONNECTED[17]
NLW_second_row_buffer.weight_rows_1_reg_6_CASDOUTA_UNCONNECTED[18]
NLW_second_row_buffer.weight_rows_1_reg_6_CASDOUTA_UNCONNECTED[19]
NLW_second_row_buffer.weight_rows_1_reg_6_CASDOUTA_UNCONNECTED[20]
NLW_second_row_buffer.weight_rows_1_reg_6_CASDOUTA_UNCONNECTED[21]
NLW_second_row_buffer.weight_rows_1_reg_6_CASDOUTA_UNCONNECTED[22]
NLW_second_row_buffer.weight_rows_1_reg_6_CASDOUTA_UNCONNECTED[23]
NLW_second_row_buffer.weight_rows_1_reg_6_CASDOUTA_UNCONNECTED[24]
NLW_second_row_buffer.weight_rows_1_reg_6_CASDOUTA_UNCONNECTED[25]
NLW_second_row_buffer.weight_rows_1_reg_6_CASDOUTA_UNCONNECTED[26]
NLW_second_row_buffer.weight_rows_1_reg_6_CASDOUTA_UNCONNECTED[27]
NLW_second_row_buffer.weight_rows_1_reg_6_CASDOUTA_UNCONNECTED[28]
NLW_second_row_buffer.weight_rows_1_reg_6_CASDOUTA_UNCONNECTED[29]
NLW_second_row_buffer.weight_rows_1_reg_6_CASDOUTA_UNCONNECTED[30]
NLW_second_row_buffer.weight_rows_1_reg_6_CASDOUTA_UNCONNECTED[31]
NLW_second_row_buffer.weight_rows_1_reg_6_CASDOUTB_UNCONNECTED[0]
NLW_second_row_buffer.weight_rows_1_reg_6_CASDOUTB_UNCONNECTED[1]
NLW_second_row_buffer.weight_rows_1_reg_6_CASDOUTB_UNCONNECTED[2]
NLW_second_row_buffer.weight_rows_1_reg_6_CASDOUTB_UNCONNECTED[3]
NLW_second_row_buffer.weight_rows_1_reg_6_CASDOUTB_UNCONNECTED[4]
NLW_second_row_buffer.weight_rows_1_reg_6_CASDOUTB_UNCONNECTED[5]
NLW_second_row_buffer.weight_rows_1_reg_6_CASDOUTB_UNCONNECTED[6]
NLW_second_row_buffer.weight_rows_1_reg_6_CASDOUTB_UNCONNECTED[7]
NLW_second_row_buffer.weight_rows_1_reg_6_CASDOUTB_UNCONNECTED[8]
NLW_second_row_buffer.weight_rows_1_reg_6_CASDOUTB_UNCONNECTED[9]
NLW_second_row_buffer.weight_rows_1_reg_6_CASDOUTB_UNCONNECTED[10]
NLW_second_row_buffer.weight_rows_1_reg_6_CASDOUTB_UNCONNECTED[11]
NLW_second_row_buffer.weight_rows_1_reg_6_CASDOUTB_UNCONNECTED[12]
NLW_second_row_buffer.weight_rows_1_reg_6_CASDOUTB_UNCONNECTED[13]
NLW_second_row_buffer.weight_rows_1_reg_6_CASDOUTB_UNCONNECTED[14]
NLW_second_row_buffer.weight_rows_1_reg_6_CASDOUTB_UNCONNECTED[15]
NLW_second_row_buffer.weight_rows_1_reg_6_CASDOUTB_UNCONNECTED[16]
NLW_second_row_buffer.weight_rows_1_reg_6_CASDOUTB_UNCONNECTED[17]
NLW_second_row_buffer.weight_rows_1_reg_6_CASDOUTB_UNCONNECTED[18]
NLW_second_row_buffer.weight_rows_1_reg_6_CASDOUTB_UNCONNECTED[19]
NLW_second_row_buffer.weight_rows_1_reg_6_CASDOUTB_UNCONNECTED[20]
NLW_second_row_buffer.weight_rows_1_reg_6_CASDOUTB_UNCONNECTED[21]
NLW_second_row_buffer.weight_rows_1_reg_6_CASDOUTB_UNCONNECTED[22]
NLW_second_row_buffer.weight_rows_1_reg_6_CASDOUTB_UNCONNECTED[23]
NLW_second_row_buffer.weight_rows_1_reg_6_CASDOUTB_UNCONNECTED[24]
NLW_second_row_buffer.weight_rows_1_reg_6_CASDOUTB_UNCONNECTED[25]
NLW_second_row_buffer.weight_rows_1_reg_6_CASDOUTB_UNCONNECTED[26]
NLW_second_row_buffer.weight_rows_1_reg_6_CASDOUTB_UNCONNECTED[27]
NLW_second_row_buffer.weight_rows_1_reg_6_CASDOUTB_UNCONNECTED[28]
NLW_second_row_buffer.weight_rows_1_reg_6_CASDOUTB_UNCONNECTED[29]
NLW_second_row_buffer.weight_rows_1_reg_6_CASDOUTB_UNCONNECTED[30]
NLW_second_row_buffer.weight_rows_1_reg_6_CASDOUTB_UNCONNECTED[31]
NLW_second_row_buffer.weight_rows_1_reg_6_CASDOUTPA_UNCONNECTED[0]
NLW_second_row_buffer.weight_rows_1_reg_6_CASDOUTPA_UNCONNECTED[1]
NLW_second_row_buffer.weight_rows_1_reg_6_CASDOUTPA_UNCONNECTED[2]
NLW_second_row_buffer.weight_rows_1_reg_6_CASDOUTPA_UNCONNECTED[3]
NLW_second_row_buffer.weight_rows_1_reg_6_CASDOUTPB_UNCONNECTED[0]
NLW_second_row_buffer.weight_rows_1_reg_6_CASDOUTPB_UNCONNECTED[1]
NLW_second_row_buffer.weight_rows_1_reg_6_CASDOUTPB_UNCONNECTED[2]
NLW_second_row_buffer.weight_rows_1_reg_6_CASDOUTPB_UNCONNECTED[3]
NLW_second_row_buffer.weight_rows_1_reg_6_ECCPARITY_UNCONNECTED[0]
NLW_second_row_buffer.weight_rows_1_reg_6_ECCPARITY_UNCONNECTED[1]
NLW_second_row_buffer.weight_rows_1_reg_6_ECCPARITY_UNCONNECTED[2]
NLW_second_row_buffer.weight_rows_1_reg_6_ECCPARITY_UNCONNECTED[3]
NLW_second_row_buffer.weight_rows_1_reg_6_ECCPARITY_UNCONNECTED[4]
NLW_second_row_buffer.weight_rows_1_reg_6_ECCPARITY_UNCONNECTED[5]
NLW_second_row_buffer.weight_rows_1_reg_6_ECCPARITY_UNCONNECTED[6]
NLW_second_row_buffer.weight_rows_1_reg_6_ECCPARITY_UNCONNECTED[7]
NLW_second_row_buffer.weight_rows_1_reg_6_RDADDRECC_UNCONNECTED[0]
NLW_second_row_buffer.weight_rows_1_reg_6_RDADDRECC_UNCONNECTED[1]
NLW_second_row_buffer.weight_rows_1_reg_6_RDADDRECC_UNCONNECTED[2]
NLW_second_row_buffer.weight_rows_1_reg_6_RDADDRECC_UNCONNECTED[3]
NLW_second_row_buffer.weight_rows_1_reg_6_RDADDRECC_UNCONNECTED[4]
NLW_second_row_buffer.weight_rows_1_reg_6_RDADDRECC_UNCONNECTED[5]
NLW_second_row_buffer.weight_rows_1_reg_6_RDADDRECC_UNCONNECTED[6]
NLW_second_row_buffer.weight_rows_1_reg_6_RDADDRECC_UNCONNECTED[7]
NLW_second_row_buffer.weight_rows_1_reg_6_RDADDRECC_UNCONNECTED[8]
NLW_second_row_buffer.weight_rows_1_reg_7_CASOUTDBITERR_UNCONNECTED
NLW_second_row_buffer.weight_rows_1_reg_7_CASOUTSBITERR_UNCONNECTED
NLW_second_row_buffer.weight_rows_1_reg_7_DBITERR_UNCONNECTED
NLW_second_row_buffer.weight_rows_1_reg_7_SBITERR_UNCONNECTED
NLW_second_row_buffer.weight_rows_1_reg_7_CASDINA_UNCONNECTED[0]
NLW_second_row_buffer.weight_rows_1_reg_7_CASDINA_UNCONNECTED[1]
NLW_second_row_buffer.weight_rows_1_reg_7_CASDINA_UNCONNECTED[2]
NLW_second_row_buffer.weight_rows_1_reg_7_CASDINA_UNCONNECTED[3]
NLW_second_row_buffer.weight_rows_1_reg_7_CASDINA_UNCONNECTED[4]
NLW_second_row_buffer.weight_rows_1_reg_7_CASDINA_UNCONNECTED[5]
NLW_second_row_buffer.weight_rows_1_reg_7_CASDINA_UNCONNECTED[6]
NLW_second_row_buffer.weight_rows_1_reg_7_CASDINA_UNCONNECTED[7]
NLW_second_row_buffer.weight_rows_1_reg_7_CASDINA_UNCONNECTED[8]
NLW_second_row_buffer.weight_rows_1_reg_7_CASDINA_UNCONNECTED[9]
NLW_second_row_buffer.weight_rows_1_reg_7_CASDINA_UNCONNECTED[10]
NLW_second_row_buffer.weight_rows_1_reg_7_CASDINA_UNCONNECTED[11]
NLW_second_row_buffer.weight_rows_1_reg_7_CASDINA_UNCONNECTED[12]
NLW_second_row_buffer.weight_rows_1_reg_7_CASDINA_UNCONNECTED[13]
NLW_second_row_buffer.weight_rows_1_reg_7_CASDINA_UNCONNECTED[14]
NLW_second_row_buffer.weight_rows_1_reg_7_CASDINA_UNCONNECTED[15]
NLW_second_row_buffer.weight_rows_1_reg_7_CASDINA_UNCONNECTED[16]
NLW_second_row_buffer.weight_rows_1_reg_7_CASDINA_UNCONNECTED[17]
NLW_second_row_buffer.weight_rows_1_reg_7_CASDINA_UNCONNECTED[18]
NLW_second_row_buffer.weight_rows_1_reg_7_CASDINA_UNCONNECTED[19]
NLW_second_row_buffer.weight_rows_1_reg_7_CASDINA_UNCONNECTED[20]
NLW_second_row_buffer.weight_rows_1_reg_7_CASDINA_UNCONNECTED[21]
NLW_second_row_buffer.weight_rows_1_reg_7_CASDINA_UNCONNECTED[22]
NLW_second_row_buffer.weight_rows_1_reg_7_CASDINA_UNCONNECTED[23]
NLW_second_row_buffer.weight_rows_1_reg_7_CASDINA_UNCONNECTED[24]
NLW_second_row_buffer.weight_rows_1_reg_7_CASDINA_UNCONNECTED[25]
NLW_second_row_buffer.weight_rows_1_reg_7_CASDINA_UNCONNECTED[26]
NLW_second_row_buffer.weight_rows_1_reg_7_CASDINA_UNCONNECTED[27]
NLW_second_row_buffer.weight_rows_1_reg_7_CASDINA_UNCONNECTED[28]
NLW_second_row_buffer.weight_rows_1_reg_7_CASDINA_UNCONNECTED[29]
NLW_second_row_buffer.weight_rows_1_reg_7_CASDINA_UNCONNECTED[30]
NLW_second_row_buffer.weight_rows_1_reg_7_CASDINA_UNCONNECTED[31]
NLW_second_row_buffer.weight_rows_1_reg_7_CASDINB_UNCONNECTED[0]
NLW_second_row_buffer.weight_rows_1_reg_7_CASDINB_UNCONNECTED[1]
NLW_second_row_buffer.weight_rows_1_reg_7_CASDINB_UNCONNECTED[2]
NLW_second_row_buffer.weight_rows_1_reg_7_CASDINB_UNCONNECTED[3]
NLW_second_row_buffer.weight_rows_1_reg_7_CASDINB_UNCONNECTED[4]
NLW_second_row_buffer.weight_rows_1_reg_7_CASDINB_UNCONNECTED[5]
NLW_second_row_buffer.weight_rows_1_reg_7_CASDINB_UNCONNECTED[6]
NLW_second_row_buffer.weight_rows_1_reg_7_CASDINB_UNCONNECTED[7]
NLW_second_row_buffer.weight_rows_1_reg_7_CASDINB_UNCONNECTED[8]
NLW_second_row_buffer.weight_rows_1_reg_7_CASDINB_UNCONNECTED[9]
NLW_second_row_buffer.weight_rows_1_reg_7_CASDINB_UNCONNECTED[10]
NLW_second_row_buffer.weight_rows_1_reg_7_CASDINB_UNCONNECTED[11]
NLW_second_row_buffer.weight_rows_1_reg_7_CASDINB_UNCONNECTED[12]
NLW_second_row_buffer.weight_rows_1_reg_7_CASDINB_UNCONNECTED[13]
NLW_second_row_buffer.weight_rows_1_reg_7_CASDINB_UNCONNECTED[14]
NLW_second_row_buffer.weight_rows_1_reg_7_CASDINB_UNCONNECTED[15]
NLW_second_row_buffer.weight_rows_1_reg_7_CASDINB_UNCONNECTED[16]
NLW_second_row_buffer.weight_rows_1_reg_7_CASDINB_UNCONNECTED[17]
NLW_second_row_buffer.weight_rows_1_reg_7_CASDINB_UNCONNECTED[18]
NLW_second_row_buffer.weight_rows_1_reg_7_CASDINB_UNCONNECTED[19]
NLW_second_row_buffer.weight_rows_1_reg_7_CASDINB_UNCONNECTED[20]
NLW_second_row_buffer.weight_rows_1_reg_7_CASDINB_UNCONNECTED[21]
NLW_second_row_buffer.weight_rows_1_reg_7_CASDINB_UNCONNECTED[22]
NLW_second_row_buffer.weight_rows_1_reg_7_CASDINB_UNCONNECTED[23]
NLW_second_row_buffer.weight_rows_1_reg_7_CASDINB_UNCONNECTED[24]
NLW_second_row_buffer.weight_rows_1_reg_7_CASDINB_UNCONNECTED[25]
NLW_second_row_buffer.weight_rows_1_reg_7_CASDINB_UNCONNECTED[26]
NLW_second_row_buffer.weight_rows_1_reg_7_CASDINB_UNCONNECTED[27]
NLW_second_row_buffer.weight_rows_1_reg_7_CASDINB_UNCONNECTED[28]
NLW_second_row_buffer.weight_rows_1_reg_7_CASDINB_UNCONNECTED[29]
NLW_second_row_buffer.weight_rows_1_reg_7_CASDINB_UNCONNECTED[30]
NLW_second_row_buffer.weight_rows_1_reg_7_CASDINB_UNCONNECTED[31]
NLW_second_row_buffer.weight_rows_1_reg_7_CASDINPA_UNCONNECTED[0]
NLW_second_row_buffer.weight_rows_1_reg_7_CASDINPA_UNCONNECTED[1]
NLW_second_row_buffer.weight_rows_1_reg_7_CASDINPA_UNCONNECTED[2]
NLW_second_row_buffer.weight_rows_1_reg_7_CASDINPA_UNCONNECTED[3]
NLW_second_row_buffer.weight_rows_1_reg_7_CASDINPB_UNCONNECTED[0]
NLW_second_row_buffer.weight_rows_1_reg_7_CASDINPB_UNCONNECTED[1]
NLW_second_row_buffer.weight_rows_1_reg_7_CASDINPB_UNCONNECTED[2]
NLW_second_row_buffer.weight_rows_1_reg_7_CASDINPB_UNCONNECTED[3]
NLW_second_row_buffer.weight_rows_1_reg_7_CASDOUTA_UNCONNECTED[0]
NLW_second_row_buffer.weight_rows_1_reg_7_CASDOUTA_UNCONNECTED[1]
NLW_second_row_buffer.weight_rows_1_reg_7_CASDOUTA_UNCONNECTED[2]
NLW_second_row_buffer.weight_rows_1_reg_7_CASDOUTA_UNCONNECTED[3]
NLW_second_row_buffer.weight_rows_1_reg_7_CASDOUTA_UNCONNECTED[4]
NLW_second_row_buffer.weight_rows_1_reg_7_CASDOUTA_UNCONNECTED[5]
NLW_second_row_buffer.weight_rows_1_reg_7_CASDOUTA_UNCONNECTED[6]
NLW_second_row_buffer.weight_rows_1_reg_7_CASDOUTA_UNCONNECTED[7]
NLW_second_row_buffer.weight_rows_1_reg_7_CASDOUTA_UNCONNECTED[8]
NLW_second_row_buffer.weight_rows_1_reg_7_CASDOUTA_UNCONNECTED[9]
NLW_second_row_buffer.weight_rows_1_reg_7_CASDOUTA_UNCONNECTED[10]
NLW_second_row_buffer.weight_rows_1_reg_7_CASDOUTA_UNCONNECTED[11]
NLW_second_row_buffer.weight_rows_1_reg_7_CASDOUTA_UNCONNECTED[12]
NLW_second_row_buffer.weight_rows_1_reg_7_CASDOUTA_UNCONNECTED[13]
NLW_second_row_buffer.weight_rows_1_reg_7_CASDOUTA_UNCONNECTED[14]
NLW_second_row_buffer.weight_rows_1_reg_7_CASDOUTA_UNCONNECTED[15]
NLW_second_row_buffer.weight_rows_1_reg_7_CASDOUTA_UNCONNECTED[16]
NLW_second_row_buffer.weight_rows_1_reg_7_CASDOUTA_UNCONNECTED[17]
NLW_second_row_buffer.weight_rows_1_reg_7_CASDOUTA_UNCONNECTED[18]
NLW_second_row_buffer.weight_rows_1_reg_7_CASDOUTA_UNCONNECTED[19]
NLW_second_row_buffer.weight_rows_1_reg_7_CASDOUTA_UNCONNECTED[20]
NLW_second_row_buffer.weight_rows_1_reg_7_CASDOUTA_UNCONNECTED[21]
NLW_second_row_buffer.weight_rows_1_reg_7_CASDOUTA_UNCONNECTED[22]
NLW_second_row_buffer.weight_rows_1_reg_7_CASDOUTA_UNCONNECTED[23]
NLW_second_row_buffer.weight_rows_1_reg_7_CASDOUTA_UNCONNECTED[24]
NLW_second_row_buffer.weight_rows_1_reg_7_CASDOUTA_UNCONNECTED[25]
NLW_second_row_buffer.weight_rows_1_reg_7_CASDOUTA_UNCONNECTED[26]
NLW_second_row_buffer.weight_rows_1_reg_7_CASDOUTA_UNCONNECTED[27]
NLW_second_row_buffer.weight_rows_1_reg_7_CASDOUTA_UNCONNECTED[28]
NLW_second_row_buffer.weight_rows_1_reg_7_CASDOUTA_UNCONNECTED[29]
NLW_second_row_buffer.weight_rows_1_reg_7_CASDOUTA_UNCONNECTED[30]
NLW_second_row_buffer.weight_rows_1_reg_7_CASDOUTA_UNCONNECTED[31]
NLW_second_row_buffer.weight_rows_1_reg_7_CASDOUTB_UNCONNECTED[0]
NLW_second_row_buffer.weight_rows_1_reg_7_CASDOUTB_UNCONNECTED[1]
NLW_second_row_buffer.weight_rows_1_reg_7_CASDOUTB_UNCONNECTED[2]
NLW_second_row_buffer.weight_rows_1_reg_7_CASDOUTB_UNCONNECTED[3]
NLW_second_row_buffer.weight_rows_1_reg_7_CASDOUTB_UNCONNECTED[4]
NLW_second_row_buffer.weight_rows_1_reg_7_CASDOUTB_UNCONNECTED[5]
NLW_second_row_buffer.weight_rows_1_reg_7_CASDOUTB_UNCONNECTED[6]
NLW_second_row_buffer.weight_rows_1_reg_7_CASDOUTB_UNCONNECTED[7]
NLW_second_row_buffer.weight_rows_1_reg_7_CASDOUTB_UNCONNECTED[8]
NLW_second_row_buffer.weight_rows_1_reg_7_CASDOUTB_UNCONNECTED[9]
NLW_second_row_buffer.weight_rows_1_reg_7_CASDOUTB_UNCONNECTED[10]
NLW_second_row_buffer.weight_rows_1_reg_7_CASDOUTB_UNCONNECTED[11]
NLW_second_row_buffer.weight_rows_1_reg_7_CASDOUTB_UNCONNECTED[12]
NLW_second_row_buffer.weight_rows_1_reg_7_CASDOUTB_UNCONNECTED[13]
NLW_second_row_buffer.weight_rows_1_reg_7_CASDOUTB_UNCONNECTED[14]
NLW_second_row_buffer.weight_rows_1_reg_7_CASDOUTB_UNCONNECTED[15]
NLW_second_row_buffer.weight_rows_1_reg_7_CASDOUTB_UNCONNECTED[16]
NLW_second_row_buffer.weight_rows_1_reg_7_CASDOUTB_UNCONNECTED[17]
NLW_second_row_buffer.weight_rows_1_reg_7_CASDOUTB_UNCONNECTED[18]
NLW_second_row_buffer.weight_rows_1_reg_7_CASDOUTB_UNCONNECTED[19]
NLW_second_row_buffer.weight_rows_1_reg_7_CASDOUTB_UNCONNECTED[20]
NLW_second_row_buffer.weight_rows_1_reg_7_CASDOUTB_UNCONNECTED[21]
NLW_second_row_buffer.weight_rows_1_reg_7_CASDOUTB_UNCONNECTED[22]
NLW_second_row_buffer.weight_rows_1_reg_7_CASDOUTB_UNCONNECTED[23]
NLW_second_row_buffer.weight_rows_1_reg_7_CASDOUTB_UNCONNECTED[24]
NLW_second_row_buffer.weight_rows_1_reg_7_CASDOUTB_UNCONNECTED[25]
NLW_second_row_buffer.weight_rows_1_reg_7_CASDOUTB_UNCONNECTED[26]
NLW_second_row_buffer.weight_rows_1_reg_7_CASDOUTB_UNCONNECTED[27]
NLW_second_row_buffer.weight_rows_1_reg_7_CASDOUTB_UNCONNECTED[28]
NLW_second_row_buffer.weight_rows_1_reg_7_CASDOUTB_UNCONNECTED[29]
NLW_second_row_buffer.weight_rows_1_reg_7_CASDOUTB_UNCONNECTED[30]
NLW_second_row_buffer.weight_rows_1_reg_7_CASDOUTB_UNCONNECTED[31]
NLW_second_row_buffer.weight_rows_1_reg_7_CASDOUTPA_UNCONNECTED[0]
NLW_second_row_buffer.weight_rows_1_reg_7_CASDOUTPA_UNCONNECTED[1]
NLW_second_row_buffer.weight_rows_1_reg_7_CASDOUTPA_UNCONNECTED[2]
NLW_second_row_buffer.weight_rows_1_reg_7_CASDOUTPA_UNCONNECTED[3]
NLW_second_row_buffer.weight_rows_1_reg_7_CASDOUTPB_UNCONNECTED[0]
NLW_second_row_buffer.weight_rows_1_reg_7_CASDOUTPB_UNCONNECTED[1]
NLW_second_row_buffer.weight_rows_1_reg_7_CASDOUTPB_UNCONNECTED[2]
NLW_second_row_buffer.weight_rows_1_reg_7_CASDOUTPB_UNCONNECTED[3]
NLW_second_row_buffer.weight_rows_1_reg_7_ECCPARITY_UNCONNECTED[0]
NLW_second_row_buffer.weight_rows_1_reg_7_ECCPARITY_UNCONNECTED[1]
NLW_second_row_buffer.weight_rows_1_reg_7_ECCPARITY_UNCONNECTED[2]
NLW_second_row_buffer.weight_rows_1_reg_7_ECCPARITY_UNCONNECTED[3]
NLW_second_row_buffer.weight_rows_1_reg_7_ECCPARITY_UNCONNECTED[4]
NLW_second_row_buffer.weight_rows_1_reg_7_ECCPARITY_UNCONNECTED[5]
NLW_second_row_buffer.weight_rows_1_reg_7_ECCPARITY_UNCONNECTED[6]
NLW_second_row_buffer.weight_rows_1_reg_7_ECCPARITY_UNCONNECTED[7]
NLW_second_row_buffer.weight_rows_1_reg_7_RDADDRECC_UNCONNECTED[0]
NLW_second_row_buffer.weight_rows_1_reg_7_RDADDRECC_UNCONNECTED[1]
NLW_second_row_buffer.weight_rows_1_reg_7_RDADDRECC_UNCONNECTED[2]
NLW_second_row_buffer.weight_rows_1_reg_7_RDADDRECC_UNCONNECTED[3]
NLW_second_row_buffer.weight_rows_1_reg_7_RDADDRECC_UNCONNECTED[4]
NLW_second_row_buffer.weight_rows_1_reg_7_RDADDRECC_UNCONNECTED[5]
NLW_second_row_buffer.weight_rows_1_reg_7_RDADDRECC_UNCONNECTED[6]
NLW_second_row_buffer.weight_rows_1_reg_7_RDADDRECC_UNCONNECTED[7]
NLW_second_row_buffer.weight_rows_1_reg_7_RDADDRECC_UNCONNECTED[8]
NLW_second_row_buffer.weight_rows_1_reg_8_CASOUTDBITERR_UNCONNECTED
NLW_second_row_buffer.weight_rows_1_reg_8_CASOUTSBITERR_UNCONNECTED
NLW_second_row_buffer.weight_rows_1_reg_8_DBITERR_UNCONNECTED
NLW_second_row_buffer.weight_rows_1_reg_8_SBITERR_UNCONNECTED
NLW_second_row_buffer.weight_rows_1_reg_8_CASDINA_UNCONNECTED[0]
NLW_second_row_buffer.weight_rows_1_reg_8_CASDINA_UNCONNECTED[1]
NLW_second_row_buffer.weight_rows_1_reg_8_CASDINA_UNCONNECTED[2]
NLW_second_row_buffer.weight_rows_1_reg_8_CASDINA_UNCONNECTED[3]
NLW_second_row_buffer.weight_rows_1_reg_8_CASDINA_UNCONNECTED[4]
NLW_second_row_buffer.weight_rows_1_reg_8_CASDINA_UNCONNECTED[5]
NLW_second_row_buffer.weight_rows_1_reg_8_CASDINA_UNCONNECTED[6]
NLW_second_row_buffer.weight_rows_1_reg_8_CASDINA_UNCONNECTED[7]
NLW_second_row_buffer.weight_rows_1_reg_8_CASDINA_UNCONNECTED[8]
NLW_second_row_buffer.weight_rows_1_reg_8_CASDINA_UNCONNECTED[9]
NLW_second_row_buffer.weight_rows_1_reg_8_CASDINA_UNCONNECTED[10]
NLW_second_row_buffer.weight_rows_1_reg_8_CASDINA_UNCONNECTED[11]
NLW_second_row_buffer.weight_rows_1_reg_8_CASDINA_UNCONNECTED[12]
NLW_second_row_buffer.weight_rows_1_reg_8_CASDINA_UNCONNECTED[13]
NLW_second_row_buffer.weight_rows_1_reg_8_CASDINA_UNCONNECTED[14]
NLW_second_row_buffer.weight_rows_1_reg_8_CASDINA_UNCONNECTED[15]
NLW_second_row_buffer.weight_rows_1_reg_8_CASDINA_UNCONNECTED[16]
NLW_second_row_buffer.weight_rows_1_reg_8_CASDINA_UNCONNECTED[17]
NLW_second_row_buffer.weight_rows_1_reg_8_CASDINA_UNCONNECTED[18]
NLW_second_row_buffer.weight_rows_1_reg_8_CASDINA_UNCONNECTED[19]
NLW_second_row_buffer.weight_rows_1_reg_8_CASDINA_UNCONNECTED[20]
NLW_second_row_buffer.weight_rows_1_reg_8_CASDINA_UNCONNECTED[21]
NLW_second_row_buffer.weight_rows_1_reg_8_CASDINA_UNCONNECTED[22]
NLW_second_row_buffer.weight_rows_1_reg_8_CASDINA_UNCONNECTED[23]
NLW_second_row_buffer.weight_rows_1_reg_8_CASDINA_UNCONNECTED[24]
NLW_second_row_buffer.weight_rows_1_reg_8_CASDINA_UNCONNECTED[25]
NLW_second_row_buffer.weight_rows_1_reg_8_CASDINA_UNCONNECTED[26]
NLW_second_row_buffer.weight_rows_1_reg_8_CASDINA_UNCONNECTED[27]
NLW_second_row_buffer.weight_rows_1_reg_8_CASDINA_UNCONNECTED[28]
NLW_second_row_buffer.weight_rows_1_reg_8_CASDINA_UNCONNECTED[29]
NLW_second_row_buffer.weight_rows_1_reg_8_CASDINA_UNCONNECTED[30]
NLW_second_row_buffer.weight_rows_1_reg_8_CASDINA_UNCONNECTED[31]
NLW_second_row_buffer.weight_rows_1_reg_8_CASDINB_UNCONNECTED[0]
NLW_second_row_buffer.weight_rows_1_reg_8_CASDINB_UNCONNECTED[1]
NLW_second_row_buffer.weight_rows_1_reg_8_CASDINB_UNCONNECTED[2]
NLW_second_row_buffer.weight_rows_1_reg_8_CASDINB_UNCONNECTED[3]
NLW_second_row_buffer.weight_rows_1_reg_8_CASDINB_UNCONNECTED[4]
NLW_second_row_buffer.weight_rows_1_reg_8_CASDINB_UNCONNECTED[5]
NLW_second_row_buffer.weight_rows_1_reg_8_CASDINB_UNCONNECTED[6]
NLW_second_row_buffer.weight_rows_1_reg_8_CASDINB_UNCONNECTED[7]
NLW_second_row_buffer.weight_rows_1_reg_8_CASDINB_UNCONNECTED[8]
NLW_second_row_buffer.weight_rows_1_reg_8_CASDINB_UNCONNECTED[9]
NLW_second_row_buffer.weight_rows_1_reg_8_CASDINB_UNCONNECTED[10]
NLW_second_row_buffer.weight_rows_1_reg_8_CASDINB_UNCONNECTED[11]
NLW_second_row_buffer.weight_rows_1_reg_8_CASDINB_UNCONNECTED[12]
NLW_second_row_buffer.weight_rows_1_reg_8_CASDINB_UNCONNECTED[13]
NLW_second_row_buffer.weight_rows_1_reg_8_CASDINB_UNCONNECTED[14]
NLW_second_row_buffer.weight_rows_1_reg_8_CASDINB_UNCONNECTED[15]
NLW_second_row_buffer.weight_rows_1_reg_8_CASDINB_UNCONNECTED[16]
NLW_second_row_buffer.weight_rows_1_reg_8_CASDINB_UNCONNECTED[17]
NLW_second_row_buffer.weight_rows_1_reg_8_CASDINB_UNCONNECTED[18]
NLW_second_row_buffer.weight_rows_1_reg_8_CASDINB_UNCONNECTED[19]
NLW_second_row_buffer.weight_rows_1_reg_8_CASDINB_UNCONNECTED[20]
NLW_second_row_buffer.weight_rows_1_reg_8_CASDINB_UNCONNECTED[21]
NLW_second_row_buffer.weight_rows_1_reg_8_CASDINB_UNCONNECTED[22]
NLW_second_row_buffer.weight_rows_1_reg_8_CASDINB_UNCONNECTED[23]
NLW_second_row_buffer.weight_rows_1_reg_8_CASDINB_UNCONNECTED[24]
NLW_second_row_buffer.weight_rows_1_reg_8_CASDINB_UNCONNECTED[25]
NLW_second_row_buffer.weight_rows_1_reg_8_CASDINB_UNCONNECTED[26]
NLW_second_row_buffer.weight_rows_1_reg_8_CASDINB_UNCONNECTED[27]
NLW_second_row_buffer.weight_rows_1_reg_8_CASDINB_UNCONNECTED[28]
NLW_second_row_buffer.weight_rows_1_reg_8_CASDINB_UNCONNECTED[29]
NLW_second_row_buffer.weight_rows_1_reg_8_CASDINB_UNCONNECTED[30]
NLW_second_row_buffer.weight_rows_1_reg_8_CASDINB_UNCONNECTED[31]
NLW_second_row_buffer.weight_rows_1_reg_8_CASDINPA_UNCONNECTED[0]
NLW_second_row_buffer.weight_rows_1_reg_8_CASDINPA_UNCONNECTED[1]
NLW_second_row_buffer.weight_rows_1_reg_8_CASDINPA_UNCONNECTED[2]
NLW_second_row_buffer.weight_rows_1_reg_8_CASDINPA_UNCONNECTED[3]
NLW_second_row_buffer.weight_rows_1_reg_8_CASDINPB_UNCONNECTED[0]
NLW_second_row_buffer.weight_rows_1_reg_8_CASDINPB_UNCONNECTED[1]
NLW_second_row_buffer.weight_rows_1_reg_8_CASDINPB_UNCONNECTED[2]
NLW_second_row_buffer.weight_rows_1_reg_8_CASDINPB_UNCONNECTED[3]
NLW_second_row_buffer.weight_rows_1_reg_8_CASDOUTA_UNCONNECTED[0]
NLW_second_row_buffer.weight_rows_1_reg_8_CASDOUTA_UNCONNECTED[1]
NLW_second_row_buffer.weight_rows_1_reg_8_CASDOUTA_UNCONNECTED[2]
NLW_second_row_buffer.weight_rows_1_reg_8_CASDOUTA_UNCONNECTED[3]
NLW_second_row_buffer.weight_rows_1_reg_8_CASDOUTA_UNCONNECTED[4]
NLW_second_row_buffer.weight_rows_1_reg_8_CASDOUTA_UNCONNECTED[5]
NLW_second_row_buffer.weight_rows_1_reg_8_CASDOUTA_UNCONNECTED[6]
NLW_second_row_buffer.weight_rows_1_reg_8_CASDOUTA_UNCONNECTED[7]
NLW_second_row_buffer.weight_rows_1_reg_8_CASDOUTA_UNCONNECTED[8]
NLW_second_row_buffer.weight_rows_1_reg_8_CASDOUTA_UNCONNECTED[9]
NLW_second_row_buffer.weight_rows_1_reg_8_CASDOUTA_UNCONNECTED[10]
NLW_second_row_buffer.weight_rows_1_reg_8_CASDOUTA_UNCONNECTED[11]
NLW_second_row_buffer.weight_rows_1_reg_8_CASDOUTA_UNCONNECTED[12]
NLW_second_row_buffer.weight_rows_1_reg_8_CASDOUTA_UNCONNECTED[13]
NLW_second_row_buffer.weight_rows_1_reg_8_CASDOUTA_UNCONNECTED[14]
NLW_second_row_buffer.weight_rows_1_reg_8_CASDOUTA_UNCONNECTED[15]
NLW_second_row_buffer.weight_rows_1_reg_8_CASDOUTA_UNCONNECTED[16]
NLW_second_row_buffer.weight_rows_1_reg_8_CASDOUTA_UNCONNECTED[17]
NLW_second_row_buffer.weight_rows_1_reg_8_CASDOUTA_UNCONNECTED[18]
NLW_second_row_buffer.weight_rows_1_reg_8_CASDOUTA_UNCONNECTED[19]
NLW_second_row_buffer.weight_rows_1_reg_8_CASDOUTA_UNCONNECTED[20]
NLW_second_row_buffer.weight_rows_1_reg_8_CASDOUTA_UNCONNECTED[21]
NLW_second_row_buffer.weight_rows_1_reg_8_CASDOUTA_UNCONNECTED[22]
NLW_second_row_buffer.weight_rows_1_reg_8_CASDOUTA_UNCONNECTED[23]
NLW_second_row_buffer.weight_rows_1_reg_8_CASDOUTA_UNCONNECTED[24]
NLW_second_row_buffer.weight_rows_1_reg_8_CASDOUTA_UNCONNECTED[25]
NLW_second_row_buffer.weight_rows_1_reg_8_CASDOUTA_UNCONNECTED[26]
NLW_second_row_buffer.weight_rows_1_reg_8_CASDOUTA_UNCONNECTED[27]
NLW_second_row_buffer.weight_rows_1_reg_8_CASDOUTA_UNCONNECTED[28]
NLW_second_row_buffer.weight_rows_1_reg_8_CASDOUTA_UNCONNECTED[29]
NLW_second_row_buffer.weight_rows_1_reg_8_CASDOUTA_UNCONNECTED[30]
NLW_second_row_buffer.weight_rows_1_reg_8_CASDOUTA_UNCONNECTED[31]
NLW_second_row_buffer.weight_rows_1_reg_8_CASDOUTB_UNCONNECTED[0]
NLW_second_row_buffer.weight_rows_1_reg_8_CASDOUTB_UNCONNECTED[1]
NLW_second_row_buffer.weight_rows_1_reg_8_CASDOUTB_UNCONNECTED[2]
NLW_second_row_buffer.weight_rows_1_reg_8_CASDOUTB_UNCONNECTED[3]
NLW_second_row_buffer.weight_rows_1_reg_8_CASDOUTB_UNCONNECTED[4]
NLW_second_row_buffer.weight_rows_1_reg_8_CASDOUTB_UNCONNECTED[5]
NLW_second_row_buffer.weight_rows_1_reg_8_CASDOUTB_UNCONNECTED[6]
NLW_second_row_buffer.weight_rows_1_reg_8_CASDOUTB_UNCONNECTED[7]
NLW_second_row_buffer.weight_rows_1_reg_8_CASDOUTB_UNCONNECTED[8]
NLW_second_row_buffer.weight_rows_1_reg_8_CASDOUTB_UNCONNECTED[9]
NLW_second_row_buffer.weight_rows_1_reg_8_CASDOUTB_UNCONNECTED[10]
NLW_second_row_buffer.weight_rows_1_reg_8_CASDOUTB_UNCONNECTED[11]
NLW_second_row_buffer.weight_rows_1_reg_8_CASDOUTB_UNCONNECTED[12]
NLW_second_row_buffer.weight_rows_1_reg_8_CASDOUTB_UNCONNECTED[13]
NLW_second_row_buffer.weight_rows_1_reg_8_CASDOUTB_UNCONNECTED[14]
NLW_second_row_buffer.weight_rows_1_reg_8_CASDOUTB_UNCONNECTED[15]
NLW_second_row_buffer.weight_rows_1_reg_8_CASDOUTB_UNCONNECTED[16]
NLW_second_row_buffer.weight_rows_1_reg_8_CASDOUTB_UNCONNECTED[17]
NLW_second_row_buffer.weight_rows_1_reg_8_CASDOUTB_UNCONNECTED[18]
NLW_second_row_buffer.weight_rows_1_reg_8_CASDOUTB_UNCONNECTED[19]
NLW_second_row_buffer.weight_rows_1_reg_8_CASDOUTB_UNCONNECTED[20]
NLW_second_row_buffer.weight_rows_1_reg_8_CASDOUTB_UNCONNECTED[21]
NLW_second_row_buffer.weight_rows_1_reg_8_CASDOUTB_UNCONNECTED[22]
NLW_second_row_buffer.weight_rows_1_reg_8_CASDOUTB_UNCONNECTED[23]
NLW_second_row_buffer.weight_rows_1_reg_8_CASDOUTB_UNCONNECTED[24]
NLW_second_row_buffer.weight_rows_1_reg_8_CASDOUTB_UNCONNECTED[25]
NLW_second_row_buffer.weight_rows_1_reg_8_CASDOUTB_UNCONNECTED[26]
NLW_second_row_buffer.weight_rows_1_reg_8_CASDOUTB_UNCONNECTED[27]
NLW_second_row_buffer.weight_rows_1_reg_8_CASDOUTB_UNCONNECTED[28]
NLW_second_row_buffer.weight_rows_1_reg_8_CASDOUTB_UNCONNECTED[29]
NLW_second_row_buffer.weight_rows_1_reg_8_CASDOUTB_UNCONNECTED[30]
NLW_second_row_buffer.weight_rows_1_reg_8_CASDOUTB_UNCONNECTED[31]
NLW_second_row_buffer.weight_rows_1_reg_8_CASDOUTPA_UNCONNECTED[0]
NLW_second_row_buffer.weight_rows_1_reg_8_CASDOUTPA_UNCONNECTED[1]
NLW_second_row_buffer.weight_rows_1_reg_8_CASDOUTPA_UNCONNECTED[2]
NLW_second_row_buffer.weight_rows_1_reg_8_CASDOUTPA_UNCONNECTED[3]
NLW_second_row_buffer.weight_rows_1_reg_8_CASDOUTPB_UNCONNECTED[0]
NLW_second_row_buffer.weight_rows_1_reg_8_CASDOUTPB_UNCONNECTED[1]
NLW_second_row_buffer.weight_rows_1_reg_8_CASDOUTPB_UNCONNECTED[2]
NLW_second_row_buffer.weight_rows_1_reg_8_CASDOUTPB_UNCONNECTED[3]
NLW_second_row_buffer.weight_rows_1_reg_8_ECCPARITY_UNCONNECTED[0]
NLW_second_row_buffer.weight_rows_1_reg_8_ECCPARITY_UNCONNECTED[1]
NLW_second_row_buffer.weight_rows_1_reg_8_ECCPARITY_UNCONNECTED[2]
NLW_second_row_buffer.weight_rows_1_reg_8_ECCPARITY_UNCONNECTED[3]
NLW_second_row_buffer.weight_rows_1_reg_8_ECCPARITY_UNCONNECTED[4]
NLW_second_row_buffer.weight_rows_1_reg_8_ECCPARITY_UNCONNECTED[5]
NLW_second_row_buffer.weight_rows_1_reg_8_ECCPARITY_UNCONNECTED[6]
NLW_second_row_buffer.weight_rows_1_reg_8_ECCPARITY_UNCONNECTED[7]
NLW_second_row_buffer.weight_rows_1_reg_8_RDADDRECC_UNCONNECTED[0]
NLW_second_row_buffer.weight_rows_1_reg_8_RDADDRECC_UNCONNECTED[1]
NLW_second_row_buffer.weight_rows_1_reg_8_RDADDRECC_UNCONNECTED[2]
NLW_second_row_buffer.weight_rows_1_reg_8_RDADDRECC_UNCONNECTED[3]
NLW_second_row_buffer.weight_rows_1_reg_8_RDADDRECC_UNCONNECTED[4]
NLW_second_row_buffer.weight_rows_1_reg_8_RDADDRECC_UNCONNECTED[5]
NLW_second_row_buffer.weight_rows_1_reg_8_RDADDRECC_UNCONNECTED[6]
NLW_second_row_buffer.weight_rows_1_reg_8_RDADDRECC_UNCONNECTED[7]
NLW_second_row_buffer.weight_rows_1_reg_8_RDADDRECC_UNCONNECTED[8]
NLW_second_row_buffer.weight_rows_1_reg_9_CASOUTDBITERR_UNCONNECTED
NLW_second_row_buffer.weight_rows_1_reg_9_CASOUTSBITERR_UNCONNECTED
NLW_second_row_buffer.weight_rows_1_reg_9_DBITERR_UNCONNECTED
NLW_second_row_buffer.weight_rows_1_reg_9_SBITERR_UNCONNECTED
NLW_second_row_buffer.weight_rows_1_reg_9_CASDINA_UNCONNECTED[0]
NLW_second_row_buffer.weight_rows_1_reg_9_CASDINA_UNCONNECTED[1]
NLW_second_row_buffer.weight_rows_1_reg_9_CASDINA_UNCONNECTED[2]
NLW_second_row_buffer.weight_rows_1_reg_9_CASDINA_UNCONNECTED[3]
NLW_second_row_buffer.weight_rows_1_reg_9_CASDINA_UNCONNECTED[4]
NLW_second_row_buffer.weight_rows_1_reg_9_CASDINA_UNCONNECTED[5]
NLW_second_row_buffer.weight_rows_1_reg_9_CASDINA_UNCONNECTED[6]
NLW_second_row_buffer.weight_rows_1_reg_9_CASDINA_UNCONNECTED[7]
NLW_second_row_buffer.weight_rows_1_reg_9_CASDINA_UNCONNECTED[8]
NLW_second_row_buffer.weight_rows_1_reg_9_CASDINA_UNCONNECTED[9]
NLW_second_row_buffer.weight_rows_1_reg_9_CASDINA_UNCONNECTED[10]
NLW_second_row_buffer.weight_rows_1_reg_9_CASDINA_UNCONNECTED[11]
NLW_second_row_buffer.weight_rows_1_reg_9_CASDINA_UNCONNECTED[12]
NLW_second_row_buffer.weight_rows_1_reg_9_CASDINA_UNCONNECTED[13]
NLW_second_row_buffer.weight_rows_1_reg_9_CASDINA_UNCONNECTED[14]
NLW_second_row_buffer.weight_rows_1_reg_9_CASDINA_UNCONNECTED[15]
NLW_second_row_buffer.weight_rows_1_reg_9_CASDINA_UNCONNECTED[16]
NLW_second_row_buffer.weight_rows_1_reg_9_CASDINA_UNCONNECTED[17]
NLW_second_row_buffer.weight_rows_1_reg_9_CASDINA_UNCONNECTED[18]
NLW_second_row_buffer.weight_rows_1_reg_9_CASDINA_UNCONNECTED[19]
NLW_second_row_buffer.weight_rows_1_reg_9_CASDINA_UNCONNECTED[20]
NLW_second_row_buffer.weight_rows_1_reg_9_CASDINA_UNCONNECTED[21]
NLW_second_row_buffer.weight_rows_1_reg_9_CASDINA_UNCONNECTED[22]
NLW_second_row_buffer.weight_rows_1_reg_9_CASDINA_UNCONNECTED[23]
NLW_second_row_buffer.weight_rows_1_reg_9_CASDINA_UNCONNECTED[24]
NLW_second_row_buffer.weight_rows_1_reg_9_CASDINA_UNCONNECTED[25]
NLW_second_row_buffer.weight_rows_1_reg_9_CASDINA_UNCONNECTED[26]
NLW_second_row_buffer.weight_rows_1_reg_9_CASDINA_UNCONNECTED[27]
NLW_second_row_buffer.weight_rows_1_reg_9_CASDINA_UNCONNECTED[28]
NLW_second_row_buffer.weight_rows_1_reg_9_CASDINA_UNCONNECTED[29]
NLW_second_row_buffer.weight_rows_1_reg_9_CASDINA_UNCONNECTED[30]
NLW_second_row_buffer.weight_rows_1_reg_9_CASDINA_UNCONNECTED[31]
NLW_second_row_buffer.weight_rows_1_reg_9_CASDINB_UNCONNECTED[0]
NLW_second_row_buffer.weight_rows_1_reg_9_CASDINB_UNCONNECTED[1]
NLW_second_row_buffer.weight_rows_1_reg_9_CASDINB_UNCONNECTED[2]
NLW_second_row_buffer.weight_rows_1_reg_9_CASDINB_UNCONNECTED[3]
NLW_second_row_buffer.weight_rows_1_reg_9_CASDINB_UNCONNECTED[4]
NLW_second_row_buffer.weight_rows_1_reg_9_CASDINB_UNCONNECTED[5]
NLW_second_row_buffer.weight_rows_1_reg_9_CASDINB_UNCONNECTED[6]
NLW_second_row_buffer.weight_rows_1_reg_9_CASDINB_UNCONNECTED[7]
NLW_second_row_buffer.weight_rows_1_reg_9_CASDINB_UNCONNECTED[8]
NLW_second_row_buffer.weight_rows_1_reg_9_CASDINB_UNCONNECTED[9]
NLW_second_row_buffer.weight_rows_1_reg_9_CASDINB_UNCONNECTED[10]
NLW_second_row_buffer.weight_rows_1_reg_9_CASDINB_UNCONNECTED[11]
NLW_second_row_buffer.weight_rows_1_reg_9_CASDINB_UNCONNECTED[12]
NLW_second_row_buffer.weight_rows_1_reg_9_CASDINB_UNCONNECTED[13]
NLW_second_row_buffer.weight_rows_1_reg_9_CASDINB_UNCONNECTED[14]
NLW_second_row_buffer.weight_rows_1_reg_9_CASDINB_UNCONNECTED[15]
NLW_second_row_buffer.weight_rows_1_reg_9_CASDINB_UNCONNECTED[16]
NLW_second_row_buffer.weight_rows_1_reg_9_CASDINB_UNCONNECTED[17]
NLW_second_row_buffer.weight_rows_1_reg_9_CASDINB_UNCONNECTED[18]
NLW_second_row_buffer.weight_rows_1_reg_9_CASDINB_UNCONNECTED[19]
NLW_second_row_buffer.weight_rows_1_reg_9_CASDINB_UNCONNECTED[20]
NLW_second_row_buffer.weight_rows_1_reg_9_CASDINB_UNCONNECTED[21]
NLW_second_row_buffer.weight_rows_1_reg_9_CASDINB_UNCONNECTED[22]
NLW_second_row_buffer.weight_rows_1_reg_9_CASDINB_UNCONNECTED[23]
NLW_second_row_buffer.weight_rows_1_reg_9_CASDINB_UNCONNECTED[24]
NLW_second_row_buffer.weight_rows_1_reg_9_CASDINB_UNCONNECTED[25]
NLW_second_row_buffer.weight_rows_1_reg_9_CASDINB_UNCONNECTED[26]
NLW_second_row_buffer.weight_rows_1_reg_9_CASDINB_UNCONNECTED[27]
NLW_second_row_buffer.weight_rows_1_reg_9_CASDINB_UNCONNECTED[28]
NLW_second_row_buffer.weight_rows_1_reg_9_CASDINB_UNCONNECTED[29]
NLW_second_row_buffer.weight_rows_1_reg_9_CASDINB_UNCONNECTED[30]
NLW_second_row_buffer.weight_rows_1_reg_9_CASDINB_UNCONNECTED[31]
NLW_second_row_buffer.weight_rows_1_reg_9_CASDINPA_UNCONNECTED[0]
NLW_second_row_buffer.weight_rows_1_reg_9_CASDINPA_UNCONNECTED[1]
NLW_second_row_buffer.weight_rows_1_reg_9_CASDINPA_UNCONNECTED[2]
NLW_second_row_buffer.weight_rows_1_reg_9_CASDINPA_UNCONNECTED[3]
NLW_second_row_buffer.weight_rows_1_reg_9_CASDINPB_UNCONNECTED[0]
NLW_second_row_buffer.weight_rows_1_reg_9_CASDINPB_UNCONNECTED[1]
NLW_second_row_buffer.weight_rows_1_reg_9_CASDINPB_UNCONNECTED[2]
NLW_second_row_buffer.weight_rows_1_reg_9_CASDINPB_UNCONNECTED[3]
NLW_second_row_buffer.weight_rows_1_reg_9_CASDOUTA_UNCONNECTED[0]
NLW_second_row_buffer.weight_rows_1_reg_9_CASDOUTA_UNCONNECTED[1]
NLW_second_row_buffer.weight_rows_1_reg_9_CASDOUTA_UNCONNECTED[2]
NLW_second_row_buffer.weight_rows_1_reg_9_CASDOUTA_UNCONNECTED[3]
NLW_second_row_buffer.weight_rows_1_reg_9_CASDOUTA_UNCONNECTED[4]
NLW_second_row_buffer.weight_rows_1_reg_9_CASDOUTA_UNCONNECTED[5]
NLW_second_row_buffer.weight_rows_1_reg_9_CASDOUTA_UNCONNECTED[6]
NLW_second_row_buffer.weight_rows_1_reg_9_CASDOUTA_UNCONNECTED[7]
NLW_second_row_buffer.weight_rows_1_reg_9_CASDOUTA_UNCONNECTED[8]
NLW_second_row_buffer.weight_rows_1_reg_9_CASDOUTA_UNCONNECTED[9]
NLW_second_row_buffer.weight_rows_1_reg_9_CASDOUTA_UNCONNECTED[10]
NLW_second_row_buffer.weight_rows_1_reg_9_CASDOUTA_UNCONNECTED[11]
NLW_second_row_buffer.weight_rows_1_reg_9_CASDOUTA_UNCONNECTED[12]
NLW_second_row_buffer.weight_rows_1_reg_9_CASDOUTA_UNCONNECTED[13]
NLW_second_row_buffer.weight_rows_1_reg_9_CASDOUTA_UNCONNECTED[14]
NLW_second_row_buffer.weight_rows_1_reg_9_CASDOUTA_UNCONNECTED[15]
NLW_second_row_buffer.weight_rows_1_reg_9_CASDOUTA_UNCONNECTED[16]
NLW_second_row_buffer.weight_rows_1_reg_9_CASDOUTA_UNCONNECTED[17]
NLW_second_row_buffer.weight_rows_1_reg_9_CASDOUTA_UNCONNECTED[18]
NLW_second_row_buffer.weight_rows_1_reg_9_CASDOUTA_UNCONNECTED[19]
NLW_second_row_buffer.weight_rows_1_reg_9_CASDOUTA_UNCONNECTED[20]
NLW_second_row_buffer.weight_rows_1_reg_9_CASDOUTA_UNCONNECTED[21]
NLW_second_row_buffer.weight_rows_1_reg_9_CASDOUTA_UNCONNECTED[22]
NLW_second_row_buffer.weight_rows_1_reg_9_CASDOUTA_UNCONNECTED[23]
NLW_second_row_buffer.weight_rows_1_reg_9_CASDOUTA_UNCONNECTED[24]
NLW_second_row_buffer.weight_rows_1_reg_9_CASDOUTA_UNCONNECTED[25]
NLW_second_row_buffer.weight_rows_1_reg_9_CASDOUTA_UNCONNECTED[26]
NLW_second_row_buffer.weight_rows_1_reg_9_CASDOUTA_UNCONNECTED[27]
NLW_second_row_buffer.weight_rows_1_reg_9_CASDOUTA_UNCONNECTED[28]
NLW_second_row_buffer.weight_rows_1_reg_9_CASDOUTA_UNCONNECTED[29]
NLW_second_row_buffer.weight_rows_1_reg_9_CASDOUTA_UNCONNECTED[30]
NLW_second_row_buffer.weight_rows_1_reg_9_CASDOUTA_UNCONNECTED[31]
NLW_second_row_buffer.weight_rows_1_reg_9_CASDOUTB_UNCONNECTED[0]
NLW_second_row_buffer.weight_rows_1_reg_9_CASDOUTB_UNCONNECTED[1]
NLW_second_row_buffer.weight_rows_1_reg_9_CASDOUTB_UNCONNECTED[2]
NLW_second_row_buffer.weight_rows_1_reg_9_CASDOUTB_UNCONNECTED[3]
NLW_second_row_buffer.weight_rows_1_reg_9_CASDOUTB_UNCONNECTED[4]
NLW_second_row_buffer.weight_rows_1_reg_9_CASDOUTB_UNCONNECTED[5]
NLW_second_row_buffer.weight_rows_1_reg_9_CASDOUTB_UNCONNECTED[6]
NLW_second_row_buffer.weight_rows_1_reg_9_CASDOUTB_UNCONNECTED[7]
NLW_second_row_buffer.weight_rows_1_reg_9_CASDOUTB_UNCONNECTED[8]
NLW_second_row_buffer.weight_rows_1_reg_9_CASDOUTB_UNCONNECTED[9]
NLW_second_row_buffer.weight_rows_1_reg_9_CASDOUTB_UNCONNECTED[10]
NLW_second_row_buffer.weight_rows_1_reg_9_CASDOUTB_UNCONNECTED[11]
NLW_second_row_buffer.weight_rows_1_reg_9_CASDOUTB_UNCONNECTED[12]
NLW_second_row_buffer.weight_rows_1_reg_9_CASDOUTB_UNCONNECTED[13]
NLW_second_row_buffer.weight_rows_1_reg_9_CASDOUTB_UNCONNECTED[14]
NLW_second_row_buffer.weight_rows_1_reg_9_CASDOUTB_UNCONNECTED[15]
NLW_second_row_buffer.weight_rows_1_reg_9_CASDOUTB_UNCONNECTED[16]
NLW_second_row_buffer.weight_rows_1_reg_9_CASDOUTB_UNCONNECTED[17]
NLW_second_row_buffer.weight_rows_1_reg_9_CASDOUTB_UNCONNECTED[18]
NLW_second_row_buffer.weight_rows_1_reg_9_CASDOUTB_UNCONNECTED[19]
NLW_second_row_buffer.weight_rows_1_reg_9_CASDOUTB_UNCONNECTED[20]
NLW_second_row_buffer.weight_rows_1_reg_9_CASDOUTB_UNCONNECTED[21]
NLW_second_row_buffer.weight_rows_1_reg_9_CASDOUTB_UNCONNECTED[22]
NLW_second_row_buffer.weight_rows_1_reg_9_CASDOUTB_UNCONNECTED[23]
NLW_second_row_buffer.weight_rows_1_reg_9_CASDOUTB_UNCONNECTED[24]
NLW_second_row_buffer.weight_rows_1_reg_9_CASDOUTB_UNCONNECTED[25]
NLW_second_row_buffer.weight_rows_1_reg_9_CASDOUTB_UNCONNECTED[26]
NLW_second_row_buffer.weight_rows_1_reg_9_CASDOUTB_UNCONNECTED[27]
NLW_second_row_buffer.weight_rows_1_reg_9_CASDOUTB_UNCONNECTED[28]
NLW_second_row_buffer.weight_rows_1_reg_9_CASDOUTB_UNCONNECTED[29]
NLW_second_row_buffer.weight_rows_1_reg_9_CASDOUTB_UNCONNECTED[30]
NLW_second_row_buffer.weight_rows_1_reg_9_CASDOUTB_UNCONNECTED[31]
NLW_second_row_buffer.weight_rows_1_reg_9_CASDOUTPA_UNCONNECTED[0]
NLW_second_row_buffer.weight_rows_1_reg_9_CASDOUTPA_UNCONNECTED[1]
NLW_second_row_buffer.weight_rows_1_reg_9_CASDOUTPA_UNCONNECTED[2]
NLW_second_row_buffer.weight_rows_1_reg_9_CASDOUTPA_UNCONNECTED[3]
NLW_second_row_buffer.weight_rows_1_reg_9_CASDOUTPB_UNCONNECTED[0]
NLW_second_row_buffer.weight_rows_1_reg_9_CASDOUTPB_UNCONNECTED[1]
NLW_second_row_buffer.weight_rows_1_reg_9_CASDOUTPB_UNCONNECTED[2]
NLW_second_row_buffer.weight_rows_1_reg_9_CASDOUTPB_UNCONNECTED[3]
NLW_second_row_buffer.weight_rows_1_reg_9_ECCPARITY_UNCONNECTED[0]
NLW_second_row_buffer.weight_rows_1_reg_9_ECCPARITY_UNCONNECTED[1]
NLW_second_row_buffer.weight_rows_1_reg_9_ECCPARITY_UNCONNECTED[2]
NLW_second_row_buffer.weight_rows_1_reg_9_ECCPARITY_UNCONNECTED[3]
NLW_second_row_buffer.weight_rows_1_reg_9_ECCPARITY_UNCONNECTED[4]
NLW_second_row_buffer.weight_rows_1_reg_9_ECCPARITY_UNCONNECTED[5]
NLW_second_row_buffer.weight_rows_1_reg_9_ECCPARITY_UNCONNECTED[6]
NLW_second_row_buffer.weight_rows_1_reg_9_ECCPARITY_UNCONNECTED[7]
NLW_second_row_buffer.weight_rows_1_reg_9_RDADDRECC_UNCONNECTED[0]
NLW_second_row_buffer.weight_rows_1_reg_9_RDADDRECC_UNCONNECTED[1]
NLW_second_row_buffer.weight_rows_1_reg_9_RDADDRECC_UNCONNECTED[2]
NLW_second_row_buffer.weight_rows_1_reg_9_RDADDRECC_UNCONNECTED[3]
NLW_second_row_buffer.weight_rows_1_reg_9_RDADDRECC_UNCONNECTED[4]
NLW_second_row_buffer.weight_rows_1_reg_9_RDADDRECC_UNCONNECTED[5]
NLW_second_row_buffer.weight_rows_1_reg_9_RDADDRECC_UNCONNECTED[6]
NLW_second_row_buffer.weight_rows_1_reg_9_RDADDRECC_UNCONNECTED[7]
NLW_second_row_buffer.weight_rows_1_reg_9_RDADDRECC_UNCONNECTED[8]
NLW_spike_mem_reg_bram_0_DBITERR_UNCONNECTED
NLW_spike_mem_reg_bram_0_SBITERR_UNCONNECTED
NLW_spike_mem_reg_bram_0_CASDOUTA_UNCONNECTED[0]
NLW_spike_mem_reg_bram_0_CASDOUTA_UNCONNECTED[1]
NLW_spike_mem_reg_bram_0_CASDOUTA_UNCONNECTED[2]
NLW_spike_mem_reg_bram_0_CASDOUTA_UNCONNECTED[3]
NLW_spike_mem_reg_bram_0_CASDOUTA_UNCONNECTED[4]
NLW_spike_mem_reg_bram_0_CASDOUTA_UNCONNECTED[5]
NLW_spike_mem_reg_bram_0_CASDOUTA_UNCONNECTED[6]
NLW_spike_mem_reg_bram_0_CASDOUTA_UNCONNECTED[7]
NLW_spike_mem_reg_bram_0_CASDOUTA_UNCONNECTED[8]
NLW_spike_mem_reg_bram_0_CASDOUTA_UNCONNECTED[9]
NLW_spike_mem_reg_bram_0_CASDOUTA_UNCONNECTED[10]
NLW_spike_mem_reg_bram_0_CASDOUTA_UNCONNECTED[11]
NLW_spike_mem_reg_bram_0_CASDOUTA_UNCONNECTED[12]
NLW_spike_mem_reg_bram_0_CASDOUTA_UNCONNECTED[13]
NLW_spike_mem_reg_bram_0_CASDOUTA_UNCONNECTED[14]
NLW_spike_mem_reg_bram_0_CASDOUTA_UNCONNECTED[15]
NLW_spike_mem_reg_bram_0_CASDOUTA_UNCONNECTED[16]
NLW_spike_mem_reg_bram_0_CASDOUTA_UNCONNECTED[17]
NLW_spike_mem_reg_bram_0_CASDOUTA_UNCONNECTED[18]
NLW_spike_mem_reg_bram_0_CASDOUTA_UNCONNECTED[19]
NLW_spike_mem_reg_bram_0_CASDOUTA_UNCONNECTED[20]
NLW_spike_mem_reg_bram_0_CASDOUTA_UNCONNECTED[21]
NLW_spike_mem_reg_bram_0_CASDOUTA_UNCONNECTED[22]
NLW_spike_mem_reg_bram_0_CASDOUTA_UNCONNECTED[23]
NLW_spike_mem_reg_bram_0_CASDOUTA_UNCONNECTED[24]
NLW_spike_mem_reg_bram_0_CASDOUTA_UNCONNECTED[25]
NLW_spike_mem_reg_bram_0_CASDOUTA_UNCONNECTED[26]
NLW_spike_mem_reg_bram_0_CASDOUTA_UNCONNECTED[27]
NLW_spike_mem_reg_bram_0_CASDOUTA_UNCONNECTED[28]
NLW_spike_mem_reg_bram_0_CASDOUTA_UNCONNECTED[29]
NLW_spike_mem_reg_bram_0_CASDOUTA_UNCONNECTED[30]
NLW_spike_mem_reg_bram_0_CASDOUTA_UNCONNECTED[31]
NLW_spike_mem_reg_bram_0_CASDOUTPA_UNCONNECTED[0]
NLW_spike_mem_reg_bram_0_CASDOUTPA_UNCONNECTED[1]
NLW_spike_mem_reg_bram_0_CASDOUTPA_UNCONNECTED[2]
NLW_spike_mem_reg_bram_0_CASDOUTPA_UNCONNECTED[3]
NLW_spike_mem_reg_bram_0_DOUTADOUT_UNCONNECTED[0]
NLW_spike_mem_reg_bram_0_DOUTADOUT_UNCONNECTED[1]
NLW_spike_mem_reg_bram_0_DOUTADOUT_UNCONNECTED[2]
NLW_spike_mem_reg_bram_0_DOUTADOUT_UNCONNECTED[3]
NLW_spike_mem_reg_bram_0_DOUTADOUT_UNCONNECTED[4]
NLW_spike_mem_reg_bram_0_DOUTADOUT_UNCONNECTED[5]
NLW_spike_mem_reg_bram_0_DOUTADOUT_UNCONNECTED[6]
NLW_spike_mem_reg_bram_0_DOUTADOUT_UNCONNECTED[7]
NLW_spike_mem_reg_bram_0_DOUTADOUT_UNCONNECTED[8]
NLW_spike_mem_reg_bram_0_DOUTADOUT_UNCONNECTED[9]
NLW_spike_mem_reg_bram_0_DOUTADOUT_UNCONNECTED[10]
NLW_spike_mem_reg_bram_0_DOUTADOUT_UNCONNECTED[11]
NLW_spike_mem_reg_bram_0_DOUTADOUT_UNCONNECTED[12]
NLW_spike_mem_reg_bram_0_DOUTADOUT_UNCONNECTED[13]
NLW_spike_mem_reg_bram_0_DOUTADOUT_UNCONNECTED[14]
NLW_spike_mem_reg_bram_0_DOUTADOUT_UNCONNECTED[15]
NLW_spike_mem_reg_bram_0_DOUTADOUT_UNCONNECTED[16]
NLW_spike_mem_reg_bram_0_DOUTADOUT_UNCONNECTED[17]
NLW_spike_mem_reg_bram_0_DOUTADOUT_UNCONNECTED[18]
NLW_spike_mem_reg_bram_0_DOUTADOUT_UNCONNECTED[19]
NLW_spike_mem_reg_bram_0_DOUTADOUT_UNCONNECTED[20]
NLW_spike_mem_reg_bram_0_DOUTADOUT_UNCONNECTED[21]
NLW_spike_mem_reg_bram_0_DOUTADOUT_UNCONNECTED[22]
NLW_spike_mem_reg_bram_0_DOUTADOUT_UNCONNECTED[23]
NLW_spike_mem_reg_bram_0_DOUTADOUT_UNCONNECTED[24]
NLW_spike_mem_reg_bram_0_DOUTADOUT_UNCONNECTED[25]
NLW_spike_mem_reg_bram_0_DOUTADOUT_UNCONNECTED[26]
NLW_spike_mem_reg_bram_0_DOUTADOUT_UNCONNECTED[27]
NLW_spike_mem_reg_bram_0_DOUTADOUT_UNCONNECTED[28]
NLW_spike_mem_reg_bram_0_DOUTADOUT_UNCONNECTED[29]
NLW_spike_mem_reg_bram_0_DOUTADOUT_UNCONNECTED[30]
NLW_spike_mem_reg_bram_0_DOUTADOUT_UNCONNECTED[31]
NLW_spike_mem_reg_bram_0_DOUTBDOUT_UNCONNECTED[0]
NLW_spike_mem_reg_bram_0_DOUTBDOUT_UNCONNECTED[1]
NLW_spike_mem_reg_bram_0_DOUTBDOUT_UNCONNECTED[2]
NLW_spike_mem_reg_bram_0_DOUTBDOUT_UNCONNECTED[3]
NLW_spike_mem_reg_bram_0_DOUTBDOUT_UNCONNECTED[4]
NLW_spike_mem_reg_bram_0_DOUTBDOUT_UNCONNECTED[5]
NLW_spike_mem_reg_bram_0_DOUTBDOUT_UNCONNECTED[6]
NLW_spike_mem_reg_bram_0_DOUTBDOUT_UNCONNECTED[7]
NLW_spike_mem_reg_bram_0_DOUTBDOUT_UNCONNECTED[8]
NLW_spike_mem_reg_bram_0_DOUTBDOUT_UNCONNECTED[9]
NLW_spike_mem_reg_bram_0_DOUTBDOUT_UNCONNECTED[10]
NLW_spike_mem_reg_bram_0_DOUTBDOUT_UNCONNECTED[11]
NLW_spike_mem_reg_bram_0_DOUTBDOUT_UNCONNECTED[12]
NLW_spike_mem_reg_bram_0_DOUTBDOUT_UNCONNECTED[13]
NLW_spike_mem_reg_bram_0_DOUTBDOUT_UNCONNECTED[14]
NLW_spike_mem_reg_bram_0_DOUTBDOUT_UNCONNECTED[15]
NLW_spike_mem_reg_bram_0_DOUTBDOUT_UNCONNECTED[16]
NLW_spike_mem_reg_bram_0_DOUTBDOUT_UNCONNECTED[17]
NLW_spike_mem_reg_bram_0_DOUTBDOUT_UNCONNECTED[18]
NLW_spike_mem_reg_bram_0_DOUTBDOUT_UNCONNECTED[19]
NLW_spike_mem_reg_bram_0_DOUTBDOUT_UNCONNECTED[20]
NLW_spike_mem_reg_bram_0_DOUTBDOUT_UNCONNECTED[21]
NLW_spike_mem_reg_bram_0_DOUTBDOUT_UNCONNECTED[22]
NLW_spike_mem_reg_bram_0_DOUTBDOUT_UNCONNECTED[23]
NLW_spike_mem_reg_bram_0_DOUTBDOUT_UNCONNECTED[24]
NLW_spike_mem_reg_bram_0_DOUTBDOUT_UNCONNECTED[25]
NLW_spike_mem_reg_bram_0_DOUTBDOUT_UNCONNECTED[26]
NLW_spike_mem_reg_bram_0_DOUTBDOUT_UNCONNECTED[27]
NLW_spike_mem_reg_bram_0_DOUTBDOUT_UNCONNECTED[28]
NLW_spike_mem_reg_bram_0_DOUTBDOUT_UNCONNECTED[29]
NLW_spike_mem_reg_bram_0_DOUTBDOUT_UNCONNECTED[30]
NLW_spike_mem_reg_bram_0_DOUTBDOUT_UNCONNECTED[31]
NLW_spike_mem_reg_bram_0_DOUTPADOUTP_UNCONNECTED[0]
NLW_spike_mem_reg_bram_0_DOUTPADOUTP_UNCONNECTED[1]
NLW_spike_mem_reg_bram_0_DOUTPADOUTP_UNCONNECTED[2]
NLW_spike_mem_reg_bram_0_DOUTPADOUTP_UNCONNECTED[3]
NLW_spike_mem_reg_bram_0_DOUTPBDOUTP_UNCONNECTED[0]
NLW_spike_mem_reg_bram_0_DOUTPBDOUTP_UNCONNECTED[1]
NLW_spike_mem_reg_bram_0_DOUTPBDOUTP_UNCONNECTED[2]
NLW_spike_mem_reg_bram_0_DOUTPBDOUTP_UNCONNECTED[3]
NLW_spike_mem_reg_bram_0_ECCPARITY_UNCONNECTED[0]
NLW_spike_mem_reg_bram_0_ECCPARITY_UNCONNECTED[1]
NLW_spike_mem_reg_bram_0_ECCPARITY_UNCONNECTED[2]
NLW_spike_mem_reg_bram_0_ECCPARITY_UNCONNECTED[3]
NLW_spike_mem_reg_bram_0_ECCPARITY_UNCONNECTED[4]
NLW_spike_mem_reg_bram_0_ECCPARITY_UNCONNECTED[5]
NLW_spike_mem_reg_bram_0_ECCPARITY_UNCONNECTED[6]
NLW_spike_mem_reg_bram_0_ECCPARITY_UNCONNECTED[7]
NLW_spike_mem_reg_bram_0_RDADDRECC_UNCONNECTED[0]
NLW_spike_mem_reg_bram_0_RDADDRECC_UNCONNECTED[1]
NLW_spike_mem_reg_bram_0_RDADDRECC_UNCONNECTED[2]
NLW_spike_mem_reg_bram_0_RDADDRECC_UNCONNECTED[3]
NLW_spike_mem_reg_bram_0_RDADDRECC_UNCONNECTED[4]
NLW_spike_mem_reg_bram_0_RDADDRECC_UNCONNECTED[5]
NLW_spike_mem_reg_bram_0_RDADDRECC_UNCONNECTED[6]
NLW_spike_mem_reg_bram_0_RDADDRECC_UNCONNECTED[7]
NLW_spike_mem_reg_bram_0_RDADDRECC_UNCONNECTED[8]
NLW_spike_mem_reg_bram_1_CASOUTDBITERR_UNCONNECTED
NLW_spike_mem_reg_bram_1_CASOUTSBITERR_UNCONNECTED
NLW_spike_mem_reg_bram_1_DBITERR_UNCONNECTED
NLW_spike_mem_reg_bram_1_SBITERR_UNCONNECTED
NLW_spike_mem_reg_bram_1_CASDOUTA_UNCONNECTED[0]
NLW_spike_mem_reg_bram_1_CASDOUTA_UNCONNECTED[1]
NLW_spike_mem_reg_bram_1_CASDOUTA_UNCONNECTED[2]
NLW_spike_mem_reg_bram_1_CASDOUTA_UNCONNECTED[3]
NLW_spike_mem_reg_bram_1_CASDOUTA_UNCONNECTED[4]
NLW_spike_mem_reg_bram_1_CASDOUTA_UNCONNECTED[5]
NLW_spike_mem_reg_bram_1_CASDOUTA_UNCONNECTED[6]
NLW_spike_mem_reg_bram_1_CASDOUTA_UNCONNECTED[7]
NLW_spike_mem_reg_bram_1_CASDOUTA_UNCONNECTED[8]
NLW_spike_mem_reg_bram_1_CASDOUTA_UNCONNECTED[9]
NLW_spike_mem_reg_bram_1_CASDOUTA_UNCONNECTED[10]
NLW_spike_mem_reg_bram_1_CASDOUTA_UNCONNECTED[11]
NLW_spike_mem_reg_bram_1_CASDOUTA_UNCONNECTED[12]
NLW_spike_mem_reg_bram_1_CASDOUTA_UNCONNECTED[13]
NLW_spike_mem_reg_bram_1_CASDOUTA_UNCONNECTED[14]
NLW_spike_mem_reg_bram_1_CASDOUTA_UNCONNECTED[15]
NLW_spike_mem_reg_bram_1_CASDOUTA_UNCONNECTED[16]
NLW_spike_mem_reg_bram_1_CASDOUTA_UNCONNECTED[17]
NLW_spike_mem_reg_bram_1_CASDOUTA_UNCONNECTED[18]
NLW_spike_mem_reg_bram_1_CASDOUTA_UNCONNECTED[19]
NLW_spike_mem_reg_bram_1_CASDOUTA_UNCONNECTED[20]
NLW_spike_mem_reg_bram_1_CASDOUTA_UNCONNECTED[21]
NLW_spike_mem_reg_bram_1_CASDOUTA_UNCONNECTED[22]
NLW_spike_mem_reg_bram_1_CASDOUTA_UNCONNECTED[23]
NLW_spike_mem_reg_bram_1_CASDOUTA_UNCONNECTED[24]
NLW_spike_mem_reg_bram_1_CASDOUTA_UNCONNECTED[25]
NLW_spike_mem_reg_bram_1_CASDOUTA_UNCONNECTED[26]
NLW_spike_mem_reg_bram_1_CASDOUTA_UNCONNECTED[27]
NLW_spike_mem_reg_bram_1_CASDOUTA_UNCONNECTED[28]
NLW_spike_mem_reg_bram_1_CASDOUTA_UNCONNECTED[29]
NLW_spike_mem_reg_bram_1_CASDOUTA_UNCONNECTED[30]
NLW_spike_mem_reg_bram_1_CASDOUTA_UNCONNECTED[31]
NLW_spike_mem_reg_bram_1_CASDOUTB_UNCONNECTED[0]
NLW_spike_mem_reg_bram_1_CASDOUTB_UNCONNECTED[1]
NLW_spike_mem_reg_bram_1_CASDOUTB_UNCONNECTED[2]
NLW_spike_mem_reg_bram_1_CASDOUTB_UNCONNECTED[3]
NLW_spike_mem_reg_bram_1_CASDOUTB_UNCONNECTED[4]
NLW_spike_mem_reg_bram_1_CASDOUTB_UNCONNECTED[5]
NLW_spike_mem_reg_bram_1_CASDOUTB_UNCONNECTED[6]
NLW_spike_mem_reg_bram_1_CASDOUTB_UNCONNECTED[7]
NLW_spike_mem_reg_bram_1_CASDOUTB_UNCONNECTED[8]
NLW_spike_mem_reg_bram_1_CASDOUTB_UNCONNECTED[9]
NLW_spike_mem_reg_bram_1_CASDOUTB_UNCONNECTED[10]
NLW_spike_mem_reg_bram_1_CASDOUTB_UNCONNECTED[11]
NLW_spike_mem_reg_bram_1_CASDOUTB_UNCONNECTED[12]
NLW_spike_mem_reg_bram_1_CASDOUTB_UNCONNECTED[13]
NLW_spike_mem_reg_bram_1_CASDOUTB_UNCONNECTED[14]
NLW_spike_mem_reg_bram_1_CASDOUTB_UNCONNECTED[15]
NLW_spike_mem_reg_bram_1_CASDOUTB_UNCONNECTED[16]
NLW_spike_mem_reg_bram_1_CASDOUTB_UNCONNECTED[17]
NLW_spike_mem_reg_bram_1_CASDOUTB_UNCONNECTED[18]
NLW_spike_mem_reg_bram_1_CASDOUTB_UNCONNECTED[19]
NLW_spike_mem_reg_bram_1_CASDOUTB_UNCONNECTED[20]
NLW_spike_mem_reg_bram_1_CASDOUTB_UNCONNECTED[21]
NLW_spike_mem_reg_bram_1_CASDOUTB_UNCONNECTED[22]
NLW_spike_mem_reg_bram_1_CASDOUTB_UNCONNECTED[23]
NLW_spike_mem_reg_bram_1_CASDOUTB_UNCONNECTED[24]
NLW_spike_mem_reg_bram_1_CASDOUTB_UNCONNECTED[25]
NLW_spike_mem_reg_bram_1_CASDOUTB_UNCONNECTED[26]
NLW_spike_mem_reg_bram_1_CASDOUTB_UNCONNECTED[27]
NLW_spike_mem_reg_bram_1_CASDOUTB_UNCONNECTED[28]
NLW_spike_mem_reg_bram_1_CASDOUTB_UNCONNECTED[29]
NLW_spike_mem_reg_bram_1_CASDOUTB_UNCONNECTED[30]
NLW_spike_mem_reg_bram_1_CASDOUTB_UNCONNECTED[31]
NLW_spike_mem_reg_bram_1_CASDOUTPA_UNCONNECTED[0]
NLW_spike_mem_reg_bram_1_CASDOUTPA_UNCONNECTED[1]
NLW_spike_mem_reg_bram_1_CASDOUTPA_UNCONNECTED[2]
NLW_spike_mem_reg_bram_1_CASDOUTPA_UNCONNECTED[3]
NLW_spike_mem_reg_bram_1_CASDOUTPB_UNCONNECTED[0]
NLW_spike_mem_reg_bram_1_CASDOUTPB_UNCONNECTED[1]
NLW_spike_mem_reg_bram_1_CASDOUTPB_UNCONNECTED[2]
NLW_spike_mem_reg_bram_1_CASDOUTPB_UNCONNECTED[3]
NLW_spike_mem_reg_bram_1_DOUTADOUT_UNCONNECTED[0]
NLW_spike_mem_reg_bram_1_DOUTADOUT_UNCONNECTED[1]
NLW_spike_mem_reg_bram_1_DOUTADOUT_UNCONNECTED[2]
NLW_spike_mem_reg_bram_1_DOUTADOUT_UNCONNECTED[3]
NLW_spike_mem_reg_bram_1_DOUTADOUT_UNCONNECTED[4]
NLW_spike_mem_reg_bram_1_DOUTADOUT_UNCONNECTED[5]
NLW_spike_mem_reg_bram_1_DOUTADOUT_UNCONNECTED[6]
NLW_spike_mem_reg_bram_1_DOUTADOUT_UNCONNECTED[7]
NLW_spike_mem_reg_bram_1_DOUTADOUT_UNCONNECTED[8]
NLW_spike_mem_reg_bram_1_DOUTADOUT_UNCONNECTED[9]
NLW_spike_mem_reg_bram_1_DOUTADOUT_UNCONNECTED[10]
NLW_spike_mem_reg_bram_1_DOUTADOUT_UNCONNECTED[11]
NLW_spike_mem_reg_bram_1_DOUTADOUT_UNCONNECTED[12]
NLW_spike_mem_reg_bram_1_DOUTADOUT_UNCONNECTED[13]
NLW_spike_mem_reg_bram_1_DOUTADOUT_UNCONNECTED[14]
NLW_spike_mem_reg_bram_1_DOUTADOUT_UNCONNECTED[15]
NLW_spike_mem_reg_bram_1_DOUTADOUT_UNCONNECTED[16]
NLW_spike_mem_reg_bram_1_DOUTADOUT_UNCONNECTED[17]
NLW_spike_mem_reg_bram_1_DOUTADOUT_UNCONNECTED[18]
NLW_spike_mem_reg_bram_1_DOUTADOUT_UNCONNECTED[19]
NLW_spike_mem_reg_bram_1_DOUTADOUT_UNCONNECTED[20]
NLW_spike_mem_reg_bram_1_DOUTADOUT_UNCONNECTED[21]
NLW_spike_mem_reg_bram_1_DOUTADOUT_UNCONNECTED[22]
NLW_spike_mem_reg_bram_1_DOUTADOUT_UNCONNECTED[23]
NLW_spike_mem_reg_bram_1_DOUTADOUT_UNCONNECTED[24]
NLW_spike_mem_reg_bram_1_DOUTADOUT_UNCONNECTED[25]
NLW_spike_mem_reg_bram_1_DOUTADOUT_UNCONNECTED[26]
NLW_spike_mem_reg_bram_1_DOUTADOUT_UNCONNECTED[27]
NLW_spike_mem_reg_bram_1_DOUTADOUT_UNCONNECTED[28]
NLW_spike_mem_reg_bram_1_DOUTADOUT_UNCONNECTED[29]
NLW_spike_mem_reg_bram_1_DOUTADOUT_UNCONNECTED[30]
NLW_spike_mem_reg_bram_1_DOUTADOUT_UNCONNECTED[31]
NLW_spike_mem_reg_bram_1_DOUTPADOUTP_UNCONNECTED[0]
NLW_spike_mem_reg_bram_1_DOUTPADOUTP_UNCONNECTED[1]
NLW_spike_mem_reg_bram_1_DOUTPADOUTP_UNCONNECTED[2]
NLW_spike_mem_reg_bram_1_DOUTPADOUTP_UNCONNECTED[3]
NLW_spike_mem_reg_bram_1_ECCPARITY_UNCONNECTED[0]
NLW_spike_mem_reg_bram_1_ECCPARITY_UNCONNECTED[1]
NLW_spike_mem_reg_bram_1_ECCPARITY_UNCONNECTED[2]
NLW_spike_mem_reg_bram_1_ECCPARITY_UNCONNECTED[3]
NLW_spike_mem_reg_bram_1_ECCPARITY_UNCONNECTED[4]
NLW_spike_mem_reg_bram_1_ECCPARITY_UNCONNECTED[5]
NLW_spike_mem_reg_bram_1_ECCPARITY_UNCONNECTED[6]
NLW_spike_mem_reg_bram_1_ECCPARITY_UNCONNECTED[7]
NLW_spike_mem_reg_bram_1_RDADDRECC_UNCONNECTED[0]
NLW_spike_mem_reg_bram_1_RDADDRECC_UNCONNECTED[1]
NLW_spike_mem_reg_bram_1_RDADDRECC_UNCONNECTED[2]
NLW_spike_mem_reg_bram_1_RDADDRECC_UNCONNECTED[3]
NLW_spike_mem_reg_bram_1_RDADDRECC_UNCONNECTED[4]
NLW_spike_mem_reg_bram_1_RDADDRECC_UNCONNECTED[5]
NLW_spike_mem_reg_bram_1_RDADDRECC_UNCONNECTED[6]
NLW_spike_mem_reg_bram_1_RDADDRECC_UNCONNECTED[7]
NLW_spike_mem_reg_bram_1_RDADDRECC_UNCONNECTED[8]
NLW_spike_mem_reg_bram_2_CASOUTDBITERR_UNCONNECTED
NLW_spike_mem_reg_bram_2_CASOUTSBITERR_UNCONNECTED
NLW_spike_mem_reg_bram_2_DBITERR_UNCONNECTED
NLW_spike_mem_reg_bram_2_SBITERR_UNCONNECTED
NLW_spike_mem_reg_bram_2_CASDOUTA_UNCONNECTED[0]
NLW_spike_mem_reg_bram_2_CASDOUTA_UNCONNECTED[1]
NLW_spike_mem_reg_bram_2_CASDOUTA_UNCONNECTED[2]
NLW_spike_mem_reg_bram_2_CASDOUTA_UNCONNECTED[3]
NLW_spike_mem_reg_bram_2_CASDOUTA_UNCONNECTED[4]
NLW_spike_mem_reg_bram_2_CASDOUTA_UNCONNECTED[5]
NLW_spike_mem_reg_bram_2_CASDOUTA_UNCONNECTED[6]
NLW_spike_mem_reg_bram_2_CASDOUTA_UNCONNECTED[7]
NLW_spike_mem_reg_bram_2_CASDOUTA_UNCONNECTED[8]
NLW_spike_mem_reg_bram_2_CASDOUTA_UNCONNECTED[9]
NLW_spike_mem_reg_bram_2_CASDOUTA_UNCONNECTED[10]
NLW_spike_mem_reg_bram_2_CASDOUTA_UNCONNECTED[11]
NLW_spike_mem_reg_bram_2_CASDOUTA_UNCONNECTED[12]
NLW_spike_mem_reg_bram_2_CASDOUTA_UNCONNECTED[13]
NLW_spike_mem_reg_bram_2_CASDOUTA_UNCONNECTED[14]
NLW_spike_mem_reg_bram_2_CASDOUTA_UNCONNECTED[15]
NLW_spike_mem_reg_bram_2_CASDOUTA_UNCONNECTED[16]
NLW_spike_mem_reg_bram_2_CASDOUTA_UNCONNECTED[17]
NLW_spike_mem_reg_bram_2_CASDOUTA_UNCONNECTED[18]
NLW_spike_mem_reg_bram_2_CASDOUTA_UNCONNECTED[19]
NLW_spike_mem_reg_bram_2_CASDOUTA_UNCONNECTED[20]
NLW_spike_mem_reg_bram_2_CASDOUTA_UNCONNECTED[21]
NLW_spike_mem_reg_bram_2_CASDOUTA_UNCONNECTED[22]
NLW_spike_mem_reg_bram_2_CASDOUTA_UNCONNECTED[23]
NLW_spike_mem_reg_bram_2_CASDOUTA_UNCONNECTED[24]
NLW_spike_mem_reg_bram_2_CASDOUTA_UNCONNECTED[25]
NLW_spike_mem_reg_bram_2_CASDOUTA_UNCONNECTED[26]
NLW_spike_mem_reg_bram_2_CASDOUTA_UNCONNECTED[27]
NLW_spike_mem_reg_bram_2_CASDOUTA_UNCONNECTED[28]
NLW_spike_mem_reg_bram_2_CASDOUTA_UNCONNECTED[29]
NLW_spike_mem_reg_bram_2_CASDOUTA_UNCONNECTED[30]
NLW_spike_mem_reg_bram_2_CASDOUTA_UNCONNECTED[31]
NLW_spike_mem_reg_bram_2_CASDOUTB_UNCONNECTED[0]
NLW_spike_mem_reg_bram_2_CASDOUTB_UNCONNECTED[1]
NLW_spike_mem_reg_bram_2_CASDOUTB_UNCONNECTED[2]
NLW_spike_mem_reg_bram_2_CASDOUTB_UNCONNECTED[3]
NLW_spike_mem_reg_bram_2_CASDOUTB_UNCONNECTED[4]
NLW_spike_mem_reg_bram_2_CASDOUTB_UNCONNECTED[5]
NLW_spike_mem_reg_bram_2_CASDOUTB_UNCONNECTED[6]
NLW_spike_mem_reg_bram_2_CASDOUTB_UNCONNECTED[7]
NLW_spike_mem_reg_bram_2_CASDOUTB_UNCONNECTED[8]
NLW_spike_mem_reg_bram_2_CASDOUTB_UNCONNECTED[9]
NLW_spike_mem_reg_bram_2_CASDOUTB_UNCONNECTED[10]
NLW_spike_mem_reg_bram_2_CASDOUTB_UNCONNECTED[11]
NLW_spike_mem_reg_bram_2_CASDOUTB_UNCONNECTED[12]
NLW_spike_mem_reg_bram_2_CASDOUTB_UNCONNECTED[13]
NLW_spike_mem_reg_bram_2_CASDOUTB_UNCONNECTED[14]
NLW_spike_mem_reg_bram_2_CASDOUTB_UNCONNECTED[15]
NLW_spike_mem_reg_bram_2_CASDOUTB_UNCONNECTED[16]
NLW_spike_mem_reg_bram_2_CASDOUTB_UNCONNECTED[17]
NLW_spike_mem_reg_bram_2_CASDOUTB_UNCONNECTED[18]
NLW_spike_mem_reg_bram_2_CASDOUTB_UNCONNECTED[19]
NLW_spike_mem_reg_bram_2_CASDOUTB_UNCONNECTED[20]
NLW_spike_mem_reg_bram_2_CASDOUTB_UNCONNECTED[21]
NLW_spike_mem_reg_bram_2_CASDOUTB_UNCONNECTED[22]
NLW_spike_mem_reg_bram_2_CASDOUTB_UNCONNECTED[23]
NLW_spike_mem_reg_bram_2_CASDOUTB_UNCONNECTED[24]
NLW_spike_mem_reg_bram_2_CASDOUTB_UNCONNECTED[25]
NLW_spike_mem_reg_bram_2_CASDOUTB_UNCONNECTED[26]
NLW_spike_mem_reg_bram_2_CASDOUTB_UNCONNECTED[27]
NLW_spike_mem_reg_bram_2_CASDOUTB_UNCONNECTED[28]
NLW_spike_mem_reg_bram_2_CASDOUTB_UNCONNECTED[29]
NLW_spike_mem_reg_bram_2_CASDOUTB_UNCONNECTED[30]
NLW_spike_mem_reg_bram_2_CASDOUTB_UNCONNECTED[31]
NLW_spike_mem_reg_bram_2_CASDOUTPA_UNCONNECTED[0]
NLW_spike_mem_reg_bram_2_CASDOUTPA_UNCONNECTED[1]
NLW_spike_mem_reg_bram_2_CASDOUTPA_UNCONNECTED[2]
NLW_spike_mem_reg_bram_2_CASDOUTPA_UNCONNECTED[3]
NLW_spike_mem_reg_bram_2_CASDOUTPB_UNCONNECTED[0]
NLW_spike_mem_reg_bram_2_CASDOUTPB_UNCONNECTED[1]
NLW_spike_mem_reg_bram_2_CASDOUTPB_UNCONNECTED[2]
NLW_spike_mem_reg_bram_2_CASDOUTPB_UNCONNECTED[3]
NLW_spike_mem_reg_bram_2_DOUTADOUT_UNCONNECTED[0]
NLW_spike_mem_reg_bram_2_DOUTADOUT_UNCONNECTED[1]
NLW_spike_mem_reg_bram_2_DOUTADOUT_UNCONNECTED[2]
NLW_spike_mem_reg_bram_2_DOUTADOUT_UNCONNECTED[3]
NLW_spike_mem_reg_bram_2_DOUTADOUT_UNCONNECTED[4]
NLW_spike_mem_reg_bram_2_DOUTADOUT_UNCONNECTED[5]
NLW_spike_mem_reg_bram_2_DOUTADOUT_UNCONNECTED[6]
NLW_spike_mem_reg_bram_2_DOUTADOUT_UNCONNECTED[7]
NLW_spike_mem_reg_bram_2_DOUTADOUT_UNCONNECTED[8]
NLW_spike_mem_reg_bram_2_DOUTADOUT_UNCONNECTED[9]
NLW_spike_mem_reg_bram_2_DOUTADOUT_UNCONNECTED[10]
NLW_spike_mem_reg_bram_2_DOUTADOUT_UNCONNECTED[11]
NLW_spike_mem_reg_bram_2_DOUTADOUT_UNCONNECTED[12]
NLW_spike_mem_reg_bram_2_DOUTADOUT_UNCONNECTED[13]
NLW_spike_mem_reg_bram_2_DOUTADOUT_UNCONNECTED[14]
NLW_spike_mem_reg_bram_2_DOUTADOUT_UNCONNECTED[15]
NLW_spike_mem_reg_bram_2_DOUTADOUT_UNCONNECTED[16]
NLW_spike_mem_reg_bram_2_DOUTADOUT_UNCONNECTED[17]
NLW_spike_mem_reg_bram_2_DOUTADOUT_UNCONNECTED[18]
NLW_spike_mem_reg_bram_2_DOUTADOUT_UNCONNECTED[19]
NLW_spike_mem_reg_bram_2_DOUTADOUT_UNCONNECTED[20]
NLW_spike_mem_reg_bram_2_DOUTADOUT_UNCONNECTED[21]
NLW_spike_mem_reg_bram_2_DOUTADOUT_UNCONNECTED[22]
NLW_spike_mem_reg_bram_2_DOUTADOUT_UNCONNECTED[23]
NLW_spike_mem_reg_bram_2_DOUTADOUT_UNCONNECTED[24]
NLW_spike_mem_reg_bram_2_DOUTADOUT_UNCONNECTED[25]
NLW_spike_mem_reg_bram_2_DOUTADOUT_UNCONNECTED[26]
NLW_spike_mem_reg_bram_2_DOUTADOUT_UNCONNECTED[27]
NLW_spike_mem_reg_bram_2_DOUTADOUT_UNCONNECTED[28]
NLW_spike_mem_reg_bram_2_DOUTADOUT_UNCONNECTED[29]
NLW_spike_mem_reg_bram_2_DOUTADOUT_UNCONNECTED[30]
NLW_spike_mem_reg_bram_2_DOUTADOUT_UNCONNECTED[31]
NLW_spike_mem_reg_bram_2_DOUTBDOUT_UNCONNECTED[16]
NLW_spike_mem_reg_bram_2_DOUTBDOUT_UNCONNECTED[17]
NLW_spike_mem_reg_bram_2_DOUTBDOUT_UNCONNECTED[18]
NLW_spike_mem_reg_bram_2_DOUTBDOUT_UNCONNECTED[19]
NLW_spike_mem_reg_bram_2_DOUTBDOUT_UNCONNECTED[20]
NLW_spike_mem_reg_bram_2_DOUTBDOUT_UNCONNECTED[21]
NLW_spike_mem_reg_bram_2_DOUTBDOUT_UNCONNECTED[22]
NLW_spike_mem_reg_bram_2_DOUTBDOUT_UNCONNECTED[23]
NLW_spike_mem_reg_bram_2_DOUTBDOUT_UNCONNECTED[24]
NLW_spike_mem_reg_bram_2_DOUTBDOUT_UNCONNECTED[25]
NLW_spike_mem_reg_bram_2_DOUTBDOUT_UNCONNECTED[26]
NLW_spike_mem_reg_bram_2_DOUTBDOUT_UNCONNECTED[27]
NLW_spike_mem_reg_bram_2_DOUTBDOUT_UNCONNECTED[28]
NLW_spike_mem_reg_bram_2_DOUTBDOUT_UNCONNECTED[29]
NLW_spike_mem_reg_bram_2_DOUTBDOUT_UNCONNECTED[30]
NLW_spike_mem_reg_bram_2_DOUTBDOUT_UNCONNECTED[31]
NLW_spike_mem_reg_bram_2_DOUTPADOUTP_UNCONNECTED[0]
NLW_spike_mem_reg_bram_2_DOUTPADOUTP_UNCONNECTED[1]
NLW_spike_mem_reg_bram_2_DOUTPADOUTP_UNCONNECTED[2]
NLW_spike_mem_reg_bram_2_DOUTPADOUTP_UNCONNECTED[3]
NLW_spike_mem_reg_bram_2_DOUTPBDOUTP_UNCONNECTED[2]
NLW_spike_mem_reg_bram_2_DOUTPBDOUTP_UNCONNECTED[3]
NLW_spike_mem_reg_bram_2_ECCPARITY_UNCONNECTED[0]
NLW_spike_mem_reg_bram_2_ECCPARITY_UNCONNECTED[1]
NLW_spike_mem_reg_bram_2_ECCPARITY_UNCONNECTED[2]
NLW_spike_mem_reg_bram_2_ECCPARITY_UNCONNECTED[3]
NLW_spike_mem_reg_bram_2_ECCPARITY_UNCONNECTED[4]
NLW_spike_mem_reg_bram_2_ECCPARITY_UNCONNECTED[5]
NLW_spike_mem_reg_bram_2_ECCPARITY_UNCONNECTED[6]
NLW_spike_mem_reg_bram_2_ECCPARITY_UNCONNECTED[7]
NLW_spike_mem_reg_bram_2_RDADDRECC_UNCONNECTED[0]
NLW_spike_mem_reg_bram_2_RDADDRECC_UNCONNECTED[1]
NLW_spike_mem_reg_bram_2_RDADDRECC_UNCONNECTED[2]
NLW_spike_mem_reg_bram_2_RDADDRECC_UNCONNECTED[3]
NLW_spike_mem_reg_bram_2_RDADDRECC_UNCONNECTED[4]
NLW_spike_mem_reg_bram_2_RDADDRECC_UNCONNECTED[5]
NLW_spike_mem_reg_bram_2_RDADDRECC_UNCONNECTED[6]
NLW_spike_mem_reg_bram_2_RDADDRECC_UNCONNECTED[7]
NLW_spike_mem_reg_bram_2_RDADDRECC_UNCONNECTED[8]
NLW_spike_mem_reg_bram_3_CASOUTDBITERR_UNCONNECTED
NLW_spike_mem_reg_bram_3_CASOUTSBITERR_UNCONNECTED
NLW_spike_mem_reg_bram_3_DBITERR_UNCONNECTED
NLW_spike_mem_reg_bram_3_SBITERR_UNCONNECTED
NLW_spike_mem_reg_bram_3_CASDOUTA_UNCONNECTED[0]
NLW_spike_mem_reg_bram_3_CASDOUTA_UNCONNECTED[1]
NLW_spike_mem_reg_bram_3_CASDOUTA_UNCONNECTED[2]
NLW_spike_mem_reg_bram_3_CASDOUTA_UNCONNECTED[3]
NLW_spike_mem_reg_bram_3_CASDOUTA_UNCONNECTED[4]
NLW_spike_mem_reg_bram_3_CASDOUTA_UNCONNECTED[5]
NLW_spike_mem_reg_bram_3_CASDOUTA_UNCONNECTED[6]
NLW_spike_mem_reg_bram_3_CASDOUTA_UNCONNECTED[7]
NLW_spike_mem_reg_bram_3_CASDOUTA_UNCONNECTED[8]
NLW_spike_mem_reg_bram_3_CASDOUTA_UNCONNECTED[9]
NLW_spike_mem_reg_bram_3_CASDOUTA_UNCONNECTED[10]
NLW_spike_mem_reg_bram_3_CASDOUTA_UNCONNECTED[11]
NLW_spike_mem_reg_bram_3_CASDOUTA_UNCONNECTED[12]
NLW_spike_mem_reg_bram_3_CASDOUTA_UNCONNECTED[13]
NLW_spike_mem_reg_bram_3_CASDOUTA_UNCONNECTED[14]
NLW_spike_mem_reg_bram_3_CASDOUTA_UNCONNECTED[15]
NLW_spike_mem_reg_bram_3_CASDOUTA_UNCONNECTED[16]
NLW_spike_mem_reg_bram_3_CASDOUTA_UNCONNECTED[17]
NLW_spike_mem_reg_bram_3_CASDOUTA_UNCONNECTED[18]
NLW_spike_mem_reg_bram_3_CASDOUTA_UNCONNECTED[19]
NLW_spike_mem_reg_bram_3_CASDOUTA_UNCONNECTED[20]
NLW_spike_mem_reg_bram_3_CASDOUTA_UNCONNECTED[21]
NLW_spike_mem_reg_bram_3_CASDOUTA_UNCONNECTED[22]
NLW_spike_mem_reg_bram_3_CASDOUTA_UNCONNECTED[23]
NLW_spike_mem_reg_bram_3_CASDOUTA_UNCONNECTED[24]
NLW_spike_mem_reg_bram_3_CASDOUTA_UNCONNECTED[25]
NLW_spike_mem_reg_bram_3_CASDOUTA_UNCONNECTED[26]
NLW_spike_mem_reg_bram_3_CASDOUTA_UNCONNECTED[27]
NLW_spike_mem_reg_bram_3_CASDOUTA_UNCONNECTED[28]
NLW_spike_mem_reg_bram_3_CASDOUTA_UNCONNECTED[29]
NLW_spike_mem_reg_bram_3_CASDOUTA_UNCONNECTED[30]
NLW_spike_mem_reg_bram_3_CASDOUTA_UNCONNECTED[31]
NLW_spike_mem_reg_bram_3_CASDOUTB_UNCONNECTED[0]
NLW_spike_mem_reg_bram_3_CASDOUTB_UNCONNECTED[1]
NLW_spike_mem_reg_bram_3_CASDOUTB_UNCONNECTED[2]
NLW_spike_mem_reg_bram_3_CASDOUTB_UNCONNECTED[3]
NLW_spike_mem_reg_bram_3_CASDOUTB_UNCONNECTED[4]
NLW_spike_mem_reg_bram_3_CASDOUTB_UNCONNECTED[5]
NLW_spike_mem_reg_bram_3_CASDOUTB_UNCONNECTED[6]
NLW_spike_mem_reg_bram_3_CASDOUTB_UNCONNECTED[7]
NLW_spike_mem_reg_bram_3_CASDOUTB_UNCONNECTED[8]
NLW_spike_mem_reg_bram_3_CASDOUTB_UNCONNECTED[9]
NLW_spike_mem_reg_bram_3_CASDOUTB_UNCONNECTED[10]
NLW_spike_mem_reg_bram_3_CASDOUTB_UNCONNECTED[11]
NLW_spike_mem_reg_bram_3_CASDOUTB_UNCONNECTED[12]
NLW_spike_mem_reg_bram_3_CASDOUTB_UNCONNECTED[13]
NLW_spike_mem_reg_bram_3_CASDOUTB_UNCONNECTED[14]
NLW_spike_mem_reg_bram_3_CASDOUTB_UNCONNECTED[15]
NLW_spike_mem_reg_bram_3_CASDOUTB_UNCONNECTED[16]
NLW_spike_mem_reg_bram_3_CASDOUTB_UNCONNECTED[17]
NLW_spike_mem_reg_bram_3_CASDOUTB_UNCONNECTED[18]
NLW_spike_mem_reg_bram_3_CASDOUTB_UNCONNECTED[19]
NLW_spike_mem_reg_bram_3_CASDOUTB_UNCONNECTED[20]
NLW_spike_mem_reg_bram_3_CASDOUTB_UNCONNECTED[21]
NLW_spike_mem_reg_bram_3_CASDOUTB_UNCONNECTED[22]
NLW_spike_mem_reg_bram_3_CASDOUTB_UNCONNECTED[23]
NLW_spike_mem_reg_bram_3_CASDOUTB_UNCONNECTED[24]
NLW_spike_mem_reg_bram_3_CASDOUTB_UNCONNECTED[25]
NLW_spike_mem_reg_bram_3_CASDOUTB_UNCONNECTED[26]
NLW_spike_mem_reg_bram_3_CASDOUTB_UNCONNECTED[27]
NLW_spike_mem_reg_bram_3_CASDOUTB_UNCONNECTED[28]
NLW_spike_mem_reg_bram_3_CASDOUTB_UNCONNECTED[29]
NLW_spike_mem_reg_bram_3_CASDOUTB_UNCONNECTED[30]
NLW_spike_mem_reg_bram_3_CASDOUTB_UNCONNECTED[31]
NLW_spike_mem_reg_bram_3_CASDOUTPA_UNCONNECTED[0]
NLW_spike_mem_reg_bram_3_CASDOUTPA_UNCONNECTED[1]
NLW_spike_mem_reg_bram_3_CASDOUTPA_UNCONNECTED[2]
NLW_spike_mem_reg_bram_3_CASDOUTPA_UNCONNECTED[3]
NLW_spike_mem_reg_bram_3_CASDOUTPB_UNCONNECTED[0]
NLW_spike_mem_reg_bram_3_CASDOUTPB_UNCONNECTED[1]
NLW_spike_mem_reg_bram_3_CASDOUTPB_UNCONNECTED[2]
NLW_spike_mem_reg_bram_3_CASDOUTPB_UNCONNECTED[3]
NLW_spike_mem_reg_bram_3_DOUTADOUT_UNCONNECTED[0]
NLW_spike_mem_reg_bram_3_DOUTADOUT_UNCONNECTED[1]
NLW_spike_mem_reg_bram_3_DOUTADOUT_UNCONNECTED[2]
NLW_spike_mem_reg_bram_3_DOUTADOUT_UNCONNECTED[3]
NLW_spike_mem_reg_bram_3_DOUTADOUT_UNCONNECTED[4]
NLW_spike_mem_reg_bram_3_DOUTADOUT_UNCONNECTED[5]
NLW_spike_mem_reg_bram_3_DOUTADOUT_UNCONNECTED[6]
NLW_spike_mem_reg_bram_3_DOUTADOUT_UNCONNECTED[7]
NLW_spike_mem_reg_bram_3_DOUTADOUT_UNCONNECTED[8]
NLW_spike_mem_reg_bram_3_DOUTADOUT_UNCONNECTED[9]
NLW_spike_mem_reg_bram_3_DOUTADOUT_UNCONNECTED[10]
NLW_spike_mem_reg_bram_3_DOUTADOUT_UNCONNECTED[11]
NLW_spike_mem_reg_bram_3_DOUTADOUT_UNCONNECTED[12]
NLW_spike_mem_reg_bram_3_DOUTADOUT_UNCONNECTED[13]
NLW_spike_mem_reg_bram_3_DOUTADOUT_UNCONNECTED[14]
NLW_spike_mem_reg_bram_3_DOUTADOUT_UNCONNECTED[15]
NLW_spike_mem_reg_bram_3_DOUTADOUT_UNCONNECTED[16]
NLW_spike_mem_reg_bram_3_DOUTADOUT_UNCONNECTED[17]
NLW_spike_mem_reg_bram_3_DOUTADOUT_UNCONNECTED[18]
NLW_spike_mem_reg_bram_3_DOUTADOUT_UNCONNECTED[19]
NLW_spike_mem_reg_bram_3_DOUTADOUT_UNCONNECTED[20]
NLW_spike_mem_reg_bram_3_DOUTADOUT_UNCONNECTED[21]
NLW_spike_mem_reg_bram_3_DOUTADOUT_UNCONNECTED[22]
NLW_spike_mem_reg_bram_3_DOUTADOUT_UNCONNECTED[23]
NLW_spike_mem_reg_bram_3_DOUTADOUT_UNCONNECTED[24]
NLW_spike_mem_reg_bram_3_DOUTADOUT_UNCONNECTED[25]
NLW_spike_mem_reg_bram_3_DOUTADOUT_UNCONNECTED[26]
NLW_spike_mem_reg_bram_3_DOUTADOUT_UNCONNECTED[27]
NLW_spike_mem_reg_bram_3_DOUTADOUT_UNCONNECTED[28]
NLW_spike_mem_reg_bram_3_DOUTADOUT_UNCONNECTED[29]
NLW_spike_mem_reg_bram_3_DOUTADOUT_UNCONNECTED[30]
NLW_spike_mem_reg_bram_3_DOUTADOUT_UNCONNECTED[31]
NLW_spike_mem_reg_bram_3_DOUTBDOUT_UNCONNECTED[10]
NLW_spike_mem_reg_bram_3_DOUTBDOUT_UNCONNECTED[11]
NLW_spike_mem_reg_bram_3_DOUTBDOUT_UNCONNECTED[12]
NLW_spike_mem_reg_bram_3_DOUTBDOUT_UNCONNECTED[13]
NLW_spike_mem_reg_bram_3_DOUTBDOUT_UNCONNECTED[14]
NLW_spike_mem_reg_bram_3_DOUTBDOUT_UNCONNECTED[15]
NLW_spike_mem_reg_bram_3_DOUTBDOUT_UNCONNECTED[16]
NLW_spike_mem_reg_bram_3_DOUTBDOUT_UNCONNECTED[17]
NLW_spike_mem_reg_bram_3_DOUTBDOUT_UNCONNECTED[18]
NLW_spike_mem_reg_bram_3_DOUTBDOUT_UNCONNECTED[19]
NLW_spike_mem_reg_bram_3_DOUTBDOUT_UNCONNECTED[20]
NLW_spike_mem_reg_bram_3_DOUTBDOUT_UNCONNECTED[21]
NLW_spike_mem_reg_bram_3_DOUTBDOUT_UNCONNECTED[22]
NLW_spike_mem_reg_bram_3_DOUTBDOUT_UNCONNECTED[23]
NLW_spike_mem_reg_bram_3_DOUTBDOUT_UNCONNECTED[24]
NLW_spike_mem_reg_bram_3_DOUTBDOUT_UNCONNECTED[25]
NLW_spike_mem_reg_bram_3_DOUTBDOUT_UNCONNECTED[26]
NLW_spike_mem_reg_bram_3_DOUTBDOUT_UNCONNECTED[27]
NLW_spike_mem_reg_bram_3_DOUTBDOUT_UNCONNECTED[28]
NLW_spike_mem_reg_bram_3_DOUTBDOUT_UNCONNECTED[29]
NLW_spike_mem_reg_bram_3_DOUTBDOUT_UNCONNECTED[30]
NLW_spike_mem_reg_bram_3_DOUTBDOUT_UNCONNECTED[31]
NLW_spike_mem_reg_bram_3_DOUTPADOUTP_UNCONNECTED[0]
NLW_spike_mem_reg_bram_3_DOUTPADOUTP_UNCONNECTED[1]
NLW_spike_mem_reg_bram_3_DOUTPADOUTP_UNCONNECTED[2]
NLW_spike_mem_reg_bram_3_DOUTPADOUTP_UNCONNECTED[3]
NLW_spike_mem_reg_bram_3_DOUTPBDOUTP_UNCONNECTED[0]
NLW_spike_mem_reg_bram_3_DOUTPBDOUTP_UNCONNECTED[1]
NLW_spike_mem_reg_bram_3_DOUTPBDOUTP_UNCONNECTED[2]
NLW_spike_mem_reg_bram_3_DOUTPBDOUTP_UNCONNECTED[3]
NLW_spike_mem_reg_bram_3_ECCPARITY_UNCONNECTED[0]
NLW_spike_mem_reg_bram_3_ECCPARITY_UNCONNECTED[1]
NLW_spike_mem_reg_bram_3_ECCPARITY_UNCONNECTED[2]
NLW_spike_mem_reg_bram_3_ECCPARITY_UNCONNECTED[3]
NLW_spike_mem_reg_bram_3_ECCPARITY_UNCONNECTED[4]
NLW_spike_mem_reg_bram_3_ECCPARITY_UNCONNECTED[5]
NLW_spike_mem_reg_bram_3_ECCPARITY_UNCONNECTED[6]
NLW_spike_mem_reg_bram_3_ECCPARITY_UNCONNECTED[7]
NLW_spike_mem_reg_bram_3_RDADDRECC_UNCONNECTED[0]
NLW_spike_mem_reg_bram_3_RDADDRECC_UNCONNECTED[1]
NLW_spike_mem_reg_bram_3_RDADDRECC_UNCONNECTED[2]
NLW_spike_mem_reg_bram_3_RDADDRECC_UNCONNECTED[3]
NLW_spike_mem_reg_bram_3_RDADDRECC_UNCONNECTED[4]
NLW_spike_mem_reg_bram_3_RDADDRECC_UNCONNECTED[5]
NLW_spike_mem_reg_bram_3_RDADDRECC_UNCONNECTED[6]
NLW_spike_mem_reg_bram_3_RDADDRECC_UNCONNECTED[7]
NLW_spike_mem_reg_bram_3_RDADDRECC_UNCONNECTED[8]
NLW_weight_rows_0_reg_0_CASOUTDBITERR_UNCONNECTED
NLW_weight_rows_0_reg_0_CASOUTSBITERR_UNCONNECTED
NLW_weight_rows_0_reg_0_DBITERR_UNCONNECTED
NLW_weight_rows_0_reg_0_SBITERR_UNCONNECTED
NLW_weight_rows_0_reg_0_CASDINA_UNCONNECTED[0]
NLW_weight_rows_0_reg_0_CASDINA_UNCONNECTED[1]
NLW_weight_rows_0_reg_0_CASDINA_UNCONNECTED[2]
NLW_weight_rows_0_reg_0_CASDINA_UNCONNECTED[3]
NLW_weight_rows_0_reg_0_CASDINA_UNCONNECTED[4]
NLW_weight_rows_0_reg_0_CASDINA_UNCONNECTED[5]
NLW_weight_rows_0_reg_0_CASDINA_UNCONNECTED[6]
NLW_weight_rows_0_reg_0_CASDINA_UNCONNECTED[7]
NLW_weight_rows_0_reg_0_CASDINA_UNCONNECTED[8]
NLW_weight_rows_0_reg_0_CASDINA_UNCONNECTED[9]
NLW_weight_rows_0_reg_0_CASDINA_UNCONNECTED[10]
NLW_weight_rows_0_reg_0_CASDINA_UNCONNECTED[11]
NLW_weight_rows_0_reg_0_CASDINA_UNCONNECTED[12]
NLW_weight_rows_0_reg_0_CASDINA_UNCONNECTED[13]
NLW_weight_rows_0_reg_0_CASDINA_UNCONNECTED[14]
NLW_weight_rows_0_reg_0_CASDINA_UNCONNECTED[15]
NLW_weight_rows_0_reg_0_CASDINA_UNCONNECTED[16]
NLW_weight_rows_0_reg_0_CASDINA_UNCONNECTED[17]
NLW_weight_rows_0_reg_0_CASDINA_UNCONNECTED[18]
NLW_weight_rows_0_reg_0_CASDINA_UNCONNECTED[19]
NLW_weight_rows_0_reg_0_CASDINA_UNCONNECTED[20]
NLW_weight_rows_0_reg_0_CASDINA_UNCONNECTED[21]
NLW_weight_rows_0_reg_0_CASDINA_UNCONNECTED[22]
NLW_weight_rows_0_reg_0_CASDINA_UNCONNECTED[23]
NLW_weight_rows_0_reg_0_CASDINA_UNCONNECTED[24]
NLW_weight_rows_0_reg_0_CASDINA_UNCONNECTED[25]
NLW_weight_rows_0_reg_0_CASDINA_UNCONNECTED[26]
NLW_weight_rows_0_reg_0_CASDINA_UNCONNECTED[27]
NLW_weight_rows_0_reg_0_CASDINA_UNCONNECTED[28]
NLW_weight_rows_0_reg_0_CASDINA_UNCONNECTED[29]
NLW_weight_rows_0_reg_0_CASDINA_UNCONNECTED[30]
NLW_weight_rows_0_reg_0_CASDINA_UNCONNECTED[31]
NLW_weight_rows_0_reg_0_CASDINB_UNCONNECTED[0]
NLW_weight_rows_0_reg_0_CASDINB_UNCONNECTED[1]
NLW_weight_rows_0_reg_0_CASDINB_UNCONNECTED[2]
NLW_weight_rows_0_reg_0_CASDINB_UNCONNECTED[3]
NLW_weight_rows_0_reg_0_CASDINB_UNCONNECTED[4]
NLW_weight_rows_0_reg_0_CASDINB_UNCONNECTED[5]
NLW_weight_rows_0_reg_0_CASDINB_UNCONNECTED[6]
NLW_weight_rows_0_reg_0_CASDINB_UNCONNECTED[7]
NLW_weight_rows_0_reg_0_CASDINB_UNCONNECTED[8]
NLW_weight_rows_0_reg_0_CASDINB_UNCONNECTED[9]
NLW_weight_rows_0_reg_0_CASDINB_UNCONNECTED[10]
NLW_weight_rows_0_reg_0_CASDINB_UNCONNECTED[11]
NLW_weight_rows_0_reg_0_CASDINB_UNCONNECTED[12]
NLW_weight_rows_0_reg_0_CASDINB_UNCONNECTED[13]
NLW_weight_rows_0_reg_0_CASDINB_UNCONNECTED[14]
NLW_weight_rows_0_reg_0_CASDINB_UNCONNECTED[15]
NLW_weight_rows_0_reg_0_CASDINB_UNCONNECTED[16]
NLW_weight_rows_0_reg_0_CASDINB_UNCONNECTED[17]
NLW_weight_rows_0_reg_0_CASDINB_UNCONNECTED[18]
NLW_weight_rows_0_reg_0_CASDINB_UNCONNECTED[19]
NLW_weight_rows_0_reg_0_CASDINB_UNCONNECTED[20]
NLW_weight_rows_0_reg_0_CASDINB_UNCONNECTED[21]
NLW_weight_rows_0_reg_0_CASDINB_UNCONNECTED[22]
NLW_weight_rows_0_reg_0_CASDINB_UNCONNECTED[23]
NLW_weight_rows_0_reg_0_CASDINB_UNCONNECTED[24]
NLW_weight_rows_0_reg_0_CASDINB_UNCONNECTED[25]
NLW_weight_rows_0_reg_0_CASDINB_UNCONNECTED[26]
NLW_weight_rows_0_reg_0_CASDINB_UNCONNECTED[27]
NLW_weight_rows_0_reg_0_CASDINB_UNCONNECTED[28]
NLW_weight_rows_0_reg_0_CASDINB_UNCONNECTED[29]
NLW_weight_rows_0_reg_0_CASDINB_UNCONNECTED[30]
NLW_weight_rows_0_reg_0_CASDINB_UNCONNECTED[31]
NLW_weight_rows_0_reg_0_CASDINPA_UNCONNECTED[0]
NLW_weight_rows_0_reg_0_CASDINPA_UNCONNECTED[1]
NLW_weight_rows_0_reg_0_CASDINPA_UNCONNECTED[2]
NLW_weight_rows_0_reg_0_CASDINPA_UNCONNECTED[3]
NLW_weight_rows_0_reg_0_CASDINPB_UNCONNECTED[0]
NLW_weight_rows_0_reg_0_CASDINPB_UNCONNECTED[1]
NLW_weight_rows_0_reg_0_CASDINPB_UNCONNECTED[2]
NLW_weight_rows_0_reg_0_CASDINPB_UNCONNECTED[3]
NLW_weight_rows_0_reg_0_CASDOUTA_UNCONNECTED[0]
NLW_weight_rows_0_reg_0_CASDOUTA_UNCONNECTED[1]
NLW_weight_rows_0_reg_0_CASDOUTA_UNCONNECTED[2]
NLW_weight_rows_0_reg_0_CASDOUTA_UNCONNECTED[3]
NLW_weight_rows_0_reg_0_CASDOUTA_UNCONNECTED[4]
NLW_weight_rows_0_reg_0_CASDOUTA_UNCONNECTED[5]
NLW_weight_rows_0_reg_0_CASDOUTA_UNCONNECTED[6]
NLW_weight_rows_0_reg_0_CASDOUTA_UNCONNECTED[7]
NLW_weight_rows_0_reg_0_CASDOUTA_UNCONNECTED[8]
NLW_weight_rows_0_reg_0_CASDOUTA_UNCONNECTED[9]
NLW_weight_rows_0_reg_0_CASDOUTA_UNCONNECTED[10]
NLW_weight_rows_0_reg_0_CASDOUTA_UNCONNECTED[11]
NLW_weight_rows_0_reg_0_CASDOUTA_UNCONNECTED[12]
NLW_weight_rows_0_reg_0_CASDOUTA_UNCONNECTED[13]
NLW_weight_rows_0_reg_0_CASDOUTA_UNCONNECTED[14]
NLW_weight_rows_0_reg_0_CASDOUTA_UNCONNECTED[15]
NLW_weight_rows_0_reg_0_CASDOUTA_UNCONNECTED[16]
NLW_weight_rows_0_reg_0_CASDOUTA_UNCONNECTED[17]
NLW_weight_rows_0_reg_0_CASDOUTA_UNCONNECTED[18]
NLW_weight_rows_0_reg_0_CASDOUTA_UNCONNECTED[19]
NLW_weight_rows_0_reg_0_CASDOUTA_UNCONNECTED[20]
NLW_weight_rows_0_reg_0_CASDOUTA_UNCONNECTED[21]
NLW_weight_rows_0_reg_0_CASDOUTA_UNCONNECTED[22]
NLW_weight_rows_0_reg_0_CASDOUTA_UNCONNECTED[23]
NLW_weight_rows_0_reg_0_CASDOUTA_UNCONNECTED[24]
NLW_weight_rows_0_reg_0_CASDOUTA_UNCONNECTED[25]
NLW_weight_rows_0_reg_0_CASDOUTA_UNCONNECTED[26]
NLW_weight_rows_0_reg_0_CASDOUTA_UNCONNECTED[27]
NLW_weight_rows_0_reg_0_CASDOUTA_UNCONNECTED[28]
NLW_weight_rows_0_reg_0_CASDOUTA_UNCONNECTED[29]
NLW_weight_rows_0_reg_0_CASDOUTA_UNCONNECTED[30]
NLW_weight_rows_0_reg_0_CASDOUTA_UNCONNECTED[31]
NLW_weight_rows_0_reg_0_CASDOUTB_UNCONNECTED[0]
NLW_weight_rows_0_reg_0_CASDOUTB_UNCONNECTED[1]
NLW_weight_rows_0_reg_0_CASDOUTB_UNCONNECTED[2]
NLW_weight_rows_0_reg_0_CASDOUTB_UNCONNECTED[3]
NLW_weight_rows_0_reg_0_CASDOUTB_UNCONNECTED[4]
NLW_weight_rows_0_reg_0_CASDOUTB_UNCONNECTED[5]
NLW_weight_rows_0_reg_0_CASDOUTB_UNCONNECTED[6]
NLW_weight_rows_0_reg_0_CASDOUTB_UNCONNECTED[7]
NLW_weight_rows_0_reg_0_CASDOUTB_UNCONNECTED[8]
NLW_weight_rows_0_reg_0_CASDOUTB_UNCONNECTED[9]
NLW_weight_rows_0_reg_0_CASDOUTB_UNCONNECTED[10]
NLW_weight_rows_0_reg_0_CASDOUTB_UNCONNECTED[11]
NLW_weight_rows_0_reg_0_CASDOUTB_UNCONNECTED[12]
NLW_weight_rows_0_reg_0_CASDOUTB_UNCONNECTED[13]
NLW_weight_rows_0_reg_0_CASDOUTB_UNCONNECTED[14]
NLW_weight_rows_0_reg_0_CASDOUTB_UNCONNECTED[15]
NLW_weight_rows_0_reg_0_CASDOUTB_UNCONNECTED[16]
NLW_weight_rows_0_reg_0_CASDOUTB_UNCONNECTED[17]
NLW_weight_rows_0_reg_0_CASDOUTB_UNCONNECTED[18]
NLW_weight_rows_0_reg_0_CASDOUTB_UNCONNECTED[19]
NLW_weight_rows_0_reg_0_CASDOUTB_UNCONNECTED[20]
NLW_weight_rows_0_reg_0_CASDOUTB_UNCONNECTED[21]
NLW_weight_rows_0_reg_0_CASDOUTB_UNCONNECTED[22]
NLW_weight_rows_0_reg_0_CASDOUTB_UNCONNECTED[23]
NLW_weight_rows_0_reg_0_CASDOUTB_UNCONNECTED[24]
NLW_weight_rows_0_reg_0_CASDOUTB_UNCONNECTED[25]
NLW_weight_rows_0_reg_0_CASDOUTB_UNCONNECTED[26]
NLW_weight_rows_0_reg_0_CASDOUTB_UNCONNECTED[27]
NLW_weight_rows_0_reg_0_CASDOUTB_UNCONNECTED[28]
NLW_weight_rows_0_reg_0_CASDOUTB_UNCONNECTED[29]
NLW_weight_rows_0_reg_0_CASDOUTB_UNCONNECTED[30]
NLW_weight_rows_0_reg_0_CASDOUTB_UNCONNECTED[31]
NLW_weight_rows_0_reg_0_CASDOUTPA_UNCONNECTED[0]
NLW_weight_rows_0_reg_0_CASDOUTPA_UNCONNECTED[1]
NLW_weight_rows_0_reg_0_CASDOUTPA_UNCONNECTED[2]
NLW_weight_rows_0_reg_0_CASDOUTPA_UNCONNECTED[3]
NLW_weight_rows_0_reg_0_CASDOUTPB_UNCONNECTED[0]
NLW_weight_rows_0_reg_0_CASDOUTPB_UNCONNECTED[1]
NLW_weight_rows_0_reg_0_CASDOUTPB_UNCONNECTED[2]
NLW_weight_rows_0_reg_0_CASDOUTPB_UNCONNECTED[3]
NLW_weight_rows_0_reg_0_ECCPARITY_UNCONNECTED[0]
NLW_weight_rows_0_reg_0_ECCPARITY_UNCONNECTED[1]
NLW_weight_rows_0_reg_0_ECCPARITY_UNCONNECTED[2]
NLW_weight_rows_0_reg_0_ECCPARITY_UNCONNECTED[3]
NLW_weight_rows_0_reg_0_ECCPARITY_UNCONNECTED[4]
NLW_weight_rows_0_reg_0_ECCPARITY_UNCONNECTED[5]
NLW_weight_rows_0_reg_0_ECCPARITY_UNCONNECTED[6]
NLW_weight_rows_0_reg_0_ECCPARITY_UNCONNECTED[7]
NLW_weight_rows_0_reg_0_RDADDRECC_UNCONNECTED[0]
NLW_weight_rows_0_reg_0_RDADDRECC_UNCONNECTED[1]
NLW_weight_rows_0_reg_0_RDADDRECC_UNCONNECTED[2]
NLW_weight_rows_0_reg_0_RDADDRECC_UNCONNECTED[3]
NLW_weight_rows_0_reg_0_RDADDRECC_UNCONNECTED[4]
NLW_weight_rows_0_reg_0_RDADDRECC_UNCONNECTED[5]
NLW_weight_rows_0_reg_0_RDADDRECC_UNCONNECTED[6]
NLW_weight_rows_0_reg_0_RDADDRECC_UNCONNECTED[7]
NLW_weight_rows_0_reg_0_RDADDRECC_UNCONNECTED[8]
NLW_weight_rows_0_reg_1_CASOUTDBITERR_UNCONNECTED
NLW_weight_rows_0_reg_1_CASOUTSBITERR_UNCONNECTED
NLW_weight_rows_0_reg_1_DBITERR_UNCONNECTED
NLW_weight_rows_0_reg_1_SBITERR_UNCONNECTED
NLW_weight_rows_0_reg_1_CASDINA_UNCONNECTED[0]
NLW_weight_rows_0_reg_1_CASDINA_UNCONNECTED[1]
NLW_weight_rows_0_reg_1_CASDINA_UNCONNECTED[2]
NLW_weight_rows_0_reg_1_CASDINA_UNCONNECTED[3]
NLW_weight_rows_0_reg_1_CASDINA_UNCONNECTED[4]
NLW_weight_rows_0_reg_1_CASDINA_UNCONNECTED[5]
NLW_weight_rows_0_reg_1_CASDINA_UNCONNECTED[6]
NLW_weight_rows_0_reg_1_CASDINA_UNCONNECTED[7]
NLW_weight_rows_0_reg_1_CASDINA_UNCONNECTED[8]
NLW_weight_rows_0_reg_1_CASDINA_UNCONNECTED[9]
NLW_weight_rows_0_reg_1_CASDINA_UNCONNECTED[10]
NLW_weight_rows_0_reg_1_CASDINA_UNCONNECTED[11]
NLW_weight_rows_0_reg_1_CASDINA_UNCONNECTED[12]
NLW_weight_rows_0_reg_1_CASDINA_UNCONNECTED[13]
NLW_weight_rows_0_reg_1_CASDINA_UNCONNECTED[14]
NLW_weight_rows_0_reg_1_CASDINA_UNCONNECTED[15]
NLW_weight_rows_0_reg_1_CASDINA_UNCONNECTED[16]
NLW_weight_rows_0_reg_1_CASDINA_UNCONNECTED[17]
NLW_weight_rows_0_reg_1_CASDINA_UNCONNECTED[18]
NLW_weight_rows_0_reg_1_CASDINA_UNCONNECTED[19]
NLW_weight_rows_0_reg_1_CASDINA_UNCONNECTED[20]
NLW_weight_rows_0_reg_1_CASDINA_UNCONNECTED[21]
NLW_weight_rows_0_reg_1_CASDINA_UNCONNECTED[22]
NLW_weight_rows_0_reg_1_CASDINA_UNCONNECTED[23]
NLW_weight_rows_0_reg_1_CASDINA_UNCONNECTED[24]
NLW_weight_rows_0_reg_1_CASDINA_UNCONNECTED[25]
NLW_weight_rows_0_reg_1_CASDINA_UNCONNECTED[26]
NLW_weight_rows_0_reg_1_CASDINA_UNCONNECTED[27]
NLW_weight_rows_0_reg_1_CASDINA_UNCONNECTED[28]
NLW_weight_rows_0_reg_1_CASDINA_UNCONNECTED[29]
NLW_weight_rows_0_reg_1_CASDINA_UNCONNECTED[30]
NLW_weight_rows_0_reg_1_CASDINA_UNCONNECTED[31]
NLW_weight_rows_0_reg_1_CASDINB_UNCONNECTED[0]
NLW_weight_rows_0_reg_1_CASDINB_UNCONNECTED[1]
NLW_weight_rows_0_reg_1_CASDINB_UNCONNECTED[2]
NLW_weight_rows_0_reg_1_CASDINB_UNCONNECTED[3]
NLW_weight_rows_0_reg_1_CASDINB_UNCONNECTED[4]
NLW_weight_rows_0_reg_1_CASDINB_UNCONNECTED[5]
NLW_weight_rows_0_reg_1_CASDINB_UNCONNECTED[6]
NLW_weight_rows_0_reg_1_CASDINB_UNCONNECTED[7]
NLW_weight_rows_0_reg_1_CASDINB_UNCONNECTED[8]
NLW_weight_rows_0_reg_1_CASDINB_UNCONNECTED[9]
NLW_weight_rows_0_reg_1_CASDINB_UNCONNECTED[10]
NLW_weight_rows_0_reg_1_CASDINB_UNCONNECTED[11]
NLW_weight_rows_0_reg_1_CASDINB_UNCONNECTED[12]
NLW_weight_rows_0_reg_1_CASDINB_UNCONNECTED[13]
NLW_weight_rows_0_reg_1_CASDINB_UNCONNECTED[14]
NLW_weight_rows_0_reg_1_CASDINB_UNCONNECTED[15]
NLW_weight_rows_0_reg_1_CASDINB_UNCONNECTED[16]
NLW_weight_rows_0_reg_1_CASDINB_UNCONNECTED[17]
NLW_weight_rows_0_reg_1_CASDINB_UNCONNECTED[18]
NLW_weight_rows_0_reg_1_CASDINB_UNCONNECTED[19]
NLW_weight_rows_0_reg_1_CASDINB_UNCONNECTED[20]
NLW_weight_rows_0_reg_1_CASDINB_UNCONNECTED[21]
NLW_weight_rows_0_reg_1_CASDINB_UNCONNECTED[22]
NLW_weight_rows_0_reg_1_CASDINB_UNCONNECTED[23]
NLW_weight_rows_0_reg_1_CASDINB_UNCONNECTED[24]
NLW_weight_rows_0_reg_1_CASDINB_UNCONNECTED[25]
NLW_weight_rows_0_reg_1_CASDINB_UNCONNECTED[26]
NLW_weight_rows_0_reg_1_CASDINB_UNCONNECTED[27]
NLW_weight_rows_0_reg_1_CASDINB_UNCONNECTED[28]
NLW_weight_rows_0_reg_1_CASDINB_UNCONNECTED[29]
NLW_weight_rows_0_reg_1_CASDINB_UNCONNECTED[30]
NLW_weight_rows_0_reg_1_CASDINB_UNCONNECTED[31]
NLW_weight_rows_0_reg_1_CASDINPA_UNCONNECTED[0]
NLW_weight_rows_0_reg_1_CASDINPA_UNCONNECTED[1]
NLW_weight_rows_0_reg_1_CASDINPA_UNCONNECTED[2]
NLW_weight_rows_0_reg_1_CASDINPA_UNCONNECTED[3]
NLW_weight_rows_0_reg_1_CASDINPB_UNCONNECTED[0]
NLW_weight_rows_0_reg_1_CASDINPB_UNCONNECTED[1]
NLW_weight_rows_0_reg_1_CASDINPB_UNCONNECTED[2]
NLW_weight_rows_0_reg_1_CASDINPB_UNCONNECTED[3]
NLW_weight_rows_0_reg_1_CASDOUTA_UNCONNECTED[0]
NLW_weight_rows_0_reg_1_CASDOUTA_UNCONNECTED[1]
NLW_weight_rows_0_reg_1_CASDOUTA_UNCONNECTED[2]
NLW_weight_rows_0_reg_1_CASDOUTA_UNCONNECTED[3]
NLW_weight_rows_0_reg_1_CASDOUTA_UNCONNECTED[4]
NLW_weight_rows_0_reg_1_CASDOUTA_UNCONNECTED[5]
NLW_weight_rows_0_reg_1_CASDOUTA_UNCONNECTED[6]
NLW_weight_rows_0_reg_1_CASDOUTA_UNCONNECTED[7]
NLW_weight_rows_0_reg_1_CASDOUTA_UNCONNECTED[8]
NLW_weight_rows_0_reg_1_CASDOUTA_UNCONNECTED[9]
NLW_weight_rows_0_reg_1_CASDOUTA_UNCONNECTED[10]
NLW_weight_rows_0_reg_1_CASDOUTA_UNCONNECTED[11]
NLW_weight_rows_0_reg_1_CASDOUTA_UNCONNECTED[12]
NLW_weight_rows_0_reg_1_CASDOUTA_UNCONNECTED[13]
NLW_weight_rows_0_reg_1_CASDOUTA_UNCONNECTED[14]
NLW_weight_rows_0_reg_1_CASDOUTA_UNCONNECTED[15]
NLW_weight_rows_0_reg_1_CASDOUTA_UNCONNECTED[16]
NLW_weight_rows_0_reg_1_CASDOUTA_UNCONNECTED[17]
NLW_weight_rows_0_reg_1_CASDOUTA_UNCONNECTED[18]
NLW_weight_rows_0_reg_1_CASDOUTA_UNCONNECTED[19]
NLW_weight_rows_0_reg_1_CASDOUTA_UNCONNECTED[20]
NLW_weight_rows_0_reg_1_CASDOUTA_UNCONNECTED[21]
NLW_weight_rows_0_reg_1_CASDOUTA_UNCONNECTED[22]
NLW_weight_rows_0_reg_1_CASDOUTA_UNCONNECTED[23]
NLW_weight_rows_0_reg_1_CASDOUTA_UNCONNECTED[24]
NLW_weight_rows_0_reg_1_CASDOUTA_UNCONNECTED[25]
NLW_weight_rows_0_reg_1_CASDOUTA_UNCONNECTED[26]
NLW_weight_rows_0_reg_1_CASDOUTA_UNCONNECTED[27]
NLW_weight_rows_0_reg_1_CASDOUTA_UNCONNECTED[28]
NLW_weight_rows_0_reg_1_CASDOUTA_UNCONNECTED[29]
NLW_weight_rows_0_reg_1_CASDOUTA_UNCONNECTED[30]
NLW_weight_rows_0_reg_1_CASDOUTA_UNCONNECTED[31]
NLW_weight_rows_0_reg_1_CASDOUTB_UNCONNECTED[0]
NLW_weight_rows_0_reg_1_CASDOUTB_UNCONNECTED[1]
NLW_weight_rows_0_reg_1_CASDOUTB_UNCONNECTED[2]
NLW_weight_rows_0_reg_1_CASDOUTB_UNCONNECTED[3]
NLW_weight_rows_0_reg_1_CASDOUTB_UNCONNECTED[4]
NLW_weight_rows_0_reg_1_CASDOUTB_UNCONNECTED[5]
NLW_weight_rows_0_reg_1_CASDOUTB_UNCONNECTED[6]
NLW_weight_rows_0_reg_1_CASDOUTB_UNCONNECTED[7]
NLW_weight_rows_0_reg_1_CASDOUTB_UNCONNECTED[8]
NLW_weight_rows_0_reg_1_CASDOUTB_UNCONNECTED[9]
NLW_weight_rows_0_reg_1_CASDOUTB_UNCONNECTED[10]
NLW_weight_rows_0_reg_1_CASDOUTB_UNCONNECTED[11]
NLW_weight_rows_0_reg_1_CASDOUTB_UNCONNECTED[12]
NLW_weight_rows_0_reg_1_CASDOUTB_UNCONNECTED[13]
NLW_weight_rows_0_reg_1_CASDOUTB_UNCONNECTED[14]
NLW_weight_rows_0_reg_1_CASDOUTB_UNCONNECTED[15]
NLW_weight_rows_0_reg_1_CASDOUTB_UNCONNECTED[16]
NLW_weight_rows_0_reg_1_CASDOUTB_UNCONNECTED[17]
NLW_weight_rows_0_reg_1_CASDOUTB_UNCONNECTED[18]
NLW_weight_rows_0_reg_1_CASDOUTB_UNCONNECTED[19]
NLW_weight_rows_0_reg_1_CASDOUTB_UNCONNECTED[20]
NLW_weight_rows_0_reg_1_CASDOUTB_UNCONNECTED[21]
NLW_weight_rows_0_reg_1_CASDOUTB_UNCONNECTED[22]
NLW_weight_rows_0_reg_1_CASDOUTB_UNCONNECTED[23]
NLW_weight_rows_0_reg_1_CASDOUTB_UNCONNECTED[24]
NLW_weight_rows_0_reg_1_CASDOUTB_UNCONNECTED[25]
NLW_weight_rows_0_reg_1_CASDOUTB_UNCONNECTED[26]
NLW_weight_rows_0_reg_1_CASDOUTB_UNCONNECTED[27]
NLW_weight_rows_0_reg_1_CASDOUTB_UNCONNECTED[28]
NLW_weight_rows_0_reg_1_CASDOUTB_UNCONNECTED[29]
NLW_weight_rows_0_reg_1_CASDOUTB_UNCONNECTED[30]
NLW_weight_rows_0_reg_1_CASDOUTB_UNCONNECTED[31]
NLW_weight_rows_0_reg_1_CASDOUTPA_UNCONNECTED[0]
NLW_weight_rows_0_reg_1_CASDOUTPA_UNCONNECTED[1]
NLW_weight_rows_0_reg_1_CASDOUTPA_UNCONNECTED[2]
NLW_weight_rows_0_reg_1_CASDOUTPA_UNCONNECTED[3]
NLW_weight_rows_0_reg_1_CASDOUTPB_UNCONNECTED[0]
NLW_weight_rows_0_reg_1_CASDOUTPB_UNCONNECTED[1]
NLW_weight_rows_0_reg_1_CASDOUTPB_UNCONNECTED[2]
NLW_weight_rows_0_reg_1_CASDOUTPB_UNCONNECTED[3]
NLW_weight_rows_0_reg_1_ECCPARITY_UNCONNECTED[0]
NLW_weight_rows_0_reg_1_ECCPARITY_UNCONNECTED[1]
NLW_weight_rows_0_reg_1_ECCPARITY_UNCONNECTED[2]
NLW_weight_rows_0_reg_1_ECCPARITY_UNCONNECTED[3]
NLW_weight_rows_0_reg_1_ECCPARITY_UNCONNECTED[4]
NLW_weight_rows_0_reg_1_ECCPARITY_UNCONNECTED[5]
NLW_weight_rows_0_reg_1_ECCPARITY_UNCONNECTED[6]
NLW_weight_rows_0_reg_1_ECCPARITY_UNCONNECTED[7]
NLW_weight_rows_0_reg_1_RDADDRECC_UNCONNECTED[0]
NLW_weight_rows_0_reg_1_RDADDRECC_UNCONNECTED[1]
NLW_weight_rows_0_reg_1_RDADDRECC_UNCONNECTED[2]
NLW_weight_rows_0_reg_1_RDADDRECC_UNCONNECTED[3]
NLW_weight_rows_0_reg_1_RDADDRECC_UNCONNECTED[4]
NLW_weight_rows_0_reg_1_RDADDRECC_UNCONNECTED[5]
NLW_weight_rows_0_reg_1_RDADDRECC_UNCONNECTED[6]
NLW_weight_rows_0_reg_1_RDADDRECC_UNCONNECTED[7]
NLW_weight_rows_0_reg_1_RDADDRECC_UNCONNECTED[8]
NLW_weight_rows_0_reg_10_CASOUTDBITERR_UNCONNECTED
NLW_weight_rows_0_reg_10_CASOUTSBITERR_UNCONNECTED
NLW_weight_rows_0_reg_10_DBITERR_UNCONNECTED
NLW_weight_rows_0_reg_10_SBITERR_UNCONNECTED
NLW_weight_rows_0_reg_10_CASDINA_UNCONNECTED[0]
NLW_weight_rows_0_reg_10_CASDINA_UNCONNECTED[1]
NLW_weight_rows_0_reg_10_CASDINA_UNCONNECTED[2]
NLW_weight_rows_0_reg_10_CASDINA_UNCONNECTED[3]
NLW_weight_rows_0_reg_10_CASDINA_UNCONNECTED[4]
NLW_weight_rows_0_reg_10_CASDINA_UNCONNECTED[5]
NLW_weight_rows_0_reg_10_CASDINA_UNCONNECTED[6]
NLW_weight_rows_0_reg_10_CASDINA_UNCONNECTED[7]
NLW_weight_rows_0_reg_10_CASDINA_UNCONNECTED[8]
NLW_weight_rows_0_reg_10_CASDINA_UNCONNECTED[9]
NLW_weight_rows_0_reg_10_CASDINA_UNCONNECTED[10]
NLW_weight_rows_0_reg_10_CASDINA_UNCONNECTED[11]
NLW_weight_rows_0_reg_10_CASDINA_UNCONNECTED[12]
NLW_weight_rows_0_reg_10_CASDINA_UNCONNECTED[13]
NLW_weight_rows_0_reg_10_CASDINA_UNCONNECTED[14]
NLW_weight_rows_0_reg_10_CASDINA_UNCONNECTED[15]
NLW_weight_rows_0_reg_10_CASDINA_UNCONNECTED[16]
NLW_weight_rows_0_reg_10_CASDINA_UNCONNECTED[17]
NLW_weight_rows_0_reg_10_CASDINA_UNCONNECTED[18]
NLW_weight_rows_0_reg_10_CASDINA_UNCONNECTED[19]
NLW_weight_rows_0_reg_10_CASDINA_UNCONNECTED[20]
NLW_weight_rows_0_reg_10_CASDINA_UNCONNECTED[21]
NLW_weight_rows_0_reg_10_CASDINA_UNCONNECTED[22]
NLW_weight_rows_0_reg_10_CASDINA_UNCONNECTED[23]
NLW_weight_rows_0_reg_10_CASDINA_UNCONNECTED[24]
NLW_weight_rows_0_reg_10_CASDINA_UNCONNECTED[25]
NLW_weight_rows_0_reg_10_CASDINA_UNCONNECTED[26]
NLW_weight_rows_0_reg_10_CASDINA_UNCONNECTED[27]
NLW_weight_rows_0_reg_10_CASDINA_UNCONNECTED[28]
NLW_weight_rows_0_reg_10_CASDINA_UNCONNECTED[29]
NLW_weight_rows_0_reg_10_CASDINA_UNCONNECTED[30]
NLW_weight_rows_0_reg_10_CASDINA_UNCONNECTED[31]
NLW_weight_rows_0_reg_10_CASDINB_UNCONNECTED[0]
NLW_weight_rows_0_reg_10_CASDINB_UNCONNECTED[1]
NLW_weight_rows_0_reg_10_CASDINB_UNCONNECTED[2]
NLW_weight_rows_0_reg_10_CASDINB_UNCONNECTED[3]
NLW_weight_rows_0_reg_10_CASDINB_UNCONNECTED[4]
NLW_weight_rows_0_reg_10_CASDINB_UNCONNECTED[5]
NLW_weight_rows_0_reg_10_CASDINB_UNCONNECTED[6]
NLW_weight_rows_0_reg_10_CASDINB_UNCONNECTED[7]
NLW_weight_rows_0_reg_10_CASDINB_UNCONNECTED[8]
NLW_weight_rows_0_reg_10_CASDINB_UNCONNECTED[9]
NLW_weight_rows_0_reg_10_CASDINB_UNCONNECTED[10]
NLW_weight_rows_0_reg_10_CASDINB_UNCONNECTED[11]
NLW_weight_rows_0_reg_10_CASDINB_UNCONNECTED[12]
NLW_weight_rows_0_reg_10_CASDINB_UNCONNECTED[13]
NLW_weight_rows_0_reg_10_CASDINB_UNCONNECTED[14]
NLW_weight_rows_0_reg_10_CASDINB_UNCONNECTED[15]
NLW_weight_rows_0_reg_10_CASDINB_UNCONNECTED[16]
NLW_weight_rows_0_reg_10_CASDINB_UNCONNECTED[17]
NLW_weight_rows_0_reg_10_CASDINB_UNCONNECTED[18]
NLW_weight_rows_0_reg_10_CASDINB_UNCONNECTED[19]
NLW_weight_rows_0_reg_10_CASDINB_UNCONNECTED[20]
NLW_weight_rows_0_reg_10_CASDINB_UNCONNECTED[21]
NLW_weight_rows_0_reg_10_CASDINB_UNCONNECTED[22]
NLW_weight_rows_0_reg_10_CASDINB_UNCONNECTED[23]
NLW_weight_rows_0_reg_10_CASDINB_UNCONNECTED[24]
NLW_weight_rows_0_reg_10_CASDINB_UNCONNECTED[25]
NLW_weight_rows_0_reg_10_CASDINB_UNCONNECTED[26]
NLW_weight_rows_0_reg_10_CASDINB_UNCONNECTED[27]
NLW_weight_rows_0_reg_10_CASDINB_UNCONNECTED[28]
NLW_weight_rows_0_reg_10_CASDINB_UNCONNECTED[29]
NLW_weight_rows_0_reg_10_CASDINB_UNCONNECTED[30]
NLW_weight_rows_0_reg_10_CASDINB_UNCONNECTED[31]
NLW_weight_rows_0_reg_10_CASDINPA_UNCONNECTED[0]
NLW_weight_rows_0_reg_10_CASDINPA_UNCONNECTED[1]
NLW_weight_rows_0_reg_10_CASDINPA_UNCONNECTED[2]
NLW_weight_rows_0_reg_10_CASDINPA_UNCONNECTED[3]
NLW_weight_rows_0_reg_10_CASDINPB_UNCONNECTED[0]
NLW_weight_rows_0_reg_10_CASDINPB_UNCONNECTED[1]
NLW_weight_rows_0_reg_10_CASDINPB_UNCONNECTED[2]
NLW_weight_rows_0_reg_10_CASDINPB_UNCONNECTED[3]
NLW_weight_rows_0_reg_10_CASDOUTA_UNCONNECTED[0]
NLW_weight_rows_0_reg_10_CASDOUTA_UNCONNECTED[1]
NLW_weight_rows_0_reg_10_CASDOUTA_UNCONNECTED[2]
NLW_weight_rows_0_reg_10_CASDOUTA_UNCONNECTED[3]
NLW_weight_rows_0_reg_10_CASDOUTA_UNCONNECTED[4]
NLW_weight_rows_0_reg_10_CASDOUTA_UNCONNECTED[5]
NLW_weight_rows_0_reg_10_CASDOUTA_UNCONNECTED[6]
NLW_weight_rows_0_reg_10_CASDOUTA_UNCONNECTED[7]
NLW_weight_rows_0_reg_10_CASDOUTA_UNCONNECTED[8]
NLW_weight_rows_0_reg_10_CASDOUTA_UNCONNECTED[9]
NLW_weight_rows_0_reg_10_CASDOUTA_UNCONNECTED[10]
NLW_weight_rows_0_reg_10_CASDOUTA_UNCONNECTED[11]
NLW_weight_rows_0_reg_10_CASDOUTA_UNCONNECTED[12]
NLW_weight_rows_0_reg_10_CASDOUTA_UNCONNECTED[13]
NLW_weight_rows_0_reg_10_CASDOUTA_UNCONNECTED[14]
NLW_weight_rows_0_reg_10_CASDOUTA_UNCONNECTED[15]
NLW_weight_rows_0_reg_10_CASDOUTA_UNCONNECTED[16]
NLW_weight_rows_0_reg_10_CASDOUTA_UNCONNECTED[17]
NLW_weight_rows_0_reg_10_CASDOUTA_UNCONNECTED[18]
NLW_weight_rows_0_reg_10_CASDOUTA_UNCONNECTED[19]
NLW_weight_rows_0_reg_10_CASDOUTA_UNCONNECTED[20]
NLW_weight_rows_0_reg_10_CASDOUTA_UNCONNECTED[21]
NLW_weight_rows_0_reg_10_CASDOUTA_UNCONNECTED[22]
NLW_weight_rows_0_reg_10_CASDOUTA_UNCONNECTED[23]
NLW_weight_rows_0_reg_10_CASDOUTA_UNCONNECTED[24]
NLW_weight_rows_0_reg_10_CASDOUTA_UNCONNECTED[25]
NLW_weight_rows_0_reg_10_CASDOUTA_UNCONNECTED[26]
NLW_weight_rows_0_reg_10_CASDOUTA_UNCONNECTED[27]
NLW_weight_rows_0_reg_10_CASDOUTA_UNCONNECTED[28]
NLW_weight_rows_0_reg_10_CASDOUTA_UNCONNECTED[29]
NLW_weight_rows_0_reg_10_CASDOUTA_UNCONNECTED[30]
NLW_weight_rows_0_reg_10_CASDOUTA_UNCONNECTED[31]
NLW_weight_rows_0_reg_10_CASDOUTB_UNCONNECTED[0]
NLW_weight_rows_0_reg_10_CASDOUTB_UNCONNECTED[1]
NLW_weight_rows_0_reg_10_CASDOUTB_UNCONNECTED[2]
NLW_weight_rows_0_reg_10_CASDOUTB_UNCONNECTED[3]
NLW_weight_rows_0_reg_10_CASDOUTB_UNCONNECTED[4]
NLW_weight_rows_0_reg_10_CASDOUTB_UNCONNECTED[5]
NLW_weight_rows_0_reg_10_CASDOUTB_UNCONNECTED[6]
NLW_weight_rows_0_reg_10_CASDOUTB_UNCONNECTED[7]
NLW_weight_rows_0_reg_10_CASDOUTB_UNCONNECTED[8]
NLW_weight_rows_0_reg_10_CASDOUTB_UNCONNECTED[9]
NLW_weight_rows_0_reg_10_CASDOUTB_UNCONNECTED[10]
NLW_weight_rows_0_reg_10_CASDOUTB_UNCONNECTED[11]
NLW_weight_rows_0_reg_10_CASDOUTB_UNCONNECTED[12]
NLW_weight_rows_0_reg_10_CASDOUTB_UNCONNECTED[13]
NLW_weight_rows_0_reg_10_CASDOUTB_UNCONNECTED[14]
NLW_weight_rows_0_reg_10_CASDOUTB_UNCONNECTED[15]
NLW_weight_rows_0_reg_10_CASDOUTB_UNCONNECTED[16]
NLW_weight_rows_0_reg_10_CASDOUTB_UNCONNECTED[17]
NLW_weight_rows_0_reg_10_CASDOUTB_UNCONNECTED[18]
NLW_weight_rows_0_reg_10_CASDOUTB_UNCONNECTED[19]
NLW_weight_rows_0_reg_10_CASDOUTB_UNCONNECTED[20]
NLW_weight_rows_0_reg_10_CASDOUTB_UNCONNECTED[21]
NLW_weight_rows_0_reg_10_CASDOUTB_UNCONNECTED[22]
NLW_weight_rows_0_reg_10_CASDOUTB_UNCONNECTED[23]
NLW_weight_rows_0_reg_10_CASDOUTB_UNCONNECTED[24]
NLW_weight_rows_0_reg_10_CASDOUTB_UNCONNECTED[25]
NLW_weight_rows_0_reg_10_CASDOUTB_UNCONNECTED[26]
NLW_weight_rows_0_reg_10_CASDOUTB_UNCONNECTED[27]
NLW_weight_rows_0_reg_10_CASDOUTB_UNCONNECTED[28]
NLW_weight_rows_0_reg_10_CASDOUTB_UNCONNECTED[29]
NLW_weight_rows_0_reg_10_CASDOUTB_UNCONNECTED[30]
NLW_weight_rows_0_reg_10_CASDOUTB_UNCONNECTED[31]
NLW_weight_rows_0_reg_10_CASDOUTPA_UNCONNECTED[0]
NLW_weight_rows_0_reg_10_CASDOUTPA_UNCONNECTED[1]
NLW_weight_rows_0_reg_10_CASDOUTPA_UNCONNECTED[2]
NLW_weight_rows_0_reg_10_CASDOUTPA_UNCONNECTED[3]
NLW_weight_rows_0_reg_10_CASDOUTPB_UNCONNECTED[0]
NLW_weight_rows_0_reg_10_CASDOUTPB_UNCONNECTED[1]
NLW_weight_rows_0_reg_10_CASDOUTPB_UNCONNECTED[2]
NLW_weight_rows_0_reg_10_CASDOUTPB_UNCONNECTED[3]
NLW_weight_rows_0_reg_10_ECCPARITY_UNCONNECTED[0]
NLW_weight_rows_0_reg_10_ECCPARITY_UNCONNECTED[1]
NLW_weight_rows_0_reg_10_ECCPARITY_UNCONNECTED[2]
NLW_weight_rows_0_reg_10_ECCPARITY_UNCONNECTED[3]
NLW_weight_rows_0_reg_10_ECCPARITY_UNCONNECTED[4]
NLW_weight_rows_0_reg_10_ECCPARITY_UNCONNECTED[5]
NLW_weight_rows_0_reg_10_ECCPARITY_UNCONNECTED[6]
NLW_weight_rows_0_reg_10_ECCPARITY_UNCONNECTED[7]
NLW_weight_rows_0_reg_10_RDADDRECC_UNCONNECTED[0]
NLW_weight_rows_0_reg_10_RDADDRECC_UNCONNECTED[1]
NLW_weight_rows_0_reg_10_RDADDRECC_UNCONNECTED[2]
NLW_weight_rows_0_reg_10_RDADDRECC_UNCONNECTED[3]
NLW_weight_rows_0_reg_10_RDADDRECC_UNCONNECTED[4]
NLW_weight_rows_0_reg_10_RDADDRECC_UNCONNECTED[5]
NLW_weight_rows_0_reg_10_RDADDRECC_UNCONNECTED[6]
NLW_weight_rows_0_reg_10_RDADDRECC_UNCONNECTED[7]
NLW_weight_rows_0_reg_10_RDADDRECC_UNCONNECTED[8]
NLW_weight_rows_0_reg_11_CASOUTDBITERR_UNCONNECTED
NLW_weight_rows_0_reg_11_CASOUTSBITERR_UNCONNECTED
NLW_weight_rows_0_reg_11_DBITERR_UNCONNECTED
NLW_weight_rows_0_reg_11_SBITERR_UNCONNECTED
NLW_weight_rows_0_reg_11_CASDINA_UNCONNECTED[0]
NLW_weight_rows_0_reg_11_CASDINA_UNCONNECTED[1]
NLW_weight_rows_0_reg_11_CASDINA_UNCONNECTED[2]
NLW_weight_rows_0_reg_11_CASDINA_UNCONNECTED[3]
NLW_weight_rows_0_reg_11_CASDINA_UNCONNECTED[4]
NLW_weight_rows_0_reg_11_CASDINA_UNCONNECTED[5]
NLW_weight_rows_0_reg_11_CASDINA_UNCONNECTED[6]
NLW_weight_rows_0_reg_11_CASDINA_UNCONNECTED[7]
NLW_weight_rows_0_reg_11_CASDINA_UNCONNECTED[8]
NLW_weight_rows_0_reg_11_CASDINA_UNCONNECTED[9]
NLW_weight_rows_0_reg_11_CASDINA_UNCONNECTED[10]
NLW_weight_rows_0_reg_11_CASDINA_UNCONNECTED[11]
NLW_weight_rows_0_reg_11_CASDINA_UNCONNECTED[12]
NLW_weight_rows_0_reg_11_CASDINA_UNCONNECTED[13]
NLW_weight_rows_0_reg_11_CASDINA_UNCONNECTED[14]
NLW_weight_rows_0_reg_11_CASDINA_UNCONNECTED[15]
NLW_weight_rows_0_reg_11_CASDINA_UNCONNECTED[16]
NLW_weight_rows_0_reg_11_CASDINA_UNCONNECTED[17]
NLW_weight_rows_0_reg_11_CASDINA_UNCONNECTED[18]
NLW_weight_rows_0_reg_11_CASDINA_UNCONNECTED[19]
NLW_weight_rows_0_reg_11_CASDINA_UNCONNECTED[20]
NLW_weight_rows_0_reg_11_CASDINA_UNCONNECTED[21]
NLW_weight_rows_0_reg_11_CASDINA_UNCONNECTED[22]
NLW_weight_rows_0_reg_11_CASDINA_UNCONNECTED[23]
NLW_weight_rows_0_reg_11_CASDINA_UNCONNECTED[24]
NLW_weight_rows_0_reg_11_CASDINA_UNCONNECTED[25]
NLW_weight_rows_0_reg_11_CASDINA_UNCONNECTED[26]
NLW_weight_rows_0_reg_11_CASDINA_UNCONNECTED[27]
NLW_weight_rows_0_reg_11_CASDINA_UNCONNECTED[28]
NLW_weight_rows_0_reg_11_CASDINA_UNCONNECTED[29]
NLW_weight_rows_0_reg_11_CASDINA_UNCONNECTED[30]
NLW_weight_rows_0_reg_11_CASDINA_UNCONNECTED[31]
NLW_weight_rows_0_reg_11_CASDINB_UNCONNECTED[0]
NLW_weight_rows_0_reg_11_CASDINB_UNCONNECTED[1]
NLW_weight_rows_0_reg_11_CASDINB_UNCONNECTED[2]
NLW_weight_rows_0_reg_11_CASDINB_UNCONNECTED[3]
NLW_weight_rows_0_reg_11_CASDINB_UNCONNECTED[4]
NLW_weight_rows_0_reg_11_CASDINB_UNCONNECTED[5]
NLW_weight_rows_0_reg_11_CASDINB_UNCONNECTED[6]
NLW_weight_rows_0_reg_11_CASDINB_UNCONNECTED[7]
NLW_weight_rows_0_reg_11_CASDINB_UNCONNECTED[8]
NLW_weight_rows_0_reg_11_CASDINB_UNCONNECTED[9]
NLW_weight_rows_0_reg_11_CASDINB_UNCONNECTED[10]
NLW_weight_rows_0_reg_11_CASDINB_UNCONNECTED[11]
NLW_weight_rows_0_reg_11_CASDINB_UNCONNECTED[12]
NLW_weight_rows_0_reg_11_CASDINB_UNCONNECTED[13]
NLW_weight_rows_0_reg_11_CASDINB_UNCONNECTED[14]
NLW_weight_rows_0_reg_11_CASDINB_UNCONNECTED[15]
NLW_weight_rows_0_reg_11_CASDINB_UNCONNECTED[16]
NLW_weight_rows_0_reg_11_CASDINB_UNCONNECTED[17]
NLW_weight_rows_0_reg_11_CASDINB_UNCONNECTED[18]
NLW_weight_rows_0_reg_11_CASDINB_UNCONNECTED[19]
NLW_weight_rows_0_reg_11_CASDINB_UNCONNECTED[20]
NLW_weight_rows_0_reg_11_CASDINB_UNCONNECTED[21]
NLW_weight_rows_0_reg_11_CASDINB_UNCONNECTED[22]
NLW_weight_rows_0_reg_11_CASDINB_UNCONNECTED[23]
NLW_weight_rows_0_reg_11_CASDINB_UNCONNECTED[24]
NLW_weight_rows_0_reg_11_CASDINB_UNCONNECTED[25]
NLW_weight_rows_0_reg_11_CASDINB_UNCONNECTED[26]
NLW_weight_rows_0_reg_11_CASDINB_UNCONNECTED[27]
NLW_weight_rows_0_reg_11_CASDINB_UNCONNECTED[28]
NLW_weight_rows_0_reg_11_CASDINB_UNCONNECTED[29]
NLW_weight_rows_0_reg_11_CASDINB_UNCONNECTED[30]
NLW_weight_rows_0_reg_11_CASDINB_UNCONNECTED[31]
NLW_weight_rows_0_reg_11_CASDINPA_UNCONNECTED[0]
NLW_weight_rows_0_reg_11_CASDINPA_UNCONNECTED[1]
NLW_weight_rows_0_reg_11_CASDINPA_UNCONNECTED[2]
NLW_weight_rows_0_reg_11_CASDINPA_UNCONNECTED[3]
NLW_weight_rows_0_reg_11_CASDINPB_UNCONNECTED[0]
NLW_weight_rows_0_reg_11_CASDINPB_UNCONNECTED[1]
NLW_weight_rows_0_reg_11_CASDINPB_UNCONNECTED[2]
NLW_weight_rows_0_reg_11_CASDINPB_UNCONNECTED[3]
NLW_weight_rows_0_reg_11_CASDOUTA_UNCONNECTED[0]
NLW_weight_rows_0_reg_11_CASDOUTA_UNCONNECTED[1]
NLW_weight_rows_0_reg_11_CASDOUTA_UNCONNECTED[2]
NLW_weight_rows_0_reg_11_CASDOUTA_UNCONNECTED[3]
NLW_weight_rows_0_reg_11_CASDOUTA_UNCONNECTED[4]
NLW_weight_rows_0_reg_11_CASDOUTA_UNCONNECTED[5]
NLW_weight_rows_0_reg_11_CASDOUTA_UNCONNECTED[6]
NLW_weight_rows_0_reg_11_CASDOUTA_UNCONNECTED[7]
NLW_weight_rows_0_reg_11_CASDOUTA_UNCONNECTED[8]
NLW_weight_rows_0_reg_11_CASDOUTA_UNCONNECTED[9]
NLW_weight_rows_0_reg_11_CASDOUTA_UNCONNECTED[10]
NLW_weight_rows_0_reg_11_CASDOUTA_UNCONNECTED[11]
NLW_weight_rows_0_reg_11_CASDOUTA_UNCONNECTED[12]
NLW_weight_rows_0_reg_11_CASDOUTA_UNCONNECTED[13]
NLW_weight_rows_0_reg_11_CASDOUTA_UNCONNECTED[14]
NLW_weight_rows_0_reg_11_CASDOUTA_UNCONNECTED[15]
NLW_weight_rows_0_reg_11_CASDOUTA_UNCONNECTED[16]
NLW_weight_rows_0_reg_11_CASDOUTA_UNCONNECTED[17]
NLW_weight_rows_0_reg_11_CASDOUTA_UNCONNECTED[18]
NLW_weight_rows_0_reg_11_CASDOUTA_UNCONNECTED[19]
NLW_weight_rows_0_reg_11_CASDOUTA_UNCONNECTED[20]
NLW_weight_rows_0_reg_11_CASDOUTA_UNCONNECTED[21]
NLW_weight_rows_0_reg_11_CASDOUTA_UNCONNECTED[22]
NLW_weight_rows_0_reg_11_CASDOUTA_UNCONNECTED[23]
NLW_weight_rows_0_reg_11_CASDOUTA_UNCONNECTED[24]
NLW_weight_rows_0_reg_11_CASDOUTA_UNCONNECTED[25]
NLW_weight_rows_0_reg_11_CASDOUTA_UNCONNECTED[26]
NLW_weight_rows_0_reg_11_CASDOUTA_UNCONNECTED[27]
NLW_weight_rows_0_reg_11_CASDOUTA_UNCONNECTED[28]
NLW_weight_rows_0_reg_11_CASDOUTA_UNCONNECTED[29]
NLW_weight_rows_0_reg_11_CASDOUTA_UNCONNECTED[30]
NLW_weight_rows_0_reg_11_CASDOUTA_UNCONNECTED[31]
NLW_weight_rows_0_reg_11_CASDOUTB_UNCONNECTED[0]
NLW_weight_rows_0_reg_11_CASDOUTB_UNCONNECTED[1]
NLW_weight_rows_0_reg_11_CASDOUTB_UNCONNECTED[2]
NLW_weight_rows_0_reg_11_CASDOUTB_UNCONNECTED[3]
NLW_weight_rows_0_reg_11_CASDOUTB_UNCONNECTED[4]
NLW_weight_rows_0_reg_11_CASDOUTB_UNCONNECTED[5]
NLW_weight_rows_0_reg_11_CASDOUTB_UNCONNECTED[6]
NLW_weight_rows_0_reg_11_CASDOUTB_UNCONNECTED[7]
NLW_weight_rows_0_reg_11_CASDOUTB_UNCONNECTED[8]
NLW_weight_rows_0_reg_11_CASDOUTB_UNCONNECTED[9]
NLW_weight_rows_0_reg_11_CASDOUTB_UNCONNECTED[10]
NLW_weight_rows_0_reg_11_CASDOUTB_UNCONNECTED[11]
NLW_weight_rows_0_reg_11_CASDOUTB_UNCONNECTED[12]
NLW_weight_rows_0_reg_11_CASDOUTB_UNCONNECTED[13]
NLW_weight_rows_0_reg_11_CASDOUTB_UNCONNECTED[14]
NLW_weight_rows_0_reg_11_CASDOUTB_UNCONNECTED[15]
NLW_weight_rows_0_reg_11_CASDOUTB_UNCONNECTED[16]
NLW_weight_rows_0_reg_11_CASDOUTB_UNCONNECTED[17]
NLW_weight_rows_0_reg_11_CASDOUTB_UNCONNECTED[18]
NLW_weight_rows_0_reg_11_CASDOUTB_UNCONNECTED[19]
NLW_weight_rows_0_reg_11_CASDOUTB_UNCONNECTED[20]
NLW_weight_rows_0_reg_11_CASDOUTB_UNCONNECTED[21]
NLW_weight_rows_0_reg_11_CASDOUTB_UNCONNECTED[22]
NLW_weight_rows_0_reg_11_CASDOUTB_UNCONNECTED[23]
NLW_weight_rows_0_reg_11_CASDOUTB_UNCONNECTED[24]
NLW_weight_rows_0_reg_11_CASDOUTB_UNCONNECTED[25]
NLW_weight_rows_0_reg_11_CASDOUTB_UNCONNECTED[26]
NLW_weight_rows_0_reg_11_CASDOUTB_UNCONNECTED[27]
NLW_weight_rows_0_reg_11_CASDOUTB_UNCONNECTED[28]
NLW_weight_rows_0_reg_11_CASDOUTB_UNCONNECTED[29]
NLW_weight_rows_0_reg_11_CASDOUTB_UNCONNECTED[30]
NLW_weight_rows_0_reg_11_CASDOUTB_UNCONNECTED[31]
NLW_weight_rows_0_reg_11_CASDOUTPA_UNCONNECTED[0]
NLW_weight_rows_0_reg_11_CASDOUTPA_UNCONNECTED[1]
NLW_weight_rows_0_reg_11_CASDOUTPA_UNCONNECTED[2]
NLW_weight_rows_0_reg_11_CASDOUTPA_UNCONNECTED[3]
NLW_weight_rows_0_reg_11_CASDOUTPB_UNCONNECTED[0]
NLW_weight_rows_0_reg_11_CASDOUTPB_UNCONNECTED[1]
NLW_weight_rows_0_reg_11_CASDOUTPB_UNCONNECTED[2]
NLW_weight_rows_0_reg_11_CASDOUTPB_UNCONNECTED[3]
NLW_weight_rows_0_reg_11_ECCPARITY_UNCONNECTED[0]
NLW_weight_rows_0_reg_11_ECCPARITY_UNCONNECTED[1]
NLW_weight_rows_0_reg_11_ECCPARITY_UNCONNECTED[2]
NLW_weight_rows_0_reg_11_ECCPARITY_UNCONNECTED[3]
NLW_weight_rows_0_reg_11_ECCPARITY_UNCONNECTED[4]
NLW_weight_rows_0_reg_11_ECCPARITY_UNCONNECTED[5]
NLW_weight_rows_0_reg_11_ECCPARITY_UNCONNECTED[6]
NLW_weight_rows_0_reg_11_ECCPARITY_UNCONNECTED[7]
NLW_weight_rows_0_reg_11_RDADDRECC_UNCONNECTED[0]
NLW_weight_rows_0_reg_11_RDADDRECC_UNCONNECTED[1]
NLW_weight_rows_0_reg_11_RDADDRECC_UNCONNECTED[2]
NLW_weight_rows_0_reg_11_RDADDRECC_UNCONNECTED[3]
NLW_weight_rows_0_reg_11_RDADDRECC_UNCONNECTED[4]
NLW_weight_rows_0_reg_11_RDADDRECC_UNCONNECTED[5]
NLW_weight_rows_0_reg_11_RDADDRECC_UNCONNECTED[6]
NLW_weight_rows_0_reg_11_RDADDRECC_UNCONNECTED[7]
NLW_weight_rows_0_reg_11_RDADDRECC_UNCONNECTED[8]
NLW_weight_rows_0_reg_12_CASOUTDBITERR_UNCONNECTED
NLW_weight_rows_0_reg_12_CASOUTSBITERR_UNCONNECTED
NLW_weight_rows_0_reg_12_DBITERR_UNCONNECTED
NLW_weight_rows_0_reg_12_SBITERR_UNCONNECTED
NLW_weight_rows_0_reg_12_CASDINA_UNCONNECTED[0]
NLW_weight_rows_0_reg_12_CASDINA_UNCONNECTED[1]
NLW_weight_rows_0_reg_12_CASDINA_UNCONNECTED[2]
NLW_weight_rows_0_reg_12_CASDINA_UNCONNECTED[3]
NLW_weight_rows_0_reg_12_CASDINA_UNCONNECTED[4]
NLW_weight_rows_0_reg_12_CASDINA_UNCONNECTED[5]
NLW_weight_rows_0_reg_12_CASDINA_UNCONNECTED[6]
NLW_weight_rows_0_reg_12_CASDINA_UNCONNECTED[7]
NLW_weight_rows_0_reg_12_CASDINA_UNCONNECTED[8]
NLW_weight_rows_0_reg_12_CASDINA_UNCONNECTED[9]
NLW_weight_rows_0_reg_12_CASDINA_UNCONNECTED[10]
NLW_weight_rows_0_reg_12_CASDINA_UNCONNECTED[11]
NLW_weight_rows_0_reg_12_CASDINA_UNCONNECTED[12]
NLW_weight_rows_0_reg_12_CASDINA_UNCONNECTED[13]
NLW_weight_rows_0_reg_12_CASDINA_UNCONNECTED[14]
NLW_weight_rows_0_reg_12_CASDINA_UNCONNECTED[15]
NLW_weight_rows_0_reg_12_CASDINA_UNCONNECTED[16]
NLW_weight_rows_0_reg_12_CASDINA_UNCONNECTED[17]
NLW_weight_rows_0_reg_12_CASDINA_UNCONNECTED[18]
NLW_weight_rows_0_reg_12_CASDINA_UNCONNECTED[19]
NLW_weight_rows_0_reg_12_CASDINA_UNCONNECTED[20]
NLW_weight_rows_0_reg_12_CASDINA_UNCONNECTED[21]
NLW_weight_rows_0_reg_12_CASDINA_UNCONNECTED[22]
NLW_weight_rows_0_reg_12_CASDINA_UNCONNECTED[23]
NLW_weight_rows_0_reg_12_CASDINA_UNCONNECTED[24]
NLW_weight_rows_0_reg_12_CASDINA_UNCONNECTED[25]
NLW_weight_rows_0_reg_12_CASDINA_UNCONNECTED[26]
NLW_weight_rows_0_reg_12_CASDINA_UNCONNECTED[27]
NLW_weight_rows_0_reg_12_CASDINA_UNCONNECTED[28]
NLW_weight_rows_0_reg_12_CASDINA_UNCONNECTED[29]
NLW_weight_rows_0_reg_12_CASDINA_UNCONNECTED[30]
NLW_weight_rows_0_reg_12_CASDINA_UNCONNECTED[31]
NLW_weight_rows_0_reg_12_CASDINB_UNCONNECTED[0]
NLW_weight_rows_0_reg_12_CASDINB_UNCONNECTED[1]
NLW_weight_rows_0_reg_12_CASDINB_UNCONNECTED[2]
NLW_weight_rows_0_reg_12_CASDINB_UNCONNECTED[3]
NLW_weight_rows_0_reg_12_CASDINB_UNCONNECTED[4]
NLW_weight_rows_0_reg_12_CASDINB_UNCONNECTED[5]
NLW_weight_rows_0_reg_12_CASDINB_UNCONNECTED[6]
NLW_weight_rows_0_reg_12_CASDINB_UNCONNECTED[7]
NLW_weight_rows_0_reg_12_CASDINB_UNCONNECTED[8]
NLW_weight_rows_0_reg_12_CASDINB_UNCONNECTED[9]
NLW_weight_rows_0_reg_12_CASDINB_UNCONNECTED[10]
NLW_weight_rows_0_reg_12_CASDINB_UNCONNECTED[11]
NLW_weight_rows_0_reg_12_CASDINB_UNCONNECTED[12]
NLW_weight_rows_0_reg_12_CASDINB_UNCONNECTED[13]
NLW_weight_rows_0_reg_12_CASDINB_UNCONNECTED[14]
NLW_weight_rows_0_reg_12_CASDINB_UNCONNECTED[15]
NLW_weight_rows_0_reg_12_CASDINB_UNCONNECTED[16]
NLW_weight_rows_0_reg_12_CASDINB_UNCONNECTED[17]
NLW_weight_rows_0_reg_12_CASDINB_UNCONNECTED[18]
NLW_weight_rows_0_reg_12_CASDINB_UNCONNECTED[19]
NLW_weight_rows_0_reg_12_CASDINB_UNCONNECTED[20]
NLW_weight_rows_0_reg_12_CASDINB_UNCONNECTED[21]
NLW_weight_rows_0_reg_12_CASDINB_UNCONNECTED[22]
NLW_weight_rows_0_reg_12_CASDINB_UNCONNECTED[23]
NLW_weight_rows_0_reg_12_CASDINB_UNCONNECTED[24]
NLW_weight_rows_0_reg_12_CASDINB_UNCONNECTED[25]
NLW_weight_rows_0_reg_12_CASDINB_UNCONNECTED[26]
NLW_weight_rows_0_reg_12_CASDINB_UNCONNECTED[27]
NLW_weight_rows_0_reg_12_CASDINB_UNCONNECTED[28]
NLW_weight_rows_0_reg_12_CASDINB_UNCONNECTED[29]
NLW_weight_rows_0_reg_12_CASDINB_UNCONNECTED[30]
NLW_weight_rows_0_reg_12_CASDINB_UNCONNECTED[31]
NLW_weight_rows_0_reg_12_CASDINPA_UNCONNECTED[0]
NLW_weight_rows_0_reg_12_CASDINPA_UNCONNECTED[1]
NLW_weight_rows_0_reg_12_CASDINPA_UNCONNECTED[2]
NLW_weight_rows_0_reg_12_CASDINPA_UNCONNECTED[3]
NLW_weight_rows_0_reg_12_CASDINPB_UNCONNECTED[0]
NLW_weight_rows_0_reg_12_CASDINPB_UNCONNECTED[1]
NLW_weight_rows_0_reg_12_CASDINPB_UNCONNECTED[2]
NLW_weight_rows_0_reg_12_CASDINPB_UNCONNECTED[3]
NLW_weight_rows_0_reg_12_CASDOUTA_UNCONNECTED[0]
NLW_weight_rows_0_reg_12_CASDOUTA_UNCONNECTED[1]
NLW_weight_rows_0_reg_12_CASDOUTA_UNCONNECTED[2]
NLW_weight_rows_0_reg_12_CASDOUTA_UNCONNECTED[3]
NLW_weight_rows_0_reg_12_CASDOUTA_UNCONNECTED[4]
NLW_weight_rows_0_reg_12_CASDOUTA_UNCONNECTED[5]
NLW_weight_rows_0_reg_12_CASDOUTA_UNCONNECTED[6]
NLW_weight_rows_0_reg_12_CASDOUTA_UNCONNECTED[7]
NLW_weight_rows_0_reg_12_CASDOUTA_UNCONNECTED[8]
NLW_weight_rows_0_reg_12_CASDOUTA_UNCONNECTED[9]
NLW_weight_rows_0_reg_12_CASDOUTA_UNCONNECTED[10]
NLW_weight_rows_0_reg_12_CASDOUTA_UNCONNECTED[11]
NLW_weight_rows_0_reg_12_CASDOUTA_UNCONNECTED[12]
NLW_weight_rows_0_reg_12_CASDOUTA_UNCONNECTED[13]
NLW_weight_rows_0_reg_12_CASDOUTA_UNCONNECTED[14]
NLW_weight_rows_0_reg_12_CASDOUTA_UNCONNECTED[15]
NLW_weight_rows_0_reg_12_CASDOUTA_UNCONNECTED[16]
NLW_weight_rows_0_reg_12_CASDOUTA_UNCONNECTED[17]
NLW_weight_rows_0_reg_12_CASDOUTA_UNCONNECTED[18]
NLW_weight_rows_0_reg_12_CASDOUTA_UNCONNECTED[19]
NLW_weight_rows_0_reg_12_CASDOUTA_UNCONNECTED[20]
NLW_weight_rows_0_reg_12_CASDOUTA_UNCONNECTED[21]
NLW_weight_rows_0_reg_12_CASDOUTA_UNCONNECTED[22]
NLW_weight_rows_0_reg_12_CASDOUTA_UNCONNECTED[23]
NLW_weight_rows_0_reg_12_CASDOUTA_UNCONNECTED[24]
NLW_weight_rows_0_reg_12_CASDOUTA_UNCONNECTED[25]
NLW_weight_rows_0_reg_12_CASDOUTA_UNCONNECTED[26]
NLW_weight_rows_0_reg_12_CASDOUTA_UNCONNECTED[27]
NLW_weight_rows_0_reg_12_CASDOUTA_UNCONNECTED[28]
NLW_weight_rows_0_reg_12_CASDOUTA_UNCONNECTED[29]
NLW_weight_rows_0_reg_12_CASDOUTA_UNCONNECTED[30]
NLW_weight_rows_0_reg_12_CASDOUTA_UNCONNECTED[31]
NLW_weight_rows_0_reg_12_CASDOUTB_UNCONNECTED[0]
NLW_weight_rows_0_reg_12_CASDOUTB_UNCONNECTED[1]
NLW_weight_rows_0_reg_12_CASDOUTB_UNCONNECTED[2]
NLW_weight_rows_0_reg_12_CASDOUTB_UNCONNECTED[3]
NLW_weight_rows_0_reg_12_CASDOUTB_UNCONNECTED[4]
NLW_weight_rows_0_reg_12_CASDOUTB_UNCONNECTED[5]
NLW_weight_rows_0_reg_12_CASDOUTB_UNCONNECTED[6]
NLW_weight_rows_0_reg_12_CASDOUTB_UNCONNECTED[7]
NLW_weight_rows_0_reg_12_CASDOUTB_UNCONNECTED[8]
NLW_weight_rows_0_reg_12_CASDOUTB_UNCONNECTED[9]
NLW_weight_rows_0_reg_12_CASDOUTB_UNCONNECTED[10]
NLW_weight_rows_0_reg_12_CASDOUTB_UNCONNECTED[11]
NLW_weight_rows_0_reg_12_CASDOUTB_UNCONNECTED[12]
NLW_weight_rows_0_reg_12_CASDOUTB_UNCONNECTED[13]
NLW_weight_rows_0_reg_12_CASDOUTB_UNCONNECTED[14]
NLW_weight_rows_0_reg_12_CASDOUTB_UNCONNECTED[15]
NLW_weight_rows_0_reg_12_CASDOUTB_UNCONNECTED[16]
NLW_weight_rows_0_reg_12_CASDOUTB_UNCONNECTED[17]
NLW_weight_rows_0_reg_12_CASDOUTB_UNCONNECTED[18]
NLW_weight_rows_0_reg_12_CASDOUTB_UNCONNECTED[19]
NLW_weight_rows_0_reg_12_CASDOUTB_UNCONNECTED[20]
NLW_weight_rows_0_reg_12_CASDOUTB_UNCONNECTED[21]
NLW_weight_rows_0_reg_12_CASDOUTB_UNCONNECTED[22]
NLW_weight_rows_0_reg_12_CASDOUTB_UNCONNECTED[23]
NLW_weight_rows_0_reg_12_CASDOUTB_UNCONNECTED[24]
NLW_weight_rows_0_reg_12_CASDOUTB_UNCONNECTED[25]
NLW_weight_rows_0_reg_12_CASDOUTB_UNCONNECTED[26]
NLW_weight_rows_0_reg_12_CASDOUTB_UNCONNECTED[27]
NLW_weight_rows_0_reg_12_CASDOUTB_UNCONNECTED[28]
NLW_weight_rows_0_reg_12_CASDOUTB_UNCONNECTED[29]
NLW_weight_rows_0_reg_12_CASDOUTB_UNCONNECTED[30]
NLW_weight_rows_0_reg_12_CASDOUTB_UNCONNECTED[31]
NLW_weight_rows_0_reg_12_CASDOUTPA_UNCONNECTED[0]
NLW_weight_rows_0_reg_12_CASDOUTPA_UNCONNECTED[1]
NLW_weight_rows_0_reg_12_CASDOUTPA_UNCONNECTED[2]
NLW_weight_rows_0_reg_12_CASDOUTPA_UNCONNECTED[3]
NLW_weight_rows_0_reg_12_CASDOUTPB_UNCONNECTED[0]
NLW_weight_rows_0_reg_12_CASDOUTPB_UNCONNECTED[1]
NLW_weight_rows_0_reg_12_CASDOUTPB_UNCONNECTED[2]
NLW_weight_rows_0_reg_12_CASDOUTPB_UNCONNECTED[3]
NLW_weight_rows_0_reg_12_ECCPARITY_UNCONNECTED[0]
NLW_weight_rows_0_reg_12_ECCPARITY_UNCONNECTED[1]
NLW_weight_rows_0_reg_12_ECCPARITY_UNCONNECTED[2]
NLW_weight_rows_0_reg_12_ECCPARITY_UNCONNECTED[3]
NLW_weight_rows_0_reg_12_ECCPARITY_UNCONNECTED[4]
NLW_weight_rows_0_reg_12_ECCPARITY_UNCONNECTED[5]
NLW_weight_rows_0_reg_12_ECCPARITY_UNCONNECTED[6]
NLW_weight_rows_0_reg_12_ECCPARITY_UNCONNECTED[7]
NLW_weight_rows_0_reg_12_RDADDRECC_UNCONNECTED[0]
NLW_weight_rows_0_reg_12_RDADDRECC_UNCONNECTED[1]
NLW_weight_rows_0_reg_12_RDADDRECC_UNCONNECTED[2]
NLW_weight_rows_0_reg_12_RDADDRECC_UNCONNECTED[3]
NLW_weight_rows_0_reg_12_RDADDRECC_UNCONNECTED[4]
NLW_weight_rows_0_reg_12_RDADDRECC_UNCONNECTED[5]
NLW_weight_rows_0_reg_12_RDADDRECC_UNCONNECTED[6]
NLW_weight_rows_0_reg_12_RDADDRECC_UNCONNECTED[7]
NLW_weight_rows_0_reg_12_RDADDRECC_UNCONNECTED[8]
NLW_weight_rows_0_reg_13_CASOUTDBITERR_UNCONNECTED
NLW_weight_rows_0_reg_13_CASOUTSBITERR_UNCONNECTED
NLW_weight_rows_0_reg_13_DBITERR_UNCONNECTED
NLW_weight_rows_0_reg_13_SBITERR_UNCONNECTED
NLW_weight_rows_0_reg_13_CASDINA_UNCONNECTED[0]
NLW_weight_rows_0_reg_13_CASDINA_UNCONNECTED[1]
NLW_weight_rows_0_reg_13_CASDINA_UNCONNECTED[2]
NLW_weight_rows_0_reg_13_CASDINA_UNCONNECTED[3]
NLW_weight_rows_0_reg_13_CASDINA_UNCONNECTED[4]
NLW_weight_rows_0_reg_13_CASDINA_UNCONNECTED[5]
NLW_weight_rows_0_reg_13_CASDINA_UNCONNECTED[6]
NLW_weight_rows_0_reg_13_CASDINA_UNCONNECTED[7]
NLW_weight_rows_0_reg_13_CASDINA_UNCONNECTED[8]
NLW_weight_rows_0_reg_13_CASDINA_UNCONNECTED[9]
NLW_weight_rows_0_reg_13_CASDINA_UNCONNECTED[10]
NLW_weight_rows_0_reg_13_CASDINA_UNCONNECTED[11]
NLW_weight_rows_0_reg_13_CASDINA_UNCONNECTED[12]
NLW_weight_rows_0_reg_13_CASDINA_UNCONNECTED[13]
NLW_weight_rows_0_reg_13_CASDINA_UNCONNECTED[14]
NLW_weight_rows_0_reg_13_CASDINA_UNCONNECTED[15]
NLW_weight_rows_0_reg_13_CASDINA_UNCONNECTED[16]
NLW_weight_rows_0_reg_13_CASDINA_UNCONNECTED[17]
NLW_weight_rows_0_reg_13_CASDINA_UNCONNECTED[18]
NLW_weight_rows_0_reg_13_CASDINA_UNCONNECTED[19]
NLW_weight_rows_0_reg_13_CASDINA_UNCONNECTED[20]
NLW_weight_rows_0_reg_13_CASDINA_UNCONNECTED[21]
NLW_weight_rows_0_reg_13_CASDINA_UNCONNECTED[22]
NLW_weight_rows_0_reg_13_CASDINA_UNCONNECTED[23]
NLW_weight_rows_0_reg_13_CASDINA_UNCONNECTED[24]
NLW_weight_rows_0_reg_13_CASDINA_UNCONNECTED[25]
NLW_weight_rows_0_reg_13_CASDINA_UNCONNECTED[26]
NLW_weight_rows_0_reg_13_CASDINA_UNCONNECTED[27]
NLW_weight_rows_0_reg_13_CASDINA_UNCONNECTED[28]
NLW_weight_rows_0_reg_13_CASDINA_UNCONNECTED[29]
NLW_weight_rows_0_reg_13_CASDINA_UNCONNECTED[30]
NLW_weight_rows_0_reg_13_CASDINA_UNCONNECTED[31]
NLW_weight_rows_0_reg_13_CASDINB_UNCONNECTED[0]
NLW_weight_rows_0_reg_13_CASDINB_UNCONNECTED[1]
NLW_weight_rows_0_reg_13_CASDINB_UNCONNECTED[2]
NLW_weight_rows_0_reg_13_CASDINB_UNCONNECTED[3]
NLW_weight_rows_0_reg_13_CASDINB_UNCONNECTED[4]
NLW_weight_rows_0_reg_13_CASDINB_UNCONNECTED[5]
NLW_weight_rows_0_reg_13_CASDINB_UNCONNECTED[6]
NLW_weight_rows_0_reg_13_CASDINB_UNCONNECTED[7]
NLW_weight_rows_0_reg_13_CASDINB_UNCONNECTED[8]
NLW_weight_rows_0_reg_13_CASDINB_UNCONNECTED[9]
NLW_weight_rows_0_reg_13_CASDINB_UNCONNECTED[10]
NLW_weight_rows_0_reg_13_CASDINB_UNCONNECTED[11]
NLW_weight_rows_0_reg_13_CASDINB_UNCONNECTED[12]
NLW_weight_rows_0_reg_13_CASDINB_UNCONNECTED[13]
NLW_weight_rows_0_reg_13_CASDINB_UNCONNECTED[14]
NLW_weight_rows_0_reg_13_CASDINB_UNCONNECTED[15]
NLW_weight_rows_0_reg_13_CASDINB_UNCONNECTED[16]
NLW_weight_rows_0_reg_13_CASDINB_UNCONNECTED[17]
NLW_weight_rows_0_reg_13_CASDINB_UNCONNECTED[18]
NLW_weight_rows_0_reg_13_CASDINB_UNCONNECTED[19]
NLW_weight_rows_0_reg_13_CASDINB_UNCONNECTED[20]
NLW_weight_rows_0_reg_13_CASDINB_UNCONNECTED[21]
NLW_weight_rows_0_reg_13_CASDINB_UNCONNECTED[22]
NLW_weight_rows_0_reg_13_CASDINB_UNCONNECTED[23]
NLW_weight_rows_0_reg_13_CASDINB_UNCONNECTED[24]
NLW_weight_rows_0_reg_13_CASDINB_UNCONNECTED[25]
NLW_weight_rows_0_reg_13_CASDINB_UNCONNECTED[26]
NLW_weight_rows_0_reg_13_CASDINB_UNCONNECTED[27]
NLW_weight_rows_0_reg_13_CASDINB_UNCONNECTED[28]
NLW_weight_rows_0_reg_13_CASDINB_UNCONNECTED[29]
NLW_weight_rows_0_reg_13_CASDINB_UNCONNECTED[30]
NLW_weight_rows_0_reg_13_CASDINB_UNCONNECTED[31]
NLW_weight_rows_0_reg_13_CASDINPA_UNCONNECTED[0]
NLW_weight_rows_0_reg_13_CASDINPA_UNCONNECTED[1]
NLW_weight_rows_0_reg_13_CASDINPA_UNCONNECTED[2]
NLW_weight_rows_0_reg_13_CASDINPA_UNCONNECTED[3]
NLW_weight_rows_0_reg_13_CASDINPB_UNCONNECTED[0]
NLW_weight_rows_0_reg_13_CASDINPB_UNCONNECTED[1]
NLW_weight_rows_0_reg_13_CASDINPB_UNCONNECTED[2]
NLW_weight_rows_0_reg_13_CASDINPB_UNCONNECTED[3]
NLW_weight_rows_0_reg_13_CASDOUTA_UNCONNECTED[0]
NLW_weight_rows_0_reg_13_CASDOUTA_UNCONNECTED[1]
NLW_weight_rows_0_reg_13_CASDOUTA_UNCONNECTED[2]
NLW_weight_rows_0_reg_13_CASDOUTA_UNCONNECTED[3]
NLW_weight_rows_0_reg_13_CASDOUTA_UNCONNECTED[4]
NLW_weight_rows_0_reg_13_CASDOUTA_UNCONNECTED[5]
NLW_weight_rows_0_reg_13_CASDOUTA_UNCONNECTED[6]
NLW_weight_rows_0_reg_13_CASDOUTA_UNCONNECTED[7]
NLW_weight_rows_0_reg_13_CASDOUTA_UNCONNECTED[8]
NLW_weight_rows_0_reg_13_CASDOUTA_UNCONNECTED[9]
NLW_weight_rows_0_reg_13_CASDOUTA_UNCONNECTED[10]
NLW_weight_rows_0_reg_13_CASDOUTA_UNCONNECTED[11]
NLW_weight_rows_0_reg_13_CASDOUTA_UNCONNECTED[12]
NLW_weight_rows_0_reg_13_CASDOUTA_UNCONNECTED[13]
NLW_weight_rows_0_reg_13_CASDOUTA_UNCONNECTED[14]
NLW_weight_rows_0_reg_13_CASDOUTA_UNCONNECTED[15]
NLW_weight_rows_0_reg_13_CASDOUTA_UNCONNECTED[16]
NLW_weight_rows_0_reg_13_CASDOUTA_UNCONNECTED[17]
NLW_weight_rows_0_reg_13_CASDOUTA_UNCONNECTED[18]
NLW_weight_rows_0_reg_13_CASDOUTA_UNCONNECTED[19]
NLW_weight_rows_0_reg_13_CASDOUTA_UNCONNECTED[20]
NLW_weight_rows_0_reg_13_CASDOUTA_UNCONNECTED[21]
NLW_weight_rows_0_reg_13_CASDOUTA_UNCONNECTED[22]
NLW_weight_rows_0_reg_13_CASDOUTA_UNCONNECTED[23]
NLW_weight_rows_0_reg_13_CASDOUTA_UNCONNECTED[24]
NLW_weight_rows_0_reg_13_CASDOUTA_UNCONNECTED[25]
NLW_weight_rows_0_reg_13_CASDOUTA_UNCONNECTED[26]
NLW_weight_rows_0_reg_13_CASDOUTA_UNCONNECTED[27]
NLW_weight_rows_0_reg_13_CASDOUTA_UNCONNECTED[28]
NLW_weight_rows_0_reg_13_CASDOUTA_UNCONNECTED[29]
NLW_weight_rows_0_reg_13_CASDOUTA_UNCONNECTED[30]
NLW_weight_rows_0_reg_13_CASDOUTA_UNCONNECTED[31]
NLW_weight_rows_0_reg_13_CASDOUTB_UNCONNECTED[0]
NLW_weight_rows_0_reg_13_CASDOUTB_UNCONNECTED[1]
NLW_weight_rows_0_reg_13_CASDOUTB_UNCONNECTED[2]
NLW_weight_rows_0_reg_13_CASDOUTB_UNCONNECTED[3]
NLW_weight_rows_0_reg_13_CASDOUTB_UNCONNECTED[4]
NLW_weight_rows_0_reg_13_CASDOUTB_UNCONNECTED[5]
NLW_weight_rows_0_reg_13_CASDOUTB_UNCONNECTED[6]
NLW_weight_rows_0_reg_13_CASDOUTB_UNCONNECTED[7]
NLW_weight_rows_0_reg_13_CASDOUTB_UNCONNECTED[8]
NLW_weight_rows_0_reg_13_CASDOUTB_UNCONNECTED[9]
NLW_weight_rows_0_reg_13_CASDOUTB_UNCONNECTED[10]
NLW_weight_rows_0_reg_13_CASDOUTB_UNCONNECTED[11]
NLW_weight_rows_0_reg_13_CASDOUTB_UNCONNECTED[12]
NLW_weight_rows_0_reg_13_CASDOUTB_UNCONNECTED[13]
NLW_weight_rows_0_reg_13_CASDOUTB_UNCONNECTED[14]
NLW_weight_rows_0_reg_13_CASDOUTB_UNCONNECTED[15]
NLW_weight_rows_0_reg_13_CASDOUTB_UNCONNECTED[16]
NLW_weight_rows_0_reg_13_CASDOUTB_UNCONNECTED[17]
NLW_weight_rows_0_reg_13_CASDOUTB_UNCONNECTED[18]
NLW_weight_rows_0_reg_13_CASDOUTB_UNCONNECTED[19]
NLW_weight_rows_0_reg_13_CASDOUTB_UNCONNECTED[20]
NLW_weight_rows_0_reg_13_CASDOUTB_UNCONNECTED[21]
NLW_weight_rows_0_reg_13_CASDOUTB_UNCONNECTED[22]
NLW_weight_rows_0_reg_13_CASDOUTB_UNCONNECTED[23]
NLW_weight_rows_0_reg_13_CASDOUTB_UNCONNECTED[24]
NLW_weight_rows_0_reg_13_CASDOUTB_UNCONNECTED[25]
NLW_weight_rows_0_reg_13_CASDOUTB_UNCONNECTED[26]
NLW_weight_rows_0_reg_13_CASDOUTB_UNCONNECTED[27]
NLW_weight_rows_0_reg_13_CASDOUTB_UNCONNECTED[28]
NLW_weight_rows_0_reg_13_CASDOUTB_UNCONNECTED[29]
NLW_weight_rows_0_reg_13_CASDOUTB_UNCONNECTED[30]
NLW_weight_rows_0_reg_13_CASDOUTB_UNCONNECTED[31]
NLW_weight_rows_0_reg_13_CASDOUTPA_UNCONNECTED[0]
NLW_weight_rows_0_reg_13_CASDOUTPA_UNCONNECTED[1]
NLW_weight_rows_0_reg_13_CASDOUTPA_UNCONNECTED[2]
NLW_weight_rows_0_reg_13_CASDOUTPA_UNCONNECTED[3]
NLW_weight_rows_0_reg_13_CASDOUTPB_UNCONNECTED[0]
NLW_weight_rows_0_reg_13_CASDOUTPB_UNCONNECTED[1]
NLW_weight_rows_0_reg_13_CASDOUTPB_UNCONNECTED[2]
NLW_weight_rows_0_reg_13_CASDOUTPB_UNCONNECTED[3]
NLW_weight_rows_0_reg_13_ECCPARITY_UNCONNECTED[0]
NLW_weight_rows_0_reg_13_ECCPARITY_UNCONNECTED[1]
NLW_weight_rows_0_reg_13_ECCPARITY_UNCONNECTED[2]
NLW_weight_rows_0_reg_13_ECCPARITY_UNCONNECTED[3]
NLW_weight_rows_0_reg_13_ECCPARITY_UNCONNECTED[4]
NLW_weight_rows_0_reg_13_ECCPARITY_UNCONNECTED[5]
NLW_weight_rows_0_reg_13_ECCPARITY_UNCONNECTED[6]
NLW_weight_rows_0_reg_13_ECCPARITY_UNCONNECTED[7]
NLW_weight_rows_0_reg_13_RDADDRECC_UNCONNECTED[0]
NLW_weight_rows_0_reg_13_RDADDRECC_UNCONNECTED[1]
NLW_weight_rows_0_reg_13_RDADDRECC_UNCONNECTED[2]
NLW_weight_rows_0_reg_13_RDADDRECC_UNCONNECTED[3]
NLW_weight_rows_0_reg_13_RDADDRECC_UNCONNECTED[4]
NLW_weight_rows_0_reg_13_RDADDRECC_UNCONNECTED[5]
NLW_weight_rows_0_reg_13_RDADDRECC_UNCONNECTED[6]
NLW_weight_rows_0_reg_13_RDADDRECC_UNCONNECTED[7]
NLW_weight_rows_0_reg_13_RDADDRECC_UNCONNECTED[8]
NLW_weight_rows_0_reg_14_CASDINA_UNCONNECTED[0]
NLW_weight_rows_0_reg_14_CASDINA_UNCONNECTED[1]
NLW_weight_rows_0_reg_14_CASDINA_UNCONNECTED[2]
NLW_weight_rows_0_reg_14_CASDINA_UNCONNECTED[3]
NLW_weight_rows_0_reg_14_CASDINA_UNCONNECTED[4]
NLW_weight_rows_0_reg_14_CASDINA_UNCONNECTED[5]
NLW_weight_rows_0_reg_14_CASDINA_UNCONNECTED[6]
NLW_weight_rows_0_reg_14_CASDINA_UNCONNECTED[7]
NLW_weight_rows_0_reg_14_CASDINA_UNCONNECTED[8]
NLW_weight_rows_0_reg_14_CASDINA_UNCONNECTED[9]
NLW_weight_rows_0_reg_14_CASDINA_UNCONNECTED[10]
NLW_weight_rows_0_reg_14_CASDINA_UNCONNECTED[11]
NLW_weight_rows_0_reg_14_CASDINA_UNCONNECTED[12]
NLW_weight_rows_0_reg_14_CASDINA_UNCONNECTED[13]
NLW_weight_rows_0_reg_14_CASDINA_UNCONNECTED[14]
NLW_weight_rows_0_reg_14_CASDINA_UNCONNECTED[15]
NLW_weight_rows_0_reg_14_CASDINB_UNCONNECTED[0]
NLW_weight_rows_0_reg_14_CASDINB_UNCONNECTED[1]
NLW_weight_rows_0_reg_14_CASDINB_UNCONNECTED[2]
NLW_weight_rows_0_reg_14_CASDINB_UNCONNECTED[3]
NLW_weight_rows_0_reg_14_CASDINB_UNCONNECTED[4]
NLW_weight_rows_0_reg_14_CASDINB_UNCONNECTED[5]
NLW_weight_rows_0_reg_14_CASDINB_UNCONNECTED[6]
NLW_weight_rows_0_reg_14_CASDINB_UNCONNECTED[7]
NLW_weight_rows_0_reg_14_CASDINB_UNCONNECTED[8]
NLW_weight_rows_0_reg_14_CASDINB_UNCONNECTED[9]
NLW_weight_rows_0_reg_14_CASDINB_UNCONNECTED[10]
NLW_weight_rows_0_reg_14_CASDINB_UNCONNECTED[11]
NLW_weight_rows_0_reg_14_CASDINB_UNCONNECTED[12]
NLW_weight_rows_0_reg_14_CASDINB_UNCONNECTED[13]
NLW_weight_rows_0_reg_14_CASDINB_UNCONNECTED[14]
NLW_weight_rows_0_reg_14_CASDINB_UNCONNECTED[15]
NLW_weight_rows_0_reg_14_CASDINPA_UNCONNECTED[0]
NLW_weight_rows_0_reg_14_CASDINPA_UNCONNECTED[1]
NLW_weight_rows_0_reg_14_CASDINPB_UNCONNECTED[0]
NLW_weight_rows_0_reg_14_CASDINPB_UNCONNECTED[1]
NLW_weight_rows_0_reg_14_CASDOUTA_UNCONNECTED[0]
NLW_weight_rows_0_reg_14_CASDOUTA_UNCONNECTED[1]
NLW_weight_rows_0_reg_14_CASDOUTA_UNCONNECTED[2]
NLW_weight_rows_0_reg_14_CASDOUTA_UNCONNECTED[3]
NLW_weight_rows_0_reg_14_CASDOUTA_UNCONNECTED[4]
NLW_weight_rows_0_reg_14_CASDOUTA_UNCONNECTED[5]
NLW_weight_rows_0_reg_14_CASDOUTA_UNCONNECTED[6]
NLW_weight_rows_0_reg_14_CASDOUTA_UNCONNECTED[7]
NLW_weight_rows_0_reg_14_CASDOUTA_UNCONNECTED[8]
NLW_weight_rows_0_reg_14_CASDOUTA_UNCONNECTED[9]
NLW_weight_rows_0_reg_14_CASDOUTA_UNCONNECTED[10]
NLW_weight_rows_0_reg_14_CASDOUTA_UNCONNECTED[11]
NLW_weight_rows_0_reg_14_CASDOUTA_UNCONNECTED[12]
NLW_weight_rows_0_reg_14_CASDOUTA_UNCONNECTED[13]
NLW_weight_rows_0_reg_14_CASDOUTA_UNCONNECTED[14]
NLW_weight_rows_0_reg_14_CASDOUTA_UNCONNECTED[15]
NLW_weight_rows_0_reg_14_CASDOUTB_UNCONNECTED[0]
NLW_weight_rows_0_reg_14_CASDOUTB_UNCONNECTED[1]
NLW_weight_rows_0_reg_14_CASDOUTB_UNCONNECTED[2]
NLW_weight_rows_0_reg_14_CASDOUTB_UNCONNECTED[3]
NLW_weight_rows_0_reg_14_CASDOUTB_UNCONNECTED[4]
NLW_weight_rows_0_reg_14_CASDOUTB_UNCONNECTED[5]
NLW_weight_rows_0_reg_14_CASDOUTB_UNCONNECTED[6]
NLW_weight_rows_0_reg_14_CASDOUTB_UNCONNECTED[7]
NLW_weight_rows_0_reg_14_CASDOUTB_UNCONNECTED[8]
NLW_weight_rows_0_reg_14_CASDOUTB_UNCONNECTED[9]
NLW_weight_rows_0_reg_14_CASDOUTB_UNCONNECTED[10]
NLW_weight_rows_0_reg_14_CASDOUTB_UNCONNECTED[11]
NLW_weight_rows_0_reg_14_CASDOUTB_UNCONNECTED[12]
NLW_weight_rows_0_reg_14_CASDOUTB_UNCONNECTED[13]
NLW_weight_rows_0_reg_14_CASDOUTB_UNCONNECTED[14]
NLW_weight_rows_0_reg_14_CASDOUTB_UNCONNECTED[15]
NLW_weight_rows_0_reg_14_CASDOUTPA_UNCONNECTED[0]
NLW_weight_rows_0_reg_14_CASDOUTPA_UNCONNECTED[1]
NLW_weight_rows_0_reg_14_CASDOUTPB_UNCONNECTED[0]
NLW_weight_rows_0_reg_14_CASDOUTPB_UNCONNECTED[1]
NLW_weight_rows_0_reg_14_DOUTBDOUT_UNCONNECTED[0]
NLW_weight_rows_0_reg_14_DOUTBDOUT_UNCONNECTED[1]
NLW_weight_rows_0_reg_14_DOUTBDOUT_UNCONNECTED[2]
NLW_weight_rows_0_reg_14_DOUTBDOUT_UNCONNECTED[3]
NLW_weight_rows_0_reg_14_DOUTBDOUT_UNCONNECTED[4]
NLW_weight_rows_0_reg_14_DOUTBDOUT_UNCONNECTED[5]
NLW_weight_rows_0_reg_14_DOUTBDOUT_UNCONNECTED[6]
NLW_weight_rows_0_reg_14_DOUTBDOUT_UNCONNECTED[7]
NLW_weight_rows_0_reg_14_DOUTBDOUT_UNCONNECTED[8]
NLW_weight_rows_0_reg_14_DOUTBDOUT_UNCONNECTED[9]
NLW_weight_rows_0_reg_14_DOUTBDOUT_UNCONNECTED[10]
NLW_weight_rows_0_reg_14_DOUTBDOUT_UNCONNECTED[11]
NLW_weight_rows_0_reg_14_DOUTBDOUT_UNCONNECTED[12]
NLW_weight_rows_0_reg_14_DOUTBDOUT_UNCONNECTED[13]
NLW_weight_rows_0_reg_14_DOUTBDOUT_UNCONNECTED[14]
NLW_weight_rows_0_reg_14_DOUTBDOUT_UNCONNECTED[15]
NLW_weight_rows_0_reg_14_DOUTPADOUTP_UNCONNECTED[0]
NLW_weight_rows_0_reg_14_DOUTPADOUTP_UNCONNECTED[1]
NLW_weight_rows_0_reg_14_DOUTPBDOUTP_UNCONNECTED[0]
NLW_weight_rows_0_reg_14_DOUTPBDOUTP_UNCONNECTED[1]
NLW_weight_rows_0_reg_2_CASOUTDBITERR_UNCONNECTED
NLW_weight_rows_0_reg_2_CASOUTSBITERR_UNCONNECTED
NLW_weight_rows_0_reg_2_DBITERR_UNCONNECTED
NLW_weight_rows_0_reg_2_SBITERR_UNCONNECTED
NLW_weight_rows_0_reg_2_CASDINA_UNCONNECTED[0]
NLW_weight_rows_0_reg_2_CASDINA_UNCONNECTED[1]
NLW_weight_rows_0_reg_2_CASDINA_UNCONNECTED[2]
NLW_weight_rows_0_reg_2_CASDINA_UNCONNECTED[3]
NLW_weight_rows_0_reg_2_CASDINA_UNCONNECTED[4]
NLW_weight_rows_0_reg_2_CASDINA_UNCONNECTED[5]
NLW_weight_rows_0_reg_2_CASDINA_UNCONNECTED[6]
NLW_weight_rows_0_reg_2_CASDINA_UNCONNECTED[7]
NLW_weight_rows_0_reg_2_CASDINA_UNCONNECTED[8]
NLW_weight_rows_0_reg_2_CASDINA_UNCONNECTED[9]
NLW_weight_rows_0_reg_2_CASDINA_UNCONNECTED[10]
NLW_weight_rows_0_reg_2_CASDINA_UNCONNECTED[11]
NLW_weight_rows_0_reg_2_CASDINA_UNCONNECTED[12]
NLW_weight_rows_0_reg_2_CASDINA_UNCONNECTED[13]
NLW_weight_rows_0_reg_2_CASDINA_UNCONNECTED[14]
NLW_weight_rows_0_reg_2_CASDINA_UNCONNECTED[15]
NLW_weight_rows_0_reg_2_CASDINA_UNCONNECTED[16]
NLW_weight_rows_0_reg_2_CASDINA_UNCONNECTED[17]
NLW_weight_rows_0_reg_2_CASDINA_UNCONNECTED[18]
NLW_weight_rows_0_reg_2_CASDINA_UNCONNECTED[19]
NLW_weight_rows_0_reg_2_CASDINA_UNCONNECTED[20]
NLW_weight_rows_0_reg_2_CASDINA_UNCONNECTED[21]
NLW_weight_rows_0_reg_2_CASDINA_UNCONNECTED[22]
NLW_weight_rows_0_reg_2_CASDINA_UNCONNECTED[23]
NLW_weight_rows_0_reg_2_CASDINA_UNCONNECTED[24]
NLW_weight_rows_0_reg_2_CASDINA_UNCONNECTED[25]
NLW_weight_rows_0_reg_2_CASDINA_UNCONNECTED[26]
NLW_weight_rows_0_reg_2_CASDINA_UNCONNECTED[27]
NLW_weight_rows_0_reg_2_CASDINA_UNCONNECTED[28]
NLW_weight_rows_0_reg_2_CASDINA_UNCONNECTED[29]
NLW_weight_rows_0_reg_2_CASDINA_UNCONNECTED[30]
NLW_weight_rows_0_reg_2_CASDINA_UNCONNECTED[31]
NLW_weight_rows_0_reg_2_CASDINB_UNCONNECTED[0]
NLW_weight_rows_0_reg_2_CASDINB_UNCONNECTED[1]
NLW_weight_rows_0_reg_2_CASDINB_UNCONNECTED[2]
NLW_weight_rows_0_reg_2_CASDINB_UNCONNECTED[3]
NLW_weight_rows_0_reg_2_CASDINB_UNCONNECTED[4]
NLW_weight_rows_0_reg_2_CASDINB_UNCONNECTED[5]
NLW_weight_rows_0_reg_2_CASDINB_UNCONNECTED[6]
NLW_weight_rows_0_reg_2_CASDINB_UNCONNECTED[7]
NLW_weight_rows_0_reg_2_CASDINB_UNCONNECTED[8]
NLW_weight_rows_0_reg_2_CASDINB_UNCONNECTED[9]
NLW_weight_rows_0_reg_2_CASDINB_UNCONNECTED[10]
NLW_weight_rows_0_reg_2_CASDINB_UNCONNECTED[11]
NLW_weight_rows_0_reg_2_CASDINB_UNCONNECTED[12]
NLW_weight_rows_0_reg_2_CASDINB_UNCONNECTED[13]
NLW_weight_rows_0_reg_2_CASDINB_UNCONNECTED[14]
NLW_weight_rows_0_reg_2_CASDINB_UNCONNECTED[15]
NLW_weight_rows_0_reg_2_CASDINB_UNCONNECTED[16]
NLW_weight_rows_0_reg_2_CASDINB_UNCONNECTED[17]
NLW_weight_rows_0_reg_2_CASDINB_UNCONNECTED[18]
NLW_weight_rows_0_reg_2_CASDINB_UNCONNECTED[19]
NLW_weight_rows_0_reg_2_CASDINB_UNCONNECTED[20]
NLW_weight_rows_0_reg_2_CASDINB_UNCONNECTED[21]
NLW_weight_rows_0_reg_2_CASDINB_UNCONNECTED[22]
NLW_weight_rows_0_reg_2_CASDINB_UNCONNECTED[23]
NLW_weight_rows_0_reg_2_CASDINB_UNCONNECTED[24]
NLW_weight_rows_0_reg_2_CASDINB_UNCONNECTED[25]
NLW_weight_rows_0_reg_2_CASDINB_UNCONNECTED[26]
NLW_weight_rows_0_reg_2_CASDINB_UNCONNECTED[27]
NLW_weight_rows_0_reg_2_CASDINB_UNCONNECTED[28]
NLW_weight_rows_0_reg_2_CASDINB_UNCONNECTED[29]
NLW_weight_rows_0_reg_2_CASDINB_UNCONNECTED[30]
NLW_weight_rows_0_reg_2_CASDINB_UNCONNECTED[31]
NLW_weight_rows_0_reg_2_CASDINPA_UNCONNECTED[0]
NLW_weight_rows_0_reg_2_CASDINPA_UNCONNECTED[1]
NLW_weight_rows_0_reg_2_CASDINPA_UNCONNECTED[2]
NLW_weight_rows_0_reg_2_CASDINPA_UNCONNECTED[3]
NLW_weight_rows_0_reg_2_CASDINPB_UNCONNECTED[0]
NLW_weight_rows_0_reg_2_CASDINPB_UNCONNECTED[1]
NLW_weight_rows_0_reg_2_CASDINPB_UNCONNECTED[2]
NLW_weight_rows_0_reg_2_CASDINPB_UNCONNECTED[3]
NLW_weight_rows_0_reg_2_CASDOUTA_UNCONNECTED[0]
NLW_weight_rows_0_reg_2_CASDOUTA_UNCONNECTED[1]
NLW_weight_rows_0_reg_2_CASDOUTA_UNCONNECTED[2]
NLW_weight_rows_0_reg_2_CASDOUTA_UNCONNECTED[3]
NLW_weight_rows_0_reg_2_CASDOUTA_UNCONNECTED[4]
NLW_weight_rows_0_reg_2_CASDOUTA_UNCONNECTED[5]
NLW_weight_rows_0_reg_2_CASDOUTA_UNCONNECTED[6]
NLW_weight_rows_0_reg_2_CASDOUTA_UNCONNECTED[7]
NLW_weight_rows_0_reg_2_CASDOUTA_UNCONNECTED[8]
NLW_weight_rows_0_reg_2_CASDOUTA_UNCONNECTED[9]
NLW_weight_rows_0_reg_2_CASDOUTA_UNCONNECTED[10]
NLW_weight_rows_0_reg_2_CASDOUTA_UNCONNECTED[11]
NLW_weight_rows_0_reg_2_CASDOUTA_UNCONNECTED[12]
NLW_weight_rows_0_reg_2_CASDOUTA_UNCONNECTED[13]
NLW_weight_rows_0_reg_2_CASDOUTA_UNCONNECTED[14]
NLW_weight_rows_0_reg_2_CASDOUTA_UNCONNECTED[15]
NLW_weight_rows_0_reg_2_CASDOUTA_UNCONNECTED[16]
NLW_weight_rows_0_reg_2_CASDOUTA_UNCONNECTED[17]
NLW_weight_rows_0_reg_2_CASDOUTA_UNCONNECTED[18]
NLW_weight_rows_0_reg_2_CASDOUTA_UNCONNECTED[19]
NLW_weight_rows_0_reg_2_CASDOUTA_UNCONNECTED[20]
NLW_weight_rows_0_reg_2_CASDOUTA_UNCONNECTED[21]
NLW_weight_rows_0_reg_2_CASDOUTA_UNCONNECTED[22]
NLW_weight_rows_0_reg_2_CASDOUTA_UNCONNECTED[23]
NLW_weight_rows_0_reg_2_CASDOUTA_UNCONNECTED[24]
NLW_weight_rows_0_reg_2_CASDOUTA_UNCONNECTED[25]
NLW_weight_rows_0_reg_2_CASDOUTA_UNCONNECTED[26]
NLW_weight_rows_0_reg_2_CASDOUTA_UNCONNECTED[27]
NLW_weight_rows_0_reg_2_CASDOUTA_UNCONNECTED[28]
NLW_weight_rows_0_reg_2_CASDOUTA_UNCONNECTED[29]
NLW_weight_rows_0_reg_2_CASDOUTA_UNCONNECTED[30]
NLW_weight_rows_0_reg_2_CASDOUTA_UNCONNECTED[31]
NLW_weight_rows_0_reg_2_CASDOUTB_UNCONNECTED[0]
NLW_weight_rows_0_reg_2_CASDOUTB_UNCONNECTED[1]
NLW_weight_rows_0_reg_2_CASDOUTB_UNCONNECTED[2]
NLW_weight_rows_0_reg_2_CASDOUTB_UNCONNECTED[3]
NLW_weight_rows_0_reg_2_CASDOUTB_UNCONNECTED[4]
NLW_weight_rows_0_reg_2_CASDOUTB_UNCONNECTED[5]
NLW_weight_rows_0_reg_2_CASDOUTB_UNCONNECTED[6]
NLW_weight_rows_0_reg_2_CASDOUTB_UNCONNECTED[7]
NLW_weight_rows_0_reg_2_CASDOUTB_UNCONNECTED[8]
NLW_weight_rows_0_reg_2_CASDOUTB_UNCONNECTED[9]
NLW_weight_rows_0_reg_2_CASDOUTB_UNCONNECTED[10]
NLW_weight_rows_0_reg_2_CASDOUTB_UNCONNECTED[11]
NLW_weight_rows_0_reg_2_CASDOUTB_UNCONNECTED[12]
NLW_weight_rows_0_reg_2_CASDOUTB_UNCONNECTED[13]
NLW_weight_rows_0_reg_2_CASDOUTB_UNCONNECTED[14]
NLW_weight_rows_0_reg_2_CASDOUTB_UNCONNECTED[15]
NLW_weight_rows_0_reg_2_CASDOUTB_UNCONNECTED[16]
NLW_weight_rows_0_reg_2_CASDOUTB_UNCONNECTED[17]
NLW_weight_rows_0_reg_2_CASDOUTB_UNCONNECTED[18]
NLW_weight_rows_0_reg_2_CASDOUTB_UNCONNECTED[19]
NLW_weight_rows_0_reg_2_CASDOUTB_UNCONNECTED[20]
NLW_weight_rows_0_reg_2_CASDOUTB_UNCONNECTED[21]
NLW_weight_rows_0_reg_2_CASDOUTB_UNCONNECTED[22]
NLW_weight_rows_0_reg_2_CASDOUTB_UNCONNECTED[23]
NLW_weight_rows_0_reg_2_CASDOUTB_UNCONNECTED[24]
NLW_weight_rows_0_reg_2_CASDOUTB_UNCONNECTED[25]
NLW_weight_rows_0_reg_2_CASDOUTB_UNCONNECTED[26]
NLW_weight_rows_0_reg_2_CASDOUTB_UNCONNECTED[27]
NLW_weight_rows_0_reg_2_CASDOUTB_UNCONNECTED[28]
NLW_weight_rows_0_reg_2_CASDOUTB_UNCONNECTED[29]
NLW_weight_rows_0_reg_2_CASDOUTB_UNCONNECTED[30]
NLW_weight_rows_0_reg_2_CASDOUTB_UNCONNECTED[31]
NLW_weight_rows_0_reg_2_CASDOUTPA_UNCONNECTED[0]
NLW_weight_rows_0_reg_2_CASDOUTPA_UNCONNECTED[1]
NLW_weight_rows_0_reg_2_CASDOUTPA_UNCONNECTED[2]
NLW_weight_rows_0_reg_2_CASDOUTPA_UNCONNECTED[3]
NLW_weight_rows_0_reg_2_CASDOUTPB_UNCONNECTED[0]
NLW_weight_rows_0_reg_2_CASDOUTPB_UNCONNECTED[1]
NLW_weight_rows_0_reg_2_CASDOUTPB_UNCONNECTED[2]
NLW_weight_rows_0_reg_2_CASDOUTPB_UNCONNECTED[3]
NLW_weight_rows_0_reg_2_ECCPARITY_UNCONNECTED[0]
NLW_weight_rows_0_reg_2_ECCPARITY_UNCONNECTED[1]
NLW_weight_rows_0_reg_2_ECCPARITY_UNCONNECTED[2]
NLW_weight_rows_0_reg_2_ECCPARITY_UNCONNECTED[3]
NLW_weight_rows_0_reg_2_ECCPARITY_UNCONNECTED[4]
NLW_weight_rows_0_reg_2_ECCPARITY_UNCONNECTED[5]
NLW_weight_rows_0_reg_2_ECCPARITY_UNCONNECTED[6]
NLW_weight_rows_0_reg_2_ECCPARITY_UNCONNECTED[7]
NLW_weight_rows_0_reg_2_RDADDRECC_UNCONNECTED[0]
NLW_weight_rows_0_reg_2_RDADDRECC_UNCONNECTED[1]
NLW_weight_rows_0_reg_2_RDADDRECC_UNCONNECTED[2]
NLW_weight_rows_0_reg_2_RDADDRECC_UNCONNECTED[3]
NLW_weight_rows_0_reg_2_RDADDRECC_UNCONNECTED[4]
NLW_weight_rows_0_reg_2_RDADDRECC_UNCONNECTED[5]
NLW_weight_rows_0_reg_2_RDADDRECC_UNCONNECTED[6]
NLW_weight_rows_0_reg_2_RDADDRECC_UNCONNECTED[7]
NLW_weight_rows_0_reg_2_RDADDRECC_UNCONNECTED[8]
NLW_weight_rows_0_reg_3_CASOUTDBITERR_UNCONNECTED
NLW_weight_rows_0_reg_3_CASOUTSBITERR_UNCONNECTED
NLW_weight_rows_0_reg_3_DBITERR_UNCONNECTED
NLW_weight_rows_0_reg_3_SBITERR_UNCONNECTED
NLW_weight_rows_0_reg_3_CASDINA_UNCONNECTED[0]
NLW_weight_rows_0_reg_3_CASDINA_UNCONNECTED[1]
NLW_weight_rows_0_reg_3_CASDINA_UNCONNECTED[2]
NLW_weight_rows_0_reg_3_CASDINA_UNCONNECTED[3]
NLW_weight_rows_0_reg_3_CASDINA_UNCONNECTED[4]
NLW_weight_rows_0_reg_3_CASDINA_UNCONNECTED[5]
NLW_weight_rows_0_reg_3_CASDINA_UNCONNECTED[6]
NLW_weight_rows_0_reg_3_CASDINA_UNCONNECTED[7]
NLW_weight_rows_0_reg_3_CASDINA_UNCONNECTED[8]
NLW_weight_rows_0_reg_3_CASDINA_UNCONNECTED[9]
NLW_weight_rows_0_reg_3_CASDINA_UNCONNECTED[10]
NLW_weight_rows_0_reg_3_CASDINA_UNCONNECTED[11]
NLW_weight_rows_0_reg_3_CASDINA_UNCONNECTED[12]
NLW_weight_rows_0_reg_3_CASDINA_UNCONNECTED[13]
NLW_weight_rows_0_reg_3_CASDINA_UNCONNECTED[14]
NLW_weight_rows_0_reg_3_CASDINA_UNCONNECTED[15]
NLW_weight_rows_0_reg_3_CASDINA_UNCONNECTED[16]
NLW_weight_rows_0_reg_3_CASDINA_UNCONNECTED[17]
NLW_weight_rows_0_reg_3_CASDINA_UNCONNECTED[18]
NLW_weight_rows_0_reg_3_CASDINA_UNCONNECTED[19]
NLW_weight_rows_0_reg_3_CASDINA_UNCONNECTED[20]
NLW_weight_rows_0_reg_3_CASDINA_UNCONNECTED[21]
NLW_weight_rows_0_reg_3_CASDINA_UNCONNECTED[22]
NLW_weight_rows_0_reg_3_CASDINA_UNCONNECTED[23]
NLW_weight_rows_0_reg_3_CASDINA_UNCONNECTED[24]
NLW_weight_rows_0_reg_3_CASDINA_UNCONNECTED[25]
NLW_weight_rows_0_reg_3_CASDINA_UNCONNECTED[26]
NLW_weight_rows_0_reg_3_CASDINA_UNCONNECTED[27]
NLW_weight_rows_0_reg_3_CASDINA_UNCONNECTED[28]
NLW_weight_rows_0_reg_3_CASDINA_UNCONNECTED[29]
NLW_weight_rows_0_reg_3_CASDINA_UNCONNECTED[30]
NLW_weight_rows_0_reg_3_CASDINA_UNCONNECTED[31]
NLW_weight_rows_0_reg_3_CASDINB_UNCONNECTED[0]
NLW_weight_rows_0_reg_3_CASDINB_UNCONNECTED[1]
NLW_weight_rows_0_reg_3_CASDINB_UNCONNECTED[2]
NLW_weight_rows_0_reg_3_CASDINB_UNCONNECTED[3]
NLW_weight_rows_0_reg_3_CASDINB_UNCONNECTED[4]
NLW_weight_rows_0_reg_3_CASDINB_UNCONNECTED[5]
NLW_weight_rows_0_reg_3_CASDINB_UNCONNECTED[6]
NLW_weight_rows_0_reg_3_CASDINB_UNCONNECTED[7]
NLW_weight_rows_0_reg_3_CASDINB_UNCONNECTED[8]
NLW_weight_rows_0_reg_3_CASDINB_UNCONNECTED[9]
NLW_weight_rows_0_reg_3_CASDINB_UNCONNECTED[10]
NLW_weight_rows_0_reg_3_CASDINB_UNCONNECTED[11]
NLW_weight_rows_0_reg_3_CASDINB_UNCONNECTED[12]
NLW_weight_rows_0_reg_3_CASDINB_UNCONNECTED[13]
NLW_weight_rows_0_reg_3_CASDINB_UNCONNECTED[14]
NLW_weight_rows_0_reg_3_CASDINB_UNCONNECTED[15]
NLW_weight_rows_0_reg_3_CASDINB_UNCONNECTED[16]
NLW_weight_rows_0_reg_3_CASDINB_UNCONNECTED[17]
NLW_weight_rows_0_reg_3_CASDINB_UNCONNECTED[18]
NLW_weight_rows_0_reg_3_CASDINB_UNCONNECTED[19]
NLW_weight_rows_0_reg_3_CASDINB_UNCONNECTED[20]
NLW_weight_rows_0_reg_3_CASDINB_UNCONNECTED[21]
NLW_weight_rows_0_reg_3_CASDINB_UNCONNECTED[22]
NLW_weight_rows_0_reg_3_CASDINB_UNCONNECTED[23]
NLW_weight_rows_0_reg_3_CASDINB_UNCONNECTED[24]
NLW_weight_rows_0_reg_3_CASDINB_UNCONNECTED[25]
NLW_weight_rows_0_reg_3_CASDINB_UNCONNECTED[26]
NLW_weight_rows_0_reg_3_CASDINB_UNCONNECTED[27]
NLW_weight_rows_0_reg_3_CASDINB_UNCONNECTED[28]
NLW_weight_rows_0_reg_3_CASDINB_UNCONNECTED[29]
NLW_weight_rows_0_reg_3_CASDINB_UNCONNECTED[30]
NLW_weight_rows_0_reg_3_CASDINB_UNCONNECTED[31]
NLW_weight_rows_0_reg_3_CASDINPA_UNCONNECTED[0]
NLW_weight_rows_0_reg_3_CASDINPA_UNCONNECTED[1]
NLW_weight_rows_0_reg_3_CASDINPA_UNCONNECTED[2]
NLW_weight_rows_0_reg_3_CASDINPA_UNCONNECTED[3]
NLW_weight_rows_0_reg_3_CASDINPB_UNCONNECTED[0]
NLW_weight_rows_0_reg_3_CASDINPB_UNCONNECTED[1]
NLW_weight_rows_0_reg_3_CASDINPB_UNCONNECTED[2]
NLW_weight_rows_0_reg_3_CASDINPB_UNCONNECTED[3]
NLW_weight_rows_0_reg_3_CASDOUTA_UNCONNECTED[0]
NLW_weight_rows_0_reg_3_CASDOUTA_UNCONNECTED[1]
NLW_weight_rows_0_reg_3_CASDOUTA_UNCONNECTED[2]
NLW_weight_rows_0_reg_3_CASDOUTA_UNCONNECTED[3]
NLW_weight_rows_0_reg_3_CASDOUTA_UNCONNECTED[4]
NLW_weight_rows_0_reg_3_CASDOUTA_UNCONNECTED[5]
NLW_weight_rows_0_reg_3_CASDOUTA_UNCONNECTED[6]
NLW_weight_rows_0_reg_3_CASDOUTA_UNCONNECTED[7]
NLW_weight_rows_0_reg_3_CASDOUTA_UNCONNECTED[8]
NLW_weight_rows_0_reg_3_CASDOUTA_UNCONNECTED[9]
NLW_weight_rows_0_reg_3_CASDOUTA_UNCONNECTED[10]
NLW_weight_rows_0_reg_3_CASDOUTA_UNCONNECTED[11]
NLW_weight_rows_0_reg_3_CASDOUTA_UNCONNECTED[12]
NLW_weight_rows_0_reg_3_CASDOUTA_UNCONNECTED[13]
NLW_weight_rows_0_reg_3_CASDOUTA_UNCONNECTED[14]
NLW_weight_rows_0_reg_3_CASDOUTA_UNCONNECTED[15]
NLW_weight_rows_0_reg_3_CASDOUTA_UNCONNECTED[16]
NLW_weight_rows_0_reg_3_CASDOUTA_UNCONNECTED[17]
NLW_weight_rows_0_reg_3_CASDOUTA_UNCONNECTED[18]
NLW_weight_rows_0_reg_3_CASDOUTA_UNCONNECTED[19]
NLW_weight_rows_0_reg_3_CASDOUTA_UNCONNECTED[20]
NLW_weight_rows_0_reg_3_CASDOUTA_UNCONNECTED[21]
NLW_weight_rows_0_reg_3_CASDOUTA_UNCONNECTED[22]
NLW_weight_rows_0_reg_3_CASDOUTA_UNCONNECTED[23]
NLW_weight_rows_0_reg_3_CASDOUTA_UNCONNECTED[24]
NLW_weight_rows_0_reg_3_CASDOUTA_UNCONNECTED[25]
NLW_weight_rows_0_reg_3_CASDOUTA_UNCONNECTED[26]
NLW_weight_rows_0_reg_3_CASDOUTA_UNCONNECTED[27]
NLW_weight_rows_0_reg_3_CASDOUTA_UNCONNECTED[28]
NLW_weight_rows_0_reg_3_CASDOUTA_UNCONNECTED[29]
NLW_weight_rows_0_reg_3_CASDOUTA_UNCONNECTED[30]
NLW_weight_rows_0_reg_3_CASDOUTA_UNCONNECTED[31]
NLW_weight_rows_0_reg_3_CASDOUTB_UNCONNECTED[0]
NLW_weight_rows_0_reg_3_CASDOUTB_UNCONNECTED[1]
NLW_weight_rows_0_reg_3_CASDOUTB_UNCONNECTED[2]
NLW_weight_rows_0_reg_3_CASDOUTB_UNCONNECTED[3]
NLW_weight_rows_0_reg_3_CASDOUTB_UNCONNECTED[4]
NLW_weight_rows_0_reg_3_CASDOUTB_UNCONNECTED[5]
NLW_weight_rows_0_reg_3_CASDOUTB_UNCONNECTED[6]
NLW_weight_rows_0_reg_3_CASDOUTB_UNCONNECTED[7]
NLW_weight_rows_0_reg_3_CASDOUTB_UNCONNECTED[8]
NLW_weight_rows_0_reg_3_CASDOUTB_UNCONNECTED[9]
NLW_weight_rows_0_reg_3_CASDOUTB_UNCONNECTED[10]
NLW_weight_rows_0_reg_3_CASDOUTB_UNCONNECTED[11]
NLW_weight_rows_0_reg_3_CASDOUTB_UNCONNECTED[12]
NLW_weight_rows_0_reg_3_CASDOUTB_UNCONNECTED[13]
NLW_weight_rows_0_reg_3_CASDOUTB_UNCONNECTED[14]
NLW_weight_rows_0_reg_3_CASDOUTB_UNCONNECTED[15]
NLW_weight_rows_0_reg_3_CASDOUTB_UNCONNECTED[16]
NLW_weight_rows_0_reg_3_CASDOUTB_UNCONNECTED[17]
NLW_weight_rows_0_reg_3_CASDOUTB_UNCONNECTED[18]
NLW_weight_rows_0_reg_3_CASDOUTB_UNCONNECTED[19]
NLW_weight_rows_0_reg_3_CASDOUTB_UNCONNECTED[20]
NLW_weight_rows_0_reg_3_CASDOUTB_UNCONNECTED[21]
NLW_weight_rows_0_reg_3_CASDOUTB_UNCONNECTED[22]
NLW_weight_rows_0_reg_3_CASDOUTB_UNCONNECTED[23]
NLW_weight_rows_0_reg_3_CASDOUTB_UNCONNECTED[24]
NLW_weight_rows_0_reg_3_CASDOUTB_UNCONNECTED[25]
NLW_weight_rows_0_reg_3_CASDOUTB_UNCONNECTED[26]
NLW_weight_rows_0_reg_3_CASDOUTB_UNCONNECTED[27]
NLW_weight_rows_0_reg_3_CASDOUTB_UNCONNECTED[28]
NLW_weight_rows_0_reg_3_CASDOUTB_UNCONNECTED[29]
NLW_weight_rows_0_reg_3_CASDOUTB_UNCONNECTED[30]
NLW_weight_rows_0_reg_3_CASDOUTB_UNCONNECTED[31]
NLW_weight_rows_0_reg_3_CASDOUTPA_UNCONNECTED[0]
NLW_weight_rows_0_reg_3_CASDOUTPA_UNCONNECTED[1]
NLW_weight_rows_0_reg_3_CASDOUTPA_UNCONNECTED[2]
NLW_weight_rows_0_reg_3_CASDOUTPA_UNCONNECTED[3]
NLW_weight_rows_0_reg_3_CASDOUTPB_UNCONNECTED[0]
NLW_weight_rows_0_reg_3_CASDOUTPB_UNCONNECTED[1]
NLW_weight_rows_0_reg_3_CASDOUTPB_UNCONNECTED[2]
NLW_weight_rows_0_reg_3_CASDOUTPB_UNCONNECTED[3]
NLW_weight_rows_0_reg_3_ECCPARITY_UNCONNECTED[0]
NLW_weight_rows_0_reg_3_ECCPARITY_UNCONNECTED[1]
NLW_weight_rows_0_reg_3_ECCPARITY_UNCONNECTED[2]
NLW_weight_rows_0_reg_3_ECCPARITY_UNCONNECTED[3]
NLW_weight_rows_0_reg_3_ECCPARITY_UNCONNECTED[4]
NLW_weight_rows_0_reg_3_ECCPARITY_UNCONNECTED[5]
NLW_weight_rows_0_reg_3_ECCPARITY_UNCONNECTED[6]
NLW_weight_rows_0_reg_3_ECCPARITY_UNCONNECTED[7]
NLW_weight_rows_0_reg_3_RDADDRECC_UNCONNECTED[0]
NLW_weight_rows_0_reg_3_RDADDRECC_UNCONNECTED[1]
NLW_weight_rows_0_reg_3_RDADDRECC_UNCONNECTED[2]
NLW_weight_rows_0_reg_3_RDADDRECC_UNCONNECTED[3]
NLW_weight_rows_0_reg_3_RDADDRECC_UNCONNECTED[4]
NLW_weight_rows_0_reg_3_RDADDRECC_UNCONNECTED[5]
NLW_weight_rows_0_reg_3_RDADDRECC_UNCONNECTED[6]
NLW_weight_rows_0_reg_3_RDADDRECC_UNCONNECTED[7]
NLW_weight_rows_0_reg_3_RDADDRECC_UNCONNECTED[8]
NLW_weight_rows_0_reg_4_CASOUTDBITERR_UNCONNECTED
NLW_weight_rows_0_reg_4_CASOUTSBITERR_UNCONNECTED
NLW_weight_rows_0_reg_4_DBITERR_UNCONNECTED
NLW_weight_rows_0_reg_4_SBITERR_UNCONNECTED
NLW_weight_rows_0_reg_4_CASDINA_UNCONNECTED[0]
NLW_weight_rows_0_reg_4_CASDINA_UNCONNECTED[1]
NLW_weight_rows_0_reg_4_CASDINA_UNCONNECTED[2]
NLW_weight_rows_0_reg_4_CASDINA_UNCONNECTED[3]
NLW_weight_rows_0_reg_4_CASDINA_UNCONNECTED[4]
NLW_weight_rows_0_reg_4_CASDINA_UNCONNECTED[5]
NLW_weight_rows_0_reg_4_CASDINA_UNCONNECTED[6]
NLW_weight_rows_0_reg_4_CASDINA_UNCONNECTED[7]
NLW_weight_rows_0_reg_4_CASDINA_UNCONNECTED[8]
NLW_weight_rows_0_reg_4_CASDINA_UNCONNECTED[9]
NLW_weight_rows_0_reg_4_CASDINA_UNCONNECTED[10]
NLW_weight_rows_0_reg_4_CASDINA_UNCONNECTED[11]
NLW_weight_rows_0_reg_4_CASDINA_UNCONNECTED[12]
NLW_weight_rows_0_reg_4_CASDINA_UNCONNECTED[13]
NLW_weight_rows_0_reg_4_CASDINA_UNCONNECTED[14]
NLW_weight_rows_0_reg_4_CASDINA_UNCONNECTED[15]
NLW_weight_rows_0_reg_4_CASDINA_UNCONNECTED[16]
NLW_weight_rows_0_reg_4_CASDINA_UNCONNECTED[17]
NLW_weight_rows_0_reg_4_CASDINA_UNCONNECTED[18]
NLW_weight_rows_0_reg_4_CASDINA_UNCONNECTED[19]
NLW_weight_rows_0_reg_4_CASDINA_UNCONNECTED[20]
NLW_weight_rows_0_reg_4_CASDINA_UNCONNECTED[21]
NLW_weight_rows_0_reg_4_CASDINA_UNCONNECTED[22]
NLW_weight_rows_0_reg_4_CASDINA_UNCONNECTED[23]
NLW_weight_rows_0_reg_4_CASDINA_UNCONNECTED[24]
NLW_weight_rows_0_reg_4_CASDINA_UNCONNECTED[25]
NLW_weight_rows_0_reg_4_CASDINA_UNCONNECTED[26]
NLW_weight_rows_0_reg_4_CASDINA_UNCONNECTED[27]
NLW_weight_rows_0_reg_4_CASDINA_UNCONNECTED[28]
NLW_weight_rows_0_reg_4_CASDINA_UNCONNECTED[29]
NLW_weight_rows_0_reg_4_CASDINA_UNCONNECTED[30]
NLW_weight_rows_0_reg_4_CASDINA_UNCONNECTED[31]
NLW_weight_rows_0_reg_4_CASDINB_UNCONNECTED[0]
NLW_weight_rows_0_reg_4_CASDINB_UNCONNECTED[1]
NLW_weight_rows_0_reg_4_CASDINB_UNCONNECTED[2]
NLW_weight_rows_0_reg_4_CASDINB_UNCONNECTED[3]
NLW_weight_rows_0_reg_4_CASDINB_UNCONNECTED[4]
NLW_weight_rows_0_reg_4_CASDINB_UNCONNECTED[5]
NLW_weight_rows_0_reg_4_CASDINB_UNCONNECTED[6]
NLW_weight_rows_0_reg_4_CASDINB_UNCONNECTED[7]
NLW_weight_rows_0_reg_4_CASDINB_UNCONNECTED[8]
NLW_weight_rows_0_reg_4_CASDINB_UNCONNECTED[9]
NLW_weight_rows_0_reg_4_CASDINB_UNCONNECTED[10]
NLW_weight_rows_0_reg_4_CASDINB_UNCONNECTED[11]
NLW_weight_rows_0_reg_4_CASDINB_UNCONNECTED[12]
NLW_weight_rows_0_reg_4_CASDINB_UNCONNECTED[13]
NLW_weight_rows_0_reg_4_CASDINB_UNCONNECTED[14]
NLW_weight_rows_0_reg_4_CASDINB_UNCONNECTED[15]
NLW_weight_rows_0_reg_4_CASDINB_UNCONNECTED[16]
NLW_weight_rows_0_reg_4_CASDINB_UNCONNECTED[17]
NLW_weight_rows_0_reg_4_CASDINB_UNCONNECTED[18]
NLW_weight_rows_0_reg_4_CASDINB_UNCONNECTED[19]
NLW_weight_rows_0_reg_4_CASDINB_UNCONNECTED[20]
NLW_weight_rows_0_reg_4_CASDINB_UNCONNECTED[21]
NLW_weight_rows_0_reg_4_CASDINB_UNCONNECTED[22]
NLW_weight_rows_0_reg_4_CASDINB_UNCONNECTED[23]
NLW_weight_rows_0_reg_4_CASDINB_UNCONNECTED[24]
NLW_weight_rows_0_reg_4_CASDINB_UNCONNECTED[25]
NLW_weight_rows_0_reg_4_CASDINB_UNCONNECTED[26]
NLW_weight_rows_0_reg_4_CASDINB_UNCONNECTED[27]
NLW_weight_rows_0_reg_4_CASDINB_UNCONNECTED[28]
NLW_weight_rows_0_reg_4_CASDINB_UNCONNECTED[29]
NLW_weight_rows_0_reg_4_CASDINB_UNCONNECTED[30]
NLW_weight_rows_0_reg_4_CASDINB_UNCONNECTED[31]
NLW_weight_rows_0_reg_4_CASDINPA_UNCONNECTED[0]
NLW_weight_rows_0_reg_4_CASDINPA_UNCONNECTED[1]
NLW_weight_rows_0_reg_4_CASDINPA_UNCONNECTED[2]
NLW_weight_rows_0_reg_4_CASDINPA_UNCONNECTED[3]
NLW_weight_rows_0_reg_4_CASDINPB_UNCONNECTED[0]
NLW_weight_rows_0_reg_4_CASDINPB_UNCONNECTED[1]
NLW_weight_rows_0_reg_4_CASDINPB_UNCONNECTED[2]
NLW_weight_rows_0_reg_4_CASDINPB_UNCONNECTED[3]
NLW_weight_rows_0_reg_4_CASDOUTA_UNCONNECTED[0]
NLW_weight_rows_0_reg_4_CASDOUTA_UNCONNECTED[1]
NLW_weight_rows_0_reg_4_CASDOUTA_UNCONNECTED[2]
NLW_weight_rows_0_reg_4_CASDOUTA_UNCONNECTED[3]
NLW_weight_rows_0_reg_4_CASDOUTA_UNCONNECTED[4]
NLW_weight_rows_0_reg_4_CASDOUTA_UNCONNECTED[5]
NLW_weight_rows_0_reg_4_CASDOUTA_UNCONNECTED[6]
NLW_weight_rows_0_reg_4_CASDOUTA_UNCONNECTED[7]
NLW_weight_rows_0_reg_4_CASDOUTA_UNCONNECTED[8]
NLW_weight_rows_0_reg_4_CASDOUTA_UNCONNECTED[9]
NLW_weight_rows_0_reg_4_CASDOUTA_UNCONNECTED[10]
NLW_weight_rows_0_reg_4_CASDOUTA_UNCONNECTED[11]
NLW_weight_rows_0_reg_4_CASDOUTA_UNCONNECTED[12]
NLW_weight_rows_0_reg_4_CASDOUTA_UNCONNECTED[13]
NLW_weight_rows_0_reg_4_CASDOUTA_UNCONNECTED[14]
NLW_weight_rows_0_reg_4_CASDOUTA_UNCONNECTED[15]
NLW_weight_rows_0_reg_4_CASDOUTA_UNCONNECTED[16]
NLW_weight_rows_0_reg_4_CASDOUTA_UNCONNECTED[17]
NLW_weight_rows_0_reg_4_CASDOUTA_UNCONNECTED[18]
NLW_weight_rows_0_reg_4_CASDOUTA_UNCONNECTED[19]
NLW_weight_rows_0_reg_4_CASDOUTA_UNCONNECTED[20]
NLW_weight_rows_0_reg_4_CASDOUTA_UNCONNECTED[21]
NLW_weight_rows_0_reg_4_CASDOUTA_UNCONNECTED[22]
NLW_weight_rows_0_reg_4_CASDOUTA_UNCONNECTED[23]
NLW_weight_rows_0_reg_4_CASDOUTA_UNCONNECTED[24]
NLW_weight_rows_0_reg_4_CASDOUTA_UNCONNECTED[25]
NLW_weight_rows_0_reg_4_CASDOUTA_UNCONNECTED[26]
NLW_weight_rows_0_reg_4_CASDOUTA_UNCONNECTED[27]
NLW_weight_rows_0_reg_4_CASDOUTA_UNCONNECTED[28]
NLW_weight_rows_0_reg_4_CASDOUTA_UNCONNECTED[29]
NLW_weight_rows_0_reg_4_CASDOUTA_UNCONNECTED[30]
NLW_weight_rows_0_reg_4_CASDOUTA_UNCONNECTED[31]
NLW_weight_rows_0_reg_4_CASDOUTB_UNCONNECTED[0]
NLW_weight_rows_0_reg_4_CASDOUTB_UNCONNECTED[1]
NLW_weight_rows_0_reg_4_CASDOUTB_UNCONNECTED[2]
NLW_weight_rows_0_reg_4_CASDOUTB_UNCONNECTED[3]
NLW_weight_rows_0_reg_4_CASDOUTB_UNCONNECTED[4]
NLW_weight_rows_0_reg_4_CASDOUTB_UNCONNECTED[5]
NLW_weight_rows_0_reg_4_CASDOUTB_UNCONNECTED[6]
NLW_weight_rows_0_reg_4_CASDOUTB_UNCONNECTED[7]
NLW_weight_rows_0_reg_4_CASDOUTB_UNCONNECTED[8]
NLW_weight_rows_0_reg_4_CASDOUTB_UNCONNECTED[9]
NLW_weight_rows_0_reg_4_CASDOUTB_UNCONNECTED[10]
NLW_weight_rows_0_reg_4_CASDOUTB_UNCONNECTED[11]
NLW_weight_rows_0_reg_4_CASDOUTB_UNCONNECTED[12]
NLW_weight_rows_0_reg_4_CASDOUTB_UNCONNECTED[13]
NLW_weight_rows_0_reg_4_CASDOUTB_UNCONNECTED[14]
NLW_weight_rows_0_reg_4_CASDOUTB_UNCONNECTED[15]
NLW_weight_rows_0_reg_4_CASDOUTB_UNCONNECTED[16]
NLW_weight_rows_0_reg_4_CASDOUTB_UNCONNECTED[17]
NLW_weight_rows_0_reg_4_CASDOUTB_UNCONNECTED[18]
NLW_weight_rows_0_reg_4_CASDOUTB_UNCONNECTED[19]
NLW_weight_rows_0_reg_4_CASDOUTB_UNCONNECTED[20]
NLW_weight_rows_0_reg_4_CASDOUTB_UNCONNECTED[21]
NLW_weight_rows_0_reg_4_CASDOUTB_UNCONNECTED[22]
NLW_weight_rows_0_reg_4_CASDOUTB_UNCONNECTED[23]
NLW_weight_rows_0_reg_4_CASDOUTB_UNCONNECTED[24]
NLW_weight_rows_0_reg_4_CASDOUTB_UNCONNECTED[25]
NLW_weight_rows_0_reg_4_CASDOUTB_UNCONNECTED[26]
NLW_weight_rows_0_reg_4_CASDOUTB_UNCONNECTED[27]
NLW_weight_rows_0_reg_4_CASDOUTB_UNCONNECTED[28]
NLW_weight_rows_0_reg_4_CASDOUTB_UNCONNECTED[29]
NLW_weight_rows_0_reg_4_CASDOUTB_UNCONNECTED[30]
NLW_weight_rows_0_reg_4_CASDOUTB_UNCONNECTED[31]
NLW_weight_rows_0_reg_4_CASDOUTPA_UNCONNECTED[0]
NLW_weight_rows_0_reg_4_CASDOUTPA_UNCONNECTED[1]
NLW_weight_rows_0_reg_4_CASDOUTPA_UNCONNECTED[2]
NLW_weight_rows_0_reg_4_CASDOUTPA_UNCONNECTED[3]
NLW_weight_rows_0_reg_4_CASDOUTPB_UNCONNECTED[0]
NLW_weight_rows_0_reg_4_CASDOUTPB_UNCONNECTED[1]
NLW_weight_rows_0_reg_4_CASDOUTPB_UNCONNECTED[2]
NLW_weight_rows_0_reg_4_CASDOUTPB_UNCONNECTED[3]
NLW_weight_rows_0_reg_4_ECCPARITY_UNCONNECTED[0]
NLW_weight_rows_0_reg_4_ECCPARITY_UNCONNECTED[1]
NLW_weight_rows_0_reg_4_ECCPARITY_UNCONNECTED[2]
NLW_weight_rows_0_reg_4_ECCPARITY_UNCONNECTED[3]
NLW_weight_rows_0_reg_4_ECCPARITY_UNCONNECTED[4]
NLW_weight_rows_0_reg_4_ECCPARITY_UNCONNECTED[5]
NLW_weight_rows_0_reg_4_ECCPARITY_UNCONNECTED[6]
NLW_weight_rows_0_reg_4_ECCPARITY_UNCONNECTED[7]
NLW_weight_rows_0_reg_4_RDADDRECC_UNCONNECTED[0]
NLW_weight_rows_0_reg_4_RDADDRECC_UNCONNECTED[1]
NLW_weight_rows_0_reg_4_RDADDRECC_UNCONNECTED[2]
NLW_weight_rows_0_reg_4_RDADDRECC_UNCONNECTED[3]
NLW_weight_rows_0_reg_4_RDADDRECC_UNCONNECTED[4]
NLW_weight_rows_0_reg_4_RDADDRECC_UNCONNECTED[5]
NLW_weight_rows_0_reg_4_RDADDRECC_UNCONNECTED[6]
NLW_weight_rows_0_reg_4_RDADDRECC_UNCONNECTED[7]
NLW_weight_rows_0_reg_4_RDADDRECC_UNCONNECTED[8]
NLW_weight_rows_0_reg_5_CASOUTDBITERR_UNCONNECTED
NLW_weight_rows_0_reg_5_CASOUTSBITERR_UNCONNECTED
NLW_weight_rows_0_reg_5_DBITERR_UNCONNECTED
NLW_weight_rows_0_reg_5_SBITERR_UNCONNECTED
NLW_weight_rows_0_reg_5_CASDINA_UNCONNECTED[0]
NLW_weight_rows_0_reg_5_CASDINA_UNCONNECTED[1]
NLW_weight_rows_0_reg_5_CASDINA_UNCONNECTED[2]
NLW_weight_rows_0_reg_5_CASDINA_UNCONNECTED[3]
NLW_weight_rows_0_reg_5_CASDINA_UNCONNECTED[4]
NLW_weight_rows_0_reg_5_CASDINA_UNCONNECTED[5]
NLW_weight_rows_0_reg_5_CASDINA_UNCONNECTED[6]
NLW_weight_rows_0_reg_5_CASDINA_UNCONNECTED[7]
NLW_weight_rows_0_reg_5_CASDINA_UNCONNECTED[8]
NLW_weight_rows_0_reg_5_CASDINA_UNCONNECTED[9]
NLW_weight_rows_0_reg_5_CASDINA_UNCONNECTED[10]
NLW_weight_rows_0_reg_5_CASDINA_UNCONNECTED[11]
NLW_weight_rows_0_reg_5_CASDINA_UNCONNECTED[12]
NLW_weight_rows_0_reg_5_CASDINA_UNCONNECTED[13]
NLW_weight_rows_0_reg_5_CASDINA_UNCONNECTED[14]
NLW_weight_rows_0_reg_5_CASDINA_UNCONNECTED[15]
NLW_weight_rows_0_reg_5_CASDINA_UNCONNECTED[16]
NLW_weight_rows_0_reg_5_CASDINA_UNCONNECTED[17]
NLW_weight_rows_0_reg_5_CASDINA_UNCONNECTED[18]
NLW_weight_rows_0_reg_5_CASDINA_UNCONNECTED[19]
NLW_weight_rows_0_reg_5_CASDINA_UNCONNECTED[20]
NLW_weight_rows_0_reg_5_CASDINA_UNCONNECTED[21]
NLW_weight_rows_0_reg_5_CASDINA_UNCONNECTED[22]
NLW_weight_rows_0_reg_5_CASDINA_UNCONNECTED[23]
NLW_weight_rows_0_reg_5_CASDINA_UNCONNECTED[24]
NLW_weight_rows_0_reg_5_CASDINA_UNCONNECTED[25]
NLW_weight_rows_0_reg_5_CASDINA_UNCONNECTED[26]
NLW_weight_rows_0_reg_5_CASDINA_UNCONNECTED[27]
NLW_weight_rows_0_reg_5_CASDINA_UNCONNECTED[28]
NLW_weight_rows_0_reg_5_CASDINA_UNCONNECTED[29]
NLW_weight_rows_0_reg_5_CASDINA_UNCONNECTED[30]
NLW_weight_rows_0_reg_5_CASDINA_UNCONNECTED[31]
NLW_weight_rows_0_reg_5_CASDINB_UNCONNECTED[0]
NLW_weight_rows_0_reg_5_CASDINB_UNCONNECTED[1]
NLW_weight_rows_0_reg_5_CASDINB_UNCONNECTED[2]
NLW_weight_rows_0_reg_5_CASDINB_UNCONNECTED[3]
NLW_weight_rows_0_reg_5_CASDINB_UNCONNECTED[4]
NLW_weight_rows_0_reg_5_CASDINB_UNCONNECTED[5]
NLW_weight_rows_0_reg_5_CASDINB_UNCONNECTED[6]
NLW_weight_rows_0_reg_5_CASDINB_UNCONNECTED[7]
NLW_weight_rows_0_reg_5_CASDINB_UNCONNECTED[8]
NLW_weight_rows_0_reg_5_CASDINB_UNCONNECTED[9]
NLW_weight_rows_0_reg_5_CASDINB_UNCONNECTED[10]
NLW_weight_rows_0_reg_5_CASDINB_UNCONNECTED[11]
NLW_weight_rows_0_reg_5_CASDINB_UNCONNECTED[12]
NLW_weight_rows_0_reg_5_CASDINB_UNCONNECTED[13]
NLW_weight_rows_0_reg_5_CASDINB_UNCONNECTED[14]
NLW_weight_rows_0_reg_5_CASDINB_UNCONNECTED[15]
NLW_weight_rows_0_reg_5_CASDINB_UNCONNECTED[16]
NLW_weight_rows_0_reg_5_CASDINB_UNCONNECTED[17]
NLW_weight_rows_0_reg_5_CASDINB_UNCONNECTED[18]
NLW_weight_rows_0_reg_5_CASDINB_UNCONNECTED[19]
NLW_weight_rows_0_reg_5_CASDINB_UNCONNECTED[20]
NLW_weight_rows_0_reg_5_CASDINB_UNCONNECTED[21]
NLW_weight_rows_0_reg_5_CASDINB_UNCONNECTED[22]
NLW_weight_rows_0_reg_5_CASDINB_UNCONNECTED[23]
NLW_weight_rows_0_reg_5_CASDINB_UNCONNECTED[24]
NLW_weight_rows_0_reg_5_CASDINB_UNCONNECTED[25]
NLW_weight_rows_0_reg_5_CASDINB_UNCONNECTED[26]
NLW_weight_rows_0_reg_5_CASDINB_UNCONNECTED[27]
NLW_weight_rows_0_reg_5_CASDINB_UNCONNECTED[28]
NLW_weight_rows_0_reg_5_CASDINB_UNCONNECTED[29]
NLW_weight_rows_0_reg_5_CASDINB_UNCONNECTED[30]
NLW_weight_rows_0_reg_5_CASDINB_UNCONNECTED[31]
NLW_weight_rows_0_reg_5_CASDINPA_UNCONNECTED[0]
NLW_weight_rows_0_reg_5_CASDINPA_UNCONNECTED[1]
NLW_weight_rows_0_reg_5_CASDINPA_UNCONNECTED[2]
NLW_weight_rows_0_reg_5_CASDINPA_UNCONNECTED[3]
NLW_weight_rows_0_reg_5_CASDINPB_UNCONNECTED[0]
NLW_weight_rows_0_reg_5_CASDINPB_UNCONNECTED[1]
NLW_weight_rows_0_reg_5_CASDINPB_UNCONNECTED[2]
NLW_weight_rows_0_reg_5_CASDINPB_UNCONNECTED[3]
NLW_weight_rows_0_reg_5_CASDOUTA_UNCONNECTED[0]
NLW_weight_rows_0_reg_5_CASDOUTA_UNCONNECTED[1]
NLW_weight_rows_0_reg_5_CASDOUTA_UNCONNECTED[2]
NLW_weight_rows_0_reg_5_CASDOUTA_UNCONNECTED[3]
NLW_weight_rows_0_reg_5_CASDOUTA_UNCONNECTED[4]
NLW_weight_rows_0_reg_5_CASDOUTA_UNCONNECTED[5]
NLW_weight_rows_0_reg_5_CASDOUTA_UNCONNECTED[6]
NLW_weight_rows_0_reg_5_CASDOUTA_UNCONNECTED[7]
NLW_weight_rows_0_reg_5_CASDOUTA_UNCONNECTED[8]
NLW_weight_rows_0_reg_5_CASDOUTA_UNCONNECTED[9]
NLW_weight_rows_0_reg_5_CASDOUTA_UNCONNECTED[10]
NLW_weight_rows_0_reg_5_CASDOUTA_UNCONNECTED[11]
NLW_weight_rows_0_reg_5_CASDOUTA_UNCONNECTED[12]
NLW_weight_rows_0_reg_5_CASDOUTA_UNCONNECTED[13]
NLW_weight_rows_0_reg_5_CASDOUTA_UNCONNECTED[14]
NLW_weight_rows_0_reg_5_CASDOUTA_UNCONNECTED[15]
NLW_weight_rows_0_reg_5_CASDOUTA_UNCONNECTED[16]
NLW_weight_rows_0_reg_5_CASDOUTA_UNCONNECTED[17]
NLW_weight_rows_0_reg_5_CASDOUTA_UNCONNECTED[18]
NLW_weight_rows_0_reg_5_CASDOUTA_UNCONNECTED[19]
NLW_weight_rows_0_reg_5_CASDOUTA_UNCONNECTED[20]
NLW_weight_rows_0_reg_5_CASDOUTA_UNCONNECTED[21]
NLW_weight_rows_0_reg_5_CASDOUTA_UNCONNECTED[22]
NLW_weight_rows_0_reg_5_CASDOUTA_UNCONNECTED[23]
NLW_weight_rows_0_reg_5_CASDOUTA_UNCONNECTED[24]
NLW_weight_rows_0_reg_5_CASDOUTA_UNCONNECTED[25]
NLW_weight_rows_0_reg_5_CASDOUTA_UNCONNECTED[26]
NLW_weight_rows_0_reg_5_CASDOUTA_UNCONNECTED[27]
NLW_weight_rows_0_reg_5_CASDOUTA_UNCONNECTED[28]
NLW_weight_rows_0_reg_5_CASDOUTA_UNCONNECTED[29]
NLW_weight_rows_0_reg_5_CASDOUTA_UNCONNECTED[30]
NLW_weight_rows_0_reg_5_CASDOUTA_UNCONNECTED[31]
NLW_weight_rows_0_reg_5_CASDOUTB_UNCONNECTED[0]
NLW_weight_rows_0_reg_5_CASDOUTB_UNCONNECTED[1]
NLW_weight_rows_0_reg_5_CASDOUTB_UNCONNECTED[2]
NLW_weight_rows_0_reg_5_CASDOUTB_UNCONNECTED[3]
NLW_weight_rows_0_reg_5_CASDOUTB_UNCONNECTED[4]
NLW_weight_rows_0_reg_5_CASDOUTB_UNCONNECTED[5]
NLW_weight_rows_0_reg_5_CASDOUTB_UNCONNECTED[6]
NLW_weight_rows_0_reg_5_CASDOUTB_UNCONNECTED[7]
NLW_weight_rows_0_reg_5_CASDOUTB_UNCONNECTED[8]
NLW_weight_rows_0_reg_5_CASDOUTB_UNCONNECTED[9]
NLW_weight_rows_0_reg_5_CASDOUTB_UNCONNECTED[10]
NLW_weight_rows_0_reg_5_CASDOUTB_UNCONNECTED[11]
NLW_weight_rows_0_reg_5_CASDOUTB_UNCONNECTED[12]
NLW_weight_rows_0_reg_5_CASDOUTB_UNCONNECTED[13]
NLW_weight_rows_0_reg_5_CASDOUTB_UNCONNECTED[14]
NLW_weight_rows_0_reg_5_CASDOUTB_UNCONNECTED[15]
NLW_weight_rows_0_reg_5_CASDOUTB_UNCONNECTED[16]
NLW_weight_rows_0_reg_5_CASDOUTB_UNCONNECTED[17]
NLW_weight_rows_0_reg_5_CASDOUTB_UNCONNECTED[18]
NLW_weight_rows_0_reg_5_CASDOUTB_UNCONNECTED[19]
NLW_weight_rows_0_reg_5_CASDOUTB_UNCONNECTED[20]
NLW_weight_rows_0_reg_5_CASDOUTB_UNCONNECTED[21]
NLW_weight_rows_0_reg_5_CASDOUTB_UNCONNECTED[22]
NLW_weight_rows_0_reg_5_CASDOUTB_UNCONNECTED[23]
NLW_weight_rows_0_reg_5_CASDOUTB_UNCONNECTED[24]
NLW_weight_rows_0_reg_5_CASDOUTB_UNCONNECTED[25]
NLW_weight_rows_0_reg_5_CASDOUTB_UNCONNECTED[26]
NLW_weight_rows_0_reg_5_CASDOUTB_UNCONNECTED[27]
NLW_weight_rows_0_reg_5_CASDOUTB_UNCONNECTED[28]
NLW_weight_rows_0_reg_5_CASDOUTB_UNCONNECTED[29]
NLW_weight_rows_0_reg_5_CASDOUTB_UNCONNECTED[30]
NLW_weight_rows_0_reg_5_CASDOUTB_UNCONNECTED[31]
NLW_weight_rows_0_reg_5_CASDOUTPA_UNCONNECTED[0]
NLW_weight_rows_0_reg_5_CASDOUTPA_UNCONNECTED[1]
NLW_weight_rows_0_reg_5_CASDOUTPA_UNCONNECTED[2]
NLW_weight_rows_0_reg_5_CASDOUTPA_UNCONNECTED[3]
NLW_weight_rows_0_reg_5_CASDOUTPB_UNCONNECTED[0]
NLW_weight_rows_0_reg_5_CASDOUTPB_UNCONNECTED[1]
NLW_weight_rows_0_reg_5_CASDOUTPB_UNCONNECTED[2]
NLW_weight_rows_0_reg_5_CASDOUTPB_UNCONNECTED[3]
NLW_weight_rows_0_reg_5_ECCPARITY_UNCONNECTED[0]
NLW_weight_rows_0_reg_5_ECCPARITY_UNCONNECTED[1]
NLW_weight_rows_0_reg_5_ECCPARITY_UNCONNECTED[2]
NLW_weight_rows_0_reg_5_ECCPARITY_UNCONNECTED[3]
NLW_weight_rows_0_reg_5_ECCPARITY_UNCONNECTED[4]
NLW_weight_rows_0_reg_5_ECCPARITY_UNCONNECTED[5]
NLW_weight_rows_0_reg_5_ECCPARITY_UNCONNECTED[6]
NLW_weight_rows_0_reg_5_ECCPARITY_UNCONNECTED[7]
NLW_weight_rows_0_reg_5_RDADDRECC_UNCONNECTED[0]
NLW_weight_rows_0_reg_5_RDADDRECC_UNCONNECTED[1]
NLW_weight_rows_0_reg_5_RDADDRECC_UNCONNECTED[2]
NLW_weight_rows_0_reg_5_RDADDRECC_UNCONNECTED[3]
NLW_weight_rows_0_reg_5_RDADDRECC_UNCONNECTED[4]
NLW_weight_rows_0_reg_5_RDADDRECC_UNCONNECTED[5]
NLW_weight_rows_0_reg_5_RDADDRECC_UNCONNECTED[6]
NLW_weight_rows_0_reg_5_RDADDRECC_UNCONNECTED[7]
NLW_weight_rows_0_reg_5_RDADDRECC_UNCONNECTED[8]
NLW_weight_rows_0_reg_6_CASOUTDBITERR_UNCONNECTED
NLW_weight_rows_0_reg_6_CASOUTSBITERR_UNCONNECTED
NLW_weight_rows_0_reg_6_DBITERR_UNCONNECTED
NLW_weight_rows_0_reg_6_SBITERR_UNCONNECTED
NLW_weight_rows_0_reg_6_CASDINA_UNCONNECTED[0]
NLW_weight_rows_0_reg_6_CASDINA_UNCONNECTED[1]
NLW_weight_rows_0_reg_6_CASDINA_UNCONNECTED[2]
NLW_weight_rows_0_reg_6_CASDINA_UNCONNECTED[3]
NLW_weight_rows_0_reg_6_CASDINA_UNCONNECTED[4]
NLW_weight_rows_0_reg_6_CASDINA_UNCONNECTED[5]
NLW_weight_rows_0_reg_6_CASDINA_UNCONNECTED[6]
NLW_weight_rows_0_reg_6_CASDINA_UNCONNECTED[7]
NLW_weight_rows_0_reg_6_CASDINA_UNCONNECTED[8]
NLW_weight_rows_0_reg_6_CASDINA_UNCONNECTED[9]
NLW_weight_rows_0_reg_6_CASDINA_UNCONNECTED[10]
NLW_weight_rows_0_reg_6_CASDINA_UNCONNECTED[11]
NLW_weight_rows_0_reg_6_CASDINA_UNCONNECTED[12]
NLW_weight_rows_0_reg_6_CASDINA_UNCONNECTED[13]
NLW_weight_rows_0_reg_6_CASDINA_UNCONNECTED[14]
NLW_weight_rows_0_reg_6_CASDINA_UNCONNECTED[15]
NLW_weight_rows_0_reg_6_CASDINA_UNCONNECTED[16]
NLW_weight_rows_0_reg_6_CASDINA_UNCONNECTED[17]
NLW_weight_rows_0_reg_6_CASDINA_UNCONNECTED[18]
NLW_weight_rows_0_reg_6_CASDINA_UNCONNECTED[19]
NLW_weight_rows_0_reg_6_CASDINA_UNCONNECTED[20]
NLW_weight_rows_0_reg_6_CASDINA_UNCONNECTED[21]
NLW_weight_rows_0_reg_6_CASDINA_UNCONNECTED[22]
NLW_weight_rows_0_reg_6_CASDINA_UNCONNECTED[23]
NLW_weight_rows_0_reg_6_CASDINA_UNCONNECTED[24]
NLW_weight_rows_0_reg_6_CASDINA_UNCONNECTED[25]
NLW_weight_rows_0_reg_6_CASDINA_UNCONNECTED[26]
NLW_weight_rows_0_reg_6_CASDINA_UNCONNECTED[27]
NLW_weight_rows_0_reg_6_CASDINA_UNCONNECTED[28]
NLW_weight_rows_0_reg_6_CASDINA_UNCONNECTED[29]
NLW_weight_rows_0_reg_6_CASDINA_UNCONNECTED[30]
NLW_weight_rows_0_reg_6_CASDINA_UNCONNECTED[31]
NLW_weight_rows_0_reg_6_CASDINB_UNCONNECTED[0]
NLW_weight_rows_0_reg_6_CASDINB_UNCONNECTED[1]
NLW_weight_rows_0_reg_6_CASDINB_UNCONNECTED[2]
NLW_weight_rows_0_reg_6_CASDINB_UNCONNECTED[3]
NLW_weight_rows_0_reg_6_CASDINB_UNCONNECTED[4]
NLW_weight_rows_0_reg_6_CASDINB_UNCONNECTED[5]
NLW_weight_rows_0_reg_6_CASDINB_UNCONNECTED[6]
NLW_weight_rows_0_reg_6_CASDINB_UNCONNECTED[7]
NLW_weight_rows_0_reg_6_CASDINB_UNCONNECTED[8]
NLW_weight_rows_0_reg_6_CASDINB_UNCONNECTED[9]
NLW_weight_rows_0_reg_6_CASDINB_UNCONNECTED[10]
NLW_weight_rows_0_reg_6_CASDINB_UNCONNECTED[11]
NLW_weight_rows_0_reg_6_CASDINB_UNCONNECTED[12]
NLW_weight_rows_0_reg_6_CASDINB_UNCONNECTED[13]
NLW_weight_rows_0_reg_6_CASDINB_UNCONNECTED[14]
NLW_weight_rows_0_reg_6_CASDINB_UNCONNECTED[15]
NLW_weight_rows_0_reg_6_CASDINB_UNCONNECTED[16]
NLW_weight_rows_0_reg_6_CASDINB_UNCONNECTED[17]
NLW_weight_rows_0_reg_6_CASDINB_UNCONNECTED[18]
NLW_weight_rows_0_reg_6_CASDINB_UNCONNECTED[19]
NLW_weight_rows_0_reg_6_CASDINB_UNCONNECTED[20]
NLW_weight_rows_0_reg_6_CASDINB_UNCONNECTED[21]
NLW_weight_rows_0_reg_6_CASDINB_UNCONNECTED[22]
NLW_weight_rows_0_reg_6_CASDINB_UNCONNECTED[23]
NLW_weight_rows_0_reg_6_CASDINB_UNCONNECTED[24]
NLW_weight_rows_0_reg_6_CASDINB_UNCONNECTED[25]
NLW_weight_rows_0_reg_6_CASDINB_UNCONNECTED[26]
NLW_weight_rows_0_reg_6_CASDINB_UNCONNECTED[27]
NLW_weight_rows_0_reg_6_CASDINB_UNCONNECTED[28]
NLW_weight_rows_0_reg_6_CASDINB_UNCONNECTED[29]
NLW_weight_rows_0_reg_6_CASDINB_UNCONNECTED[30]
NLW_weight_rows_0_reg_6_CASDINB_UNCONNECTED[31]
NLW_weight_rows_0_reg_6_CASDINPA_UNCONNECTED[0]
NLW_weight_rows_0_reg_6_CASDINPA_UNCONNECTED[1]
NLW_weight_rows_0_reg_6_CASDINPA_UNCONNECTED[2]
NLW_weight_rows_0_reg_6_CASDINPA_UNCONNECTED[3]
NLW_weight_rows_0_reg_6_CASDINPB_UNCONNECTED[0]
NLW_weight_rows_0_reg_6_CASDINPB_UNCONNECTED[1]
NLW_weight_rows_0_reg_6_CASDINPB_UNCONNECTED[2]
NLW_weight_rows_0_reg_6_CASDINPB_UNCONNECTED[3]
NLW_weight_rows_0_reg_6_CASDOUTA_UNCONNECTED[0]
NLW_weight_rows_0_reg_6_CASDOUTA_UNCONNECTED[1]
NLW_weight_rows_0_reg_6_CASDOUTA_UNCONNECTED[2]
NLW_weight_rows_0_reg_6_CASDOUTA_UNCONNECTED[3]
NLW_weight_rows_0_reg_6_CASDOUTA_UNCONNECTED[4]
NLW_weight_rows_0_reg_6_CASDOUTA_UNCONNECTED[5]
NLW_weight_rows_0_reg_6_CASDOUTA_UNCONNECTED[6]
NLW_weight_rows_0_reg_6_CASDOUTA_UNCONNECTED[7]
NLW_weight_rows_0_reg_6_CASDOUTA_UNCONNECTED[8]
NLW_weight_rows_0_reg_6_CASDOUTA_UNCONNECTED[9]
NLW_weight_rows_0_reg_6_CASDOUTA_UNCONNECTED[10]
NLW_weight_rows_0_reg_6_CASDOUTA_UNCONNECTED[11]
NLW_weight_rows_0_reg_6_CASDOUTA_UNCONNECTED[12]
NLW_weight_rows_0_reg_6_CASDOUTA_UNCONNECTED[13]
NLW_weight_rows_0_reg_6_CASDOUTA_UNCONNECTED[14]
NLW_weight_rows_0_reg_6_CASDOUTA_UNCONNECTED[15]
NLW_weight_rows_0_reg_6_CASDOUTA_UNCONNECTED[16]
NLW_weight_rows_0_reg_6_CASDOUTA_UNCONNECTED[17]
NLW_weight_rows_0_reg_6_CASDOUTA_UNCONNECTED[18]
NLW_weight_rows_0_reg_6_CASDOUTA_UNCONNECTED[19]
NLW_weight_rows_0_reg_6_CASDOUTA_UNCONNECTED[20]
NLW_weight_rows_0_reg_6_CASDOUTA_UNCONNECTED[21]
NLW_weight_rows_0_reg_6_CASDOUTA_UNCONNECTED[22]
NLW_weight_rows_0_reg_6_CASDOUTA_UNCONNECTED[23]
NLW_weight_rows_0_reg_6_CASDOUTA_UNCONNECTED[24]
NLW_weight_rows_0_reg_6_CASDOUTA_UNCONNECTED[25]
NLW_weight_rows_0_reg_6_CASDOUTA_UNCONNECTED[26]
NLW_weight_rows_0_reg_6_CASDOUTA_UNCONNECTED[27]
NLW_weight_rows_0_reg_6_CASDOUTA_UNCONNECTED[28]
NLW_weight_rows_0_reg_6_CASDOUTA_UNCONNECTED[29]
NLW_weight_rows_0_reg_6_CASDOUTA_UNCONNECTED[30]
NLW_weight_rows_0_reg_6_CASDOUTA_UNCONNECTED[31]
NLW_weight_rows_0_reg_6_CASDOUTB_UNCONNECTED[0]
NLW_weight_rows_0_reg_6_CASDOUTB_UNCONNECTED[1]
NLW_weight_rows_0_reg_6_CASDOUTB_UNCONNECTED[2]
NLW_weight_rows_0_reg_6_CASDOUTB_UNCONNECTED[3]
NLW_weight_rows_0_reg_6_CASDOUTB_UNCONNECTED[4]
NLW_weight_rows_0_reg_6_CASDOUTB_UNCONNECTED[5]
NLW_weight_rows_0_reg_6_CASDOUTB_UNCONNECTED[6]
NLW_weight_rows_0_reg_6_CASDOUTB_UNCONNECTED[7]
NLW_weight_rows_0_reg_6_CASDOUTB_UNCONNECTED[8]
NLW_weight_rows_0_reg_6_CASDOUTB_UNCONNECTED[9]
NLW_weight_rows_0_reg_6_CASDOUTB_UNCONNECTED[10]
NLW_weight_rows_0_reg_6_CASDOUTB_UNCONNECTED[11]
NLW_weight_rows_0_reg_6_CASDOUTB_UNCONNECTED[12]
NLW_weight_rows_0_reg_6_CASDOUTB_UNCONNECTED[13]
NLW_weight_rows_0_reg_6_CASDOUTB_UNCONNECTED[14]
NLW_weight_rows_0_reg_6_CASDOUTB_UNCONNECTED[15]
NLW_weight_rows_0_reg_6_CASDOUTB_UNCONNECTED[16]
NLW_weight_rows_0_reg_6_CASDOUTB_UNCONNECTED[17]
NLW_weight_rows_0_reg_6_CASDOUTB_UNCONNECTED[18]
NLW_weight_rows_0_reg_6_CASDOUTB_UNCONNECTED[19]
NLW_weight_rows_0_reg_6_CASDOUTB_UNCONNECTED[20]
NLW_weight_rows_0_reg_6_CASDOUTB_UNCONNECTED[21]
NLW_weight_rows_0_reg_6_CASDOUTB_UNCONNECTED[22]
NLW_weight_rows_0_reg_6_CASDOUTB_UNCONNECTED[23]
NLW_weight_rows_0_reg_6_CASDOUTB_UNCONNECTED[24]
NLW_weight_rows_0_reg_6_CASDOUTB_UNCONNECTED[25]
NLW_weight_rows_0_reg_6_CASDOUTB_UNCONNECTED[26]
NLW_weight_rows_0_reg_6_CASDOUTB_UNCONNECTED[27]
NLW_weight_rows_0_reg_6_CASDOUTB_UNCONNECTED[28]
NLW_weight_rows_0_reg_6_CASDOUTB_UNCONNECTED[29]
NLW_weight_rows_0_reg_6_CASDOUTB_UNCONNECTED[30]
NLW_weight_rows_0_reg_6_CASDOUTB_UNCONNECTED[31]
NLW_weight_rows_0_reg_6_CASDOUTPA_UNCONNECTED[0]
NLW_weight_rows_0_reg_6_CASDOUTPA_UNCONNECTED[1]
NLW_weight_rows_0_reg_6_CASDOUTPA_UNCONNECTED[2]
NLW_weight_rows_0_reg_6_CASDOUTPA_UNCONNECTED[3]
NLW_weight_rows_0_reg_6_CASDOUTPB_UNCONNECTED[0]
NLW_weight_rows_0_reg_6_CASDOUTPB_UNCONNECTED[1]
NLW_weight_rows_0_reg_6_CASDOUTPB_UNCONNECTED[2]
NLW_weight_rows_0_reg_6_CASDOUTPB_UNCONNECTED[3]
NLW_weight_rows_0_reg_6_ECCPARITY_UNCONNECTED[0]
NLW_weight_rows_0_reg_6_ECCPARITY_UNCONNECTED[1]
NLW_weight_rows_0_reg_6_ECCPARITY_UNCONNECTED[2]
NLW_weight_rows_0_reg_6_ECCPARITY_UNCONNECTED[3]
NLW_weight_rows_0_reg_6_ECCPARITY_UNCONNECTED[4]
NLW_weight_rows_0_reg_6_ECCPARITY_UNCONNECTED[5]
NLW_weight_rows_0_reg_6_ECCPARITY_UNCONNECTED[6]
NLW_weight_rows_0_reg_6_ECCPARITY_UNCONNECTED[7]
NLW_weight_rows_0_reg_6_RDADDRECC_UNCONNECTED[0]
NLW_weight_rows_0_reg_6_RDADDRECC_UNCONNECTED[1]
NLW_weight_rows_0_reg_6_RDADDRECC_UNCONNECTED[2]
NLW_weight_rows_0_reg_6_RDADDRECC_UNCONNECTED[3]
NLW_weight_rows_0_reg_6_RDADDRECC_UNCONNECTED[4]
NLW_weight_rows_0_reg_6_RDADDRECC_UNCONNECTED[5]
NLW_weight_rows_0_reg_6_RDADDRECC_UNCONNECTED[6]
NLW_weight_rows_0_reg_6_RDADDRECC_UNCONNECTED[7]
NLW_weight_rows_0_reg_6_RDADDRECC_UNCONNECTED[8]
NLW_weight_rows_0_reg_7_CASOUTDBITERR_UNCONNECTED
NLW_weight_rows_0_reg_7_CASOUTSBITERR_UNCONNECTED
NLW_weight_rows_0_reg_7_DBITERR_UNCONNECTED
NLW_weight_rows_0_reg_7_SBITERR_UNCONNECTED
NLW_weight_rows_0_reg_7_CASDINA_UNCONNECTED[0]
NLW_weight_rows_0_reg_7_CASDINA_UNCONNECTED[1]
NLW_weight_rows_0_reg_7_CASDINA_UNCONNECTED[2]
NLW_weight_rows_0_reg_7_CASDINA_UNCONNECTED[3]
NLW_weight_rows_0_reg_7_CASDINA_UNCONNECTED[4]
NLW_weight_rows_0_reg_7_CASDINA_UNCONNECTED[5]
NLW_weight_rows_0_reg_7_CASDINA_UNCONNECTED[6]
NLW_weight_rows_0_reg_7_CASDINA_UNCONNECTED[7]
NLW_weight_rows_0_reg_7_CASDINA_UNCONNECTED[8]
NLW_weight_rows_0_reg_7_CASDINA_UNCONNECTED[9]
NLW_weight_rows_0_reg_7_CASDINA_UNCONNECTED[10]
NLW_weight_rows_0_reg_7_CASDINA_UNCONNECTED[11]
NLW_weight_rows_0_reg_7_CASDINA_UNCONNECTED[12]
NLW_weight_rows_0_reg_7_CASDINA_UNCONNECTED[13]
NLW_weight_rows_0_reg_7_CASDINA_UNCONNECTED[14]
NLW_weight_rows_0_reg_7_CASDINA_UNCONNECTED[15]
NLW_weight_rows_0_reg_7_CASDINA_UNCONNECTED[16]
NLW_weight_rows_0_reg_7_CASDINA_UNCONNECTED[17]
NLW_weight_rows_0_reg_7_CASDINA_UNCONNECTED[18]
NLW_weight_rows_0_reg_7_CASDINA_UNCONNECTED[19]
NLW_weight_rows_0_reg_7_CASDINA_UNCONNECTED[20]
NLW_weight_rows_0_reg_7_CASDINA_UNCONNECTED[21]
NLW_weight_rows_0_reg_7_CASDINA_UNCONNECTED[22]
NLW_weight_rows_0_reg_7_CASDINA_UNCONNECTED[23]
NLW_weight_rows_0_reg_7_CASDINA_UNCONNECTED[24]
NLW_weight_rows_0_reg_7_CASDINA_UNCONNECTED[25]
NLW_weight_rows_0_reg_7_CASDINA_UNCONNECTED[26]
NLW_weight_rows_0_reg_7_CASDINA_UNCONNECTED[27]
NLW_weight_rows_0_reg_7_CASDINA_UNCONNECTED[28]
NLW_weight_rows_0_reg_7_CASDINA_UNCONNECTED[29]
NLW_weight_rows_0_reg_7_CASDINA_UNCONNECTED[30]
NLW_weight_rows_0_reg_7_CASDINA_UNCONNECTED[31]
NLW_weight_rows_0_reg_7_CASDINB_UNCONNECTED[0]
NLW_weight_rows_0_reg_7_CASDINB_UNCONNECTED[1]
NLW_weight_rows_0_reg_7_CASDINB_UNCONNECTED[2]
NLW_weight_rows_0_reg_7_CASDINB_UNCONNECTED[3]
NLW_weight_rows_0_reg_7_CASDINB_UNCONNECTED[4]
NLW_weight_rows_0_reg_7_CASDINB_UNCONNECTED[5]
NLW_weight_rows_0_reg_7_CASDINB_UNCONNECTED[6]
NLW_weight_rows_0_reg_7_CASDINB_UNCONNECTED[7]
NLW_weight_rows_0_reg_7_CASDINB_UNCONNECTED[8]
NLW_weight_rows_0_reg_7_CASDINB_UNCONNECTED[9]
NLW_weight_rows_0_reg_7_CASDINB_UNCONNECTED[10]
NLW_weight_rows_0_reg_7_CASDINB_UNCONNECTED[11]
NLW_weight_rows_0_reg_7_CASDINB_UNCONNECTED[12]
NLW_weight_rows_0_reg_7_CASDINB_UNCONNECTED[13]
NLW_weight_rows_0_reg_7_CASDINB_UNCONNECTED[14]
NLW_weight_rows_0_reg_7_CASDINB_UNCONNECTED[15]
NLW_weight_rows_0_reg_7_CASDINB_UNCONNECTED[16]
NLW_weight_rows_0_reg_7_CASDINB_UNCONNECTED[17]
NLW_weight_rows_0_reg_7_CASDINB_UNCONNECTED[18]
NLW_weight_rows_0_reg_7_CASDINB_UNCONNECTED[19]
NLW_weight_rows_0_reg_7_CASDINB_UNCONNECTED[20]
NLW_weight_rows_0_reg_7_CASDINB_UNCONNECTED[21]
NLW_weight_rows_0_reg_7_CASDINB_UNCONNECTED[22]
NLW_weight_rows_0_reg_7_CASDINB_UNCONNECTED[23]
NLW_weight_rows_0_reg_7_CASDINB_UNCONNECTED[24]
NLW_weight_rows_0_reg_7_CASDINB_UNCONNECTED[25]
NLW_weight_rows_0_reg_7_CASDINB_UNCONNECTED[26]
NLW_weight_rows_0_reg_7_CASDINB_UNCONNECTED[27]
NLW_weight_rows_0_reg_7_CASDINB_UNCONNECTED[28]
NLW_weight_rows_0_reg_7_CASDINB_UNCONNECTED[29]
NLW_weight_rows_0_reg_7_CASDINB_UNCONNECTED[30]
NLW_weight_rows_0_reg_7_CASDINB_UNCONNECTED[31]
NLW_weight_rows_0_reg_7_CASDINPA_UNCONNECTED[0]
NLW_weight_rows_0_reg_7_CASDINPA_UNCONNECTED[1]
NLW_weight_rows_0_reg_7_CASDINPA_UNCONNECTED[2]
NLW_weight_rows_0_reg_7_CASDINPA_UNCONNECTED[3]
NLW_weight_rows_0_reg_7_CASDINPB_UNCONNECTED[0]
NLW_weight_rows_0_reg_7_CASDINPB_UNCONNECTED[1]
NLW_weight_rows_0_reg_7_CASDINPB_UNCONNECTED[2]
NLW_weight_rows_0_reg_7_CASDINPB_UNCONNECTED[3]
NLW_weight_rows_0_reg_7_CASDOUTA_UNCONNECTED[0]
NLW_weight_rows_0_reg_7_CASDOUTA_UNCONNECTED[1]
NLW_weight_rows_0_reg_7_CASDOUTA_UNCONNECTED[2]
NLW_weight_rows_0_reg_7_CASDOUTA_UNCONNECTED[3]
NLW_weight_rows_0_reg_7_CASDOUTA_UNCONNECTED[4]
NLW_weight_rows_0_reg_7_CASDOUTA_UNCONNECTED[5]
NLW_weight_rows_0_reg_7_CASDOUTA_UNCONNECTED[6]
NLW_weight_rows_0_reg_7_CASDOUTA_UNCONNECTED[7]
NLW_weight_rows_0_reg_7_CASDOUTA_UNCONNECTED[8]
NLW_weight_rows_0_reg_7_CASDOUTA_UNCONNECTED[9]
NLW_weight_rows_0_reg_7_CASDOUTA_UNCONNECTED[10]
NLW_weight_rows_0_reg_7_CASDOUTA_UNCONNECTED[11]
NLW_weight_rows_0_reg_7_CASDOUTA_UNCONNECTED[12]
NLW_weight_rows_0_reg_7_CASDOUTA_UNCONNECTED[13]
NLW_weight_rows_0_reg_7_CASDOUTA_UNCONNECTED[14]
NLW_weight_rows_0_reg_7_CASDOUTA_UNCONNECTED[15]
NLW_weight_rows_0_reg_7_CASDOUTA_UNCONNECTED[16]
NLW_weight_rows_0_reg_7_CASDOUTA_UNCONNECTED[17]
NLW_weight_rows_0_reg_7_CASDOUTA_UNCONNECTED[18]
NLW_weight_rows_0_reg_7_CASDOUTA_UNCONNECTED[19]
NLW_weight_rows_0_reg_7_CASDOUTA_UNCONNECTED[20]
NLW_weight_rows_0_reg_7_CASDOUTA_UNCONNECTED[21]
NLW_weight_rows_0_reg_7_CASDOUTA_UNCONNECTED[22]
NLW_weight_rows_0_reg_7_CASDOUTA_UNCONNECTED[23]
NLW_weight_rows_0_reg_7_CASDOUTA_UNCONNECTED[24]
NLW_weight_rows_0_reg_7_CASDOUTA_UNCONNECTED[25]
NLW_weight_rows_0_reg_7_CASDOUTA_UNCONNECTED[26]
NLW_weight_rows_0_reg_7_CASDOUTA_UNCONNECTED[27]
NLW_weight_rows_0_reg_7_CASDOUTA_UNCONNECTED[28]
NLW_weight_rows_0_reg_7_CASDOUTA_UNCONNECTED[29]
NLW_weight_rows_0_reg_7_CASDOUTA_UNCONNECTED[30]
NLW_weight_rows_0_reg_7_CASDOUTA_UNCONNECTED[31]
NLW_weight_rows_0_reg_7_CASDOUTB_UNCONNECTED[0]
NLW_weight_rows_0_reg_7_CASDOUTB_UNCONNECTED[1]
NLW_weight_rows_0_reg_7_CASDOUTB_UNCONNECTED[2]
NLW_weight_rows_0_reg_7_CASDOUTB_UNCONNECTED[3]
NLW_weight_rows_0_reg_7_CASDOUTB_UNCONNECTED[4]
NLW_weight_rows_0_reg_7_CASDOUTB_UNCONNECTED[5]
NLW_weight_rows_0_reg_7_CASDOUTB_UNCONNECTED[6]
NLW_weight_rows_0_reg_7_CASDOUTB_UNCONNECTED[7]
NLW_weight_rows_0_reg_7_CASDOUTB_UNCONNECTED[8]
NLW_weight_rows_0_reg_7_CASDOUTB_UNCONNECTED[9]
NLW_weight_rows_0_reg_7_CASDOUTB_UNCONNECTED[10]
NLW_weight_rows_0_reg_7_CASDOUTB_UNCONNECTED[11]
NLW_weight_rows_0_reg_7_CASDOUTB_UNCONNECTED[12]
NLW_weight_rows_0_reg_7_CASDOUTB_UNCONNECTED[13]
NLW_weight_rows_0_reg_7_CASDOUTB_UNCONNECTED[14]
NLW_weight_rows_0_reg_7_CASDOUTB_UNCONNECTED[15]
NLW_weight_rows_0_reg_7_CASDOUTB_UNCONNECTED[16]
NLW_weight_rows_0_reg_7_CASDOUTB_UNCONNECTED[17]
NLW_weight_rows_0_reg_7_CASDOUTB_UNCONNECTED[18]
NLW_weight_rows_0_reg_7_CASDOUTB_UNCONNECTED[19]
NLW_weight_rows_0_reg_7_CASDOUTB_UNCONNECTED[20]
NLW_weight_rows_0_reg_7_CASDOUTB_UNCONNECTED[21]
NLW_weight_rows_0_reg_7_CASDOUTB_UNCONNECTED[22]
NLW_weight_rows_0_reg_7_CASDOUTB_UNCONNECTED[23]
NLW_weight_rows_0_reg_7_CASDOUTB_UNCONNECTED[24]
NLW_weight_rows_0_reg_7_CASDOUTB_UNCONNECTED[25]
NLW_weight_rows_0_reg_7_CASDOUTB_UNCONNECTED[26]
NLW_weight_rows_0_reg_7_CASDOUTB_UNCONNECTED[27]
NLW_weight_rows_0_reg_7_CASDOUTB_UNCONNECTED[28]
NLW_weight_rows_0_reg_7_CASDOUTB_UNCONNECTED[29]
NLW_weight_rows_0_reg_7_CASDOUTB_UNCONNECTED[30]
NLW_weight_rows_0_reg_7_CASDOUTB_UNCONNECTED[31]
NLW_weight_rows_0_reg_7_CASDOUTPA_UNCONNECTED[0]
NLW_weight_rows_0_reg_7_CASDOUTPA_UNCONNECTED[1]
NLW_weight_rows_0_reg_7_CASDOUTPA_UNCONNECTED[2]
NLW_weight_rows_0_reg_7_CASDOUTPA_UNCONNECTED[3]
NLW_weight_rows_0_reg_7_CASDOUTPB_UNCONNECTED[0]
NLW_weight_rows_0_reg_7_CASDOUTPB_UNCONNECTED[1]
NLW_weight_rows_0_reg_7_CASDOUTPB_UNCONNECTED[2]
NLW_weight_rows_0_reg_7_CASDOUTPB_UNCONNECTED[3]
NLW_weight_rows_0_reg_7_ECCPARITY_UNCONNECTED[0]
NLW_weight_rows_0_reg_7_ECCPARITY_UNCONNECTED[1]
NLW_weight_rows_0_reg_7_ECCPARITY_UNCONNECTED[2]
NLW_weight_rows_0_reg_7_ECCPARITY_UNCONNECTED[3]
NLW_weight_rows_0_reg_7_ECCPARITY_UNCONNECTED[4]
NLW_weight_rows_0_reg_7_ECCPARITY_UNCONNECTED[5]
NLW_weight_rows_0_reg_7_ECCPARITY_UNCONNECTED[6]
NLW_weight_rows_0_reg_7_ECCPARITY_UNCONNECTED[7]
NLW_weight_rows_0_reg_7_RDADDRECC_UNCONNECTED[0]
NLW_weight_rows_0_reg_7_RDADDRECC_UNCONNECTED[1]
NLW_weight_rows_0_reg_7_RDADDRECC_UNCONNECTED[2]
NLW_weight_rows_0_reg_7_RDADDRECC_UNCONNECTED[3]
NLW_weight_rows_0_reg_7_RDADDRECC_UNCONNECTED[4]
NLW_weight_rows_0_reg_7_RDADDRECC_UNCONNECTED[5]
NLW_weight_rows_0_reg_7_RDADDRECC_UNCONNECTED[6]
NLW_weight_rows_0_reg_7_RDADDRECC_UNCONNECTED[7]
NLW_weight_rows_0_reg_7_RDADDRECC_UNCONNECTED[8]
NLW_weight_rows_0_reg_8_CASOUTDBITERR_UNCONNECTED
NLW_weight_rows_0_reg_8_CASOUTSBITERR_UNCONNECTED
NLW_weight_rows_0_reg_8_DBITERR_UNCONNECTED
NLW_weight_rows_0_reg_8_SBITERR_UNCONNECTED
NLW_weight_rows_0_reg_8_CASDINA_UNCONNECTED[0]
NLW_weight_rows_0_reg_8_CASDINA_UNCONNECTED[1]
NLW_weight_rows_0_reg_8_CASDINA_UNCONNECTED[2]
NLW_weight_rows_0_reg_8_CASDINA_UNCONNECTED[3]
NLW_weight_rows_0_reg_8_CASDINA_UNCONNECTED[4]
NLW_weight_rows_0_reg_8_CASDINA_UNCONNECTED[5]
NLW_weight_rows_0_reg_8_CASDINA_UNCONNECTED[6]
NLW_weight_rows_0_reg_8_CASDINA_UNCONNECTED[7]
NLW_weight_rows_0_reg_8_CASDINA_UNCONNECTED[8]
NLW_weight_rows_0_reg_8_CASDINA_UNCONNECTED[9]
NLW_weight_rows_0_reg_8_CASDINA_UNCONNECTED[10]
NLW_weight_rows_0_reg_8_CASDINA_UNCONNECTED[11]
NLW_weight_rows_0_reg_8_CASDINA_UNCONNECTED[12]
NLW_weight_rows_0_reg_8_CASDINA_UNCONNECTED[13]
NLW_weight_rows_0_reg_8_CASDINA_UNCONNECTED[14]
NLW_weight_rows_0_reg_8_CASDINA_UNCONNECTED[15]
NLW_weight_rows_0_reg_8_CASDINA_UNCONNECTED[16]
NLW_weight_rows_0_reg_8_CASDINA_UNCONNECTED[17]
NLW_weight_rows_0_reg_8_CASDINA_UNCONNECTED[18]
NLW_weight_rows_0_reg_8_CASDINA_UNCONNECTED[19]
NLW_weight_rows_0_reg_8_CASDINA_UNCONNECTED[20]
NLW_weight_rows_0_reg_8_CASDINA_UNCONNECTED[21]
NLW_weight_rows_0_reg_8_CASDINA_UNCONNECTED[22]
NLW_weight_rows_0_reg_8_CASDINA_UNCONNECTED[23]
NLW_weight_rows_0_reg_8_CASDINA_UNCONNECTED[24]
NLW_weight_rows_0_reg_8_CASDINA_UNCONNECTED[25]
NLW_weight_rows_0_reg_8_CASDINA_UNCONNECTED[26]
NLW_weight_rows_0_reg_8_CASDINA_UNCONNECTED[27]
NLW_weight_rows_0_reg_8_CASDINA_UNCONNECTED[28]
NLW_weight_rows_0_reg_8_CASDINA_UNCONNECTED[29]
NLW_weight_rows_0_reg_8_CASDINA_UNCONNECTED[30]
NLW_weight_rows_0_reg_8_CASDINA_UNCONNECTED[31]
NLW_weight_rows_0_reg_8_CASDINB_UNCONNECTED[0]
NLW_weight_rows_0_reg_8_CASDINB_UNCONNECTED[1]
NLW_weight_rows_0_reg_8_CASDINB_UNCONNECTED[2]
NLW_weight_rows_0_reg_8_CASDINB_UNCONNECTED[3]
NLW_weight_rows_0_reg_8_CASDINB_UNCONNECTED[4]
NLW_weight_rows_0_reg_8_CASDINB_UNCONNECTED[5]
NLW_weight_rows_0_reg_8_CASDINB_UNCONNECTED[6]
NLW_weight_rows_0_reg_8_CASDINB_UNCONNECTED[7]
NLW_weight_rows_0_reg_8_CASDINB_UNCONNECTED[8]
NLW_weight_rows_0_reg_8_CASDINB_UNCONNECTED[9]
NLW_weight_rows_0_reg_8_CASDINB_UNCONNECTED[10]
NLW_weight_rows_0_reg_8_CASDINB_UNCONNECTED[11]
NLW_weight_rows_0_reg_8_CASDINB_UNCONNECTED[12]
NLW_weight_rows_0_reg_8_CASDINB_UNCONNECTED[13]
NLW_weight_rows_0_reg_8_CASDINB_UNCONNECTED[14]
NLW_weight_rows_0_reg_8_CASDINB_UNCONNECTED[15]
NLW_weight_rows_0_reg_8_CASDINB_UNCONNECTED[16]
NLW_weight_rows_0_reg_8_CASDINB_UNCONNECTED[17]
NLW_weight_rows_0_reg_8_CASDINB_UNCONNECTED[18]
NLW_weight_rows_0_reg_8_CASDINB_UNCONNECTED[19]
NLW_weight_rows_0_reg_8_CASDINB_UNCONNECTED[20]
NLW_weight_rows_0_reg_8_CASDINB_UNCONNECTED[21]
NLW_weight_rows_0_reg_8_CASDINB_UNCONNECTED[22]
NLW_weight_rows_0_reg_8_CASDINB_UNCONNECTED[23]
NLW_weight_rows_0_reg_8_CASDINB_UNCONNECTED[24]
NLW_weight_rows_0_reg_8_CASDINB_UNCONNECTED[25]
NLW_weight_rows_0_reg_8_CASDINB_UNCONNECTED[26]
NLW_weight_rows_0_reg_8_CASDINB_UNCONNECTED[27]
NLW_weight_rows_0_reg_8_CASDINB_UNCONNECTED[28]
NLW_weight_rows_0_reg_8_CASDINB_UNCONNECTED[29]
NLW_weight_rows_0_reg_8_CASDINB_UNCONNECTED[30]
NLW_weight_rows_0_reg_8_CASDINB_UNCONNECTED[31]
NLW_weight_rows_0_reg_8_CASDINPA_UNCONNECTED[0]
NLW_weight_rows_0_reg_8_CASDINPA_UNCONNECTED[1]
NLW_weight_rows_0_reg_8_CASDINPA_UNCONNECTED[2]
NLW_weight_rows_0_reg_8_CASDINPA_UNCONNECTED[3]
NLW_weight_rows_0_reg_8_CASDINPB_UNCONNECTED[0]
NLW_weight_rows_0_reg_8_CASDINPB_UNCONNECTED[1]
NLW_weight_rows_0_reg_8_CASDINPB_UNCONNECTED[2]
NLW_weight_rows_0_reg_8_CASDINPB_UNCONNECTED[3]
NLW_weight_rows_0_reg_8_CASDOUTA_UNCONNECTED[0]
NLW_weight_rows_0_reg_8_CASDOUTA_UNCONNECTED[1]
NLW_weight_rows_0_reg_8_CASDOUTA_UNCONNECTED[2]
NLW_weight_rows_0_reg_8_CASDOUTA_UNCONNECTED[3]
NLW_weight_rows_0_reg_8_CASDOUTA_UNCONNECTED[4]
NLW_weight_rows_0_reg_8_CASDOUTA_UNCONNECTED[5]
NLW_weight_rows_0_reg_8_CASDOUTA_UNCONNECTED[6]
NLW_weight_rows_0_reg_8_CASDOUTA_UNCONNECTED[7]
NLW_weight_rows_0_reg_8_CASDOUTA_UNCONNECTED[8]
NLW_weight_rows_0_reg_8_CASDOUTA_UNCONNECTED[9]
NLW_weight_rows_0_reg_8_CASDOUTA_UNCONNECTED[10]
NLW_weight_rows_0_reg_8_CASDOUTA_UNCONNECTED[11]
NLW_weight_rows_0_reg_8_CASDOUTA_UNCONNECTED[12]
NLW_weight_rows_0_reg_8_CASDOUTA_UNCONNECTED[13]
NLW_weight_rows_0_reg_8_CASDOUTA_UNCONNECTED[14]
NLW_weight_rows_0_reg_8_CASDOUTA_UNCONNECTED[15]
NLW_weight_rows_0_reg_8_CASDOUTA_UNCONNECTED[16]
NLW_weight_rows_0_reg_8_CASDOUTA_UNCONNECTED[17]
NLW_weight_rows_0_reg_8_CASDOUTA_UNCONNECTED[18]
NLW_weight_rows_0_reg_8_CASDOUTA_UNCONNECTED[19]
NLW_weight_rows_0_reg_8_CASDOUTA_UNCONNECTED[20]
NLW_weight_rows_0_reg_8_CASDOUTA_UNCONNECTED[21]
NLW_weight_rows_0_reg_8_CASDOUTA_UNCONNECTED[22]
NLW_weight_rows_0_reg_8_CASDOUTA_UNCONNECTED[23]
NLW_weight_rows_0_reg_8_CASDOUTA_UNCONNECTED[24]
NLW_weight_rows_0_reg_8_CASDOUTA_UNCONNECTED[25]
NLW_weight_rows_0_reg_8_CASDOUTA_UNCONNECTED[26]
NLW_weight_rows_0_reg_8_CASDOUTA_UNCONNECTED[27]
NLW_weight_rows_0_reg_8_CASDOUTA_UNCONNECTED[28]
NLW_weight_rows_0_reg_8_CASDOUTA_UNCONNECTED[29]
NLW_weight_rows_0_reg_8_CASDOUTA_UNCONNECTED[30]
NLW_weight_rows_0_reg_8_CASDOUTA_UNCONNECTED[31]
NLW_weight_rows_0_reg_8_CASDOUTB_UNCONNECTED[0]
NLW_weight_rows_0_reg_8_CASDOUTB_UNCONNECTED[1]
NLW_weight_rows_0_reg_8_CASDOUTB_UNCONNECTED[2]
NLW_weight_rows_0_reg_8_CASDOUTB_UNCONNECTED[3]
NLW_weight_rows_0_reg_8_CASDOUTB_UNCONNECTED[4]
NLW_weight_rows_0_reg_8_CASDOUTB_UNCONNECTED[5]
NLW_weight_rows_0_reg_8_CASDOUTB_UNCONNECTED[6]
NLW_weight_rows_0_reg_8_CASDOUTB_UNCONNECTED[7]
NLW_weight_rows_0_reg_8_CASDOUTB_UNCONNECTED[8]
NLW_weight_rows_0_reg_8_CASDOUTB_UNCONNECTED[9]
NLW_weight_rows_0_reg_8_CASDOUTB_UNCONNECTED[10]
NLW_weight_rows_0_reg_8_CASDOUTB_UNCONNECTED[11]
NLW_weight_rows_0_reg_8_CASDOUTB_UNCONNECTED[12]
NLW_weight_rows_0_reg_8_CASDOUTB_UNCONNECTED[13]
NLW_weight_rows_0_reg_8_CASDOUTB_UNCONNECTED[14]
NLW_weight_rows_0_reg_8_CASDOUTB_UNCONNECTED[15]
NLW_weight_rows_0_reg_8_CASDOUTB_UNCONNECTED[16]
NLW_weight_rows_0_reg_8_CASDOUTB_UNCONNECTED[17]
NLW_weight_rows_0_reg_8_CASDOUTB_UNCONNECTED[18]
NLW_weight_rows_0_reg_8_CASDOUTB_UNCONNECTED[19]
NLW_weight_rows_0_reg_8_CASDOUTB_UNCONNECTED[20]
NLW_weight_rows_0_reg_8_CASDOUTB_UNCONNECTED[21]
NLW_weight_rows_0_reg_8_CASDOUTB_UNCONNECTED[22]
NLW_weight_rows_0_reg_8_CASDOUTB_UNCONNECTED[23]
NLW_weight_rows_0_reg_8_CASDOUTB_UNCONNECTED[24]
NLW_weight_rows_0_reg_8_CASDOUTB_UNCONNECTED[25]
NLW_weight_rows_0_reg_8_CASDOUTB_UNCONNECTED[26]
NLW_weight_rows_0_reg_8_CASDOUTB_UNCONNECTED[27]
NLW_weight_rows_0_reg_8_CASDOUTB_UNCONNECTED[28]
NLW_weight_rows_0_reg_8_CASDOUTB_UNCONNECTED[29]
NLW_weight_rows_0_reg_8_CASDOUTB_UNCONNECTED[30]
NLW_weight_rows_0_reg_8_CASDOUTB_UNCONNECTED[31]
NLW_weight_rows_0_reg_8_CASDOUTPA_UNCONNECTED[0]
NLW_weight_rows_0_reg_8_CASDOUTPA_UNCONNECTED[1]
NLW_weight_rows_0_reg_8_CASDOUTPA_UNCONNECTED[2]
NLW_weight_rows_0_reg_8_CASDOUTPA_UNCONNECTED[3]
NLW_weight_rows_0_reg_8_CASDOUTPB_UNCONNECTED[0]
NLW_weight_rows_0_reg_8_CASDOUTPB_UNCONNECTED[1]
NLW_weight_rows_0_reg_8_CASDOUTPB_UNCONNECTED[2]
NLW_weight_rows_0_reg_8_CASDOUTPB_UNCONNECTED[3]
NLW_weight_rows_0_reg_8_ECCPARITY_UNCONNECTED[0]
NLW_weight_rows_0_reg_8_ECCPARITY_UNCONNECTED[1]
NLW_weight_rows_0_reg_8_ECCPARITY_UNCONNECTED[2]
NLW_weight_rows_0_reg_8_ECCPARITY_UNCONNECTED[3]
NLW_weight_rows_0_reg_8_ECCPARITY_UNCONNECTED[4]
NLW_weight_rows_0_reg_8_ECCPARITY_UNCONNECTED[5]
NLW_weight_rows_0_reg_8_ECCPARITY_UNCONNECTED[6]
NLW_weight_rows_0_reg_8_ECCPARITY_UNCONNECTED[7]
NLW_weight_rows_0_reg_8_RDADDRECC_UNCONNECTED[0]
NLW_weight_rows_0_reg_8_RDADDRECC_UNCONNECTED[1]
NLW_weight_rows_0_reg_8_RDADDRECC_UNCONNECTED[2]
NLW_weight_rows_0_reg_8_RDADDRECC_UNCONNECTED[3]
NLW_weight_rows_0_reg_8_RDADDRECC_UNCONNECTED[4]
NLW_weight_rows_0_reg_8_RDADDRECC_UNCONNECTED[5]
NLW_weight_rows_0_reg_8_RDADDRECC_UNCONNECTED[6]
NLW_weight_rows_0_reg_8_RDADDRECC_UNCONNECTED[7]
NLW_weight_rows_0_reg_8_RDADDRECC_UNCONNECTED[8]
NLW_weight_rows_0_reg_9_CASOUTDBITERR_UNCONNECTED
NLW_weight_rows_0_reg_9_CASOUTSBITERR_UNCONNECTED
NLW_weight_rows_0_reg_9_DBITERR_UNCONNECTED
NLW_weight_rows_0_reg_9_SBITERR_UNCONNECTED
NLW_weight_rows_0_reg_9_CASDINA_UNCONNECTED[0]
NLW_weight_rows_0_reg_9_CASDINA_UNCONNECTED[1]
NLW_weight_rows_0_reg_9_CASDINA_UNCONNECTED[2]
NLW_weight_rows_0_reg_9_CASDINA_UNCONNECTED[3]
NLW_weight_rows_0_reg_9_CASDINA_UNCONNECTED[4]
NLW_weight_rows_0_reg_9_CASDINA_UNCONNECTED[5]
NLW_weight_rows_0_reg_9_CASDINA_UNCONNECTED[6]
NLW_weight_rows_0_reg_9_CASDINA_UNCONNECTED[7]
NLW_weight_rows_0_reg_9_CASDINA_UNCONNECTED[8]
NLW_weight_rows_0_reg_9_CASDINA_UNCONNECTED[9]
NLW_weight_rows_0_reg_9_CASDINA_UNCONNECTED[10]
NLW_weight_rows_0_reg_9_CASDINA_UNCONNECTED[11]
NLW_weight_rows_0_reg_9_CASDINA_UNCONNECTED[12]
NLW_weight_rows_0_reg_9_CASDINA_UNCONNECTED[13]
NLW_weight_rows_0_reg_9_CASDINA_UNCONNECTED[14]
NLW_weight_rows_0_reg_9_CASDINA_UNCONNECTED[15]
NLW_weight_rows_0_reg_9_CASDINA_UNCONNECTED[16]
NLW_weight_rows_0_reg_9_CASDINA_UNCONNECTED[17]
NLW_weight_rows_0_reg_9_CASDINA_UNCONNECTED[18]
NLW_weight_rows_0_reg_9_CASDINA_UNCONNECTED[19]
NLW_weight_rows_0_reg_9_CASDINA_UNCONNECTED[20]
NLW_weight_rows_0_reg_9_CASDINA_UNCONNECTED[21]
NLW_weight_rows_0_reg_9_CASDINA_UNCONNECTED[22]
NLW_weight_rows_0_reg_9_CASDINA_UNCONNECTED[23]
NLW_weight_rows_0_reg_9_CASDINA_UNCONNECTED[24]
NLW_weight_rows_0_reg_9_CASDINA_UNCONNECTED[25]
NLW_weight_rows_0_reg_9_CASDINA_UNCONNECTED[26]
NLW_weight_rows_0_reg_9_CASDINA_UNCONNECTED[27]
NLW_weight_rows_0_reg_9_CASDINA_UNCONNECTED[28]
NLW_weight_rows_0_reg_9_CASDINA_UNCONNECTED[29]
NLW_weight_rows_0_reg_9_CASDINA_UNCONNECTED[30]
NLW_weight_rows_0_reg_9_CASDINA_UNCONNECTED[31]
NLW_weight_rows_0_reg_9_CASDINB_UNCONNECTED[0]
NLW_weight_rows_0_reg_9_CASDINB_UNCONNECTED[1]
NLW_weight_rows_0_reg_9_CASDINB_UNCONNECTED[2]
NLW_weight_rows_0_reg_9_CASDINB_UNCONNECTED[3]
NLW_weight_rows_0_reg_9_CASDINB_UNCONNECTED[4]
NLW_weight_rows_0_reg_9_CASDINB_UNCONNECTED[5]
NLW_weight_rows_0_reg_9_CASDINB_UNCONNECTED[6]
NLW_weight_rows_0_reg_9_CASDINB_UNCONNECTED[7]
NLW_weight_rows_0_reg_9_CASDINB_UNCONNECTED[8]
NLW_weight_rows_0_reg_9_CASDINB_UNCONNECTED[9]
NLW_weight_rows_0_reg_9_CASDINB_UNCONNECTED[10]
NLW_weight_rows_0_reg_9_CASDINB_UNCONNECTED[11]
NLW_weight_rows_0_reg_9_CASDINB_UNCONNECTED[12]
NLW_weight_rows_0_reg_9_CASDINB_UNCONNECTED[13]
NLW_weight_rows_0_reg_9_CASDINB_UNCONNECTED[14]
NLW_weight_rows_0_reg_9_CASDINB_UNCONNECTED[15]
NLW_weight_rows_0_reg_9_CASDINB_UNCONNECTED[16]
NLW_weight_rows_0_reg_9_CASDINB_UNCONNECTED[17]
NLW_weight_rows_0_reg_9_CASDINB_UNCONNECTED[18]
NLW_weight_rows_0_reg_9_CASDINB_UNCONNECTED[19]
NLW_weight_rows_0_reg_9_CASDINB_UNCONNECTED[20]
NLW_weight_rows_0_reg_9_CASDINB_UNCONNECTED[21]
NLW_weight_rows_0_reg_9_CASDINB_UNCONNECTED[22]
NLW_weight_rows_0_reg_9_CASDINB_UNCONNECTED[23]
NLW_weight_rows_0_reg_9_CASDINB_UNCONNECTED[24]
NLW_weight_rows_0_reg_9_CASDINB_UNCONNECTED[25]
NLW_weight_rows_0_reg_9_CASDINB_UNCONNECTED[26]
NLW_weight_rows_0_reg_9_CASDINB_UNCONNECTED[27]
NLW_weight_rows_0_reg_9_CASDINB_UNCONNECTED[28]
NLW_weight_rows_0_reg_9_CASDINB_UNCONNECTED[29]
NLW_weight_rows_0_reg_9_CASDINB_UNCONNECTED[30]
NLW_weight_rows_0_reg_9_CASDINB_UNCONNECTED[31]
NLW_weight_rows_0_reg_9_CASDINPA_UNCONNECTED[0]
NLW_weight_rows_0_reg_9_CASDINPA_UNCONNECTED[1]
NLW_weight_rows_0_reg_9_CASDINPA_UNCONNECTED[2]
NLW_weight_rows_0_reg_9_CASDINPA_UNCONNECTED[3]
NLW_weight_rows_0_reg_9_CASDINPB_UNCONNECTED[0]
NLW_weight_rows_0_reg_9_CASDINPB_UNCONNECTED[1]
NLW_weight_rows_0_reg_9_CASDINPB_UNCONNECTED[2]
NLW_weight_rows_0_reg_9_CASDINPB_UNCONNECTED[3]
NLW_weight_rows_0_reg_9_CASDOUTA_UNCONNECTED[0]
NLW_weight_rows_0_reg_9_CASDOUTA_UNCONNECTED[1]
NLW_weight_rows_0_reg_9_CASDOUTA_UNCONNECTED[2]
NLW_weight_rows_0_reg_9_CASDOUTA_UNCONNECTED[3]
NLW_weight_rows_0_reg_9_CASDOUTA_UNCONNECTED[4]
NLW_weight_rows_0_reg_9_CASDOUTA_UNCONNECTED[5]
NLW_weight_rows_0_reg_9_CASDOUTA_UNCONNECTED[6]
NLW_weight_rows_0_reg_9_CASDOUTA_UNCONNECTED[7]
NLW_weight_rows_0_reg_9_CASDOUTA_UNCONNECTED[8]
NLW_weight_rows_0_reg_9_CASDOUTA_UNCONNECTED[9]
NLW_weight_rows_0_reg_9_CASDOUTA_UNCONNECTED[10]
NLW_weight_rows_0_reg_9_CASDOUTA_UNCONNECTED[11]
NLW_weight_rows_0_reg_9_CASDOUTA_UNCONNECTED[12]
NLW_weight_rows_0_reg_9_CASDOUTA_UNCONNECTED[13]
NLW_weight_rows_0_reg_9_CASDOUTA_UNCONNECTED[14]
NLW_weight_rows_0_reg_9_CASDOUTA_UNCONNECTED[15]
NLW_weight_rows_0_reg_9_CASDOUTA_UNCONNECTED[16]
NLW_weight_rows_0_reg_9_CASDOUTA_UNCONNECTED[17]
NLW_weight_rows_0_reg_9_CASDOUTA_UNCONNECTED[18]
NLW_weight_rows_0_reg_9_CASDOUTA_UNCONNECTED[19]
NLW_weight_rows_0_reg_9_CASDOUTA_UNCONNECTED[20]
NLW_weight_rows_0_reg_9_CASDOUTA_UNCONNECTED[21]
NLW_weight_rows_0_reg_9_CASDOUTA_UNCONNECTED[22]
NLW_weight_rows_0_reg_9_CASDOUTA_UNCONNECTED[23]
NLW_weight_rows_0_reg_9_CASDOUTA_UNCONNECTED[24]
NLW_weight_rows_0_reg_9_CASDOUTA_UNCONNECTED[25]
NLW_weight_rows_0_reg_9_CASDOUTA_UNCONNECTED[26]
NLW_weight_rows_0_reg_9_CASDOUTA_UNCONNECTED[27]
NLW_weight_rows_0_reg_9_CASDOUTA_UNCONNECTED[28]
NLW_weight_rows_0_reg_9_CASDOUTA_UNCONNECTED[29]
NLW_weight_rows_0_reg_9_CASDOUTA_UNCONNECTED[30]
NLW_weight_rows_0_reg_9_CASDOUTA_UNCONNECTED[31]
NLW_weight_rows_0_reg_9_CASDOUTB_UNCONNECTED[0]
NLW_weight_rows_0_reg_9_CASDOUTB_UNCONNECTED[1]
NLW_weight_rows_0_reg_9_CASDOUTB_UNCONNECTED[2]
NLW_weight_rows_0_reg_9_CASDOUTB_UNCONNECTED[3]
NLW_weight_rows_0_reg_9_CASDOUTB_UNCONNECTED[4]
NLW_weight_rows_0_reg_9_CASDOUTB_UNCONNECTED[5]
NLW_weight_rows_0_reg_9_CASDOUTB_UNCONNECTED[6]
NLW_weight_rows_0_reg_9_CASDOUTB_UNCONNECTED[7]
NLW_weight_rows_0_reg_9_CASDOUTB_UNCONNECTED[8]
NLW_weight_rows_0_reg_9_CASDOUTB_UNCONNECTED[9]
NLW_weight_rows_0_reg_9_CASDOUTB_UNCONNECTED[10]
NLW_weight_rows_0_reg_9_CASDOUTB_UNCONNECTED[11]
NLW_weight_rows_0_reg_9_CASDOUTB_UNCONNECTED[12]
NLW_weight_rows_0_reg_9_CASDOUTB_UNCONNECTED[13]
NLW_weight_rows_0_reg_9_CASDOUTB_UNCONNECTED[14]
NLW_weight_rows_0_reg_9_CASDOUTB_UNCONNECTED[15]
NLW_weight_rows_0_reg_9_CASDOUTB_UNCONNECTED[16]
NLW_weight_rows_0_reg_9_CASDOUTB_UNCONNECTED[17]
NLW_weight_rows_0_reg_9_CASDOUTB_UNCONNECTED[18]
NLW_weight_rows_0_reg_9_CASDOUTB_UNCONNECTED[19]
NLW_weight_rows_0_reg_9_CASDOUTB_UNCONNECTED[20]
NLW_weight_rows_0_reg_9_CASDOUTB_UNCONNECTED[21]
NLW_weight_rows_0_reg_9_CASDOUTB_UNCONNECTED[22]
NLW_weight_rows_0_reg_9_CASDOUTB_UNCONNECTED[23]
NLW_weight_rows_0_reg_9_CASDOUTB_UNCONNECTED[24]
NLW_weight_rows_0_reg_9_CASDOUTB_UNCONNECTED[25]
NLW_weight_rows_0_reg_9_CASDOUTB_UNCONNECTED[26]
NLW_weight_rows_0_reg_9_CASDOUTB_UNCONNECTED[27]
NLW_weight_rows_0_reg_9_CASDOUTB_UNCONNECTED[28]
NLW_weight_rows_0_reg_9_CASDOUTB_UNCONNECTED[29]
NLW_weight_rows_0_reg_9_CASDOUTB_UNCONNECTED[30]
NLW_weight_rows_0_reg_9_CASDOUTB_UNCONNECTED[31]
NLW_weight_rows_0_reg_9_CASDOUTPA_UNCONNECTED[0]
NLW_weight_rows_0_reg_9_CASDOUTPA_UNCONNECTED[1]
NLW_weight_rows_0_reg_9_CASDOUTPA_UNCONNECTED[2]
NLW_weight_rows_0_reg_9_CASDOUTPA_UNCONNECTED[3]
NLW_weight_rows_0_reg_9_CASDOUTPB_UNCONNECTED[0]
NLW_weight_rows_0_reg_9_CASDOUTPB_UNCONNECTED[1]
NLW_weight_rows_0_reg_9_CASDOUTPB_UNCONNECTED[2]
NLW_weight_rows_0_reg_9_CASDOUTPB_UNCONNECTED[3]
NLW_weight_rows_0_reg_9_ECCPARITY_UNCONNECTED[0]
NLW_weight_rows_0_reg_9_ECCPARITY_UNCONNECTED[1]
NLW_weight_rows_0_reg_9_ECCPARITY_UNCONNECTED[2]
NLW_weight_rows_0_reg_9_ECCPARITY_UNCONNECTED[3]
NLW_weight_rows_0_reg_9_ECCPARITY_UNCONNECTED[4]
NLW_weight_rows_0_reg_9_ECCPARITY_UNCONNECTED[5]
NLW_weight_rows_0_reg_9_ECCPARITY_UNCONNECTED[6]
NLW_weight_rows_0_reg_9_ECCPARITY_UNCONNECTED[7]
NLW_weight_rows_0_reg_9_RDADDRECC_UNCONNECTED[0]
NLW_weight_rows_0_reg_9_RDADDRECC_UNCONNECTED[1]
NLW_weight_rows_0_reg_9_RDADDRECC_UNCONNECTED[2]
NLW_weight_rows_0_reg_9_RDADDRECC_UNCONNECTED[3]
NLW_weight_rows_0_reg_9_RDADDRECC_UNCONNECTED[4]
NLW_weight_rows_0_reg_9_RDADDRECC_UNCONNECTED[5]
NLW_weight_rows_0_reg_9_RDADDRECC_UNCONNECTED[6]
NLW_weight_rows_0_reg_9_RDADDRECC_UNCONNECTED[7]
NLW_weight_rows_0_reg_9_RDADDRECC_UNCONNECTED[8]
folded_adder/NLW_partial_reg[1][15]_i_102_CO_UNCONNECTED[0]
folded_adder/NLW_partial_reg[1][15]_i_102_CO_UNCONNECTED[1]
folded_adder/NLW_partial_reg[1][15]_i_102_CO_UNCONNECTED[2]
folded_adder/NLW_partial_reg[1][15]_i_102_CO_UNCONNECTED[3]
folded_adder/NLW_partial_reg[1][15]_i_102_CO_UNCONNECTED[4]
folded_adder/NLW_partial_reg[1][15]_i_102_CO_UNCONNECTED[5]
folded_adder/NLW_partial_reg[1][15]_i_102_CO_UNCONNECTED[6]
folded_adder/NLW_partial_reg[1][15]_i_103_CO_UNCONNECTED[0]
folded_adder/NLW_partial_reg[1][15]_i_103_CO_UNCONNECTED[1]
folded_adder/NLW_partial_reg[1][15]_i_103_CO_UNCONNECTED[2]
folded_adder/NLW_partial_reg[1][15]_i_103_CO_UNCONNECTED[3]
folded_adder/NLW_partial_reg[1][15]_i_103_CO_UNCONNECTED[4]
folded_adder/NLW_partial_reg[1][15]_i_103_CO_UNCONNECTED[5]
folded_adder/NLW_partial_reg[1][15]_i_103_CO_UNCONNECTED[6]
folded_adder/NLW_partial_reg[1][15]_i_116_CO_UNCONNECTED[0]
folded_adder/NLW_partial_reg[1][15]_i_116_CO_UNCONNECTED[1]
folded_adder/NLW_partial_reg[1][15]_i_116_CO_UNCONNECTED[2]
folded_adder/NLW_partial_reg[1][15]_i_116_CO_UNCONNECTED[3]
folded_adder/NLW_partial_reg[1][15]_i_116_CO_UNCONNECTED[4]
folded_adder/NLW_partial_reg[1][15]_i_116_CO_UNCONNECTED[5]
folded_adder/NLW_partial_reg[1][15]_i_116_CO_UNCONNECTED[6]
folded_adder/NLW_partial_reg[1][15]_i_12_CO_UNCONNECTED[0]
folded_adder/NLW_partial_reg[1][15]_i_12_CO_UNCONNECTED[1]
folded_adder/NLW_partial_reg[1][15]_i_12_CO_UNCONNECTED[2]
folded_adder/NLW_partial_reg[1][15]_i_12_CO_UNCONNECTED[3]
folded_adder/NLW_partial_reg[1][15]_i_12_CO_UNCONNECTED[4]
folded_adder/NLW_partial_reg[1][15]_i_12_CO_UNCONNECTED[5]
folded_adder/NLW_partial_reg[1][15]_i_12_CO_UNCONNECTED[6]
folded_adder/NLW_partial_reg[1][15]_i_125_CO_UNCONNECTED[0]
folded_adder/NLW_partial_reg[1][15]_i_125_CO_UNCONNECTED[1]
folded_adder/NLW_partial_reg[1][15]_i_125_CO_UNCONNECTED[2]
folded_adder/NLW_partial_reg[1][15]_i_125_CO_UNCONNECTED[3]
folded_adder/NLW_partial_reg[1][15]_i_125_CO_UNCONNECTED[4]
folded_adder/NLW_partial_reg[1][15]_i_125_CO_UNCONNECTED[5]
folded_adder/NLW_partial_reg[1][15]_i_125_CO_UNCONNECTED[6]
folded_adder/NLW_partial_reg[1][15]_i_126_CO_UNCONNECTED[0]
folded_adder/NLW_partial_reg[1][15]_i_126_CO_UNCONNECTED[1]
folded_adder/NLW_partial_reg[1][15]_i_126_CO_UNCONNECTED[2]
folded_adder/NLW_partial_reg[1][15]_i_126_CO_UNCONNECTED[3]
folded_adder/NLW_partial_reg[1][15]_i_126_CO_UNCONNECTED[4]
folded_adder/NLW_partial_reg[1][15]_i_126_CO_UNCONNECTED[5]
folded_adder/NLW_partial_reg[1][15]_i_126_CO_UNCONNECTED[6]
folded_adder/NLW_partial_reg[1][15]_i_135_CO_UNCONNECTED[0]
folded_adder/NLW_partial_reg[1][15]_i_135_CO_UNCONNECTED[1]
folded_adder/NLW_partial_reg[1][15]_i_135_CO_UNCONNECTED[2]
folded_adder/NLW_partial_reg[1][15]_i_135_CO_UNCONNECTED[3]
folded_adder/NLW_partial_reg[1][15]_i_135_CO_UNCONNECTED[4]
folded_adder/NLW_partial_reg[1][15]_i_135_CO_UNCONNECTED[5]
folded_adder/NLW_partial_reg[1][15]_i_135_CO_UNCONNECTED[6]
folded_adder/NLW_partial_reg[1][15]_i_144_CO_UNCONNECTED[0]
folded_adder/NLW_partial_reg[1][15]_i_144_CO_UNCONNECTED[1]
folded_adder/NLW_partial_reg[1][15]_i_144_CO_UNCONNECTED[2]
folded_adder/NLW_partial_reg[1][15]_i_144_CO_UNCONNECTED[3]
folded_adder/NLW_partial_reg[1][15]_i_144_CO_UNCONNECTED[4]
folded_adder/NLW_partial_reg[1][15]_i_144_CO_UNCONNECTED[5]
folded_adder/NLW_partial_reg[1][15]_i_144_CO_UNCONNECTED[6]
folded_adder/NLW_partial_reg[1][15]_i_145_CO_UNCONNECTED[0]
folded_adder/NLW_partial_reg[1][15]_i_145_CO_UNCONNECTED[1]
folded_adder/NLW_partial_reg[1][15]_i_145_CO_UNCONNECTED[2]
folded_adder/NLW_partial_reg[1][15]_i_145_CO_UNCONNECTED[3]
folded_adder/NLW_partial_reg[1][15]_i_145_CO_UNCONNECTED[4]
folded_adder/NLW_partial_reg[1][15]_i_145_CO_UNCONNECTED[5]
folded_adder/NLW_partial_reg[1][15]_i_145_CO_UNCONNECTED[6]
folded_adder/NLW_partial_reg[1][15]_i_154_CO_UNCONNECTED[0]
folded_adder/NLW_partial_reg[1][15]_i_154_CO_UNCONNECTED[1]
folded_adder/NLW_partial_reg[1][15]_i_154_CO_UNCONNECTED[2]
folded_adder/NLW_partial_reg[1][15]_i_154_CO_UNCONNECTED[3]
folded_adder/NLW_partial_reg[1][15]_i_154_CO_UNCONNECTED[4]
folded_adder/NLW_partial_reg[1][15]_i_154_CO_UNCONNECTED[5]
folded_adder/NLW_partial_reg[1][15]_i_154_CO_UNCONNECTED[6]
folded_adder/NLW_partial_reg[1][15]_i_155_CO_UNCONNECTED[0]
folded_adder/NLW_partial_reg[1][15]_i_155_CO_UNCONNECTED[1]
folded_adder/NLW_partial_reg[1][15]_i_155_CO_UNCONNECTED[2]
folded_adder/NLW_partial_reg[1][15]_i_155_CO_UNCONNECTED[3]
folded_adder/NLW_partial_reg[1][15]_i_155_CO_UNCONNECTED[4]
folded_adder/NLW_partial_reg[1][15]_i_155_CO_UNCONNECTED[5]
folded_adder/NLW_partial_reg[1][15]_i_155_CO_UNCONNECTED[6]
folded_adder/NLW_partial_reg[1][15]_i_164_CO_UNCONNECTED[0]
folded_adder/NLW_partial_reg[1][15]_i_164_CO_UNCONNECTED[1]
folded_adder/NLW_partial_reg[1][15]_i_164_CO_UNCONNECTED[2]
folded_adder/NLW_partial_reg[1][15]_i_164_CO_UNCONNECTED[3]
folded_adder/NLW_partial_reg[1][15]_i_164_CO_UNCONNECTED[4]
folded_adder/NLW_partial_reg[1][15]_i_164_CO_UNCONNECTED[5]
folded_adder/NLW_partial_reg[1][15]_i_164_CO_UNCONNECTED[6]
folded_adder/NLW_partial_reg[1][15]_i_173_CO_UNCONNECTED[0]
folded_adder/NLW_partial_reg[1][15]_i_173_CO_UNCONNECTED[1]
folded_adder/NLW_partial_reg[1][15]_i_173_CO_UNCONNECTED[2]
folded_adder/NLW_partial_reg[1][15]_i_173_CO_UNCONNECTED[3]
folded_adder/NLW_partial_reg[1][15]_i_173_CO_UNCONNECTED[4]
folded_adder/NLW_partial_reg[1][15]_i_173_CO_UNCONNECTED[5]
folded_adder/NLW_partial_reg[1][15]_i_173_CO_UNCONNECTED[6]
folded_adder/NLW_partial_reg[1][15]_i_174_CO_UNCONNECTED[0]
folded_adder/NLW_partial_reg[1][15]_i_174_CO_UNCONNECTED[1]
folded_adder/NLW_partial_reg[1][15]_i_174_CO_UNCONNECTED[2]
folded_adder/NLW_partial_reg[1][15]_i_174_CO_UNCONNECTED[3]
folded_adder/NLW_partial_reg[1][15]_i_174_CO_UNCONNECTED[4]
folded_adder/NLW_partial_reg[1][15]_i_174_CO_UNCONNECTED[5]
folded_adder/NLW_partial_reg[1][15]_i_174_CO_UNCONNECTED[6]
folded_adder/NLW_partial_reg[1][15]_i_183_CO_UNCONNECTED[0]
folded_adder/NLW_partial_reg[1][15]_i_183_CO_UNCONNECTED[1]
folded_adder/NLW_partial_reg[1][15]_i_183_CO_UNCONNECTED[2]
folded_adder/NLW_partial_reg[1][15]_i_183_CO_UNCONNECTED[3]
folded_adder/NLW_partial_reg[1][15]_i_183_CO_UNCONNECTED[4]
folded_adder/NLW_partial_reg[1][15]_i_183_CO_UNCONNECTED[5]
folded_adder/NLW_partial_reg[1][15]_i_183_CO_UNCONNECTED[6]
folded_adder/NLW_partial_reg[1][15]_i_184_CO_UNCONNECTED[0]
folded_adder/NLW_partial_reg[1][15]_i_184_CO_UNCONNECTED[1]
folded_adder/NLW_partial_reg[1][15]_i_184_CO_UNCONNECTED[2]
folded_adder/NLW_partial_reg[1][15]_i_184_CO_UNCONNECTED[3]
folded_adder/NLW_partial_reg[1][15]_i_184_CO_UNCONNECTED[4]
folded_adder/NLW_partial_reg[1][15]_i_184_CO_UNCONNECTED[5]
folded_adder/NLW_partial_reg[1][15]_i_184_CO_UNCONNECTED[6]
folded_adder/NLW_partial_reg[1][15]_i_2_CO_UNCONNECTED[0]
folded_adder/NLW_partial_reg[1][15]_i_2_CO_UNCONNECTED[1]
folded_adder/NLW_partial_reg[1][15]_i_2_CO_UNCONNECTED[2]
folded_adder/NLW_partial_reg[1][15]_i_2_CO_UNCONNECTED[3]
folded_adder/NLW_partial_reg[1][15]_i_2_CO_UNCONNECTED[4]
folded_adder/NLW_partial_reg[1][15]_i_2_CO_UNCONNECTED[5]
folded_adder/NLW_partial_reg[1][15]_i_2_CO_UNCONNECTED[6]
folded_adder/NLW_partial_reg[1][15]_i_209_CO_UNCONNECTED[0]
folded_adder/NLW_partial_reg[1][15]_i_209_CO_UNCONNECTED[1]
folded_adder/NLW_partial_reg[1][15]_i_209_CO_UNCONNECTED[2]
folded_adder/NLW_partial_reg[1][15]_i_209_CO_UNCONNECTED[3]
folded_adder/NLW_partial_reg[1][15]_i_209_CO_UNCONNECTED[4]
folded_adder/NLW_partial_reg[1][15]_i_209_CO_UNCONNECTED[5]
folded_adder/NLW_partial_reg[1][15]_i_209_CO_UNCONNECTED[6]
folded_adder/NLW_partial_reg[1][15]_i_210_CO_UNCONNECTED[0]
folded_adder/NLW_partial_reg[1][15]_i_210_CO_UNCONNECTED[1]
folded_adder/NLW_partial_reg[1][15]_i_210_CO_UNCONNECTED[2]
folded_adder/NLW_partial_reg[1][15]_i_210_CO_UNCONNECTED[3]
folded_adder/NLW_partial_reg[1][15]_i_210_CO_UNCONNECTED[4]
folded_adder/NLW_partial_reg[1][15]_i_210_CO_UNCONNECTED[5]
folded_adder/NLW_partial_reg[1][15]_i_210_CO_UNCONNECTED[6]
folded_adder/NLW_partial_reg[1][15]_i_219_CO_UNCONNECTED[0]
folded_adder/NLW_partial_reg[1][15]_i_219_CO_UNCONNECTED[1]
folded_adder/NLW_partial_reg[1][15]_i_219_CO_UNCONNECTED[2]
folded_adder/NLW_partial_reg[1][15]_i_219_CO_UNCONNECTED[3]
folded_adder/NLW_partial_reg[1][15]_i_219_CO_UNCONNECTED[4]
folded_adder/NLW_partial_reg[1][15]_i_219_CO_UNCONNECTED[5]
folded_adder/NLW_partial_reg[1][15]_i_219_CO_UNCONNECTED[6]
folded_adder/NLW_partial_reg[1][15]_i_228_CO_UNCONNECTED[0]
folded_adder/NLW_partial_reg[1][15]_i_228_CO_UNCONNECTED[1]
folded_adder/NLW_partial_reg[1][15]_i_228_CO_UNCONNECTED[2]
folded_adder/NLW_partial_reg[1][15]_i_228_CO_UNCONNECTED[3]
folded_adder/NLW_partial_reg[1][15]_i_228_CO_UNCONNECTED[4]
folded_adder/NLW_partial_reg[1][15]_i_228_CO_UNCONNECTED[5]
folded_adder/NLW_partial_reg[1][15]_i_228_CO_UNCONNECTED[6]
folded_adder/NLW_partial_reg[1][15]_i_229_CO_UNCONNECTED[0]
folded_adder/NLW_partial_reg[1][15]_i_229_CO_UNCONNECTED[1]
folded_adder/NLW_partial_reg[1][15]_i_229_CO_UNCONNECTED[2]
folded_adder/NLW_partial_reg[1][15]_i_229_CO_UNCONNECTED[3]
folded_adder/NLW_partial_reg[1][15]_i_229_CO_UNCONNECTED[4]
folded_adder/NLW_partial_reg[1][15]_i_229_CO_UNCONNECTED[5]
folded_adder/NLW_partial_reg[1][15]_i_229_CO_UNCONNECTED[6]
folded_adder/NLW_partial_reg[1][15]_i_238_CO_UNCONNECTED[0]
folded_adder/NLW_partial_reg[1][15]_i_238_CO_UNCONNECTED[1]
folded_adder/NLW_partial_reg[1][15]_i_238_CO_UNCONNECTED[2]
folded_adder/NLW_partial_reg[1][15]_i_238_CO_UNCONNECTED[3]
folded_adder/NLW_partial_reg[1][15]_i_238_CO_UNCONNECTED[4]
folded_adder/NLW_partial_reg[1][15]_i_238_CO_UNCONNECTED[5]
folded_adder/NLW_partial_reg[1][15]_i_238_CO_UNCONNECTED[6]
folded_adder/NLW_partial_reg[1][15]_i_239_CO_UNCONNECTED[0]
folded_adder/NLW_partial_reg[1][15]_i_239_CO_UNCONNECTED[1]
folded_adder/NLW_partial_reg[1][15]_i_239_CO_UNCONNECTED[2]
folded_adder/NLW_partial_reg[1][15]_i_239_CO_UNCONNECTED[3]
folded_adder/NLW_partial_reg[1][15]_i_239_CO_UNCONNECTED[4]
folded_adder/NLW_partial_reg[1][15]_i_239_CO_UNCONNECTED[5]
folded_adder/NLW_partial_reg[1][15]_i_239_CO_UNCONNECTED[6]
folded_adder/NLW_partial_reg[1][15]_i_248_CO_UNCONNECTED[0]
folded_adder/NLW_partial_reg[1][15]_i_248_CO_UNCONNECTED[1]
folded_adder/NLW_partial_reg[1][15]_i_248_CO_UNCONNECTED[2]
folded_adder/NLW_partial_reg[1][15]_i_248_CO_UNCONNECTED[3]
folded_adder/NLW_partial_reg[1][15]_i_248_CO_UNCONNECTED[4]
folded_adder/NLW_partial_reg[1][15]_i_248_CO_UNCONNECTED[5]
folded_adder/NLW_partial_reg[1][15]_i_248_CO_UNCONNECTED[6]
folded_adder/NLW_partial_reg[1][15]_i_257_CO_UNCONNECTED[0]
folded_adder/NLW_partial_reg[1][15]_i_257_CO_UNCONNECTED[1]
folded_adder/NLW_partial_reg[1][15]_i_257_CO_UNCONNECTED[2]
folded_adder/NLW_partial_reg[1][15]_i_257_CO_UNCONNECTED[3]
folded_adder/NLW_partial_reg[1][15]_i_257_CO_UNCONNECTED[4]
folded_adder/NLW_partial_reg[1][15]_i_257_CO_UNCONNECTED[5]
folded_adder/NLW_partial_reg[1][15]_i_257_CO_UNCONNECTED[6]
folded_adder/NLW_partial_reg[1][15]_i_258_CO_UNCONNECTED[0]
folded_adder/NLW_partial_reg[1][15]_i_258_CO_UNCONNECTED[1]
folded_adder/NLW_partial_reg[1][15]_i_258_CO_UNCONNECTED[2]
folded_adder/NLW_partial_reg[1][15]_i_258_CO_UNCONNECTED[3]
folded_adder/NLW_partial_reg[1][15]_i_258_CO_UNCONNECTED[4]
folded_adder/NLW_partial_reg[1][15]_i_258_CO_UNCONNECTED[5]
folded_adder/NLW_partial_reg[1][15]_i_258_CO_UNCONNECTED[6]
folded_adder/NLW_partial_reg[1][15]_i_267_CO_UNCONNECTED[0]
folded_adder/NLW_partial_reg[1][15]_i_267_CO_UNCONNECTED[1]
folded_adder/NLW_partial_reg[1][15]_i_267_CO_UNCONNECTED[2]
folded_adder/NLW_partial_reg[1][15]_i_267_CO_UNCONNECTED[3]
folded_adder/NLW_partial_reg[1][15]_i_267_CO_UNCONNECTED[4]
folded_adder/NLW_partial_reg[1][15]_i_267_CO_UNCONNECTED[5]
folded_adder/NLW_partial_reg[1][15]_i_267_CO_UNCONNECTED[6]
folded_adder/NLW_partial_reg[1][15]_i_276_CO_UNCONNECTED[0]
folded_adder/NLW_partial_reg[1][15]_i_276_CO_UNCONNECTED[1]
folded_adder/NLW_partial_reg[1][15]_i_276_CO_UNCONNECTED[2]
folded_adder/NLW_partial_reg[1][15]_i_276_CO_UNCONNECTED[3]
folded_adder/NLW_partial_reg[1][15]_i_276_CO_UNCONNECTED[4]
folded_adder/NLW_partial_reg[1][15]_i_276_CO_UNCONNECTED[5]
folded_adder/NLW_partial_reg[1][15]_i_276_CO_UNCONNECTED[6]
folded_adder/NLW_partial_reg[1][15]_i_3_CO_UNCONNECTED[0]
folded_adder/NLW_partial_reg[1][15]_i_3_CO_UNCONNECTED[1]
folded_adder/NLW_partial_reg[1][15]_i_3_CO_UNCONNECTED[2]
folded_adder/NLW_partial_reg[1][15]_i_3_CO_UNCONNECTED[3]
folded_adder/NLW_partial_reg[1][15]_i_3_CO_UNCONNECTED[4]
folded_adder/NLW_partial_reg[1][15]_i_3_CO_UNCONNECTED[5]
folded_adder/NLW_partial_reg[1][15]_i_3_CO_UNCONNECTED[6]
folded_adder/NLW_partial_reg[1][15]_i_310_CO_UNCONNECTED[0]
folded_adder/NLW_partial_reg[1][15]_i_310_CO_UNCONNECTED[1]
folded_adder/NLW_partial_reg[1][15]_i_310_CO_UNCONNECTED[2]
folded_adder/NLW_partial_reg[1][15]_i_310_CO_UNCONNECTED[3]
folded_adder/NLW_partial_reg[1][15]_i_310_CO_UNCONNECTED[4]
folded_adder/NLW_partial_reg[1][15]_i_310_CO_UNCONNECTED[5]
folded_adder/NLW_partial_reg[1][15]_i_310_CO_UNCONNECTED[6]
folded_adder/NLW_partial_reg[1][15]_i_327_CO_UNCONNECTED[0]
folded_adder/NLW_partial_reg[1][15]_i_327_CO_UNCONNECTED[1]
folded_adder/NLW_partial_reg[1][15]_i_327_CO_UNCONNECTED[2]
folded_adder/NLW_partial_reg[1][15]_i_327_CO_UNCONNECTED[3]
folded_adder/NLW_partial_reg[1][15]_i_327_CO_UNCONNECTED[4]
folded_adder/NLW_partial_reg[1][15]_i_327_CO_UNCONNECTED[5]
folded_adder/NLW_partial_reg[1][15]_i_327_CO_UNCONNECTED[6]
folded_adder/NLW_partial_reg[1][15]_i_328_CO_UNCONNECTED[0]
folded_adder/NLW_partial_reg[1][15]_i_328_CO_UNCONNECTED[1]
folded_adder/NLW_partial_reg[1][15]_i_328_CO_UNCONNECTED[2]
folded_adder/NLW_partial_reg[1][15]_i_328_CO_UNCONNECTED[3]
folded_adder/NLW_partial_reg[1][15]_i_328_CO_UNCONNECTED[4]
folded_adder/NLW_partial_reg[1][15]_i_328_CO_UNCONNECTED[5]
folded_adder/NLW_partial_reg[1][15]_i_328_CO_UNCONNECTED[6]
folded_adder/NLW_partial_reg[1][15]_i_353_CO_UNCONNECTED[0]
folded_adder/NLW_partial_reg[1][15]_i_353_CO_UNCONNECTED[1]
folded_adder/NLW_partial_reg[1][15]_i_353_CO_UNCONNECTED[2]
folded_adder/NLW_partial_reg[1][15]_i_353_CO_UNCONNECTED[3]
folded_adder/NLW_partial_reg[1][15]_i_353_CO_UNCONNECTED[4]
folded_adder/NLW_partial_reg[1][15]_i_353_CO_UNCONNECTED[5]
folded_adder/NLW_partial_reg[1][15]_i_353_CO_UNCONNECTED[6]
folded_adder/NLW_partial_reg[1][15]_i_354_CO_UNCONNECTED[0]
folded_adder/NLW_partial_reg[1][15]_i_354_CO_UNCONNECTED[1]
folded_adder/NLW_partial_reg[1][15]_i_354_CO_UNCONNECTED[2]
folded_adder/NLW_partial_reg[1][15]_i_354_CO_UNCONNECTED[3]
folded_adder/NLW_partial_reg[1][15]_i_354_CO_UNCONNECTED[4]
folded_adder/NLW_partial_reg[1][15]_i_354_CO_UNCONNECTED[5]
folded_adder/NLW_partial_reg[1][15]_i_354_CO_UNCONNECTED[6]
folded_adder/NLW_partial_reg[1][15]_i_363_CO_UNCONNECTED[0]
folded_adder/NLW_partial_reg[1][15]_i_363_CO_UNCONNECTED[1]
folded_adder/NLW_partial_reg[1][15]_i_363_CO_UNCONNECTED[2]
folded_adder/NLW_partial_reg[1][15]_i_363_CO_UNCONNECTED[3]
folded_adder/NLW_partial_reg[1][15]_i_363_CO_UNCONNECTED[4]
folded_adder/NLW_partial_reg[1][15]_i_363_CO_UNCONNECTED[5]
folded_adder/NLW_partial_reg[1][15]_i_363_CO_UNCONNECTED[6]
folded_adder/NLW_partial_reg[1][15]_i_37_CO_UNCONNECTED[0]
folded_adder/NLW_partial_reg[1][15]_i_37_CO_UNCONNECTED[1]
folded_adder/NLW_partial_reg[1][15]_i_37_CO_UNCONNECTED[2]
folded_adder/NLW_partial_reg[1][15]_i_37_CO_UNCONNECTED[3]
folded_adder/NLW_partial_reg[1][15]_i_37_CO_UNCONNECTED[4]
folded_adder/NLW_partial_reg[1][15]_i_37_CO_UNCONNECTED[5]
folded_adder/NLW_partial_reg[1][15]_i_37_CO_UNCONNECTED[6]
folded_adder/NLW_partial_reg[1][15]_i_372_CO_UNCONNECTED[0]
folded_adder/NLW_partial_reg[1][15]_i_372_CO_UNCONNECTED[1]
folded_adder/NLW_partial_reg[1][15]_i_372_CO_UNCONNECTED[2]
folded_adder/NLW_partial_reg[1][15]_i_372_CO_UNCONNECTED[3]
folded_adder/NLW_partial_reg[1][15]_i_372_CO_UNCONNECTED[4]
folded_adder/NLW_partial_reg[1][15]_i_372_CO_UNCONNECTED[5]
folded_adder/NLW_partial_reg[1][15]_i_372_CO_UNCONNECTED[6]
folded_adder/NLW_partial_reg[1][15]_i_389_CO_UNCONNECTED[0]
folded_adder/NLW_partial_reg[1][15]_i_389_CO_UNCONNECTED[1]
folded_adder/NLW_partial_reg[1][15]_i_389_CO_UNCONNECTED[2]
folded_adder/NLW_partial_reg[1][15]_i_389_CO_UNCONNECTED[3]
folded_adder/NLW_partial_reg[1][15]_i_389_CO_UNCONNECTED[4]
folded_adder/NLW_partial_reg[1][15]_i_389_CO_UNCONNECTED[5]
folded_adder/NLW_partial_reg[1][15]_i_389_CO_UNCONNECTED[6]
folded_adder/NLW_partial_reg[1][15]_i_390_CO_UNCONNECTED[0]
folded_adder/NLW_partial_reg[1][15]_i_390_CO_UNCONNECTED[1]
folded_adder/NLW_partial_reg[1][15]_i_390_CO_UNCONNECTED[2]
folded_adder/NLW_partial_reg[1][15]_i_390_CO_UNCONNECTED[3]
folded_adder/NLW_partial_reg[1][15]_i_390_CO_UNCONNECTED[4]
folded_adder/NLW_partial_reg[1][15]_i_390_CO_UNCONNECTED[5]
folded_adder/NLW_partial_reg[1][15]_i_390_CO_UNCONNECTED[6]
folded_adder/NLW_partial_reg[1][15]_i_399_CO_UNCONNECTED[0]
folded_adder/NLW_partial_reg[1][15]_i_399_CO_UNCONNECTED[1]
folded_adder/NLW_partial_reg[1][15]_i_399_CO_UNCONNECTED[2]
folded_adder/NLW_partial_reg[1][15]_i_399_CO_UNCONNECTED[3]
folded_adder/NLW_partial_reg[1][15]_i_399_CO_UNCONNECTED[4]
folded_adder/NLW_partial_reg[1][15]_i_399_CO_UNCONNECTED[5]
folded_adder/NLW_partial_reg[1][15]_i_399_CO_UNCONNECTED[6]
folded_adder/NLW_partial_reg[1][15]_i_408_CO_UNCONNECTED[0]
folded_adder/NLW_partial_reg[1][15]_i_408_CO_UNCONNECTED[1]
folded_adder/NLW_partial_reg[1][15]_i_408_CO_UNCONNECTED[2]
folded_adder/NLW_partial_reg[1][15]_i_408_CO_UNCONNECTED[3]
folded_adder/NLW_partial_reg[1][15]_i_408_CO_UNCONNECTED[4]
folded_adder/NLW_partial_reg[1][15]_i_408_CO_UNCONNECTED[5]
folded_adder/NLW_partial_reg[1][15]_i_408_CO_UNCONNECTED[6]
folded_adder/NLW_partial_reg[1][15]_i_409_CO_UNCONNECTED[0]
folded_adder/NLW_partial_reg[1][15]_i_409_CO_UNCONNECTED[1]
folded_adder/NLW_partial_reg[1][15]_i_409_CO_UNCONNECTED[2]
folded_adder/NLW_partial_reg[1][15]_i_409_CO_UNCONNECTED[3]
folded_adder/NLW_partial_reg[1][15]_i_409_CO_UNCONNECTED[4]
folded_adder/NLW_partial_reg[1][15]_i_409_CO_UNCONNECTED[5]
folded_adder/NLW_partial_reg[1][15]_i_409_CO_UNCONNECTED[6]
folded_adder/NLW_partial_reg[1][15]_i_418_CO_UNCONNECTED[0]
folded_adder/NLW_partial_reg[1][15]_i_418_CO_UNCONNECTED[1]
folded_adder/NLW_partial_reg[1][15]_i_418_CO_UNCONNECTED[2]
folded_adder/NLW_partial_reg[1][15]_i_418_CO_UNCONNECTED[3]
folded_adder/NLW_partial_reg[1][15]_i_418_CO_UNCONNECTED[4]
folded_adder/NLW_partial_reg[1][15]_i_418_CO_UNCONNECTED[5]
folded_adder/NLW_partial_reg[1][15]_i_418_CO_UNCONNECTED[6]
folded_adder/NLW_partial_reg[1][15]_i_419_CO_UNCONNECTED[0]
folded_adder/NLW_partial_reg[1][15]_i_419_CO_UNCONNECTED[1]
folded_adder/NLW_partial_reg[1][15]_i_419_CO_UNCONNECTED[2]
folded_adder/NLW_partial_reg[1][15]_i_419_CO_UNCONNECTED[3]
folded_adder/NLW_partial_reg[1][15]_i_419_CO_UNCONNECTED[4]
folded_adder/NLW_partial_reg[1][15]_i_419_CO_UNCONNECTED[5]
folded_adder/NLW_partial_reg[1][15]_i_419_CO_UNCONNECTED[6]
folded_adder/NLW_partial_reg[1][15]_i_46_CO_UNCONNECTED[0]
folded_adder/NLW_partial_reg[1][15]_i_46_CO_UNCONNECTED[1]
folded_adder/NLW_partial_reg[1][15]_i_46_CO_UNCONNECTED[2]
folded_adder/NLW_partial_reg[1][15]_i_46_CO_UNCONNECTED[3]
folded_adder/NLW_partial_reg[1][15]_i_46_CO_UNCONNECTED[4]
folded_adder/NLW_partial_reg[1][15]_i_46_CO_UNCONNECTED[5]
folded_adder/NLW_partial_reg[1][15]_i_46_CO_UNCONNECTED[6]
folded_adder/NLW_partial_reg[1][15]_i_479_CO_UNCONNECTED[0]
folded_adder/NLW_partial_reg[1][15]_i_479_CO_UNCONNECTED[1]
folded_adder/NLW_partial_reg[1][15]_i_479_CO_UNCONNECTED[2]
folded_adder/NLW_partial_reg[1][15]_i_479_CO_UNCONNECTED[3]
folded_adder/NLW_partial_reg[1][15]_i_479_CO_UNCONNECTED[4]
folded_adder/NLW_partial_reg[1][15]_i_479_CO_UNCONNECTED[5]
folded_adder/NLW_partial_reg[1][15]_i_479_CO_UNCONNECTED[6]
folded_adder/NLW_partial_reg[1][15]_i_513_CO_UNCONNECTED[0]
folded_adder/NLW_partial_reg[1][15]_i_513_CO_UNCONNECTED[1]
folded_adder/NLW_partial_reg[1][15]_i_513_CO_UNCONNECTED[2]
folded_adder/NLW_partial_reg[1][15]_i_513_CO_UNCONNECTED[3]
folded_adder/NLW_partial_reg[1][15]_i_513_CO_UNCONNECTED[4]
folded_adder/NLW_partial_reg[1][15]_i_513_CO_UNCONNECTED[5]
folded_adder/NLW_partial_reg[1][15]_i_513_CO_UNCONNECTED[6]
folded_adder/NLW_partial_reg[1][15]_i_530_CO_UNCONNECTED[0]
folded_adder/NLW_partial_reg[1][15]_i_530_CO_UNCONNECTED[1]
folded_adder/NLW_partial_reg[1][15]_i_530_CO_UNCONNECTED[2]
folded_adder/NLW_partial_reg[1][15]_i_530_CO_UNCONNECTED[3]
folded_adder/NLW_partial_reg[1][15]_i_530_CO_UNCONNECTED[4]
folded_adder/NLW_partial_reg[1][15]_i_530_CO_UNCONNECTED[5]
folded_adder/NLW_partial_reg[1][15]_i_530_CO_UNCONNECTED[6]
folded_adder/NLW_partial_reg[1][15]_i_531_CO_UNCONNECTED[0]
folded_adder/NLW_partial_reg[1][15]_i_531_CO_UNCONNECTED[1]
folded_adder/NLW_partial_reg[1][15]_i_531_CO_UNCONNECTED[2]
folded_adder/NLW_partial_reg[1][15]_i_531_CO_UNCONNECTED[3]
folded_adder/NLW_partial_reg[1][15]_i_531_CO_UNCONNECTED[4]
folded_adder/NLW_partial_reg[1][15]_i_531_CO_UNCONNECTED[5]
folded_adder/NLW_partial_reg[1][15]_i_531_CO_UNCONNECTED[6]
folded_adder/NLW_partial_reg[1][15]_i_573_CO_UNCONNECTED[0]
folded_adder/NLW_partial_reg[1][15]_i_573_CO_UNCONNECTED[1]
folded_adder/NLW_partial_reg[1][15]_i_573_CO_UNCONNECTED[2]
folded_adder/NLW_partial_reg[1][15]_i_573_CO_UNCONNECTED[3]
folded_adder/NLW_partial_reg[1][15]_i_573_CO_UNCONNECTED[4]
folded_adder/NLW_partial_reg[1][15]_i_573_CO_UNCONNECTED[5]
folded_adder/NLW_partial_reg[1][15]_i_573_CO_UNCONNECTED[6]
folded_adder/NLW_partial_reg[1][15]_i_590_CO_UNCONNECTED[0]
folded_adder/NLW_partial_reg[1][15]_i_590_CO_UNCONNECTED[1]
folded_adder/NLW_partial_reg[1][15]_i_590_CO_UNCONNECTED[2]
folded_adder/NLW_partial_reg[1][15]_i_590_CO_UNCONNECTED[3]
folded_adder/NLW_partial_reg[1][15]_i_590_CO_UNCONNECTED[4]
folded_adder/NLW_partial_reg[1][15]_i_590_CO_UNCONNECTED[5]
folded_adder/NLW_partial_reg[1][15]_i_590_CO_UNCONNECTED[6]
folded_adder/NLW_partial_reg[1][15]_i_591_CO_UNCONNECTED[0]
folded_adder/NLW_partial_reg[1][15]_i_591_CO_UNCONNECTED[1]
folded_adder/NLW_partial_reg[1][15]_i_591_CO_UNCONNECTED[2]
folded_adder/NLW_partial_reg[1][15]_i_591_CO_UNCONNECTED[3]
folded_adder/NLW_partial_reg[1][15]_i_591_CO_UNCONNECTED[4]
folded_adder/NLW_partial_reg[1][15]_i_591_CO_UNCONNECTED[5]
folded_adder/NLW_partial_reg[1][15]_i_591_CO_UNCONNECTED[6]
folded_adder/NLW_partial_reg[1][15]_i_616_CO_UNCONNECTED[0]
folded_adder/NLW_partial_reg[1][15]_i_616_CO_UNCONNECTED[1]
folded_adder/NLW_partial_reg[1][15]_i_616_CO_UNCONNECTED[2]
folded_adder/NLW_partial_reg[1][15]_i_616_CO_UNCONNECTED[3]
folded_adder/NLW_partial_reg[1][15]_i_616_CO_UNCONNECTED[4]
folded_adder/NLW_partial_reg[1][15]_i_616_CO_UNCONNECTED[5]
folded_adder/NLW_partial_reg[1][15]_i_616_CO_UNCONNECTED[6]
folded_adder/NLW_partial_reg[1][15]_i_617_CO_UNCONNECTED[0]
folded_adder/NLW_partial_reg[1][15]_i_617_CO_UNCONNECTED[1]
folded_adder/NLW_partial_reg[1][15]_i_617_CO_UNCONNECTED[2]
folded_adder/NLW_partial_reg[1][15]_i_617_CO_UNCONNECTED[3]
folded_adder/NLW_partial_reg[1][15]_i_617_CO_UNCONNECTED[4]
folded_adder/NLW_partial_reg[1][15]_i_617_CO_UNCONNECTED[5]
folded_adder/NLW_partial_reg[1][15]_i_617_CO_UNCONNECTED[6]
folded_adder/NLW_partial_reg[1][15]_i_626_CO_UNCONNECTED[0]
folded_adder/NLW_partial_reg[1][15]_i_626_CO_UNCONNECTED[1]
folded_adder/NLW_partial_reg[1][15]_i_626_CO_UNCONNECTED[2]
folded_adder/NLW_partial_reg[1][15]_i_626_CO_UNCONNECTED[3]
folded_adder/NLW_partial_reg[1][15]_i_626_CO_UNCONNECTED[4]
folded_adder/NLW_partial_reg[1][15]_i_626_CO_UNCONNECTED[5]
folded_adder/NLW_partial_reg[1][15]_i_626_CO_UNCONNECTED[6]
folded_adder/NLW_partial_reg[1][15]_i_635_CO_UNCONNECTED[0]
folded_adder/NLW_partial_reg[1][15]_i_635_CO_UNCONNECTED[1]
folded_adder/NLW_partial_reg[1][15]_i_635_CO_UNCONNECTED[2]
folded_adder/NLW_partial_reg[1][15]_i_635_CO_UNCONNECTED[3]
folded_adder/NLW_partial_reg[1][15]_i_635_CO_UNCONNECTED[4]
folded_adder/NLW_partial_reg[1][15]_i_635_CO_UNCONNECTED[5]
folded_adder/NLW_partial_reg[1][15]_i_635_CO_UNCONNECTED[6]
folded_adder/NLW_partial_reg[1][15]_i_706_CO_UNCONNECTED[0]
folded_adder/NLW_partial_reg[1][15]_i_706_CO_UNCONNECTED[1]
folded_adder/NLW_partial_reg[1][15]_i_706_CO_UNCONNECTED[2]
folded_adder/NLW_partial_reg[1][15]_i_706_CO_UNCONNECTED[3]
folded_adder/NLW_partial_reg[1][15]_i_706_CO_UNCONNECTED[4]
folded_adder/NLW_partial_reg[1][15]_i_706_CO_UNCONNECTED[5]
folded_adder/NLW_partial_reg[1][15]_i_706_CO_UNCONNECTED[6]
folded_adder/NLW_partial_reg[1][15]_i_758_CO_UNCONNECTED[0]
folded_adder/NLW_partial_reg[1][15]_i_758_CO_UNCONNECTED[1]
folded_adder/NLW_partial_reg[1][15]_i_758_CO_UNCONNECTED[2]
folded_adder/NLW_partial_reg[1][15]_i_758_CO_UNCONNECTED[3]
folded_adder/NLW_partial_reg[1][15]_i_758_CO_UNCONNECTED[4]
folded_adder/NLW_partial_reg[1][15]_i_758_CO_UNCONNECTED[5]
folded_adder/NLW_partial_reg[1][15]_i_758_CO_UNCONNECTED[6]
folded_adder/NLW_partial_reg[1][15]_i_792_CO_UNCONNECTED[0]
folded_adder/NLW_partial_reg[1][15]_i_792_CO_UNCONNECTED[1]
folded_adder/NLW_partial_reg[1][15]_i_792_CO_UNCONNECTED[2]
folded_adder/NLW_partial_reg[1][15]_i_792_CO_UNCONNECTED[3]
folded_adder/NLW_partial_reg[1][15]_i_792_CO_UNCONNECTED[4]
folded_adder/NLW_partial_reg[1][15]_i_792_CO_UNCONNECTED[5]
folded_adder/NLW_partial_reg[1][15]_i_792_CO_UNCONNECTED[6]
folded_adder/NLW_partial_reg[1][15]_i_809_CO_UNCONNECTED[0]
folded_adder/NLW_partial_reg[1][15]_i_809_CO_UNCONNECTED[1]
folded_adder/NLW_partial_reg[1][15]_i_809_CO_UNCONNECTED[2]
folded_adder/NLW_partial_reg[1][15]_i_809_CO_UNCONNECTED[3]
folded_adder/NLW_partial_reg[1][15]_i_809_CO_UNCONNECTED[4]
folded_adder/NLW_partial_reg[1][15]_i_809_CO_UNCONNECTED[5]
folded_adder/NLW_partial_reg[1][15]_i_809_CO_UNCONNECTED[6]
folded_adder/NLW_partial_reg[1][15]_i_810_CO_UNCONNECTED[0]
folded_adder/NLW_partial_reg[1][15]_i_810_CO_UNCONNECTED[1]
folded_adder/NLW_partial_reg[1][15]_i_810_CO_UNCONNECTED[2]
folded_adder/NLW_partial_reg[1][15]_i_810_CO_UNCONNECTED[3]
folded_adder/NLW_partial_reg[1][15]_i_810_CO_UNCONNECTED[4]
folded_adder/NLW_partial_reg[1][15]_i_810_CO_UNCONNECTED[5]
folded_adder/NLW_partial_reg[1][15]_i_810_CO_UNCONNECTED[6]
folded_adder/NLW_partial_reg[1][15]_i_909_CO_UNCONNECTED[0]
folded_adder/NLW_partial_reg[1][15]_i_909_CO_UNCONNECTED[1]
folded_adder/NLW_partial_reg[1][15]_i_909_CO_UNCONNECTED[2]
folded_adder/NLW_partial_reg[1][15]_i_909_CO_UNCONNECTED[3]
folded_adder/NLW_partial_reg[1][15]_i_909_CO_UNCONNECTED[4]
folded_adder/NLW_partial_reg[1][15]_i_909_CO_UNCONNECTED[5]
folded_adder/NLW_partial_reg[1][15]_i_909_CO_UNCONNECTED[6]
folded_adder/NLW_partial_reg[1][15]_i_93_CO_UNCONNECTED[0]
folded_adder/NLW_partial_reg[1][15]_i_93_CO_UNCONNECTED[1]
folded_adder/NLW_partial_reg[1][15]_i_93_CO_UNCONNECTED[2]
folded_adder/NLW_partial_reg[1][15]_i_93_CO_UNCONNECTED[3]
folded_adder/NLW_partial_reg[1][15]_i_93_CO_UNCONNECTED[4]
folded_adder/NLW_partial_reg[1][15]_i_93_CO_UNCONNECTED[5]
folded_adder/NLW_partial_reg[1][15]_i_93_CO_UNCONNECTED[6]
folded_adder/NLW_partial_reg[1][23]_i_113_CO_UNCONNECTED[0]
folded_adder/NLW_partial_reg[1][23]_i_113_CO_UNCONNECTED[1]
folded_adder/NLW_partial_reg[1][23]_i_113_CO_UNCONNECTED[2]
folded_adder/NLW_partial_reg[1][23]_i_113_CO_UNCONNECTED[3]
folded_adder/NLW_partial_reg[1][23]_i_113_CO_UNCONNECTED[4]
folded_adder/NLW_partial_reg[1][23]_i_113_CO_UNCONNECTED[5]
folded_adder/NLW_partial_reg[1][23]_i_113_CO_UNCONNECTED[6]
folded_adder/NLW_partial_reg[1][23]_i_113_CO_UNCONNECTED[7]
folded_adder/NLW_partial_reg[1][23]_i_113_DI_UNCONNECTED[2]
folded_adder/NLW_partial_reg[1][23]_i_113_DI_UNCONNECTED[3]
folded_adder/NLW_partial_reg[1][23]_i_113_DI_UNCONNECTED[4]
folded_adder/NLW_partial_reg[1][23]_i_113_DI_UNCONNECTED[5]
folded_adder/NLW_partial_reg[1][23]_i_113_DI_UNCONNECTED[6]
folded_adder/NLW_partial_reg[1][23]_i_113_DI_UNCONNECTED[7]
folded_adder/NLW_partial_reg[1][23]_i_113_O_UNCONNECTED[1]
folded_adder/NLW_partial_reg[1][23]_i_113_O_UNCONNECTED[2]
folded_adder/NLW_partial_reg[1][23]_i_113_O_UNCONNECTED[3]
folded_adder/NLW_partial_reg[1][23]_i_113_O_UNCONNECTED[4]
folded_adder/NLW_partial_reg[1][23]_i_113_O_UNCONNECTED[5]
folded_adder/NLW_partial_reg[1][23]_i_113_O_UNCONNECTED[6]
folded_adder/NLW_partial_reg[1][23]_i_113_O_UNCONNECTED[7]
folded_adder/NLW_partial_reg[1][23]_i_113_S_UNCONNECTED[2]
folded_adder/NLW_partial_reg[1][23]_i_113_S_UNCONNECTED[3]
folded_adder/NLW_partial_reg[1][23]_i_113_S_UNCONNECTED[4]
folded_adder/NLW_partial_reg[1][23]_i_113_S_UNCONNECTED[5]
folded_adder/NLW_partial_reg[1][23]_i_113_S_UNCONNECTED[6]
folded_adder/NLW_partial_reg[1][23]_i_113_S_UNCONNECTED[7]
folded_adder/NLW_partial_reg[1][23]_i_116_CO_UNCONNECTED[0]
folded_adder/NLW_partial_reg[1][23]_i_116_CO_UNCONNECTED[1]
folded_adder/NLW_partial_reg[1][23]_i_116_CO_UNCONNECTED[2]
folded_adder/NLW_partial_reg[1][23]_i_116_CO_UNCONNECTED[3]
folded_adder/NLW_partial_reg[1][23]_i_116_CO_UNCONNECTED[4]
folded_adder/NLW_partial_reg[1][23]_i_116_CO_UNCONNECTED[5]
folded_adder/NLW_partial_reg[1][23]_i_116_CO_UNCONNECTED[6]
folded_adder/NLW_partial_reg[1][23]_i_116_CO_UNCONNECTED[7]
folded_adder/NLW_partial_reg[1][23]_i_116_DI_UNCONNECTED[3]
folded_adder/NLW_partial_reg[1][23]_i_116_DI_UNCONNECTED[4]
folded_adder/NLW_partial_reg[1][23]_i_116_DI_UNCONNECTED[5]
folded_adder/NLW_partial_reg[1][23]_i_116_DI_UNCONNECTED[6]
folded_adder/NLW_partial_reg[1][23]_i_116_DI_UNCONNECTED[7]
folded_adder/NLW_partial_reg[1][23]_i_116_O_UNCONNECTED[2]
folded_adder/NLW_partial_reg[1][23]_i_116_O_UNCONNECTED[3]
folded_adder/NLW_partial_reg[1][23]_i_116_O_UNCONNECTED[4]
folded_adder/NLW_partial_reg[1][23]_i_116_O_UNCONNECTED[5]
folded_adder/NLW_partial_reg[1][23]_i_116_O_UNCONNECTED[6]
folded_adder/NLW_partial_reg[1][23]_i_116_O_UNCONNECTED[7]
folded_adder/NLW_partial_reg[1][23]_i_116_S_UNCONNECTED[3]
folded_adder/NLW_partial_reg[1][23]_i_116_S_UNCONNECTED[4]
folded_adder/NLW_partial_reg[1][23]_i_116_S_UNCONNECTED[5]
folded_adder/NLW_partial_reg[1][23]_i_116_S_UNCONNECTED[6]
folded_adder/NLW_partial_reg[1][23]_i_116_S_UNCONNECTED[7]
folded_adder/NLW_partial_reg[1][23]_i_117_CO_UNCONNECTED[0]
folded_adder/NLW_partial_reg[1][23]_i_117_CO_UNCONNECTED[1]
folded_adder/NLW_partial_reg[1][23]_i_117_CO_UNCONNECTED[2]
folded_adder/NLW_partial_reg[1][23]_i_117_CO_UNCONNECTED[3]
folded_adder/NLW_partial_reg[1][23]_i_117_CO_UNCONNECTED[4]
folded_adder/NLW_partial_reg[1][23]_i_117_CO_UNCONNECTED[5]
folded_adder/NLW_partial_reg[1][23]_i_117_CO_UNCONNECTED[6]
folded_adder/NLW_partial_reg[1][23]_i_117_CO_UNCONNECTED[7]
folded_adder/NLW_partial_reg[1][23]_i_117_DI_UNCONNECTED[3]
folded_adder/NLW_partial_reg[1][23]_i_117_DI_UNCONNECTED[4]
folded_adder/NLW_partial_reg[1][23]_i_117_DI_UNCONNECTED[5]
folded_adder/NLW_partial_reg[1][23]_i_117_DI_UNCONNECTED[6]
folded_adder/NLW_partial_reg[1][23]_i_117_DI_UNCONNECTED[7]
folded_adder/NLW_partial_reg[1][23]_i_117_O_UNCONNECTED[2]
folded_adder/NLW_partial_reg[1][23]_i_117_O_UNCONNECTED[3]
folded_adder/NLW_partial_reg[1][23]_i_117_O_UNCONNECTED[4]
folded_adder/NLW_partial_reg[1][23]_i_117_O_UNCONNECTED[5]
folded_adder/NLW_partial_reg[1][23]_i_117_O_UNCONNECTED[6]
folded_adder/NLW_partial_reg[1][23]_i_117_O_UNCONNECTED[7]
folded_adder/NLW_partial_reg[1][23]_i_117_S_UNCONNECTED[3]
folded_adder/NLW_partial_reg[1][23]_i_117_S_UNCONNECTED[4]
folded_adder/NLW_partial_reg[1][23]_i_117_S_UNCONNECTED[5]
folded_adder/NLW_partial_reg[1][23]_i_117_S_UNCONNECTED[6]
folded_adder/NLW_partial_reg[1][23]_i_117_S_UNCONNECTED[7]
folded_adder/NLW_partial_reg[1][23]_i_121_CO_UNCONNECTED[0]
folded_adder/NLW_partial_reg[1][23]_i_121_CO_UNCONNECTED[1]
folded_adder/NLW_partial_reg[1][23]_i_121_CO_UNCONNECTED[2]
folded_adder/NLW_partial_reg[1][23]_i_121_CO_UNCONNECTED[3]
folded_adder/NLW_partial_reg[1][23]_i_121_CO_UNCONNECTED[4]
folded_adder/NLW_partial_reg[1][23]_i_121_CO_UNCONNECTED[5]
folded_adder/NLW_partial_reg[1][23]_i_121_CO_UNCONNECTED[6]
folded_adder/NLW_partial_reg[1][23]_i_121_CO_UNCONNECTED[7]
folded_adder/NLW_partial_reg[1][23]_i_121_DI_UNCONNECTED[3]
folded_adder/NLW_partial_reg[1][23]_i_121_DI_UNCONNECTED[4]
folded_adder/NLW_partial_reg[1][23]_i_121_DI_UNCONNECTED[5]
folded_adder/NLW_partial_reg[1][23]_i_121_DI_UNCONNECTED[6]
folded_adder/NLW_partial_reg[1][23]_i_121_DI_UNCONNECTED[7]
folded_adder/NLW_partial_reg[1][23]_i_121_O_UNCONNECTED[2]
folded_adder/NLW_partial_reg[1][23]_i_121_O_UNCONNECTED[3]
folded_adder/NLW_partial_reg[1][23]_i_121_O_UNCONNECTED[4]
folded_adder/NLW_partial_reg[1][23]_i_121_O_UNCONNECTED[5]
folded_adder/NLW_partial_reg[1][23]_i_121_O_UNCONNECTED[6]
folded_adder/NLW_partial_reg[1][23]_i_121_O_UNCONNECTED[7]
folded_adder/NLW_partial_reg[1][23]_i_121_S_UNCONNECTED[3]
folded_adder/NLW_partial_reg[1][23]_i_121_S_UNCONNECTED[4]
folded_adder/NLW_partial_reg[1][23]_i_121_S_UNCONNECTED[5]
folded_adder/NLW_partial_reg[1][23]_i_121_S_UNCONNECTED[6]
folded_adder/NLW_partial_reg[1][23]_i_121_S_UNCONNECTED[7]
folded_adder/NLW_partial_reg[1][23]_i_125_CO_UNCONNECTED[0]
folded_adder/NLW_partial_reg[1][23]_i_125_CO_UNCONNECTED[1]
folded_adder/NLW_partial_reg[1][23]_i_125_CO_UNCONNECTED[2]
folded_adder/NLW_partial_reg[1][23]_i_125_CO_UNCONNECTED[3]
folded_adder/NLW_partial_reg[1][23]_i_125_CO_UNCONNECTED[4]
folded_adder/NLW_partial_reg[1][23]_i_125_CO_UNCONNECTED[5]
folded_adder/NLW_partial_reg[1][23]_i_125_CO_UNCONNECTED[6]
folded_adder/NLW_partial_reg[1][23]_i_125_CO_UNCONNECTED[7]
folded_adder/NLW_partial_reg[1][23]_i_125_DI_UNCONNECTED[4]
folded_adder/NLW_partial_reg[1][23]_i_125_DI_UNCONNECTED[5]
folded_adder/NLW_partial_reg[1][23]_i_125_DI_UNCONNECTED[6]
folded_adder/NLW_partial_reg[1][23]_i_125_DI_UNCONNECTED[7]
folded_adder/NLW_partial_reg[1][23]_i_125_O_UNCONNECTED[3]
folded_adder/NLW_partial_reg[1][23]_i_125_O_UNCONNECTED[4]
folded_adder/NLW_partial_reg[1][23]_i_125_O_UNCONNECTED[5]
folded_adder/NLW_partial_reg[1][23]_i_125_O_UNCONNECTED[6]
folded_adder/NLW_partial_reg[1][23]_i_125_O_UNCONNECTED[7]
folded_adder/NLW_partial_reg[1][23]_i_125_S_UNCONNECTED[4]
folded_adder/NLW_partial_reg[1][23]_i_125_S_UNCONNECTED[5]
folded_adder/NLW_partial_reg[1][23]_i_125_S_UNCONNECTED[6]
folded_adder/NLW_partial_reg[1][23]_i_125_S_UNCONNECTED[7]
folded_adder/NLW_partial_reg[1][23]_i_126_CO_UNCONNECTED[1]
folded_adder/NLW_partial_reg[1][23]_i_126_CO_UNCONNECTED[2]
folded_adder/NLW_partial_reg[1][23]_i_126_CO_UNCONNECTED[3]
folded_adder/NLW_partial_reg[1][23]_i_126_CO_UNCONNECTED[4]
folded_adder/NLW_partial_reg[1][23]_i_126_CO_UNCONNECTED[5]
folded_adder/NLW_partial_reg[1][23]_i_126_CO_UNCONNECTED[6]
folded_adder/NLW_partial_reg[1][23]_i_126_CO_UNCONNECTED[7]
folded_adder/NLW_partial_reg[1][23]_i_126_DI_UNCONNECTED[1]
folded_adder/NLW_partial_reg[1][23]_i_126_DI_UNCONNECTED[2]
folded_adder/NLW_partial_reg[1][23]_i_126_DI_UNCONNECTED[3]
folded_adder/NLW_partial_reg[1][23]_i_126_DI_UNCONNECTED[4]
folded_adder/NLW_partial_reg[1][23]_i_126_DI_UNCONNECTED[5]
folded_adder/NLW_partial_reg[1][23]_i_126_DI_UNCONNECTED[6]
folded_adder/NLW_partial_reg[1][23]_i_126_DI_UNCONNECTED[7]
folded_adder/NLW_partial_reg[1][23]_i_126_O_UNCONNECTED[0]
folded_adder/NLW_partial_reg[1][23]_i_126_O_UNCONNECTED[1]
folded_adder/NLW_partial_reg[1][23]_i_126_O_UNCONNECTED[2]
folded_adder/NLW_partial_reg[1][23]_i_126_O_UNCONNECTED[3]
folded_adder/NLW_partial_reg[1][23]_i_126_O_UNCONNECTED[4]
folded_adder/NLW_partial_reg[1][23]_i_126_O_UNCONNECTED[5]
folded_adder/NLW_partial_reg[1][23]_i_126_O_UNCONNECTED[6]
folded_adder/NLW_partial_reg[1][23]_i_126_O_UNCONNECTED[7]
folded_adder/NLW_partial_reg[1][23]_i_126_S_UNCONNECTED[1]
folded_adder/NLW_partial_reg[1][23]_i_126_S_UNCONNECTED[2]
folded_adder/NLW_partial_reg[1][23]_i_126_S_UNCONNECTED[3]
folded_adder/NLW_partial_reg[1][23]_i_126_S_UNCONNECTED[4]
folded_adder/NLW_partial_reg[1][23]_i_126_S_UNCONNECTED[5]
folded_adder/NLW_partial_reg[1][23]_i_126_S_UNCONNECTED[6]
folded_adder/NLW_partial_reg[1][23]_i_126_S_UNCONNECTED[7]
folded_adder/NLW_partial_reg[1][23]_i_128_CO_UNCONNECTED[0]
folded_adder/NLW_partial_reg[1][23]_i_128_CO_UNCONNECTED[1]
folded_adder/NLW_partial_reg[1][23]_i_128_CO_UNCONNECTED[2]
folded_adder/NLW_partial_reg[1][23]_i_128_CO_UNCONNECTED[3]
folded_adder/NLW_partial_reg[1][23]_i_128_CO_UNCONNECTED[4]
folded_adder/NLW_partial_reg[1][23]_i_128_CO_UNCONNECTED[5]
folded_adder/NLW_partial_reg[1][23]_i_128_CO_UNCONNECTED[6]
folded_adder/NLW_partial_reg[1][23]_i_128_CO_UNCONNECTED[7]
folded_adder/NLW_partial_reg[1][23]_i_128_DI_UNCONNECTED[2]
folded_adder/NLW_partial_reg[1][23]_i_128_DI_UNCONNECTED[3]
folded_adder/NLW_partial_reg[1][23]_i_128_DI_UNCONNECTED[4]
folded_adder/NLW_partial_reg[1][23]_i_128_DI_UNCONNECTED[5]
folded_adder/NLW_partial_reg[1][23]_i_128_DI_UNCONNECTED[6]
folded_adder/NLW_partial_reg[1][23]_i_128_DI_UNCONNECTED[7]
folded_adder/NLW_partial_reg[1][23]_i_128_O_UNCONNECTED[1]
folded_adder/NLW_partial_reg[1][23]_i_128_O_UNCONNECTED[2]
folded_adder/NLW_partial_reg[1][23]_i_128_O_UNCONNECTED[3]
folded_adder/NLW_partial_reg[1][23]_i_128_O_UNCONNECTED[4]
folded_adder/NLW_partial_reg[1][23]_i_128_O_UNCONNECTED[5]
folded_adder/NLW_partial_reg[1][23]_i_128_O_UNCONNECTED[6]
folded_adder/NLW_partial_reg[1][23]_i_128_O_UNCONNECTED[7]
folded_adder/NLW_partial_reg[1][23]_i_128_S_UNCONNECTED[2]
folded_adder/NLW_partial_reg[1][23]_i_128_S_UNCONNECTED[3]
folded_adder/NLW_partial_reg[1][23]_i_128_S_UNCONNECTED[4]
folded_adder/NLW_partial_reg[1][23]_i_128_S_UNCONNECTED[5]
folded_adder/NLW_partial_reg[1][23]_i_128_S_UNCONNECTED[6]
folded_adder/NLW_partial_reg[1][23]_i_128_S_UNCONNECTED[7]
folded_adder/NLW_partial_reg[1][23]_i_129_CO_UNCONNECTED[0]
folded_adder/NLW_partial_reg[1][23]_i_129_CO_UNCONNECTED[1]
folded_adder/NLW_partial_reg[1][23]_i_129_CO_UNCONNECTED[2]
folded_adder/NLW_partial_reg[1][23]_i_129_CO_UNCONNECTED[3]
folded_adder/NLW_partial_reg[1][23]_i_129_CO_UNCONNECTED[4]
folded_adder/NLW_partial_reg[1][23]_i_129_CO_UNCONNECTED[5]
folded_adder/NLW_partial_reg[1][23]_i_129_CO_UNCONNECTED[6]
folded_adder/NLW_partial_reg[1][23]_i_129_CO_UNCONNECTED[7]
folded_adder/NLW_partial_reg[1][23]_i_129_DI_UNCONNECTED[2]
folded_adder/NLW_partial_reg[1][23]_i_129_DI_UNCONNECTED[3]
folded_adder/NLW_partial_reg[1][23]_i_129_DI_UNCONNECTED[4]
folded_adder/NLW_partial_reg[1][23]_i_129_DI_UNCONNECTED[5]
folded_adder/NLW_partial_reg[1][23]_i_129_DI_UNCONNECTED[6]
folded_adder/NLW_partial_reg[1][23]_i_129_DI_UNCONNECTED[7]
folded_adder/NLW_partial_reg[1][23]_i_129_O_UNCONNECTED[1]
folded_adder/NLW_partial_reg[1][23]_i_129_O_UNCONNECTED[2]
folded_adder/NLW_partial_reg[1][23]_i_129_O_UNCONNECTED[3]
folded_adder/NLW_partial_reg[1][23]_i_129_O_UNCONNECTED[4]
folded_adder/NLW_partial_reg[1][23]_i_129_O_UNCONNECTED[5]
folded_adder/NLW_partial_reg[1][23]_i_129_O_UNCONNECTED[6]
folded_adder/NLW_partial_reg[1][23]_i_129_O_UNCONNECTED[7]
folded_adder/NLW_partial_reg[1][23]_i_129_S_UNCONNECTED[2]
folded_adder/NLW_partial_reg[1][23]_i_129_S_UNCONNECTED[3]
folded_adder/NLW_partial_reg[1][23]_i_129_S_UNCONNECTED[4]
folded_adder/NLW_partial_reg[1][23]_i_129_S_UNCONNECTED[5]
folded_adder/NLW_partial_reg[1][23]_i_129_S_UNCONNECTED[6]
folded_adder/NLW_partial_reg[1][23]_i_129_S_UNCONNECTED[7]
folded_adder/NLW_partial_reg[1][23]_i_132_CO_UNCONNECTED[0]
folded_adder/NLW_partial_reg[1][23]_i_132_CO_UNCONNECTED[1]
folded_adder/NLW_partial_reg[1][23]_i_132_CO_UNCONNECTED[2]
folded_adder/NLW_partial_reg[1][23]_i_132_CO_UNCONNECTED[3]
folded_adder/NLW_partial_reg[1][23]_i_132_CO_UNCONNECTED[4]
folded_adder/NLW_partial_reg[1][23]_i_132_CO_UNCONNECTED[5]
folded_adder/NLW_partial_reg[1][23]_i_132_CO_UNCONNECTED[6]
folded_adder/NLW_partial_reg[1][23]_i_132_CO_UNCONNECTED[7]
folded_adder/NLW_partial_reg[1][23]_i_132_DI_UNCONNECTED[2]
folded_adder/NLW_partial_reg[1][23]_i_132_DI_UNCONNECTED[3]
folded_adder/NLW_partial_reg[1][23]_i_132_DI_UNCONNECTED[4]
folded_adder/NLW_partial_reg[1][23]_i_132_DI_UNCONNECTED[5]
folded_adder/NLW_partial_reg[1][23]_i_132_DI_UNCONNECTED[6]
folded_adder/NLW_partial_reg[1][23]_i_132_DI_UNCONNECTED[7]
folded_adder/NLW_partial_reg[1][23]_i_132_O_UNCONNECTED[1]
folded_adder/NLW_partial_reg[1][23]_i_132_O_UNCONNECTED[2]
folded_adder/NLW_partial_reg[1][23]_i_132_O_UNCONNECTED[3]
folded_adder/NLW_partial_reg[1][23]_i_132_O_UNCONNECTED[4]
folded_adder/NLW_partial_reg[1][23]_i_132_O_UNCONNECTED[5]
folded_adder/NLW_partial_reg[1][23]_i_132_O_UNCONNECTED[6]
folded_adder/NLW_partial_reg[1][23]_i_132_O_UNCONNECTED[7]
folded_adder/NLW_partial_reg[1][23]_i_132_S_UNCONNECTED[2]
folded_adder/NLW_partial_reg[1][23]_i_132_S_UNCONNECTED[3]
folded_adder/NLW_partial_reg[1][23]_i_132_S_UNCONNECTED[4]
folded_adder/NLW_partial_reg[1][23]_i_132_S_UNCONNECTED[5]
folded_adder/NLW_partial_reg[1][23]_i_132_S_UNCONNECTED[6]
folded_adder/NLW_partial_reg[1][23]_i_132_S_UNCONNECTED[7]
folded_adder/NLW_partial_reg[1][23]_i_135_CO_UNCONNECTED[0]
folded_adder/NLW_partial_reg[1][23]_i_135_CO_UNCONNECTED[1]
folded_adder/NLW_partial_reg[1][23]_i_135_CO_UNCONNECTED[2]
folded_adder/NLW_partial_reg[1][23]_i_135_CO_UNCONNECTED[3]
folded_adder/NLW_partial_reg[1][23]_i_135_CO_UNCONNECTED[4]
folded_adder/NLW_partial_reg[1][23]_i_135_CO_UNCONNECTED[5]
folded_adder/NLW_partial_reg[1][23]_i_135_CO_UNCONNECTED[6]
folded_adder/NLW_partial_reg[1][23]_i_135_CO_UNCONNECTED[7]
folded_adder/NLW_partial_reg[1][23]_i_135_DI_UNCONNECTED[3]
folded_adder/NLW_partial_reg[1][23]_i_135_DI_UNCONNECTED[4]
folded_adder/NLW_partial_reg[1][23]_i_135_DI_UNCONNECTED[5]
folded_adder/NLW_partial_reg[1][23]_i_135_DI_UNCONNECTED[6]
folded_adder/NLW_partial_reg[1][23]_i_135_DI_UNCONNECTED[7]
folded_adder/NLW_partial_reg[1][23]_i_135_O_UNCONNECTED[2]
folded_adder/NLW_partial_reg[1][23]_i_135_O_UNCONNECTED[3]
folded_adder/NLW_partial_reg[1][23]_i_135_O_UNCONNECTED[4]
folded_adder/NLW_partial_reg[1][23]_i_135_O_UNCONNECTED[5]
folded_adder/NLW_partial_reg[1][23]_i_135_O_UNCONNECTED[6]
folded_adder/NLW_partial_reg[1][23]_i_135_O_UNCONNECTED[7]
folded_adder/NLW_partial_reg[1][23]_i_135_S_UNCONNECTED[3]
folded_adder/NLW_partial_reg[1][23]_i_135_S_UNCONNECTED[4]
folded_adder/NLW_partial_reg[1][23]_i_135_S_UNCONNECTED[5]
folded_adder/NLW_partial_reg[1][23]_i_135_S_UNCONNECTED[6]
folded_adder/NLW_partial_reg[1][23]_i_135_S_UNCONNECTED[7]
folded_adder/NLW_partial_reg[1][23]_i_136_CO_UNCONNECTED[0]
folded_adder/NLW_partial_reg[1][23]_i_136_CO_UNCONNECTED[1]
folded_adder/NLW_partial_reg[1][23]_i_136_CO_UNCONNECTED[2]
folded_adder/NLW_partial_reg[1][23]_i_136_CO_UNCONNECTED[3]
folded_adder/NLW_partial_reg[1][23]_i_136_CO_UNCONNECTED[4]
folded_adder/NLW_partial_reg[1][23]_i_136_CO_UNCONNECTED[5]
folded_adder/NLW_partial_reg[1][23]_i_136_CO_UNCONNECTED[6]
folded_adder/NLW_partial_reg[1][23]_i_136_CO_UNCONNECTED[7]
folded_adder/NLW_partial_reg[1][23]_i_136_DI_UNCONNECTED[2]
folded_adder/NLW_partial_reg[1][23]_i_136_DI_UNCONNECTED[3]
folded_adder/NLW_partial_reg[1][23]_i_136_DI_UNCONNECTED[4]
folded_adder/NLW_partial_reg[1][23]_i_136_DI_UNCONNECTED[5]
folded_adder/NLW_partial_reg[1][23]_i_136_DI_UNCONNECTED[6]
folded_adder/NLW_partial_reg[1][23]_i_136_DI_UNCONNECTED[7]
folded_adder/NLW_partial_reg[1][23]_i_136_O_UNCONNECTED[1]
folded_adder/NLW_partial_reg[1][23]_i_136_O_UNCONNECTED[2]
folded_adder/NLW_partial_reg[1][23]_i_136_O_UNCONNECTED[3]
folded_adder/NLW_partial_reg[1][23]_i_136_O_UNCONNECTED[4]
folded_adder/NLW_partial_reg[1][23]_i_136_O_UNCONNECTED[5]
folded_adder/NLW_partial_reg[1][23]_i_136_O_UNCONNECTED[6]
folded_adder/NLW_partial_reg[1][23]_i_136_O_UNCONNECTED[7]
folded_adder/NLW_partial_reg[1][23]_i_136_S_UNCONNECTED[2]
folded_adder/NLW_partial_reg[1][23]_i_136_S_UNCONNECTED[3]
folded_adder/NLW_partial_reg[1][23]_i_136_S_UNCONNECTED[4]
folded_adder/NLW_partial_reg[1][23]_i_136_S_UNCONNECTED[5]
folded_adder/NLW_partial_reg[1][23]_i_136_S_UNCONNECTED[6]
folded_adder/NLW_partial_reg[1][23]_i_136_S_UNCONNECTED[7]
folded_adder/NLW_partial_reg[1][23]_i_139_CO_UNCONNECTED[0]
folded_adder/NLW_partial_reg[1][23]_i_139_CO_UNCONNECTED[1]
folded_adder/NLW_partial_reg[1][23]_i_139_CO_UNCONNECTED[2]
folded_adder/NLW_partial_reg[1][23]_i_139_CO_UNCONNECTED[3]
folded_adder/NLW_partial_reg[1][23]_i_139_CO_UNCONNECTED[4]
folded_adder/NLW_partial_reg[1][23]_i_139_CO_UNCONNECTED[5]
folded_adder/NLW_partial_reg[1][23]_i_139_CO_UNCONNECTED[6]
folded_adder/NLW_partial_reg[1][23]_i_139_CO_UNCONNECTED[7]
folded_adder/NLW_partial_reg[1][23]_i_139_DI_UNCONNECTED[3]
folded_adder/NLW_partial_reg[1][23]_i_139_DI_UNCONNECTED[4]
folded_adder/NLW_partial_reg[1][23]_i_139_DI_UNCONNECTED[5]
folded_adder/NLW_partial_reg[1][23]_i_139_DI_UNCONNECTED[6]
folded_adder/NLW_partial_reg[1][23]_i_139_DI_UNCONNECTED[7]
folded_adder/NLW_partial_reg[1][23]_i_139_O_UNCONNECTED[2]
folded_adder/NLW_partial_reg[1][23]_i_139_O_UNCONNECTED[3]
folded_adder/NLW_partial_reg[1][23]_i_139_O_UNCONNECTED[4]
folded_adder/NLW_partial_reg[1][23]_i_139_O_UNCONNECTED[5]
folded_adder/NLW_partial_reg[1][23]_i_139_O_UNCONNECTED[6]
folded_adder/NLW_partial_reg[1][23]_i_139_O_UNCONNECTED[7]
folded_adder/NLW_partial_reg[1][23]_i_139_S_UNCONNECTED[3]
folded_adder/NLW_partial_reg[1][23]_i_139_S_UNCONNECTED[4]
folded_adder/NLW_partial_reg[1][23]_i_139_S_UNCONNECTED[5]
folded_adder/NLW_partial_reg[1][23]_i_139_S_UNCONNECTED[6]
folded_adder/NLW_partial_reg[1][23]_i_139_S_UNCONNECTED[7]
folded_adder/NLW_partial_reg[1][23]_i_140_CO_UNCONNECTED[0]
folded_adder/NLW_partial_reg[1][23]_i_140_CO_UNCONNECTED[1]
folded_adder/NLW_partial_reg[1][23]_i_140_CO_UNCONNECTED[2]
folded_adder/NLW_partial_reg[1][23]_i_140_CO_UNCONNECTED[3]
folded_adder/NLW_partial_reg[1][23]_i_140_CO_UNCONNECTED[4]
folded_adder/NLW_partial_reg[1][23]_i_140_CO_UNCONNECTED[5]
folded_adder/NLW_partial_reg[1][23]_i_140_CO_UNCONNECTED[6]
folded_adder/NLW_partial_reg[1][23]_i_140_CO_UNCONNECTED[7]
folded_adder/NLW_partial_reg[1][23]_i_140_DI_UNCONNECTED[3]
folded_adder/NLW_partial_reg[1][23]_i_140_DI_UNCONNECTED[4]
folded_adder/NLW_partial_reg[1][23]_i_140_DI_UNCONNECTED[5]
folded_adder/NLW_partial_reg[1][23]_i_140_DI_UNCONNECTED[6]
folded_adder/NLW_partial_reg[1][23]_i_140_DI_UNCONNECTED[7]
folded_adder/NLW_partial_reg[1][23]_i_140_O_UNCONNECTED[2]
folded_adder/NLW_partial_reg[1][23]_i_140_O_UNCONNECTED[3]
folded_adder/NLW_partial_reg[1][23]_i_140_O_UNCONNECTED[4]
folded_adder/NLW_partial_reg[1][23]_i_140_O_UNCONNECTED[5]
folded_adder/NLW_partial_reg[1][23]_i_140_O_UNCONNECTED[6]
folded_adder/NLW_partial_reg[1][23]_i_140_O_UNCONNECTED[7]
folded_adder/NLW_partial_reg[1][23]_i_140_S_UNCONNECTED[3]
folded_adder/NLW_partial_reg[1][23]_i_140_S_UNCONNECTED[4]
folded_adder/NLW_partial_reg[1][23]_i_140_S_UNCONNECTED[5]
folded_adder/NLW_partial_reg[1][23]_i_140_S_UNCONNECTED[6]
folded_adder/NLW_partial_reg[1][23]_i_140_S_UNCONNECTED[7]
folded_adder/NLW_partial_reg[1][23]_i_144_CO_UNCONNECTED[1]
folded_adder/NLW_partial_reg[1][23]_i_144_CO_UNCONNECTED[2]
folded_adder/NLW_partial_reg[1][23]_i_144_CO_UNCONNECTED[3]
folded_adder/NLW_partial_reg[1][23]_i_144_CO_UNCONNECTED[4]
folded_adder/NLW_partial_reg[1][23]_i_144_CO_UNCONNECTED[5]
folded_adder/NLW_partial_reg[1][23]_i_144_CO_UNCONNECTED[6]
folded_adder/NLW_partial_reg[1][23]_i_144_CO_UNCONNECTED[7]
folded_adder/NLW_partial_reg[1][23]_i_144_DI_UNCONNECTED[1]
folded_adder/NLW_partial_reg[1][23]_i_144_DI_UNCONNECTED[2]
folded_adder/NLW_partial_reg[1][23]_i_144_DI_UNCONNECTED[3]
folded_adder/NLW_partial_reg[1][23]_i_144_DI_UNCONNECTED[4]
folded_adder/NLW_partial_reg[1][23]_i_144_DI_UNCONNECTED[5]
folded_adder/NLW_partial_reg[1][23]_i_144_DI_UNCONNECTED[6]
folded_adder/NLW_partial_reg[1][23]_i_144_DI_UNCONNECTED[7]
folded_adder/NLW_partial_reg[1][23]_i_144_O_UNCONNECTED[0]
folded_adder/NLW_partial_reg[1][23]_i_144_O_UNCONNECTED[1]
folded_adder/NLW_partial_reg[1][23]_i_144_O_UNCONNECTED[2]
folded_adder/NLW_partial_reg[1][23]_i_144_O_UNCONNECTED[3]
folded_adder/NLW_partial_reg[1][23]_i_144_O_UNCONNECTED[4]
folded_adder/NLW_partial_reg[1][23]_i_144_O_UNCONNECTED[5]
folded_adder/NLW_partial_reg[1][23]_i_144_O_UNCONNECTED[6]
folded_adder/NLW_partial_reg[1][23]_i_144_O_UNCONNECTED[7]
folded_adder/NLW_partial_reg[1][23]_i_144_S_UNCONNECTED[1]
folded_adder/NLW_partial_reg[1][23]_i_144_S_UNCONNECTED[2]
folded_adder/NLW_partial_reg[1][23]_i_144_S_UNCONNECTED[3]
folded_adder/NLW_partial_reg[1][23]_i_144_S_UNCONNECTED[4]
folded_adder/NLW_partial_reg[1][23]_i_144_S_UNCONNECTED[5]
folded_adder/NLW_partial_reg[1][23]_i_144_S_UNCONNECTED[6]
folded_adder/NLW_partial_reg[1][23]_i_144_S_UNCONNECTED[7]
folded_adder/NLW_partial_reg[1][23]_i_145_CO_UNCONNECTED[1]
folded_adder/NLW_partial_reg[1][23]_i_145_CO_UNCONNECTED[2]
folded_adder/NLW_partial_reg[1][23]_i_145_CO_UNCONNECTED[3]
folded_adder/NLW_partial_reg[1][23]_i_145_CO_UNCONNECTED[4]
folded_adder/NLW_partial_reg[1][23]_i_145_CO_UNCONNECTED[5]
folded_adder/NLW_partial_reg[1][23]_i_145_CO_UNCONNECTED[6]
folded_adder/NLW_partial_reg[1][23]_i_145_CO_UNCONNECTED[7]
folded_adder/NLW_partial_reg[1][23]_i_145_DI_UNCONNECTED[1]
folded_adder/NLW_partial_reg[1][23]_i_145_DI_UNCONNECTED[2]
folded_adder/NLW_partial_reg[1][23]_i_145_DI_UNCONNECTED[3]
folded_adder/NLW_partial_reg[1][23]_i_145_DI_UNCONNECTED[4]
folded_adder/NLW_partial_reg[1][23]_i_145_DI_UNCONNECTED[5]
folded_adder/NLW_partial_reg[1][23]_i_145_DI_UNCONNECTED[6]
folded_adder/NLW_partial_reg[1][23]_i_145_DI_UNCONNECTED[7]
folded_adder/NLW_partial_reg[1][23]_i_145_O_UNCONNECTED[0]
folded_adder/NLW_partial_reg[1][23]_i_145_O_UNCONNECTED[1]
folded_adder/NLW_partial_reg[1][23]_i_145_O_UNCONNECTED[2]
folded_adder/NLW_partial_reg[1][23]_i_145_O_UNCONNECTED[3]
folded_adder/NLW_partial_reg[1][23]_i_145_O_UNCONNECTED[4]
folded_adder/NLW_partial_reg[1][23]_i_145_O_UNCONNECTED[5]
folded_adder/NLW_partial_reg[1][23]_i_145_O_UNCONNECTED[6]
folded_adder/NLW_partial_reg[1][23]_i_145_O_UNCONNECTED[7]
folded_adder/NLW_partial_reg[1][23]_i_145_S_UNCONNECTED[1]
folded_adder/NLW_partial_reg[1][23]_i_145_S_UNCONNECTED[2]
folded_adder/NLW_partial_reg[1][23]_i_145_S_UNCONNECTED[3]
folded_adder/NLW_partial_reg[1][23]_i_145_S_UNCONNECTED[4]
folded_adder/NLW_partial_reg[1][23]_i_145_S_UNCONNECTED[5]
folded_adder/NLW_partial_reg[1][23]_i_145_S_UNCONNECTED[6]
folded_adder/NLW_partial_reg[1][23]_i_145_S_UNCONNECTED[7]
folded_adder/NLW_partial_reg[1][23]_i_147_CO_UNCONNECTED[1]
folded_adder/NLW_partial_reg[1][23]_i_147_CO_UNCONNECTED[2]
folded_adder/NLW_partial_reg[1][23]_i_147_CO_UNCONNECTED[3]
folded_adder/NLW_partial_reg[1][23]_i_147_CO_UNCONNECTED[4]
folded_adder/NLW_partial_reg[1][23]_i_147_CO_UNCONNECTED[5]
folded_adder/NLW_partial_reg[1][23]_i_147_CO_UNCONNECTED[6]
folded_adder/NLW_partial_reg[1][23]_i_147_CO_UNCONNECTED[7]
folded_adder/NLW_partial_reg[1][23]_i_147_DI_UNCONNECTED[1]
folded_adder/NLW_partial_reg[1][23]_i_147_DI_UNCONNECTED[2]
folded_adder/NLW_partial_reg[1][23]_i_147_DI_UNCONNECTED[3]
folded_adder/NLW_partial_reg[1][23]_i_147_DI_UNCONNECTED[4]
folded_adder/NLW_partial_reg[1][23]_i_147_DI_UNCONNECTED[5]
folded_adder/NLW_partial_reg[1][23]_i_147_DI_UNCONNECTED[6]
folded_adder/NLW_partial_reg[1][23]_i_147_DI_UNCONNECTED[7]
folded_adder/NLW_partial_reg[1][23]_i_147_O_UNCONNECTED[0]
folded_adder/NLW_partial_reg[1][23]_i_147_O_UNCONNECTED[1]
folded_adder/NLW_partial_reg[1][23]_i_147_O_UNCONNECTED[2]
folded_adder/NLW_partial_reg[1][23]_i_147_O_UNCONNECTED[3]
folded_adder/NLW_partial_reg[1][23]_i_147_O_UNCONNECTED[4]
folded_adder/NLW_partial_reg[1][23]_i_147_O_UNCONNECTED[5]
folded_adder/NLW_partial_reg[1][23]_i_147_O_UNCONNECTED[6]
folded_adder/NLW_partial_reg[1][23]_i_147_O_UNCONNECTED[7]
folded_adder/NLW_partial_reg[1][23]_i_147_S_UNCONNECTED[1]
folded_adder/NLW_partial_reg[1][23]_i_147_S_UNCONNECTED[2]
folded_adder/NLW_partial_reg[1][23]_i_147_S_UNCONNECTED[3]
folded_adder/NLW_partial_reg[1][23]_i_147_S_UNCONNECTED[4]
folded_adder/NLW_partial_reg[1][23]_i_147_S_UNCONNECTED[5]
folded_adder/NLW_partial_reg[1][23]_i_147_S_UNCONNECTED[6]
folded_adder/NLW_partial_reg[1][23]_i_147_S_UNCONNECTED[7]
folded_adder/NLW_partial_reg[1][23]_i_149_CO_UNCONNECTED[0]
folded_adder/NLW_partial_reg[1][23]_i_149_CO_UNCONNECTED[1]
folded_adder/NLW_partial_reg[1][23]_i_149_CO_UNCONNECTED[2]
folded_adder/NLW_partial_reg[1][23]_i_149_CO_UNCONNECTED[3]
folded_adder/NLW_partial_reg[1][23]_i_149_CO_UNCONNECTED[4]
folded_adder/NLW_partial_reg[1][23]_i_149_CO_UNCONNECTED[5]
folded_adder/NLW_partial_reg[1][23]_i_149_CO_UNCONNECTED[6]
folded_adder/NLW_partial_reg[1][23]_i_149_CO_UNCONNECTED[7]
folded_adder/NLW_partial_reg[1][23]_i_149_DI_UNCONNECTED[2]
folded_adder/NLW_partial_reg[1][23]_i_149_DI_UNCONNECTED[3]
folded_adder/NLW_partial_reg[1][23]_i_149_DI_UNCONNECTED[4]
folded_adder/NLW_partial_reg[1][23]_i_149_DI_UNCONNECTED[5]
folded_adder/NLW_partial_reg[1][23]_i_149_DI_UNCONNECTED[6]
folded_adder/NLW_partial_reg[1][23]_i_149_DI_UNCONNECTED[7]
folded_adder/NLW_partial_reg[1][23]_i_149_O_UNCONNECTED[1]
folded_adder/NLW_partial_reg[1][23]_i_149_O_UNCONNECTED[2]
folded_adder/NLW_partial_reg[1][23]_i_149_O_UNCONNECTED[3]
folded_adder/NLW_partial_reg[1][23]_i_149_O_UNCONNECTED[4]
folded_adder/NLW_partial_reg[1][23]_i_149_O_UNCONNECTED[5]
folded_adder/NLW_partial_reg[1][23]_i_149_O_UNCONNECTED[6]
folded_adder/NLW_partial_reg[1][23]_i_149_O_UNCONNECTED[7]
folded_adder/NLW_partial_reg[1][23]_i_149_S_UNCONNECTED[2]
folded_adder/NLW_partial_reg[1][23]_i_149_S_UNCONNECTED[3]
folded_adder/NLW_partial_reg[1][23]_i_149_S_UNCONNECTED[4]
folded_adder/NLW_partial_reg[1][23]_i_149_S_UNCONNECTED[5]
folded_adder/NLW_partial_reg[1][23]_i_149_S_UNCONNECTED[6]
folded_adder/NLW_partial_reg[1][23]_i_149_S_UNCONNECTED[7]
folded_adder/NLW_partial_reg[1][23]_i_150_CO_UNCONNECTED[1]
folded_adder/NLW_partial_reg[1][23]_i_150_CO_UNCONNECTED[2]
folded_adder/NLW_partial_reg[1][23]_i_150_CO_UNCONNECTED[3]
folded_adder/NLW_partial_reg[1][23]_i_150_CO_UNCONNECTED[4]
folded_adder/NLW_partial_reg[1][23]_i_150_CO_UNCONNECTED[5]
folded_adder/NLW_partial_reg[1][23]_i_150_CO_UNCONNECTED[6]
folded_adder/NLW_partial_reg[1][23]_i_150_CO_UNCONNECTED[7]
folded_adder/NLW_partial_reg[1][23]_i_150_DI_UNCONNECTED[1]
folded_adder/NLW_partial_reg[1][23]_i_150_DI_UNCONNECTED[2]
folded_adder/NLW_partial_reg[1][23]_i_150_DI_UNCONNECTED[3]
folded_adder/NLW_partial_reg[1][23]_i_150_DI_UNCONNECTED[4]
folded_adder/NLW_partial_reg[1][23]_i_150_DI_UNCONNECTED[5]
folded_adder/NLW_partial_reg[1][23]_i_150_DI_UNCONNECTED[6]
folded_adder/NLW_partial_reg[1][23]_i_150_DI_UNCONNECTED[7]
folded_adder/NLW_partial_reg[1][23]_i_150_O_UNCONNECTED[0]
folded_adder/NLW_partial_reg[1][23]_i_150_O_UNCONNECTED[1]
folded_adder/NLW_partial_reg[1][23]_i_150_O_UNCONNECTED[2]
folded_adder/NLW_partial_reg[1][23]_i_150_O_UNCONNECTED[3]
folded_adder/NLW_partial_reg[1][23]_i_150_O_UNCONNECTED[4]
folded_adder/NLW_partial_reg[1][23]_i_150_O_UNCONNECTED[5]
folded_adder/NLW_partial_reg[1][23]_i_150_O_UNCONNECTED[6]
folded_adder/NLW_partial_reg[1][23]_i_150_O_UNCONNECTED[7]
folded_adder/NLW_partial_reg[1][23]_i_150_S_UNCONNECTED[1]
folded_adder/NLW_partial_reg[1][23]_i_150_S_UNCONNECTED[2]
folded_adder/NLW_partial_reg[1][23]_i_150_S_UNCONNECTED[3]
folded_adder/NLW_partial_reg[1][23]_i_150_S_UNCONNECTED[4]
folded_adder/NLW_partial_reg[1][23]_i_150_S_UNCONNECTED[5]
folded_adder/NLW_partial_reg[1][23]_i_150_S_UNCONNECTED[6]
folded_adder/NLW_partial_reg[1][23]_i_150_S_UNCONNECTED[7]
folded_adder/NLW_partial_reg[1][23]_i_152_CO_UNCONNECTED[0]
folded_adder/NLW_partial_reg[1][23]_i_152_CO_UNCONNECTED[1]
folded_adder/NLW_partial_reg[1][23]_i_152_CO_UNCONNECTED[2]
folded_adder/NLW_partial_reg[1][23]_i_152_CO_UNCONNECTED[3]
folded_adder/NLW_partial_reg[1][23]_i_152_CO_UNCONNECTED[4]
folded_adder/NLW_partial_reg[1][23]_i_152_CO_UNCONNECTED[5]
folded_adder/NLW_partial_reg[1][23]_i_152_CO_UNCONNECTED[6]
folded_adder/NLW_partial_reg[1][23]_i_152_CO_UNCONNECTED[7]
folded_adder/NLW_partial_reg[1][23]_i_152_DI_UNCONNECTED[2]
folded_adder/NLW_partial_reg[1][23]_i_152_DI_UNCONNECTED[3]
folded_adder/NLW_partial_reg[1][23]_i_152_DI_UNCONNECTED[4]
folded_adder/NLW_partial_reg[1][23]_i_152_DI_UNCONNECTED[5]
folded_adder/NLW_partial_reg[1][23]_i_152_DI_UNCONNECTED[6]
folded_adder/NLW_partial_reg[1][23]_i_152_DI_UNCONNECTED[7]
folded_adder/NLW_partial_reg[1][23]_i_152_O_UNCONNECTED[1]
folded_adder/NLW_partial_reg[1][23]_i_152_O_UNCONNECTED[2]
folded_adder/NLW_partial_reg[1][23]_i_152_O_UNCONNECTED[3]
folded_adder/NLW_partial_reg[1][23]_i_152_O_UNCONNECTED[4]
folded_adder/NLW_partial_reg[1][23]_i_152_O_UNCONNECTED[5]
folded_adder/NLW_partial_reg[1][23]_i_152_O_UNCONNECTED[6]
folded_adder/NLW_partial_reg[1][23]_i_152_O_UNCONNECTED[7]
folded_adder/NLW_partial_reg[1][23]_i_152_S_UNCONNECTED[2]
folded_adder/NLW_partial_reg[1][23]_i_152_S_UNCONNECTED[3]
folded_adder/NLW_partial_reg[1][23]_i_152_S_UNCONNECTED[4]
folded_adder/NLW_partial_reg[1][23]_i_152_S_UNCONNECTED[5]
folded_adder/NLW_partial_reg[1][23]_i_152_S_UNCONNECTED[6]
folded_adder/NLW_partial_reg[1][23]_i_152_S_UNCONNECTED[7]
folded_adder/NLW_partial_reg[1][23]_i_153_CO_UNCONNECTED[0]
folded_adder/NLW_partial_reg[1][23]_i_153_CO_UNCONNECTED[1]
folded_adder/NLW_partial_reg[1][23]_i_153_CO_UNCONNECTED[2]
folded_adder/NLW_partial_reg[1][23]_i_153_CO_UNCONNECTED[3]
folded_adder/NLW_partial_reg[1][23]_i_153_CO_UNCONNECTED[4]
folded_adder/NLW_partial_reg[1][23]_i_153_CO_UNCONNECTED[5]
folded_adder/NLW_partial_reg[1][23]_i_153_CO_UNCONNECTED[6]
folded_adder/NLW_partial_reg[1][23]_i_153_CO_UNCONNECTED[7]
folded_adder/NLW_partial_reg[1][23]_i_153_DI_UNCONNECTED[2]
folded_adder/NLW_partial_reg[1][23]_i_153_DI_UNCONNECTED[3]
folded_adder/NLW_partial_reg[1][23]_i_153_DI_UNCONNECTED[4]
folded_adder/NLW_partial_reg[1][23]_i_153_DI_UNCONNECTED[5]
folded_adder/NLW_partial_reg[1][23]_i_153_DI_UNCONNECTED[6]
folded_adder/NLW_partial_reg[1][23]_i_153_DI_UNCONNECTED[7]
folded_adder/NLW_partial_reg[1][23]_i_153_O_UNCONNECTED[1]
folded_adder/NLW_partial_reg[1][23]_i_153_O_UNCONNECTED[2]
folded_adder/NLW_partial_reg[1][23]_i_153_O_UNCONNECTED[3]
folded_adder/NLW_partial_reg[1][23]_i_153_O_UNCONNECTED[4]
folded_adder/NLW_partial_reg[1][23]_i_153_O_UNCONNECTED[5]
folded_adder/NLW_partial_reg[1][23]_i_153_O_UNCONNECTED[6]
folded_adder/NLW_partial_reg[1][23]_i_153_O_UNCONNECTED[7]
folded_adder/NLW_partial_reg[1][23]_i_153_S_UNCONNECTED[2]
folded_adder/NLW_partial_reg[1][23]_i_153_S_UNCONNECTED[3]
folded_adder/NLW_partial_reg[1][23]_i_153_S_UNCONNECTED[4]
folded_adder/NLW_partial_reg[1][23]_i_153_S_UNCONNECTED[5]
folded_adder/NLW_partial_reg[1][23]_i_153_S_UNCONNECTED[6]
folded_adder/NLW_partial_reg[1][23]_i_153_S_UNCONNECTED[7]
folded_adder/NLW_partial_reg[1][23]_i_156_CO_UNCONNECTED[1]
folded_adder/NLW_partial_reg[1][23]_i_156_CO_UNCONNECTED[2]
folded_adder/NLW_partial_reg[1][23]_i_156_CO_UNCONNECTED[3]
folded_adder/NLW_partial_reg[1][23]_i_156_CO_UNCONNECTED[4]
folded_adder/NLW_partial_reg[1][23]_i_156_CO_UNCONNECTED[5]
folded_adder/NLW_partial_reg[1][23]_i_156_CO_UNCONNECTED[6]
folded_adder/NLW_partial_reg[1][23]_i_156_CO_UNCONNECTED[7]
folded_adder/NLW_partial_reg[1][23]_i_156_DI_UNCONNECTED[1]
folded_adder/NLW_partial_reg[1][23]_i_156_DI_UNCONNECTED[2]
folded_adder/NLW_partial_reg[1][23]_i_156_DI_UNCONNECTED[3]
folded_adder/NLW_partial_reg[1][23]_i_156_DI_UNCONNECTED[4]
folded_adder/NLW_partial_reg[1][23]_i_156_DI_UNCONNECTED[5]
folded_adder/NLW_partial_reg[1][23]_i_156_DI_UNCONNECTED[6]
folded_adder/NLW_partial_reg[1][23]_i_156_DI_UNCONNECTED[7]
folded_adder/NLW_partial_reg[1][23]_i_156_O_UNCONNECTED[0]
folded_adder/NLW_partial_reg[1][23]_i_156_O_UNCONNECTED[1]
folded_adder/NLW_partial_reg[1][23]_i_156_O_UNCONNECTED[2]
folded_adder/NLW_partial_reg[1][23]_i_156_O_UNCONNECTED[3]
folded_adder/NLW_partial_reg[1][23]_i_156_O_UNCONNECTED[4]
folded_adder/NLW_partial_reg[1][23]_i_156_O_UNCONNECTED[5]
folded_adder/NLW_partial_reg[1][23]_i_156_O_UNCONNECTED[6]
folded_adder/NLW_partial_reg[1][23]_i_156_O_UNCONNECTED[7]
folded_adder/NLW_partial_reg[1][23]_i_156_S_UNCONNECTED[1]
folded_adder/NLW_partial_reg[1][23]_i_156_S_UNCONNECTED[2]
folded_adder/NLW_partial_reg[1][23]_i_156_S_UNCONNECTED[3]
folded_adder/NLW_partial_reg[1][23]_i_156_S_UNCONNECTED[4]
folded_adder/NLW_partial_reg[1][23]_i_156_S_UNCONNECTED[5]
folded_adder/NLW_partial_reg[1][23]_i_156_S_UNCONNECTED[6]
folded_adder/NLW_partial_reg[1][23]_i_156_S_UNCONNECTED[7]
folded_adder/NLW_partial_reg[1][23]_i_158_CO_UNCONNECTED[0]
folded_adder/NLW_partial_reg[1][23]_i_158_CO_UNCONNECTED[1]
folded_adder/NLW_partial_reg[1][23]_i_158_CO_UNCONNECTED[2]
folded_adder/NLW_partial_reg[1][23]_i_158_CO_UNCONNECTED[3]
folded_adder/NLW_partial_reg[1][23]_i_158_CO_UNCONNECTED[4]
folded_adder/NLW_partial_reg[1][23]_i_158_CO_UNCONNECTED[5]
folded_adder/NLW_partial_reg[1][23]_i_158_CO_UNCONNECTED[6]
folded_adder/NLW_partial_reg[1][23]_i_158_CO_UNCONNECTED[7]
folded_adder/NLW_partial_reg[1][23]_i_158_DI_UNCONNECTED[2]
folded_adder/NLW_partial_reg[1][23]_i_158_DI_UNCONNECTED[3]
folded_adder/NLW_partial_reg[1][23]_i_158_DI_UNCONNECTED[4]
folded_adder/NLW_partial_reg[1][23]_i_158_DI_UNCONNECTED[5]
folded_adder/NLW_partial_reg[1][23]_i_158_DI_UNCONNECTED[6]
folded_adder/NLW_partial_reg[1][23]_i_158_DI_UNCONNECTED[7]
folded_adder/NLW_partial_reg[1][23]_i_158_O_UNCONNECTED[1]
folded_adder/NLW_partial_reg[1][23]_i_158_O_UNCONNECTED[2]
folded_adder/NLW_partial_reg[1][23]_i_158_O_UNCONNECTED[3]
folded_adder/NLW_partial_reg[1][23]_i_158_O_UNCONNECTED[4]
folded_adder/NLW_partial_reg[1][23]_i_158_O_UNCONNECTED[5]
folded_adder/NLW_partial_reg[1][23]_i_158_O_UNCONNECTED[6]
folded_adder/NLW_partial_reg[1][23]_i_158_O_UNCONNECTED[7]
folded_adder/NLW_partial_reg[1][23]_i_158_S_UNCONNECTED[2]
folded_adder/NLW_partial_reg[1][23]_i_158_S_UNCONNECTED[3]
folded_adder/NLW_partial_reg[1][23]_i_158_S_UNCONNECTED[4]
folded_adder/NLW_partial_reg[1][23]_i_158_S_UNCONNECTED[5]
folded_adder/NLW_partial_reg[1][23]_i_158_S_UNCONNECTED[6]
folded_adder/NLW_partial_reg[1][23]_i_158_S_UNCONNECTED[7]
folded_adder/NLW_partial_reg[1][23]_i_159_CO_UNCONNECTED[0]
folded_adder/NLW_partial_reg[1][23]_i_159_CO_UNCONNECTED[1]
folded_adder/NLW_partial_reg[1][23]_i_159_CO_UNCONNECTED[2]
folded_adder/NLW_partial_reg[1][23]_i_159_CO_UNCONNECTED[3]
folded_adder/NLW_partial_reg[1][23]_i_159_CO_UNCONNECTED[4]
folded_adder/NLW_partial_reg[1][23]_i_159_CO_UNCONNECTED[5]
folded_adder/NLW_partial_reg[1][23]_i_159_CO_UNCONNECTED[6]
folded_adder/NLW_partial_reg[1][23]_i_159_CO_UNCONNECTED[7]
folded_adder/NLW_partial_reg[1][23]_i_159_DI_UNCONNECTED[2]
folded_adder/NLW_partial_reg[1][23]_i_159_DI_UNCONNECTED[3]
folded_adder/NLW_partial_reg[1][23]_i_159_DI_UNCONNECTED[4]
folded_adder/NLW_partial_reg[1][23]_i_159_DI_UNCONNECTED[5]
folded_adder/NLW_partial_reg[1][23]_i_159_DI_UNCONNECTED[6]
folded_adder/NLW_partial_reg[1][23]_i_159_DI_UNCONNECTED[7]
folded_adder/NLW_partial_reg[1][23]_i_159_O_UNCONNECTED[1]
folded_adder/NLW_partial_reg[1][23]_i_159_O_UNCONNECTED[2]
folded_adder/NLW_partial_reg[1][23]_i_159_O_UNCONNECTED[3]
folded_adder/NLW_partial_reg[1][23]_i_159_O_UNCONNECTED[4]
folded_adder/NLW_partial_reg[1][23]_i_159_O_UNCONNECTED[5]
folded_adder/NLW_partial_reg[1][23]_i_159_O_UNCONNECTED[6]
folded_adder/NLW_partial_reg[1][23]_i_159_O_UNCONNECTED[7]
folded_adder/NLW_partial_reg[1][23]_i_159_S_UNCONNECTED[2]
folded_adder/NLW_partial_reg[1][23]_i_159_S_UNCONNECTED[3]
folded_adder/NLW_partial_reg[1][23]_i_159_S_UNCONNECTED[4]
folded_adder/NLW_partial_reg[1][23]_i_159_S_UNCONNECTED[5]
folded_adder/NLW_partial_reg[1][23]_i_159_S_UNCONNECTED[6]
folded_adder/NLW_partial_reg[1][23]_i_159_S_UNCONNECTED[7]
folded_adder/NLW_partial_reg[1][23]_i_162_CO_UNCONNECTED[0]
folded_adder/NLW_partial_reg[1][23]_i_162_CO_UNCONNECTED[1]
folded_adder/NLW_partial_reg[1][23]_i_162_CO_UNCONNECTED[2]
folded_adder/NLW_partial_reg[1][23]_i_162_CO_UNCONNECTED[3]
folded_adder/NLW_partial_reg[1][23]_i_162_CO_UNCONNECTED[4]
folded_adder/NLW_partial_reg[1][23]_i_162_CO_UNCONNECTED[5]
folded_adder/NLW_partial_reg[1][23]_i_162_CO_UNCONNECTED[6]
folded_adder/NLW_partial_reg[1][23]_i_162_CO_UNCONNECTED[7]
folded_adder/NLW_partial_reg[1][23]_i_162_DI_UNCONNECTED[2]
folded_adder/NLW_partial_reg[1][23]_i_162_DI_UNCONNECTED[3]
folded_adder/NLW_partial_reg[1][23]_i_162_DI_UNCONNECTED[4]
folded_adder/NLW_partial_reg[1][23]_i_162_DI_UNCONNECTED[5]
folded_adder/NLW_partial_reg[1][23]_i_162_DI_UNCONNECTED[6]
folded_adder/NLW_partial_reg[1][23]_i_162_DI_UNCONNECTED[7]
folded_adder/NLW_partial_reg[1][23]_i_162_O_UNCONNECTED[1]
folded_adder/NLW_partial_reg[1][23]_i_162_O_UNCONNECTED[2]
folded_adder/NLW_partial_reg[1][23]_i_162_O_UNCONNECTED[3]
folded_adder/NLW_partial_reg[1][23]_i_162_O_UNCONNECTED[4]
folded_adder/NLW_partial_reg[1][23]_i_162_O_UNCONNECTED[5]
folded_adder/NLW_partial_reg[1][23]_i_162_O_UNCONNECTED[6]
folded_adder/NLW_partial_reg[1][23]_i_162_O_UNCONNECTED[7]
folded_adder/NLW_partial_reg[1][23]_i_162_S_UNCONNECTED[2]
folded_adder/NLW_partial_reg[1][23]_i_162_S_UNCONNECTED[3]
folded_adder/NLW_partial_reg[1][23]_i_162_S_UNCONNECTED[4]
folded_adder/NLW_partial_reg[1][23]_i_162_S_UNCONNECTED[5]
folded_adder/NLW_partial_reg[1][23]_i_162_S_UNCONNECTED[6]
folded_adder/NLW_partial_reg[1][23]_i_162_S_UNCONNECTED[7]
folded_adder/NLW_partial_reg[1][23]_i_165_CO_UNCONNECTED[0]
folded_adder/NLW_partial_reg[1][23]_i_165_CO_UNCONNECTED[1]
folded_adder/NLW_partial_reg[1][23]_i_165_CO_UNCONNECTED[2]
folded_adder/NLW_partial_reg[1][23]_i_165_CO_UNCONNECTED[3]
folded_adder/NLW_partial_reg[1][23]_i_165_CO_UNCONNECTED[4]
folded_adder/NLW_partial_reg[1][23]_i_165_CO_UNCONNECTED[5]
folded_adder/NLW_partial_reg[1][23]_i_165_CO_UNCONNECTED[6]
folded_adder/NLW_partial_reg[1][23]_i_165_CO_UNCONNECTED[7]
folded_adder/NLW_partial_reg[1][23]_i_165_DI_UNCONNECTED[3]
folded_adder/NLW_partial_reg[1][23]_i_165_DI_UNCONNECTED[4]
folded_adder/NLW_partial_reg[1][23]_i_165_DI_UNCONNECTED[5]
folded_adder/NLW_partial_reg[1][23]_i_165_DI_UNCONNECTED[6]
folded_adder/NLW_partial_reg[1][23]_i_165_DI_UNCONNECTED[7]
folded_adder/NLW_partial_reg[1][23]_i_165_O_UNCONNECTED[2]
folded_adder/NLW_partial_reg[1][23]_i_165_O_UNCONNECTED[3]
folded_adder/NLW_partial_reg[1][23]_i_165_O_UNCONNECTED[4]
folded_adder/NLW_partial_reg[1][23]_i_165_O_UNCONNECTED[5]
folded_adder/NLW_partial_reg[1][23]_i_165_O_UNCONNECTED[6]
folded_adder/NLW_partial_reg[1][23]_i_165_O_UNCONNECTED[7]
folded_adder/NLW_partial_reg[1][23]_i_165_S_UNCONNECTED[3]
folded_adder/NLW_partial_reg[1][23]_i_165_S_UNCONNECTED[4]
folded_adder/NLW_partial_reg[1][23]_i_165_S_UNCONNECTED[5]
folded_adder/NLW_partial_reg[1][23]_i_165_S_UNCONNECTED[6]
folded_adder/NLW_partial_reg[1][23]_i_165_S_UNCONNECTED[7]
folded_adder/NLW_partial_reg[1][23]_i_166_CO_UNCONNECTED[1]
folded_adder/NLW_partial_reg[1][23]_i_166_CO_UNCONNECTED[2]
folded_adder/NLW_partial_reg[1][23]_i_166_CO_UNCONNECTED[3]
folded_adder/NLW_partial_reg[1][23]_i_166_CO_UNCONNECTED[4]
folded_adder/NLW_partial_reg[1][23]_i_166_CO_UNCONNECTED[5]
folded_adder/NLW_partial_reg[1][23]_i_166_CO_UNCONNECTED[6]
folded_adder/NLW_partial_reg[1][23]_i_166_CO_UNCONNECTED[7]
folded_adder/NLW_partial_reg[1][23]_i_166_DI_UNCONNECTED[1]
folded_adder/NLW_partial_reg[1][23]_i_166_DI_UNCONNECTED[2]
folded_adder/NLW_partial_reg[1][23]_i_166_DI_UNCONNECTED[3]
folded_adder/NLW_partial_reg[1][23]_i_166_DI_UNCONNECTED[4]
folded_adder/NLW_partial_reg[1][23]_i_166_DI_UNCONNECTED[5]
folded_adder/NLW_partial_reg[1][23]_i_166_DI_UNCONNECTED[6]
folded_adder/NLW_partial_reg[1][23]_i_166_DI_UNCONNECTED[7]
folded_adder/NLW_partial_reg[1][23]_i_166_O_UNCONNECTED[0]
folded_adder/NLW_partial_reg[1][23]_i_166_O_UNCONNECTED[1]
folded_adder/NLW_partial_reg[1][23]_i_166_O_UNCONNECTED[2]
folded_adder/NLW_partial_reg[1][23]_i_166_O_UNCONNECTED[3]
folded_adder/NLW_partial_reg[1][23]_i_166_O_UNCONNECTED[4]
folded_adder/NLW_partial_reg[1][23]_i_166_O_UNCONNECTED[5]
folded_adder/NLW_partial_reg[1][23]_i_166_O_UNCONNECTED[6]
folded_adder/NLW_partial_reg[1][23]_i_166_O_UNCONNECTED[7]
folded_adder/NLW_partial_reg[1][23]_i_166_S_UNCONNECTED[1]
folded_adder/NLW_partial_reg[1][23]_i_166_S_UNCONNECTED[2]
folded_adder/NLW_partial_reg[1][23]_i_166_S_UNCONNECTED[3]
folded_adder/NLW_partial_reg[1][23]_i_166_S_UNCONNECTED[4]
folded_adder/NLW_partial_reg[1][23]_i_166_S_UNCONNECTED[5]
folded_adder/NLW_partial_reg[1][23]_i_166_S_UNCONNECTED[6]
folded_adder/NLW_partial_reg[1][23]_i_166_S_UNCONNECTED[7]
folded_adder/NLW_partial_reg[1][23]_i_167_CO_UNCONNECTED[1]
folded_adder/NLW_partial_reg[1][23]_i_167_CO_UNCONNECTED[2]
folded_adder/NLW_partial_reg[1][23]_i_167_CO_UNCONNECTED[3]
folded_adder/NLW_partial_reg[1][23]_i_167_CO_UNCONNECTED[4]
folded_adder/NLW_partial_reg[1][23]_i_167_CO_UNCONNECTED[5]
folded_adder/NLW_partial_reg[1][23]_i_167_CO_UNCONNECTED[6]
folded_adder/NLW_partial_reg[1][23]_i_167_CO_UNCONNECTED[7]
folded_adder/NLW_partial_reg[1][23]_i_167_DI_UNCONNECTED[1]
folded_adder/NLW_partial_reg[1][23]_i_167_DI_UNCONNECTED[2]
folded_adder/NLW_partial_reg[1][23]_i_167_DI_UNCONNECTED[3]
folded_adder/NLW_partial_reg[1][23]_i_167_DI_UNCONNECTED[4]
folded_adder/NLW_partial_reg[1][23]_i_167_DI_UNCONNECTED[5]
folded_adder/NLW_partial_reg[1][23]_i_167_DI_UNCONNECTED[6]
folded_adder/NLW_partial_reg[1][23]_i_167_DI_UNCONNECTED[7]
folded_adder/NLW_partial_reg[1][23]_i_167_O_UNCONNECTED[0]
folded_adder/NLW_partial_reg[1][23]_i_167_O_UNCONNECTED[1]
folded_adder/NLW_partial_reg[1][23]_i_167_O_UNCONNECTED[2]
folded_adder/NLW_partial_reg[1][23]_i_167_O_UNCONNECTED[3]
folded_adder/NLW_partial_reg[1][23]_i_167_O_UNCONNECTED[4]
folded_adder/NLW_partial_reg[1][23]_i_167_O_UNCONNECTED[5]
folded_adder/NLW_partial_reg[1][23]_i_167_O_UNCONNECTED[6]
folded_adder/NLW_partial_reg[1][23]_i_167_O_UNCONNECTED[7]
folded_adder/NLW_partial_reg[1][23]_i_167_S_UNCONNECTED[1]
folded_adder/NLW_partial_reg[1][23]_i_167_S_UNCONNECTED[2]
folded_adder/NLW_partial_reg[1][23]_i_167_S_UNCONNECTED[3]
folded_adder/NLW_partial_reg[1][23]_i_167_S_UNCONNECTED[4]
folded_adder/NLW_partial_reg[1][23]_i_167_S_UNCONNECTED[5]
folded_adder/NLW_partial_reg[1][23]_i_167_S_UNCONNECTED[6]
folded_adder/NLW_partial_reg[1][23]_i_167_S_UNCONNECTED[7]
folded_adder/NLW_partial_reg[1][23]_i_168_CO_UNCONNECTED[1]
folded_adder/NLW_partial_reg[1][23]_i_168_CO_UNCONNECTED[2]
folded_adder/NLW_partial_reg[1][23]_i_168_CO_UNCONNECTED[3]
folded_adder/NLW_partial_reg[1][23]_i_168_CO_UNCONNECTED[4]
folded_adder/NLW_partial_reg[1][23]_i_168_CO_UNCONNECTED[5]
folded_adder/NLW_partial_reg[1][23]_i_168_CO_UNCONNECTED[6]
folded_adder/NLW_partial_reg[1][23]_i_168_CO_UNCONNECTED[7]
folded_adder/NLW_partial_reg[1][23]_i_168_DI_UNCONNECTED[1]
folded_adder/NLW_partial_reg[1][23]_i_168_DI_UNCONNECTED[2]
folded_adder/NLW_partial_reg[1][23]_i_168_DI_UNCONNECTED[3]
folded_adder/NLW_partial_reg[1][23]_i_168_DI_UNCONNECTED[4]
folded_adder/NLW_partial_reg[1][23]_i_168_DI_UNCONNECTED[5]
folded_adder/NLW_partial_reg[1][23]_i_168_DI_UNCONNECTED[6]
folded_adder/NLW_partial_reg[1][23]_i_168_DI_UNCONNECTED[7]
folded_adder/NLW_partial_reg[1][23]_i_168_O_UNCONNECTED[0]
folded_adder/NLW_partial_reg[1][23]_i_168_O_UNCONNECTED[1]
folded_adder/NLW_partial_reg[1][23]_i_168_O_UNCONNECTED[2]
folded_adder/NLW_partial_reg[1][23]_i_168_O_UNCONNECTED[3]
folded_adder/NLW_partial_reg[1][23]_i_168_O_UNCONNECTED[4]
folded_adder/NLW_partial_reg[1][23]_i_168_O_UNCONNECTED[5]
folded_adder/NLW_partial_reg[1][23]_i_168_O_UNCONNECTED[6]
folded_adder/NLW_partial_reg[1][23]_i_168_O_UNCONNECTED[7]
folded_adder/NLW_partial_reg[1][23]_i_168_S_UNCONNECTED[1]
folded_adder/NLW_partial_reg[1][23]_i_168_S_UNCONNECTED[2]
folded_adder/NLW_partial_reg[1][23]_i_168_S_UNCONNECTED[3]
folded_adder/NLW_partial_reg[1][23]_i_168_S_UNCONNECTED[4]
folded_adder/NLW_partial_reg[1][23]_i_168_S_UNCONNECTED[5]
folded_adder/NLW_partial_reg[1][23]_i_168_S_UNCONNECTED[6]
folded_adder/NLW_partial_reg[1][23]_i_168_S_UNCONNECTED[7]
folded_adder/NLW_partial_reg[1][23]_i_17_CO_UNCONNECTED[0]
folded_adder/NLW_partial_reg[1][23]_i_17_CO_UNCONNECTED[1]
folded_adder/NLW_partial_reg[1][23]_i_17_CO_UNCONNECTED[2]
folded_adder/NLW_partial_reg[1][23]_i_17_CO_UNCONNECTED[3]
folded_adder/NLW_partial_reg[1][23]_i_17_CO_UNCONNECTED[4]
folded_adder/NLW_partial_reg[1][23]_i_17_CO_UNCONNECTED[5]
folded_adder/NLW_partial_reg[1][23]_i_17_CO_UNCONNECTED[6]
folded_adder/NLW_partial_reg[1][23]_i_17_CO_UNCONNECTED[7]
folded_adder/NLW_partial_reg[1][23]_i_17_DI_UNCONNECTED[5]
folded_adder/NLW_partial_reg[1][23]_i_17_DI_UNCONNECTED[6]
folded_adder/NLW_partial_reg[1][23]_i_17_DI_UNCONNECTED[7]
folded_adder/NLW_partial_reg[1][23]_i_17_O_UNCONNECTED[4]
folded_adder/NLW_partial_reg[1][23]_i_17_O_UNCONNECTED[5]
folded_adder/NLW_partial_reg[1][23]_i_17_O_UNCONNECTED[6]
folded_adder/NLW_partial_reg[1][23]_i_17_O_UNCONNECTED[7]
folded_adder/NLW_partial_reg[1][23]_i_17_S_UNCONNECTED[5]
folded_adder/NLW_partial_reg[1][23]_i_17_S_UNCONNECTED[6]
folded_adder/NLW_partial_reg[1][23]_i_17_S_UNCONNECTED[7]
folded_adder/NLW_partial_reg[1][23]_i_170_CO_UNCONNECTED[1]
folded_adder/NLW_partial_reg[1][23]_i_170_CO_UNCONNECTED[2]
folded_adder/NLW_partial_reg[1][23]_i_170_CO_UNCONNECTED[3]
folded_adder/NLW_partial_reg[1][23]_i_170_CO_UNCONNECTED[4]
folded_adder/NLW_partial_reg[1][23]_i_170_CO_UNCONNECTED[5]
folded_adder/NLW_partial_reg[1][23]_i_170_CO_UNCONNECTED[6]
folded_adder/NLW_partial_reg[1][23]_i_170_CO_UNCONNECTED[7]
folded_adder/NLW_partial_reg[1][23]_i_170_DI_UNCONNECTED[1]
folded_adder/NLW_partial_reg[1][23]_i_170_DI_UNCONNECTED[2]
folded_adder/NLW_partial_reg[1][23]_i_170_DI_UNCONNECTED[3]
folded_adder/NLW_partial_reg[1][23]_i_170_DI_UNCONNECTED[4]
folded_adder/NLW_partial_reg[1][23]_i_170_DI_UNCONNECTED[5]
folded_adder/NLW_partial_reg[1][23]_i_170_DI_UNCONNECTED[6]
folded_adder/NLW_partial_reg[1][23]_i_170_DI_UNCONNECTED[7]
folded_adder/NLW_partial_reg[1][23]_i_170_O_UNCONNECTED[0]
folded_adder/NLW_partial_reg[1][23]_i_170_O_UNCONNECTED[1]
folded_adder/NLW_partial_reg[1][23]_i_170_O_UNCONNECTED[2]
folded_adder/NLW_partial_reg[1][23]_i_170_O_UNCONNECTED[3]
folded_adder/NLW_partial_reg[1][23]_i_170_O_UNCONNECTED[4]
folded_adder/NLW_partial_reg[1][23]_i_170_O_UNCONNECTED[5]
folded_adder/NLW_partial_reg[1][23]_i_170_O_UNCONNECTED[6]
folded_adder/NLW_partial_reg[1][23]_i_170_O_UNCONNECTED[7]
folded_adder/NLW_partial_reg[1][23]_i_170_S_UNCONNECTED[1]
folded_adder/NLW_partial_reg[1][23]_i_170_S_UNCONNECTED[2]
folded_adder/NLW_partial_reg[1][23]_i_170_S_UNCONNECTED[3]
folded_adder/NLW_partial_reg[1][23]_i_170_S_UNCONNECTED[4]
folded_adder/NLW_partial_reg[1][23]_i_170_S_UNCONNECTED[5]
folded_adder/NLW_partial_reg[1][23]_i_170_S_UNCONNECTED[6]
folded_adder/NLW_partial_reg[1][23]_i_170_S_UNCONNECTED[7]
folded_adder/NLW_partial_reg[1][23]_i_171_CO_UNCONNECTED[1]
folded_adder/NLW_partial_reg[1][23]_i_171_CO_UNCONNECTED[2]
folded_adder/NLW_partial_reg[1][23]_i_171_CO_UNCONNECTED[3]
folded_adder/NLW_partial_reg[1][23]_i_171_CO_UNCONNECTED[4]
folded_adder/NLW_partial_reg[1][23]_i_171_CO_UNCONNECTED[5]
folded_adder/NLW_partial_reg[1][23]_i_171_CO_UNCONNECTED[6]
folded_adder/NLW_partial_reg[1][23]_i_171_CO_UNCONNECTED[7]
folded_adder/NLW_partial_reg[1][23]_i_171_DI_UNCONNECTED[1]
folded_adder/NLW_partial_reg[1][23]_i_171_DI_UNCONNECTED[2]
folded_adder/NLW_partial_reg[1][23]_i_171_DI_UNCONNECTED[3]
folded_adder/NLW_partial_reg[1][23]_i_171_DI_UNCONNECTED[4]
folded_adder/NLW_partial_reg[1][23]_i_171_DI_UNCONNECTED[5]
folded_adder/NLW_partial_reg[1][23]_i_171_DI_UNCONNECTED[6]
folded_adder/NLW_partial_reg[1][23]_i_171_DI_UNCONNECTED[7]
folded_adder/NLW_partial_reg[1][23]_i_171_O_UNCONNECTED[0]
folded_adder/NLW_partial_reg[1][23]_i_171_O_UNCONNECTED[1]
folded_adder/NLW_partial_reg[1][23]_i_171_O_UNCONNECTED[2]
folded_adder/NLW_partial_reg[1][23]_i_171_O_UNCONNECTED[3]
folded_adder/NLW_partial_reg[1][23]_i_171_O_UNCONNECTED[4]
folded_adder/NLW_partial_reg[1][23]_i_171_O_UNCONNECTED[5]
folded_adder/NLW_partial_reg[1][23]_i_171_O_UNCONNECTED[6]
folded_adder/NLW_partial_reg[1][23]_i_171_O_UNCONNECTED[7]
folded_adder/NLW_partial_reg[1][23]_i_171_S_UNCONNECTED[1]
folded_adder/NLW_partial_reg[1][23]_i_171_S_UNCONNECTED[2]
folded_adder/NLW_partial_reg[1][23]_i_171_S_UNCONNECTED[3]
folded_adder/NLW_partial_reg[1][23]_i_171_S_UNCONNECTED[4]
folded_adder/NLW_partial_reg[1][23]_i_171_S_UNCONNECTED[5]
folded_adder/NLW_partial_reg[1][23]_i_171_S_UNCONNECTED[6]
folded_adder/NLW_partial_reg[1][23]_i_171_S_UNCONNECTED[7]
folded_adder/NLW_partial_reg[1][23]_i_173_CO_UNCONNECTED[1]
folded_adder/NLW_partial_reg[1][23]_i_173_CO_UNCONNECTED[2]
folded_adder/NLW_partial_reg[1][23]_i_173_CO_UNCONNECTED[3]
folded_adder/NLW_partial_reg[1][23]_i_173_CO_UNCONNECTED[4]
folded_adder/NLW_partial_reg[1][23]_i_173_CO_UNCONNECTED[5]
folded_adder/NLW_partial_reg[1][23]_i_173_CO_UNCONNECTED[6]
folded_adder/NLW_partial_reg[1][23]_i_173_CO_UNCONNECTED[7]
folded_adder/NLW_partial_reg[1][23]_i_173_DI_UNCONNECTED[1]
folded_adder/NLW_partial_reg[1][23]_i_173_DI_UNCONNECTED[2]
folded_adder/NLW_partial_reg[1][23]_i_173_DI_UNCONNECTED[3]
folded_adder/NLW_partial_reg[1][23]_i_173_DI_UNCONNECTED[4]
folded_adder/NLW_partial_reg[1][23]_i_173_DI_UNCONNECTED[5]
folded_adder/NLW_partial_reg[1][23]_i_173_DI_UNCONNECTED[6]
folded_adder/NLW_partial_reg[1][23]_i_173_DI_UNCONNECTED[7]
folded_adder/NLW_partial_reg[1][23]_i_173_O_UNCONNECTED[0]
folded_adder/NLW_partial_reg[1][23]_i_173_O_UNCONNECTED[1]
folded_adder/NLW_partial_reg[1][23]_i_173_O_UNCONNECTED[2]
folded_adder/NLW_partial_reg[1][23]_i_173_O_UNCONNECTED[3]
folded_adder/NLW_partial_reg[1][23]_i_173_O_UNCONNECTED[4]
folded_adder/NLW_partial_reg[1][23]_i_173_O_UNCONNECTED[5]
folded_adder/NLW_partial_reg[1][23]_i_173_O_UNCONNECTED[6]
folded_adder/NLW_partial_reg[1][23]_i_173_O_UNCONNECTED[7]
folded_adder/NLW_partial_reg[1][23]_i_173_S_UNCONNECTED[1]
folded_adder/NLW_partial_reg[1][23]_i_173_S_UNCONNECTED[2]
folded_adder/NLW_partial_reg[1][23]_i_173_S_UNCONNECTED[3]
folded_adder/NLW_partial_reg[1][23]_i_173_S_UNCONNECTED[4]
folded_adder/NLW_partial_reg[1][23]_i_173_S_UNCONNECTED[5]
folded_adder/NLW_partial_reg[1][23]_i_173_S_UNCONNECTED[6]
folded_adder/NLW_partial_reg[1][23]_i_173_S_UNCONNECTED[7]
folded_adder/NLW_partial_reg[1][23]_i_175_CO_UNCONNECTED[0]
folded_adder/NLW_partial_reg[1][23]_i_175_CO_UNCONNECTED[1]
folded_adder/NLW_partial_reg[1][23]_i_175_CO_UNCONNECTED[2]
folded_adder/NLW_partial_reg[1][23]_i_175_CO_UNCONNECTED[3]
folded_adder/NLW_partial_reg[1][23]_i_175_CO_UNCONNECTED[4]
folded_adder/NLW_partial_reg[1][23]_i_175_CO_UNCONNECTED[5]
folded_adder/NLW_partial_reg[1][23]_i_175_CO_UNCONNECTED[6]
folded_adder/NLW_partial_reg[1][23]_i_175_CO_UNCONNECTED[7]
folded_adder/NLW_partial_reg[1][23]_i_175_DI_UNCONNECTED[2]
folded_adder/NLW_partial_reg[1][23]_i_175_DI_UNCONNECTED[3]
folded_adder/NLW_partial_reg[1][23]_i_175_DI_UNCONNECTED[4]
folded_adder/NLW_partial_reg[1][23]_i_175_DI_UNCONNECTED[5]
folded_adder/NLW_partial_reg[1][23]_i_175_DI_UNCONNECTED[6]
folded_adder/NLW_partial_reg[1][23]_i_175_DI_UNCONNECTED[7]
folded_adder/NLW_partial_reg[1][23]_i_175_O_UNCONNECTED[1]
folded_adder/NLW_partial_reg[1][23]_i_175_O_UNCONNECTED[2]
folded_adder/NLW_partial_reg[1][23]_i_175_O_UNCONNECTED[3]
folded_adder/NLW_partial_reg[1][23]_i_175_O_UNCONNECTED[4]
folded_adder/NLW_partial_reg[1][23]_i_175_O_UNCONNECTED[5]
folded_adder/NLW_partial_reg[1][23]_i_175_O_UNCONNECTED[6]
folded_adder/NLW_partial_reg[1][23]_i_175_O_UNCONNECTED[7]
folded_adder/NLW_partial_reg[1][23]_i_175_S_UNCONNECTED[2]
folded_adder/NLW_partial_reg[1][23]_i_175_S_UNCONNECTED[3]
folded_adder/NLW_partial_reg[1][23]_i_175_S_UNCONNECTED[4]
folded_adder/NLW_partial_reg[1][23]_i_175_S_UNCONNECTED[5]
folded_adder/NLW_partial_reg[1][23]_i_175_S_UNCONNECTED[6]
folded_adder/NLW_partial_reg[1][23]_i_175_S_UNCONNECTED[7]
folded_adder/NLW_partial_reg[1][23]_i_176_CO_UNCONNECTED[1]
folded_adder/NLW_partial_reg[1][23]_i_176_CO_UNCONNECTED[2]
folded_adder/NLW_partial_reg[1][23]_i_176_CO_UNCONNECTED[3]
folded_adder/NLW_partial_reg[1][23]_i_176_CO_UNCONNECTED[4]
folded_adder/NLW_partial_reg[1][23]_i_176_CO_UNCONNECTED[5]
folded_adder/NLW_partial_reg[1][23]_i_176_CO_UNCONNECTED[6]
folded_adder/NLW_partial_reg[1][23]_i_176_CO_UNCONNECTED[7]
folded_adder/NLW_partial_reg[1][23]_i_176_DI_UNCONNECTED[1]
folded_adder/NLW_partial_reg[1][23]_i_176_DI_UNCONNECTED[2]
folded_adder/NLW_partial_reg[1][23]_i_176_DI_UNCONNECTED[3]
folded_adder/NLW_partial_reg[1][23]_i_176_DI_UNCONNECTED[4]
folded_adder/NLW_partial_reg[1][23]_i_176_DI_UNCONNECTED[5]
folded_adder/NLW_partial_reg[1][23]_i_176_DI_UNCONNECTED[6]
folded_adder/NLW_partial_reg[1][23]_i_176_DI_UNCONNECTED[7]
folded_adder/NLW_partial_reg[1][23]_i_176_O_UNCONNECTED[0]
folded_adder/NLW_partial_reg[1][23]_i_176_O_UNCONNECTED[1]
folded_adder/NLW_partial_reg[1][23]_i_176_O_UNCONNECTED[2]
folded_adder/NLW_partial_reg[1][23]_i_176_O_UNCONNECTED[3]
folded_adder/NLW_partial_reg[1][23]_i_176_O_UNCONNECTED[4]
folded_adder/NLW_partial_reg[1][23]_i_176_O_UNCONNECTED[5]
folded_adder/NLW_partial_reg[1][23]_i_176_O_UNCONNECTED[6]
folded_adder/NLW_partial_reg[1][23]_i_176_O_UNCONNECTED[7]
folded_adder/NLW_partial_reg[1][23]_i_176_S_UNCONNECTED[1]
folded_adder/NLW_partial_reg[1][23]_i_176_S_UNCONNECTED[2]
folded_adder/NLW_partial_reg[1][23]_i_176_S_UNCONNECTED[3]
folded_adder/NLW_partial_reg[1][23]_i_176_S_UNCONNECTED[4]
folded_adder/NLW_partial_reg[1][23]_i_176_S_UNCONNECTED[5]
folded_adder/NLW_partial_reg[1][23]_i_176_S_UNCONNECTED[6]
folded_adder/NLW_partial_reg[1][23]_i_176_S_UNCONNECTED[7]
folded_adder/NLW_partial_reg[1][23]_i_177_CO_UNCONNECTED[1]
folded_adder/NLW_partial_reg[1][23]_i_177_CO_UNCONNECTED[2]
folded_adder/NLW_partial_reg[1][23]_i_177_CO_UNCONNECTED[3]
folded_adder/NLW_partial_reg[1][23]_i_177_CO_UNCONNECTED[4]
folded_adder/NLW_partial_reg[1][23]_i_177_CO_UNCONNECTED[5]
folded_adder/NLW_partial_reg[1][23]_i_177_CO_UNCONNECTED[6]
folded_adder/NLW_partial_reg[1][23]_i_177_CO_UNCONNECTED[7]
folded_adder/NLW_partial_reg[1][23]_i_177_DI_UNCONNECTED[1]
folded_adder/NLW_partial_reg[1][23]_i_177_DI_UNCONNECTED[2]
folded_adder/NLW_partial_reg[1][23]_i_177_DI_UNCONNECTED[3]
folded_adder/NLW_partial_reg[1][23]_i_177_DI_UNCONNECTED[4]
folded_adder/NLW_partial_reg[1][23]_i_177_DI_UNCONNECTED[5]
folded_adder/NLW_partial_reg[1][23]_i_177_DI_UNCONNECTED[6]
folded_adder/NLW_partial_reg[1][23]_i_177_DI_UNCONNECTED[7]
folded_adder/NLW_partial_reg[1][23]_i_177_O_UNCONNECTED[0]
folded_adder/NLW_partial_reg[1][23]_i_177_O_UNCONNECTED[1]
folded_adder/NLW_partial_reg[1][23]_i_177_O_UNCONNECTED[2]
folded_adder/NLW_partial_reg[1][23]_i_177_O_UNCONNECTED[3]
folded_adder/NLW_partial_reg[1][23]_i_177_O_UNCONNECTED[4]
folded_adder/NLW_partial_reg[1][23]_i_177_O_UNCONNECTED[5]
folded_adder/NLW_partial_reg[1][23]_i_177_O_UNCONNECTED[6]
folded_adder/NLW_partial_reg[1][23]_i_177_O_UNCONNECTED[7]
folded_adder/NLW_partial_reg[1][23]_i_177_S_UNCONNECTED[1]
folded_adder/NLW_partial_reg[1][23]_i_177_S_UNCONNECTED[2]
folded_adder/NLW_partial_reg[1][23]_i_177_S_UNCONNECTED[3]
folded_adder/NLW_partial_reg[1][23]_i_177_S_UNCONNECTED[4]
folded_adder/NLW_partial_reg[1][23]_i_177_S_UNCONNECTED[5]
folded_adder/NLW_partial_reg[1][23]_i_177_S_UNCONNECTED[6]
folded_adder/NLW_partial_reg[1][23]_i_177_S_UNCONNECTED[7]
folded_adder/NLW_partial_reg[1][23]_i_179_CO_UNCONNECTED[1]
folded_adder/NLW_partial_reg[1][23]_i_179_CO_UNCONNECTED[2]
folded_adder/NLW_partial_reg[1][23]_i_179_CO_UNCONNECTED[3]
folded_adder/NLW_partial_reg[1][23]_i_179_CO_UNCONNECTED[4]
folded_adder/NLW_partial_reg[1][23]_i_179_CO_UNCONNECTED[5]
folded_adder/NLW_partial_reg[1][23]_i_179_CO_UNCONNECTED[6]
folded_adder/NLW_partial_reg[1][23]_i_179_CO_UNCONNECTED[7]
folded_adder/NLW_partial_reg[1][23]_i_179_DI_UNCONNECTED[1]
folded_adder/NLW_partial_reg[1][23]_i_179_DI_UNCONNECTED[2]
folded_adder/NLW_partial_reg[1][23]_i_179_DI_UNCONNECTED[3]
folded_adder/NLW_partial_reg[1][23]_i_179_DI_UNCONNECTED[4]
folded_adder/NLW_partial_reg[1][23]_i_179_DI_UNCONNECTED[5]
folded_adder/NLW_partial_reg[1][23]_i_179_DI_UNCONNECTED[6]
folded_adder/NLW_partial_reg[1][23]_i_179_DI_UNCONNECTED[7]
folded_adder/NLW_partial_reg[1][23]_i_179_O_UNCONNECTED[0]
folded_adder/NLW_partial_reg[1][23]_i_179_O_UNCONNECTED[1]
folded_adder/NLW_partial_reg[1][23]_i_179_O_UNCONNECTED[2]
folded_adder/NLW_partial_reg[1][23]_i_179_O_UNCONNECTED[3]
folded_adder/NLW_partial_reg[1][23]_i_179_O_UNCONNECTED[4]
folded_adder/NLW_partial_reg[1][23]_i_179_O_UNCONNECTED[5]
folded_adder/NLW_partial_reg[1][23]_i_179_O_UNCONNECTED[6]
folded_adder/NLW_partial_reg[1][23]_i_179_O_UNCONNECTED[7]
folded_adder/NLW_partial_reg[1][23]_i_179_S_UNCONNECTED[1]
folded_adder/NLW_partial_reg[1][23]_i_179_S_UNCONNECTED[2]
folded_adder/NLW_partial_reg[1][23]_i_179_S_UNCONNECTED[3]
folded_adder/NLW_partial_reg[1][23]_i_179_S_UNCONNECTED[4]
folded_adder/NLW_partial_reg[1][23]_i_179_S_UNCONNECTED[5]
folded_adder/NLW_partial_reg[1][23]_i_179_S_UNCONNECTED[6]
folded_adder/NLW_partial_reg[1][23]_i_179_S_UNCONNECTED[7]
folded_adder/NLW_partial_reg[1][23]_i_181_CO_UNCONNECTED[0]
folded_adder/NLW_partial_reg[1][23]_i_181_CO_UNCONNECTED[1]
folded_adder/NLW_partial_reg[1][23]_i_181_CO_UNCONNECTED[2]
folded_adder/NLW_partial_reg[1][23]_i_181_CO_UNCONNECTED[3]
folded_adder/NLW_partial_reg[1][23]_i_181_CO_UNCONNECTED[4]
folded_adder/NLW_partial_reg[1][23]_i_181_CO_UNCONNECTED[5]
folded_adder/NLW_partial_reg[1][23]_i_181_CO_UNCONNECTED[6]
folded_adder/NLW_partial_reg[1][23]_i_181_CO_UNCONNECTED[7]
folded_adder/NLW_partial_reg[1][23]_i_181_DI_UNCONNECTED[2]
folded_adder/NLW_partial_reg[1][23]_i_181_DI_UNCONNECTED[3]
folded_adder/NLW_partial_reg[1][23]_i_181_DI_UNCONNECTED[4]
folded_adder/NLW_partial_reg[1][23]_i_181_DI_UNCONNECTED[5]
folded_adder/NLW_partial_reg[1][23]_i_181_DI_UNCONNECTED[6]
folded_adder/NLW_partial_reg[1][23]_i_181_DI_UNCONNECTED[7]
folded_adder/NLW_partial_reg[1][23]_i_181_O_UNCONNECTED[1]
folded_adder/NLW_partial_reg[1][23]_i_181_O_UNCONNECTED[2]
folded_adder/NLW_partial_reg[1][23]_i_181_O_UNCONNECTED[3]
folded_adder/NLW_partial_reg[1][23]_i_181_O_UNCONNECTED[4]
folded_adder/NLW_partial_reg[1][23]_i_181_O_UNCONNECTED[5]
folded_adder/NLW_partial_reg[1][23]_i_181_O_UNCONNECTED[6]
folded_adder/NLW_partial_reg[1][23]_i_181_O_UNCONNECTED[7]
folded_adder/NLW_partial_reg[1][23]_i_181_S_UNCONNECTED[2]
folded_adder/NLW_partial_reg[1][23]_i_181_S_UNCONNECTED[3]
folded_adder/NLW_partial_reg[1][23]_i_181_S_UNCONNECTED[4]
folded_adder/NLW_partial_reg[1][23]_i_181_S_UNCONNECTED[5]
folded_adder/NLW_partial_reg[1][23]_i_181_S_UNCONNECTED[6]
folded_adder/NLW_partial_reg[1][23]_i_181_S_UNCONNECTED[7]
folded_adder/NLW_partial_reg[1][23]_i_182_CO_UNCONNECTED[1]
folded_adder/NLW_partial_reg[1][23]_i_182_CO_UNCONNECTED[2]
folded_adder/NLW_partial_reg[1][23]_i_182_CO_UNCONNECTED[3]
folded_adder/NLW_partial_reg[1][23]_i_182_CO_UNCONNECTED[4]
folded_adder/NLW_partial_reg[1][23]_i_182_CO_UNCONNECTED[5]
folded_adder/NLW_partial_reg[1][23]_i_182_CO_UNCONNECTED[6]
folded_adder/NLW_partial_reg[1][23]_i_182_CO_UNCONNECTED[7]
folded_adder/NLW_partial_reg[1][23]_i_182_DI_UNCONNECTED[1]
folded_adder/NLW_partial_reg[1][23]_i_182_DI_UNCONNECTED[2]
folded_adder/NLW_partial_reg[1][23]_i_182_DI_UNCONNECTED[3]
folded_adder/NLW_partial_reg[1][23]_i_182_DI_UNCONNECTED[4]
folded_adder/NLW_partial_reg[1][23]_i_182_DI_UNCONNECTED[5]
folded_adder/NLW_partial_reg[1][23]_i_182_DI_UNCONNECTED[6]
folded_adder/NLW_partial_reg[1][23]_i_182_DI_UNCONNECTED[7]
folded_adder/NLW_partial_reg[1][23]_i_182_O_UNCONNECTED[0]
folded_adder/NLW_partial_reg[1][23]_i_182_O_UNCONNECTED[1]
folded_adder/NLW_partial_reg[1][23]_i_182_O_UNCONNECTED[2]
folded_adder/NLW_partial_reg[1][23]_i_182_O_UNCONNECTED[3]
folded_adder/NLW_partial_reg[1][23]_i_182_O_UNCONNECTED[4]
folded_adder/NLW_partial_reg[1][23]_i_182_O_UNCONNECTED[5]
folded_adder/NLW_partial_reg[1][23]_i_182_O_UNCONNECTED[6]
folded_adder/NLW_partial_reg[1][23]_i_182_O_UNCONNECTED[7]
folded_adder/NLW_partial_reg[1][23]_i_182_S_UNCONNECTED[1]
folded_adder/NLW_partial_reg[1][23]_i_182_S_UNCONNECTED[2]
folded_adder/NLW_partial_reg[1][23]_i_182_S_UNCONNECTED[3]
folded_adder/NLW_partial_reg[1][23]_i_182_S_UNCONNECTED[4]
folded_adder/NLW_partial_reg[1][23]_i_182_S_UNCONNECTED[5]
folded_adder/NLW_partial_reg[1][23]_i_182_S_UNCONNECTED[6]
folded_adder/NLW_partial_reg[1][23]_i_182_S_UNCONNECTED[7]
folded_adder/NLW_partial_reg[1][23]_i_184_CO_UNCONNECTED[0]
folded_adder/NLW_partial_reg[1][23]_i_184_CO_UNCONNECTED[1]
folded_adder/NLW_partial_reg[1][23]_i_184_CO_UNCONNECTED[2]
folded_adder/NLW_partial_reg[1][23]_i_184_CO_UNCONNECTED[3]
folded_adder/NLW_partial_reg[1][23]_i_184_CO_UNCONNECTED[4]
folded_adder/NLW_partial_reg[1][23]_i_184_CO_UNCONNECTED[5]
folded_adder/NLW_partial_reg[1][23]_i_184_CO_UNCONNECTED[6]
folded_adder/NLW_partial_reg[1][23]_i_184_CO_UNCONNECTED[7]
folded_adder/NLW_partial_reg[1][23]_i_184_DI_UNCONNECTED[2]
folded_adder/NLW_partial_reg[1][23]_i_184_DI_UNCONNECTED[3]
folded_adder/NLW_partial_reg[1][23]_i_184_DI_UNCONNECTED[4]
folded_adder/NLW_partial_reg[1][23]_i_184_DI_UNCONNECTED[5]
folded_adder/NLW_partial_reg[1][23]_i_184_DI_UNCONNECTED[6]
folded_adder/NLW_partial_reg[1][23]_i_184_DI_UNCONNECTED[7]
folded_adder/NLW_partial_reg[1][23]_i_184_O_UNCONNECTED[1]
folded_adder/NLW_partial_reg[1][23]_i_184_O_UNCONNECTED[2]
folded_adder/NLW_partial_reg[1][23]_i_184_O_UNCONNECTED[3]
folded_adder/NLW_partial_reg[1][23]_i_184_O_UNCONNECTED[4]
folded_adder/NLW_partial_reg[1][23]_i_184_O_UNCONNECTED[5]
folded_adder/NLW_partial_reg[1][23]_i_184_O_UNCONNECTED[6]
folded_adder/NLW_partial_reg[1][23]_i_184_O_UNCONNECTED[7]
folded_adder/NLW_partial_reg[1][23]_i_184_S_UNCONNECTED[2]
folded_adder/NLW_partial_reg[1][23]_i_184_S_UNCONNECTED[3]
folded_adder/NLW_partial_reg[1][23]_i_184_S_UNCONNECTED[4]
folded_adder/NLW_partial_reg[1][23]_i_184_S_UNCONNECTED[5]
folded_adder/NLW_partial_reg[1][23]_i_184_S_UNCONNECTED[6]
folded_adder/NLW_partial_reg[1][23]_i_184_S_UNCONNECTED[7]
folded_adder/NLW_partial_reg[1][23]_i_185_CO_UNCONNECTED[0]
folded_adder/NLW_partial_reg[1][23]_i_185_CO_UNCONNECTED[1]
folded_adder/NLW_partial_reg[1][23]_i_185_CO_UNCONNECTED[2]
folded_adder/NLW_partial_reg[1][23]_i_185_CO_UNCONNECTED[3]
folded_adder/NLW_partial_reg[1][23]_i_185_CO_UNCONNECTED[4]
folded_adder/NLW_partial_reg[1][23]_i_185_CO_UNCONNECTED[5]
folded_adder/NLW_partial_reg[1][23]_i_185_CO_UNCONNECTED[6]
folded_adder/NLW_partial_reg[1][23]_i_185_CO_UNCONNECTED[7]
folded_adder/NLW_partial_reg[1][23]_i_185_DI_UNCONNECTED[2]
folded_adder/NLW_partial_reg[1][23]_i_185_DI_UNCONNECTED[3]
folded_adder/NLW_partial_reg[1][23]_i_185_DI_UNCONNECTED[4]
folded_adder/NLW_partial_reg[1][23]_i_185_DI_UNCONNECTED[5]
folded_adder/NLW_partial_reg[1][23]_i_185_DI_UNCONNECTED[6]
folded_adder/NLW_partial_reg[1][23]_i_185_DI_UNCONNECTED[7]
folded_adder/NLW_partial_reg[1][23]_i_185_O_UNCONNECTED[1]
folded_adder/NLW_partial_reg[1][23]_i_185_O_UNCONNECTED[2]
folded_adder/NLW_partial_reg[1][23]_i_185_O_UNCONNECTED[3]
folded_adder/NLW_partial_reg[1][23]_i_185_O_UNCONNECTED[4]
folded_adder/NLW_partial_reg[1][23]_i_185_O_UNCONNECTED[5]
folded_adder/NLW_partial_reg[1][23]_i_185_O_UNCONNECTED[6]
folded_adder/NLW_partial_reg[1][23]_i_185_O_UNCONNECTED[7]
folded_adder/NLW_partial_reg[1][23]_i_185_S_UNCONNECTED[2]
folded_adder/NLW_partial_reg[1][23]_i_185_S_UNCONNECTED[3]
folded_adder/NLW_partial_reg[1][23]_i_185_S_UNCONNECTED[4]
folded_adder/NLW_partial_reg[1][23]_i_185_S_UNCONNECTED[5]
folded_adder/NLW_partial_reg[1][23]_i_185_S_UNCONNECTED[6]
folded_adder/NLW_partial_reg[1][23]_i_185_S_UNCONNECTED[7]
folded_adder/NLW_partial_reg[1][23]_i_188_CO_UNCONNECTED[1]
folded_adder/NLW_partial_reg[1][23]_i_188_CO_UNCONNECTED[2]
folded_adder/NLW_partial_reg[1][23]_i_188_CO_UNCONNECTED[3]
folded_adder/NLW_partial_reg[1][23]_i_188_CO_UNCONNECTED[4]
folded_adder/NLW_partial_reg[1][23]_i_188_CO_UNCONNECTED[5]
folded_adder/NLW_partial_reg[1][23]_i_188_CO_UNCONNECTED[6]
folded_adder/NLW_partial_reg[1][23]_i_188_CO_UNCONNECTED[7]
folded_adder/NLW_partial_reg[1][23]_i_188_DI_UNCONNECTED[1]
folded_adder/NLW_partial_reg[1][23]_i_188_DI_UNCONNECTED[2]
folded_adder/NLW_partial_reg[1][23]_i_188_DI_UNCONNECTED[3]
folded_adder/NLW_partial_reg[1][23]_i_188_DI_UNCONNECTED[4]
folded_adder/NLW_partial_reg[1][23]_i_188_DI_UNCONNECTED[5]
folded_adder/NLW_partial_reg[1][23]_i_188_DI_UNCONNECTED[6]
folded_adder/NLW_partial_reg[1][23]_i_188_DI_UNCONNECTED[7]
folded_adder/NLW_partial_reg[1][23]_i_188_O_UNCONNECTED[0]
folded_adder/NLW_partial_reg[1][23]_i_188_O_UNCONNECTED[1]
folded_adder/NLW_partial_reg[1][23]_i_188_O_UNCONNECTED[2]
folded_adder/NLW_partial_reg[1][23]_i_188_O_UNCONNECTED[3]
folded_adder/NLW_partial_reg[1][23]_i_188_O_UNCONNECTED[4]
folded_adder/NLW_partial_reg[1][23]_i_188_O_UNCONNECTED[5]
folded_adder/NLW_partial_reg[1][23]_i_188_O_UNCONNECTED[6]
folded_adder/NLW_partial_reg[1][23]_i_188_O_UNCONNECTED[7]
folded_adder/NLW_partial_reg[1][23]_i_188_S_UNCONNECTED[1]
folded_adder/NLW_partial_reg[1][23]_i_188_S_UNCONNECTED[2]
folded_adder/NLW_partial_reg[1][23]_i_188_S_UNCONNECTED[3]
folded_adder/NLW_partial_reg[1][23]_i_188_S_UNCONNECTED[4]
folded_adder/NLW_partial_reg[1][23]_i_188_S_UNCONNECTED[5]
folded_adder/NLW_partial_reg[1][23]_i_188_S_UNCONNECTED[6]
folded_adder/NLW_partial_reg[1][23]_i_188_S_UNCONNECTED[7]
folded_adder/NLW_partial_reg[1][23]_i_189_CO_UNCONNECTED[1]
folded_adder/NLW_partial_reg[1][23]_i_189_CO_UNCONNECTED[2]
folded_adder/NLW_partial_reg[1][23]_i_189_CO_UNCONNECTED[3]
folded_adder/NLW_partial_reg[1][23]_i_189_CO_UNCONNECTED[4]
folded_adder/NLW_partial_reg[1][23]_i_189_CO_UNCONNECTED[5]
folded_adder/NLW_partial_reg[1][23]_i_189_CO_UNCONNECTED[6]
folded_adder/NLW_partial_reg[1][23]_i_189_CO_UNCONNECTED[7]
folded_adder/NLW_partial_reg[1][23]_i_189_DI_UNCONNECTED[1]
folded_adder/NLW_partial_reg[1][23]_i_189_DI_UNCONNECTED[2]
folded_adder/NLW_partial_reg[1][23]_i_189_DI_UNCONNECTED[3]
folded_adder/NLW_partial_reg[1][23]_i_189_DI_UNCONNECTED[4]
folded_adder/NLW_partial_reg[1][23]_i_189_DI_UNCONNECTED[5]
folded_adder/NLW_partial_reg[1][23]_i_189_DI_UNCONNECTED[6]
folded_adder/NLW_partial_reg[1][23]_i_189_DI_UNCONNECTED[7]
folded_adder/NLW_partial_reg[1][23]_i_189_O_UNCONNECTED[0]
folded_adder/NLW_partial_reg[1][23]_i_189_O_UNCONNECTED[1]
folded_adder/NLW_partial_reg[1][23]_i_189_O_UNCONNECTED[2]
folded_adder/NLW_partial_reg[1][23]_i_189_O_UNCONNECTED[3]
folded_adder/NLW_partial_reg[1][23]_i_189_O_UNCONNECTED[4]
folded_adder/NLW_partial_reg[1][23]_i_189_O_UNCONNECTED[5]
folded_adder/NLW_partial_reg[1][23]_i_189_O_UNCONNECTED[6]
folded_adder/NLW_partial_reg[1][23]_i_189_O_UNCONNECTED[7]
folded_adder/NLW_partial_reg[1][23]_i_189_S_UNCONNECTED[1]
folded_adder/NLW_partial_reg[1][23]_i_189_S_UNCONNECTED[2]
folded_adder/NLW_partial_reg[1][23]_i_189_S_UNCONNECTED[3]
folded_adder/NLW_partial_reg[1][23]_i_189_S_UNCONNECTED[4]
folded_adder/NLW_partial_reg[1][23]_i_189_S_UNCONNECTED[5]
folded_adder/NLW_partial_reg[1][23]_i_189_S_UNCONNECTED[6]
folded_adder/NLW_partial_reg[1][23]_i_189_S_UNCONNECTED[7]
folded_adder/NLW_partial_reg[1][23]_i_190_CO_UNCONNECTED[1]
folded_adder/NLW_partial_reg[1][23]_i_190_CO_UNCONNECTED[2]
folded_adder/NLW_partial_reg[1][23]_i_190_CO_UNCONNECTED[3]
folded_adder/NLW_partial_reg[1][23]_i_190_CO_UNCONNECTED[4]
folded_adder/NLW_partial_reg[1][23]_i_190_CO_UNCONNECTED[5]
folded_adder/NLW_partial_reg[1][23]_i_190_CO_UNCONNECTED[6]
folded_adder/NLW_partial_reg[1][23]_i_190_CO_UNCONNECTED[7]
folded_adder/NLW_partial_reg[1][23]_i_190_DI_UNCONNECTED[1]
folded_adder/NLW_partial_reg[1][23]_i_190_DI_UNCONNECTED[2]
folded_adder/NLW_partial_reg[1][23]_i_190_DI_UNCONNECTED[3]
folded_adder/NLW_partial_reg[1][23]_i_190_DI_UNCONNECTED[4]
folded_adder/NLW_partial_reg[1][23]_i_190_DI_UNCONNECTED[5]
folded_adder/NLW_partial_reg[1][23]_i_190_DI_UNCONNECTED[6]
folded_adder/NLW_partial_reg[1][23]_i_190_DI_UNCONNECTED[7]
folded_adder/NLW_partial_reg[1][23]_i_190_O_UNCONNECTED[0]
folded_adder/NLW_partial_reg[1][23]_i_190_O_UNCONNECTED[1]
folded_adder/NLW_partial_reg[1][23]_i_190_O_UNCONNECTED[2]
folded_adder/NLW_partial_reg[1][23]_i_190_O_UNCONNECTED[3]
folded_adder/NLW_partial_reg[1][23]_i_190_O_UNCONNECTED[4]
folded_adder/NLW_partial_reg[1][23]_i_190_O_UNCONNECTED[5]
folded_adder/NLW_partial_reg[1][23]_i_190_O_UNCONNECTED[6]
folded_adder/NLW_partial_reg[1][23]_i_190_O_UNCONNECTED[7]
folded_adder/NLW_partial_reg[1][23]_i_190_S_UNCONNECTED[1]
folded_adder/NLW_partial_reg[1][23]_i_190_S_UNCONNECTED[2]
folded_adder/NLW_partial_reg[1][23]_i_190_S_UNCONNECTED[3]
folded_adder/NLW_partial_reg[1][23]_i_190_S_UNCONNECTED[4]
folded_adder/NLW_partial_reg[1][23]_i_190_S_UNCONNECTED[5]
folded_adder/NLW_partial_reg[1][23]_i_190_S_UNCONNECTED[6]
folded_adder/NLW_partial_reg[1][23]_i_190_S_UNCONNECTED[7]
folded_adder/NLW_partial_reg[1][23]_i_191_CO_UNCONNECTED[1]
folded_adder/NLW_partial_reg[1][23]_i_191_CO_UNCONNECTED[2]
folded_adder/NLW_partial_reg[1][23]_i_191_CO_UNCONNECTED[3]
folded_adder/NLW_partial_reg[1][23]_i_191_CO_UNCONNECTED[4]
folded_adder/NLW_partial_reg[1][23]_i_191_CO_UNCONNECTED[5]
folded_adder/NLW_partial_reg[1][23]_i_191_CO_UNCONNECTED[6]
folded_adder/NLW_partial_reg[1][23]_i_191_CO_UNCONNECTED[7]
folded_adder/NLW_partial_reg[1][23]_i_191_DI_UNCONNECTED[1]
folded_adder/NLW_partial_reg[1][23]_i_191_DI_UNCONNECTED[2]
folded_adder/NLW_partial_reg[1][23]_i_191_DI_UNCONNECTED[3]
folded_adder/NLW_partial_reg[1][23]_i_191_DI_UNCONNECTED[4]
folded_adder/NLW_partial_reg[1][23]_i_191_DI_UNCONNECTED[5]
folded_adder/NLW_partial_reg[1][23]_i_191_DI_UNCONNECTED[6]
folded_adder/NLW_partial_reg[1][23]_i_191_DI_UNCONNECTED[7]
folded_adder/NLW_partial_reg[1][23]_i_191_O_UNCONNECTED[0]
folded_adder/NLW_partial_reg[1][23]_i_191_O_UNCONNECTED[1]
folded_adder/NLW_partial_reg[1][23]_i_191_O_UNCONNECTED[2]
folded_adder/NLW_partial_reg[1][23]_i_191_O_UNCONNECTED[3]
folded_adder/NLW_partial_reg[1][23]_i_191_O_UNCONNECTED[4]
folded_adder/NLW_partial_reg[1][23]_i_191_O_UNCONNECTED[5]
folded_adder/NLW_partial_reg[1][23]_i_191_O_UNCONNECTED[6]
folded_adder/NLW_partial_reg[1][23]_i_191_O_UNCONNECTED[7]
folded_adder/NLW_partial_reg[1][23]_i_191_S_UNCONNECTED[1]
folded_adder/NLW_partial_reg[1][23]_i_191_S_UNCONNECTED[2]
folded_adder/NLW_partial_reg[1][23]_i_191_S_UNCONNECTED[3]
folded_adder/NLW_partial_reg[1][23]_i_191_S_UNCONNECTED[4]
folded_adder/NLW_partial_reg[1][23]_i_191_S_UNCONNECTED[5]
folded_adder/NLW_partial_reg[1][23]_i_191_S_UNCONNECTED[6]
folded_adder/NLW_partial_reg[1][23]_i_191_S_UNCONNECTED[7]
folded_adder/NLW_partial_reg[1][23]_i_193_CO_UNCONNECTED[1]
folded_adder/NLW_partial_reg[1][23]_i_193_CO_UNCONNECTED[2]
folded_adder/NLW_partial_reg[1][23]_i_193_CO_UNCONNECTED[3]
folded_adder/NLW_partial_reg[1][23]_i_193_CO_UNCONNECTED[4]
folded_adder/NLW_partial_reg[1][23]_i_193_CO_UNCONNECTED[5]
folded_adder/NLW_partial_reg[1][23]_i_193_CO_UNCONNECTED[6]
folded_adder/NLW_partial_reg[1][23]_i_193_CO_UNCONNECTED[7]
folded_adder/NLW_partial_reg[1][23]_i_193_DI_UNCONNECTED[1]
folded_adder/NLW_partial_reg[1][23]_i_193_DI_UNCONNECTED[2]
folded_adder/NLW_partial_reg[1][23]_i_193_DI_UNCONNECTED[3]
folded_adder/NLW_partial_reg[1][23]_i_193_DI_UNCONNECTED[4]
folded_adder/NLW_partial_reg[1][23]_i_193_DI_UNCONNECTED[5]
folded_adder/NLW_partial_reg[1][23]_i_193_DI_UNCONNECTED[6]
folded_adder/NLW_partial_reg[1][23]_i_193_DI_UNCONNECTED[7]
folded_adder/NLW_partial_reg[1][23]_i_193_O_UNCONNECTED[0]
folded_adder/NLW_partial_reg[1][23]_i_193_O_UNCONNECTED[1]
folded_adder/NLW_partial_reg[1][23]_i_193_O_UNCONNECTED[2]
folded_adder/NLW_partial_reg[1][23]_i_193_O_UNCONNECTED[3]
folded_adder/NLW_partial_reg[1][23]_i_193_O_UNCONNECTED[4]
folded_adder/NLW_partial_reg[1][23]_i_193_O_UNCONNECTED[5]
folded_adder/NLW_partial_reg[1][23]_i_193_O_UNCONNECTED[6]
folded_adder/NLW_partial_reg[1][23]_i_193_O_UNCONNECTED[7]
folded_adder/NLW_partial_reg[1][23]_i_193_S_UNCONNECTED[1]
folded_adder/NLW_partial_reg[1][23]_i_193_S_UNCONNECTED[2]
folded_adder/NLW_partial_reg[1][23]_i_193_S_UNCONNECTED[3]
folded_adder/NLW_partial_reg[1][23]_i_193_S_UNCONNECTED[4]
folded_adder/NLW_partial_reg[1][23]_i_193_S_UNCONNECTED[5]
folded_adder/NLW_partial_reg[1][23]_i_193_S_UNCONNECTED[6]
folded_adder/NLW_partial_reg[1][23]_i_193_S_UNCONNECTED[7]
folded_adder/NLW_partial_reg[1][23]_i_194_CO_UNCONNECTED[1]
folded_adder/NLW_partial_reg[1][23]_i_194_CO_UNCONNECTED[2]
folded_adder/NLW_partial_reg[1][23]_i_194_CO_UNCONNECTED[3]
folded_adder/NLW_partial_reg[1][23]_i_194_CO_UNCONNECTED[4]
folded_adder/NLW_partial_reg[1][23]_i_194_CO_UNCONNECTED[5]
folded_adder/NLW_partial_reg[1][23]_i_194_CO_UNCONNECTED[6]
folded_adder/NLW_partial_reg[1][23]_i_194_CO_UNCONNECTED[7]
folded_adder/NLW_partial_reg[1][23]_i_194_DI_UNCONNECTED[1]
folded_adder/NLW_partial_reg[1][23]_i_194_DI_UNCONNECTED[2]
folded_adder/NLW_partial_reg[1][23]_i_194_DI_UNCONNECTED[3]
folded_adder/NLW_partial_reg[1][23]_i_194_DI_UNCONNECTED[4]
folded_adder/NLW_partial_reg[1][23]_i_194_DI_UNCONNECTED[5]
folded_adder/NLW_partial_reg[1][23]_i_194_DI_UNCONNECTED[6]
folded_adder/NLW_partial_reg[1][23]_i_194_DI_UNCONNECTED[7]
folded_adder/NLW_partial_reg[1][23]_i_194_O_UNCONNECTED[0]
folded_adder/NLW_partial_reg[1][23]_i_194_O_UNCONNECTED[1]
folded_adder/NLW_partial_reg[1][23]_i_194_O_UNCONNECTED[2]
folded_adder/NLW_partial_reg[1][23]_i_194_O_UNCONNECTED[3]
folded_adder/NLW_partial_reg[1][23]_i_194_O_UNCONNECTED[4]
folded_adder/NLW_partial_reg[1][23]_i_194_O_UNCONNECTED[5]
folded_adder/NLW_partial_reg[1][23]_i_194_O_UNCONNECTED[6]
folded_adder/NLW_partial_reg[1][23]_i_194_O_UNCONNECTED[7]
folded_adder/NLW_partial_reg[1][23]_i_194_S_UNCONNECTED[1]
folded_adder/NLW_partial_reg[1][23]_i_194_S_UNCONNECTED[2]
folded_adder/NLW_partial_reg[1][23]_i_194_S_UNCONNECTED[3]
folded_adder/NLW_partial_reg[1][23]_i_194_S_UNCONNECTED[4]
folded_adder/NLW_partial_reg[1][23]_i_194_S_UNCONNECTED[5]
folded_adder/NLW_partial_reg[1][23]_i_194_S_UNCONNECTED[6]
folded_adder/NLW_partial_reg[1][23]_i_194_S_UNCONNECTED[7]
folded_adder/NLW_partial_reg[1][23]_i_195_CO_UNCONNECTED[1]
folded_adder/NLW_partial_reg[1][23]_i_195_CO_UNCONNECTED[2]
folded_adder/NLW_partial_reg[1][23]_i_195_CO_UNCONNECTED[3]
folded_adder/NLW_partial_reg[1][23]_i_195_CO_UNCONNECTED[4]
folded_adder/NLW_partial_reg[1][23]_i_195_CO_UNCONNECTED[5]
folded_adder/NLW_partial_reg[1][23]_i_195_CO_UNCONNECTED[6]
folded_adder/NLW_partial_reg[1][23]_i_195_CO_UNCONNECTED[7]
folded_adder/NLW_partial_reg[1][23]_i_195_DI_UNCONNECTED[1]
folded_adder/NLW_partial_reg[1][23]_i_195_DI_UNCONNECTED[2]
folded_adder/NLW_partial_reg[1][23]_i_195_DI_UNCONNECTED[3]
folded_adder/NLW_partial_reg[1][23]_i_195_DI_UNCONNECTED[4]
folded_adder/NLW_partial_reg[1][23]_i_195_DI_UNCONNECTED[5]
folded_adder/NLW_partial_reg[1][23]_i_195_DI_UNCONNECTED[6]
folded_adder/NLW_partial_reg[1][23]_i_195_DI_UNCONNECTED[7]
folded_adder/NLW_partial_reg[1][23]_i_195_O_UNCONNECTED[0]
folded_adder/NLW_partial_reg[1][23]_i_195_O_UNCONNECTED[1]
folded_adder/NLW_partial_reg[1][23]_i_195_O_UNCONNECTED[2]
folded_adder/NLW_partial_reg[1][23]_i_195_O_UNCONNECTED[3]
folded_adder/NLW_partial_reg[1][23]_i_195_O_UNCONNECTED[4]
folded_adder/NLW_partial_reg[1][23]_i_195_O_UNCONNECTED[5]
folded_adder/NLW_partial_reg[1][23]_i_195_O_UNCONNECTED[6]
folded_adder/NLW_partial_reg[1][23]_i_195_O_UNCONNECTED[7]
folded_adder/NLW_partial_reg[1][23]_i_195_S_UNCONNECTED[1]
folded_adder/NLW_partial_reg[1][23]_i_195_S_UNCONNECTED[2]
folded_adder/NLW_partial_reg[1][23]_i_195_S_UNCONNECTED[3]
folded_adder/NLW_partial_reg[1][23]_i_195_S_UNCONNECTED[4]
folded_adder/NLW_partial_reg[1][23]_i_195_S_UNCONNECTED[5]
folded_adder/NLW_partial_reg[1][23]_i_195_S_UNCONNECTED[6]
folded_adder/NLW_partial_reg[1][23]_i_195_S_UNCONNECTED[7]
folded_adder/NLW_partial_reg[1][23]_i_197_CO_UNCONNECTED[1]
folded_adder/NLW_partial_reg[1][23]_i_197_CO_UNCONNECTED[2]
folded_adder/NLW_partial_reg[1][23]_i_197_CO_UNCONNECTED[3]
folded_adder/NLW_partial_reg[1][23]_i_197_CO_UNCONNECTED[4]
folded_adder/NLW_partial_reg[1][23]_i_197_CO_UNCONNECTED[5]
folded_adder/NLW_partial_reg[1][23]_i_197_CO_UNCONNECTED[6]
folded_adder/NLW_partial_reg[1][23]_i_197_CO_UNCONNECTED[7]
folded_adder/NLW_partial_reg[1][23]_i_197_DI_UNCONNECTED[1]
folded_adder/NLW_partial_reg[1][23]_i_197_DI_UNCONNECTED[2]
folded_adder/NLW_partial_reg[1][23]_i_197_DI_UNCONNECTED[3]
folded_adder/NLW_partial_reg[1][23]_i_197_DI_UNCONNECTED[4]
folded_adder/NLW_partial_reg[1][23]_i_197_DI_UNCONNECTED[5]
folded_adder/NLW_partial_reg[1][23]_i_197_DI_UNCONNECTED[6]
folded_adder/NLW_partial_reg[1][23]_i_197_DI_UNCONNECTED[7]
folded_adder/NLW_partial_reg[1][23]_i_197_O_UNCONNECTED[0]
folded_adder/NLW_partial_reg[1][23]_i_197_O_UNCONNECTED[1]
folded_adder/NLW_partial_reg[1][23]_i_197_O_UNCONNECTED[2]
folded_adder/NLW_partial_reg[1][23]_i_197_O_UNCONNECTED[3]
folded_adder/NLW_partial_reg[1][23]_i_197_O_UNCONNECTED[4]
folded_adder/NLW_partial_reg[1][23]_i_197_O_UNCONNECTED[5]
folded_adder/NLW_partial_reg[1][23]_i_197_O_UNCONNECTED[6]
folded_adder/NLW_partial_reg[1][23]_i_197_O_UNCONNECTED[7]
folded_adder/NLW_partial_reg[1][23]_i_197_S_UNCONNECTED[1]
folded_adder/NLW_partial_reg[1][23]_i_197_S_UNCONNECTED[2]
folded_adder/NLW_partial_reg[1][23]_i_197_S_UNCONNECTED[3]
folded_adder/NLW_partial_reg[1][23]_i_197_S_UNCONNECTED[4]
folded_adder/NLW_partial_reg[1][23]_i_197_S_UNCONNECTED[5]
folded_adder/NLW_partial_reg[1][23]_i_197_S_UNCONNECTED[6]
folded_adder/NLW_partial_reg[1][23]_i_197_S_UNCONNECTED[7]
folded_adder/NLW_partial_reg[1][23]_i_198_CO_UNCONNECTED[1]
folded_adder/NLW_partial_reg[1][23]_i_198_CO_UNCONNECTED[2]
folded_adder/NLW_partial_reg[1][23]_i_198_CO_UNCONNECTED[3]
folded_adder/NLW_partial_reg[1][23]_i_198_CO_UNCONNECTED[4]
folded_adder/NLW_partial_reg[1][23]_i_198_CO_UNCONNECTED[5]
folded_adder/NLW_partial_reg[1][23]_i_198_CO_UNCONNECTED[6]
folded_adder/NLW_partial_reg[1][23]_i_198_CO_UNCONNECTED[7]
folded_adder/NLW_partial_reg[1][23]_i_198_DI_UNCONNECTED[1]
folded_adder/NLW_partial_reg[1][23]_i_198_DI_UNCONNECTED[2]
folded_adder/NLW_partial_reg[1][23]_i_198_DI_UNCONNECTED[3]
folded_adder/NLW_partial_reg[1][23]_i_198_DI_UNCONNECTED[4]
folded_adder/NLW_partial_reg[1][23]_i_198_DI_UNCONNECTED[5]
folded_adder/NLW_partial_reg[1][23]_i_198_DI_UNCONNECTED[6]
folded_adder/NLW_partial_reg[1][23]_i_198_DI_UNCONNECTED[7]
folded_adder/NLW_partial_reg[1][23]_i_198_O_UNCONNECTED[0]
folded_adder/NLW_partial_reg[1][23]_i_198_O_UNCONNECTED[1]
folded_adder/NLW_partial_reg[1][23]_i_198_O_UNCONNECTED[2]
folded_adder/NLW_partial_reg[1][23]_i_198_O_UNCONNECTED[3]
folded_adder/NLW_partial_reg[1][23]_i_198_O_UNCONNECTED[4]
folded_adder/NLW_partial_reg[1][23]_i_198_O_UNCONNECTED[5]
folded_adder/NLW_partial_reg[1][23]_i_198_O_UNCONNECTED[6]
folded_adder/NLW_partial_reg[1][23]_i_198_O_UNCONNECTED[7]
folded_adder/NLW_partial_reg[1][23]_i_198_S_UNCONNECTED[1]
folded_adder/NLW_partial_reg[1][23]_i_198_S_UNCONNECTED[2]
folded_adder/NLW_partial_reg[1][23]_i_198_S_UNCONNECTED[3]
folded_adder/NLW_partial_reg[1][23]_i_198_S_UNCONNECTED[4]
folded_adder/NLW_partial_reg[1][23]_i_198_S_UNCONNECTED[5]
folded_adder/NLW_partial_reg[1][23]_i_198_S_UNCONNECTED[6]
folded_adder/NLW_partial_reg[1][23]_i_198_S_UNCONNECTED[7]
folded_adder/NLW_partial_reg[1][23]_i_2_CO_UNCONNECTED[0]
folded_adder/NLW_partial_reg[1][23]_i_2_CO_UNCONNECTED[1]
folded_adder/NLW_partial_reg[1][23]_i_2_CO_UNCONNECTED[2]
folded_adder/NLW_partial_reg[1][23]_i_2_CO_UNCONNECTED[3]
folded_adder/NLW_partial_reg[1][23]_i_2_CO_UNCONNECTED[4]
folded_adder/NLW_partial_reg[1][23]_i_2_CO_UNCONNECTED[5]
folded_adder/NLW_partial_reg[1][23]_i_2_CO_UNCONNECTED[6]
folded_adder/NLW_partial_reg[1][23]_i_200_CO_UNCONNECTED[1]
folded_adder/NLW_partial_reg[1][23]_i_200_CO_UNCONNECTED[2]
folded_adder/NLW_partial_reg[1][23]_i_200_CO_UNCONNECTED[3]
folded_adder/NLW_partial_reg[1][23]_i_200_CO_UNCONNECTED[4]
folded_adder/NLW_partial_reg[1][23]_i_200_CO_UNCONNECTED[5]
folded_adder/NLW_partial_reg[1][23]_i_200_CO_UNCONNECTED[6]
folded_adder/NLW_partial_reg[1][23]_i_200_CO_UNCONNECTED[7]
folded_adder/NLW_partial_reg[1][23]_i_200_DI_UNCONNECTED[1]
folded_adder/NLW_partial_reg[1][23]_i_200_DI_UNCONNECTED[2]
folded_adder/NLW_partial_reg[1][23]_i_200_DI_UNCONNECTED[3]
folded_adder/NLW_partial_reg[1][23]_i_200_DI_UNCONNECTED[4]
folded_adder/NLW_partial_reg[1][23]_i_200_DI_UNCONNECTED[5]
folded_adder/NLW_partial_reg[1][23]_i_200_DI_UNCONNECTED[6]
folded_adder/NLW_partial_reg[1][23]_i_200_DI_UNCONNECTED[7]
folded_adder/NLW_partial_reg[1][23]_i_200_O_UNCONNECTED[0]
folded_adder/NLW_partial_reg[1][23]_i_200_O_UNCONNECTED[1]
folded_adder/NLW_partial_reg[1][23]_i_200_O_UNCONNECTED[2]
folded_adder/NLW_partial_reg[1][23]_i_200_O_UNCONNECTED[3]
folded_adder/NLW_partial_reg[1][23]_i_200_O_UNCONNECTED[4]
folded_adder/NLW_partial_reg[1][23]_i_200_O_UNCONNECTED[5]
folded_adder/NLW_partial_reg[1][23]_i_200_O_UNCONNECTED[6]
folded_adder/NLW_partial_reg[1][23]_i_200_O_UNCONNECTED[7]
folded_adder/NLW_partial_reg[1][23]_i_200_S_UNCONNECTED[1]
folded_adder/NLW_partial_reg[1][23]_i_200_S_UNCONNECTED[2]
folded_adder/NLW_partial_reg[1][23]_i_200_S_UNCONNECTED[3]
folded_adder/NLW_partial_reg[1][23]_i_200_S_UNCONNECTED[4]
folded_adder/NLW_partial_reg[1][23]_i_200_S_UNCONNECTED[5]
folded_adder/NLW_partial_reg[1][23]_i_200_S_UNCONNECTED[6]
folded_adder/NLW_partial_reg[1][23]_i_200_S_UNCONNECTED[7]
folded_adder/NLW_partial_reg[1][23]_i_202_CO_UNCONNECTED[0]
folded_adder/NLW_partial_reg[1][23]_i_202_CO_UNCONNECTED[1]
folded_adder/NLW_partial_reg[1][23]_i_202_CO_UNCONNECTED[2]
folded_adder/NLW_partial_reg[1][23]_i_202_CO_UNCONNECTED[3]
folded_adder/NLW_partial_reg[1][23]_i_202_CO_UNCONNECTED[4]
folded_adder/NLW_partial_reg[1][23]_i_202_CO_UNCONNECTED[5]
folded_adder/NLW_partial_reg[1][23]_i_202_CO_UNCONNECTED[6]
folded_adder/NLW_partial_reg[1][23]_i_202_CO_UNCONNECTED[7]
folded_adder/NLW_partial_reg[1][23]_i_202_DI_UNCONNECTED[2]
folded_adder/NLW_partial_reg[1][23]_i_202_DI_UNCONNECTED[3]
folded_adder/NLW_partial_reg[1][23]_i_202_DI_UNCONNECTED[4]
folded_adder/NLW_partial_reg[1][23]_i_202_DI_UNCONNECTED[5]
folded_adder/NLW_partial_reg[1][23]_i_202_DI_UNCONNECTED[6]
folded_adder/NLW_partial_reg[1][23]_i_202_DI_UNCONNECTED[7]
folded_adder/NLW_partial_reg[1][23]_i_202_O_UNCONNECTED[1]
folded_adder/NLW_partial_reg[1][23]_i_202_O_UNCONNECTED[2]
folded_adder/NLW_partial_reg[1][23]_i_202_O_UNCONNECTED[3]
folded_adder/NLW_partial_reg[1][23]_i_202_O_UNCONNECTED[4]
folded_adder/NLW_partial_reg[1][23]_i_202_O_UNCONNECTED[5]
folded_adder/NLW_partial_reg[1][23]_i_202_O_UNCONNECTED[6]
folded_adder/NLW_partial_reg[1][23]_i_202_O_UNCONNECTED[7]
folded_adder/NLW_partial_reg[1][23]_i_202_S_UNCONNECTED[2]
folded_adder/NLW_partial_reg[1][23]_i_202_S_UNCONNECTED[3]
folded_adder/NLW_partial_reg[1][23]_i_202_S_UNCONNECTED[4]
folded_adder/NLW_partial_reg[1][23]_i_202_S_UNCONNECTED[5]
folded_adder/NLW_partial_reg[1][23]_i_202_S_UNCONNECTED[6]
folded_adder/NLW_partial_reg[1][23]_i_202_S_UNCONNECTED[7]
folded_adder/NLW_partial_reg[1][23]_i_203_CO_UNCONNECTED[1]
folded_adder/NLW_partial_reg[1][23]_i_203_CO_UNCONNECTED[2]
folded_adder/NLW_partial_reg[1][23]_i_203_CO_UNCONNECTED[3]
folded_adder/NLW_partial_reg[1][23]_i_203_CO_UNCONNECTED[4]
folded_adder/NLW_partial_reg[1][23]_i_203_CO_UNCONNECTED[5]
folded_adder/NLW_partial_reg[1][23]_i_203_CO_UNCONNECTED[6]
folded_adder/NLW_partial_reg[1][23]_i_203_CO_UNCONNECTED[7]
folded_adder/NLW_partial_reg[1][23]_i_203_DI_UNCONNECTED[1]
folded_adder/NLW_partial_reg[1][23]_i_203_DI_UNCONNECTED[2]
folded_adder/NLW_partial_reg[1][23]_i_203_DI_UNCONNECTED[3]
folded_adder/NLW_partial_reg[1][23]_i_203_DI_UNCONNECTED[4]
folded_adder/NLW_partial_reg[1][23]_i_203_DI_UNCONNECTED[5]
folded_adder/NLW_partial_reg[1][23]_i_203_DI_UNCONNECTED[6]
folded_adder/NLW_partial_reg[1][23]_i_203_DI_UNCONNECTED[7]
folded_adder/NLW_partial_reg[1][23]_i_203_O_UNCONNECTED[0]
folded_adder/NLW_partial_reg[1][23]_i_203_O_UNCONNECTED[1]
folded_adder/NLW_partial_reg[1][23]_i_203_O_UNCONNECTED[2]
folded_adder/NLW_partial_reg[1][23]_i_203_O_UNCONNECTED[3]
folded_adder/NLW_partial_reg[1][23]_i_203_O_UNCONNECTED[4]
folded_adder/NLW_partial_reg[1][23]_i_203_O_UNCONNECTED[5]
folded_adder/NLW_partial_reg[1][23]_i_203_O_UNCONNECTED[6]
folded_adder/NLW_partial_reg[1][23]_i_203_O_UNCONNECTED[7]
folded_adder/NLW_partial_reg[1][23]_i_203_S_UNCONNECTED[1]
folded_adder/NLW_partial_reg[1][23]_i_203_S_UNCONNECTED[2]
folded_adder/NLW_partial_reg[1][23]_i_203_S_UNCONNECTED[3]
folded_adder/NLW_partial_reg[1][23]_i_203_S_UNCONNECTED[4]
folded_adder/NLW_partial_reg[1][23]_i_203_S_UNCONNECTED[5]
folded_adder/NLW_partial_reg[1][23]_i_203_S_UNCONNECTED[6]
folded_adder/NLW_partial_reg[1][23]_i_203_S_UNCONNECTED[7]
folded_adder/NLW_partial_reg[1][23]_i_204_CO_UNCONNECTED[1]
folded_adder/NLW_partial_reg[1][23]_i_204_CO_UNCONNECTED[2]
folded_adder/NLW_partial_reg[1][23]_i_204_CO_UNCONNECTED[3]
folded_adder/NLW_partial_reg[1][23]_i_204_CO_UNCONNECTED[4]
folded_adder/NLW_partial_reg[1][23]_i_204_CO_UNCONNECTED[5]
folded_adder/NLW_partial_reg[1][23]_i_204_CO_UNCONNECTED[6]
folded_adder/NLW_partial_reg[1][23]_i_204_CO_UNCONNECTED[7]
folded_adder/NLW_partial_reg[1][23]_i_204_DI_UNCONNECTED[1]
folded_adder/NLW_partial_reg[1][23]_i_204_DI_UNCONNECTED[2]
folded_adder/NLW_partial_reg[1][23]_i_204_DI_UNCONNECTED[3]
folded_adder/NLW_partial_reg[1][23]_i_204_DI_UNCONNECTED[4]
folded_adder/NLW_partial_reg[1][23]_i_204_DI_UNCONNECTED[5]
folded_adder/NLW_partial_reg[1][23]_i_204_DI_UNCONNECTED[6]
folded_adder/NLW_partial_reg[1][23]_i_204_DI_UNCONNECTED[7]
folded_adder/NLW_partial_reg[1][23]_i_204_O_UNCONNECTED[0]
folded_adder/NLW_partial_reg[1][23]_i_204_O_UNCONNECTED[1]
folded_adder/NLW_partial_reg[1][23]_i_204_O_UNCONNECTED[2]
folded_adder/NLW_partial_reg[1][23]_i_204_O_UNCONNECTED[3]
folded_adder/NLW_partial_reg[1][23]_i_204_O_UNCONNECTED[4]
folded_adder/NLW_partial_reg[1][23]_i_204_O_UNCONNECTED[5]
folded_adder/NLW_partial_reg[1][23]_i_204_O_UNCONNECTED[6]
folded_adder/NLW_partial_reg[1][23]_i_204_O_UNCONNECTED[7]
folded_adder/NLW_partial_reg[1][23]_i_204_S_UNCONNECTED[1]
folded_adder/NLW_partial_reg[1][23]_i_204_S_UNCONNECTED[2]
folded_adder/NLW_partial_reg[1][23]_i_204_S_UNCONNECTED[3]
folded_adder/NLW_partial_reg[1][23]_i_204_S_UNCONNECTED[4]
folded_adder/NLW_partial_reg[1][23]_i_204_S_UNCONNECTED[5]
folded_adder/NLW_partial_reg[1][23]_i_204_S_UNCONNECTED[6]
folded_adder/NLW_partial_reg[1][23]_i_204_S_UNCONNECTED[7]
folded_adder/NLW_partial_reg[1][23]_i_205_CO_UNCONNECTED[1]
folded_adder/NLW_partial_reg[1][23]_i_205_CO_UNCONNECTED[2]
folded_adder/NLW_partial_reg[1][23]_i_205_CO_UNCONNECTED[3]
folded_adder/NLW_partial_reg[1][23]_i_205_CO_UNCONNECTED[4]
folded_adder/NLW_partial_reg[1][23]_i_205_CO_UNCONNECTED[5]
folded_adder/NLW_partial_reg[1][23]_i_205_CO_UNCONNECTED[6]
folded_adder/NLW_partial_reg[1][23]_i_205_CO_UNCONNECTED[7]
folded_adder/NLW_partial_reg[1][23]_i_205_DI_UNCONNECTED[1]
folded_adder/NLW_partial_reg[1][23]_i_205_DI_UNCONNECTED[2]
folded_adder/NLW_partial_reg[1][23]_i_205_DI_UNCONNECTED[3]
folded_adder/NLW_partial_reg[1][23]_i_205_DI_UNCONNECTED[4]
folded_adder/NLW_partial_reg[1][23]_i_205_DI_UNCONNECTED[5]
folded_adder/NLW_partial_reg[1][23]_i_205_DI_UNCONNECTED[6]
folded_adder/NLW_partial_reg[1][23]_i_205_DI_UNCONNECTED[7]
folded_adder/NLW_partial_reg[1][23]_i_205_O_UNCONNECTED[0]
folded_adder/NLW_partial_reg[1][23]_i_205_O_UNCONNECTED[1]
folded_adder/NLW_partial_reg[1][23]_i_205_O_UNCONNECTED[2]
folded_adder/NLW_partial_reg[1][23]_i_205_O_UNCONNECTED[3]
folded_adder/NLW_partial_reg[1][23]_i_205_O_UNCONNECTED[4]
folded_adder/NLW_partial_reg[1][23]_i_205_O_UNCONNECTED[5]
folded_adder/NLW_partial_reg[1][23]_i_205_O_UNCONNECTED[6]
folded_adder/NLW_partial_reg[1][23]_i_205_O_UNCONNECTED[7]
folded_adder/NLW_partial_reg[1][23]_i_205_S_UNCONNECTED[1]
folded_adder/NLW_partial_reg[1][23]_i_205_S_UNCONNECTED[2]
folded_adder/NLW_partial_reg[1][23]_i_205_S_UNCONNECTED[3]
folded_adder/NLW_partial_reg[1][23]_i_205_S_UNCONNECTED[4]
folded_adder/NLW_partial_reg[1][23]_i_205_S_UNCONNECTED[5]
folded_adder/NLW_partial_reg[1][23]_i_205_S_UNCONNECTED[6]
folded_adder/NLW_partial_reg[1][23]_i_205_S_UNCONNECTED[7]
folded_adder/NLW_partial_reg[1][23]_i_206_CO_UNCONNECTED[1]
folded_adder/NLW_partial_reg[1][23]_i_206_CO_UNCONNECTED[2]
folded_adder/NLW_partial_reg[1][23]_i_206_CO_UNCONNECTED[3]
folded_adder/NLW_partial_reg[1][23]_i_206_CO_UNCONNECTED[4]
folded_adder/NLW_partial_reg[1][23]_i_206_CO_UNCONNECTED[5]
folded_adder/NLW_partial_reg[1][23]_i_206_CO_UNCONNECTED[6]
folded_adder/NLW_partial_reg[1][23]_i_206_CO_UNCONNECTED[7]
folded_adder/NLW_partial_reg[1][23]_i_206_DI_UNCONNECTED[1]
folded_adder/NLW_partial_reg[1][23]_i_206_DI_UNCONNECTED[2]
folded_adder/NLW_partial_reg[1][23]_i_206_DI_UNCONNECTED[3]
folded_adder/NLW_partial_reg[1][23]_i_206_DI_UNCONNECTED[4]
folded_adder/NLW_partial_reg[1][23]_i_206_DI_UNCONNECTED[5]
folded_adder/NLW_partial_reg[1][23]_i_206_DI_UNCONNECTED[6]
folded_adder/NLW_partial_reg[1][23]_i_206_DI_UNCONNECTED[7]
folded_adder/NLW_partial_reg[1][23]_i_206_O_UNCONNECTED[0]
folded_adder/NLW_partial_reg[1][23]_i_206_O_UNCONNECTED[1]
folded_adder/NLW_partial_reg[1][23]_i_206_O_UNCONNECTED[2]
folded_adder/NLW_partial_reg[1][23]_i_206_O_UNCONNECTED[3]
folded_adder/NLW_partial_reg[1][23]_i_206_O_UNCONNECTED[4]
folded_adder/NLW_partial_reg[1][23]_i_206_O_UNCONNECTED[5]
folded_adder/NLW_partial_reg[1][23]_i_206_O_UNCONNECTED[6]
folded_adder/NLW_partial_reg[1][23]_i_206_O_UNCONNECTED[7]
folded_adder/NLW_partial_reg[1][23]_i_206_S_UNCONNECTED[1]
folded_adder/NLW_partial_reg[1][23]_i_206_S_UNCONNECTED[2]
folded_adder/NLW_partial_reg[1][23]_i_206_S_UNCONNECTED[3]
folded_adder/NLW_partial_reg[1][23]_i_206_S_UNCONNECTED[4]
folded_adder/NLW_partial_reg[1][23]_i_206_S_UNCONNECTED[5]
folded_adder/NLW_partial_reg[1][23]_i_206_S_UNCONNECTED[6]
folded_adder/NLW_partial_reg[1][23]_i_206_S_UNCONNECTED[7]
folded_adder/NLW_partial_reg[1][23]_i_207_CO_UNCONNECTED[1]
folded_adder/NLW_partial_reg[1][23]_i_207_CO_UNCONNECTED[2]
folded_adder/NLW_partial_reg[1][23]_i_207_CO_UNCONNECTED[3]
folded_adder/NLW_partial_reg[1][23]_i_207_CO_UNCONNECTED[4]
folded_adder/NLW_partial_reg[1][23]_i_207_CO_UNCONNECTED[5]
folded_adder/NLW_partial_reg[1][23]_i_207_CO_UNCONNECTED[6]
folded_adder/NLW_partial_reg[1][23]_i_207_CO_UNCONNECTED[7]
folded_adder/NLW_partial_reg[1][23]_i_207_DI_UNCONNECTED[1]
folded_adder/NLW_partial_reg[1][23]_i_207_DI_UNCONNECTED[2]
folded_adder/NLW_partial_reg[1][23]_i_207_DI_UNCONNECTED[3]
folded_adder/NLW_partial_reg[1][23]_i_207_DI_UNCONNECTED[4]
folded_adder/NLW_partial_reg[1][23]_i_207_DI_UNCONNECTED[5]
folded_adder/NLW_partial_reg[1][23]_i_207_DI_UNCONNECTED[6]
folded_adder/NLW_partial_reg[1][23]_i_207_DI_UNCONNECTED[7]
folded_adder/NLW_partial_reg[1][23]_i_207_O_UNCONNECTED[0]
folded_adder/NLW_partial_reg[1][23]_i_207_O_UNCONNECTED[1]
folded_adder/NLW_partial_reg[1][23]_i_207_O_UNCONNECTED[2]
folded_adder/NLW_partial_reg[1][23]_i_207_O_UNCONNECTED[3]
folded_adder/NLW_partial_reg[1][23]_i_207_O_UNCONNECTED[4]
folded_adder/NLW_partial_reg[1][23]_i_207_O_UNCONNECTED[5]
folded_adder/NLW_partial_reg[1][23]_i_207_O_UNCONNECTED[6]
folded_adder/NLW_partial_reg[1][23]_i_207_O_UNCONNECTED[7]
folded_adder/NLW_partial_reg[1][23]_i_207_S_UNCONNECTED[1]
folded_adder/NLW_partial_reg[1][23]_i_207_S_UNCONNECTED[2]
folded_adder/NLW_partial_reg[1][23]_i_207_S_UNCONNECTED[3]
folded_adder/NLW_partial_reg[1][23]_i_207_S_UNCONNECTED[4]
folded_adder/NLW_partial_reg[1][23]_i_207_S_UNCONNECTED[5]
folded_adder/NLW_partial_reg[1][23]_i_207_S_UNCONNECTED[6]
folded_adder/NLW_partial_reg[1][23]_i_207_S_UNCONNECTED[7]
folded_adder/NLW_partial_reg[1][23]_i_209_CO_UNCONNECTED[1]
folded_adder/NLW_partial_reg[1][23]_i_209_CO_UNCONNECTED[2]
folded_adder/NLW_partial_reg[1][23]_i_209_CO_UNCONNECTED[3]
folded_adder/NLW_partial_reg[1][23]_i_209_CO_UNCONNECTED[4]
folded_adder/NLW_partial_reg[1][23]_i_209_CO_UNCONNECTED[5]
folded_adder/NLW_partial_reg[1][23]_i_209_CO_UNCONNECTED[6]
folded_adder/NLW_partial_reg[1][23]_i_209_CO_UNCONNECTED[7]
folded_adder/NLW_partial_reg[1][23]_i_209_DI_UNCONNECTED[1]
folded_adder/NLW_partial_reg[1][23]_i_209_DI_UNCONNECTED[2]
folded_adder/NLW_partial_reg[1][23]_i_209_DI_UNCONNECTED[3]
folded_adder/NLW_partial_reg[1][23]_i_209_DI_UNCONNECTED[4]
folded_adder/NLW_partial_reg[1][23]_i_209_DI_UNCONNECTED[5]
folded_adder/NLW_partial_reg[1][23]_i_209_DI_UNCONNECTED[6]
folded_adder/NLW_partial_reg[1][23]_i_209_DI_UNCONNECTED[7]
folded_adder/NLW_partial_reg[1][23]_i_209_O_UNCONNECTED[0]
folded_adder/NLW_partial_reg[1][23]_i_209_O_UNCONNECTED[1]
folded_adder/NLW_partial_reg[1][23]_i_209_O_UNCONNECTED[2]
folded_adder/NLW_partial_reg[1][23]_i_209_O_UNCONNECTED[3]
folded_adder/NLW_partial_reg[1][23]_i_209_O_UNCONNECTED[4]
folded_adder/NLW_partial_reg[1][23]_i_209_O_UNCONNECTED[5]
folded_adder/NLW_partial_reg[1][23]_i_209_O_UNCONNECTED[6]
folded_adder/NLW_partial_reg[1][23]_i_209_O_UNCONNECTED[7]
folded_adder/NLW_partial_reg[1][23]_i_209_S_UNCONNECTED[1]
folded_adder/NLW_partial_reg[1][23]_i_209_S_UNCONNECTED[2]
folded_adder/NLW_partial_reg[1][23]_i_209_S_UNCONNECTED[3]
folded_adder/NLW_partial_reg[1][23]_i_209_S_UNCONNECTED[4]
folded_adder/NLW_partial_reg[1][23]_i_209_S_UNCONNECTED[5]
folded_adder/NLW_partial_reg[1][23]_i_209_S_UNCONNECTED[6]
folded_adder/NLW_partial_reg[1][23]_i_209_S_UNCONNECTED[7]
folded_adder/NLW_partial_reg[1][23]_i_38_CO_UNCONNECTED[0]
folded_adder/NLW_partial_reg[1][23]_i_38_CO_UNCONNECTED[1]
folded_adder/NLW_partial_reg[1][23]_i_38_CO_UNCONNECTED[2]
folded_adder/NLW_partial_reg[1][23]_i_38_CO_UNCONNECTED[3]
folded_adder/NLW_partial_reg[1][23]_i_38_CO_UNCONNECTED[4]
folded_adder/NLW_partial_reg[1][23]_i_38_CO_UNCONNECTED[5]
folded_adder/NLW_partial_reg[1][23]_i_38_CO_UNCONNECTED[6]
folded_adder/NLW_partial_reg[1][23]_i_38_CO_UNCONNECTED[7]
folded_adder/NLW_partial_reg[1][23]_i_38_DI_UNCONNECTED[4]
folded_adder/NLW_partial_reg[1][23]_i_38_DI_UNCONNECTED[5]
folded_adder/NLW_partial_reg[1][23]_i_38_DI_UNCONNECTED[6]
folded_adder/NLW_partial_reg[1][23]_i_38_DI_UNCONNECTED[7]
folded_adder/NLW_partial_reg[1][23]_i_38_O_UNCONNECTED[3]
folded_adder/NLW_partial_reg[1][23]_i_38_O_UNCONNECTED[4]
folded_adder/NLW_partial_reg[1][23]_i_38_O_UNCONNECTED[5]
folded_adder/NLW_partial_reg[1][23]_i_38_O_UNCONNECTED[6]
folded_adder/NLW_partial_reg[1][23]_i_38_O_UNCONNECTED[7]
folded_adder/NLW_partial_reg[1][23]_i_38_S_UNCONNECTED[4]
folded_adder/NLW_partial_reg[1][23]_i_38_S_UNCONNECTED[5]
folded_adder/NLW_partial_reg[1][23]_i_38_S_UNCONNECTED[6]
folded_adder/NLW_partial_reg[1][23]_i_38_S_UNCONNECTED[7]
folded_adder/NLW_partial_reg[1][23]_i_43_CO_UNCONNECTED[0]
folded_adder/NLW_partial_reg[1][23]_i_43_CO_UNCONNECTED[1]
folded_adder/NLW_partial_reg[1][23]_i_43_CO_UNCONNECTED[2]
folded_adder/NLW_partial_reg[1][23]_i_43_CO_UNCONNECTED[3]
folded_adder/NLW_partial_reg[1][23]_i_43_CO_UNCONNECTED[4]
folded_adder/NLW_partial_reg[1][23]_i_43_CO_UNCONNECTED[5]
folded_adder/NLW_partial_reg[1][23]_i_43_CO_UNCONNECTED[6]
folded_adder/NLW_partial_reg[1][23]_i_43_CO_UNCONNECTED[7]
folded_adder/NLW_partial_reg[1][23]_i_43_DI_UNCONNECTED[5]
folded_adder/NLW_partial_reg[1][23]_i_43_DI_UNCONNECTED[6]
folded_adder/NLW_partial_reg[1][23]_i_43_DI_UNCONNECTED[7]
folded_adder/NLW_partial_reg[1][23]_i_43_O_UNCONNECTED[4]
folded_adder/NLW_partial_reg[1][23]_i_43_O_UNCONNECTED[5]
folded_adder/NLW_partial_reg[1][23]_i_43_O_UNCONNECTED[6]
folded_adder/NLW_partial_reg[1][23]_i_43_O_UNCONNECTED[7]
folded_adder/NLW_partial_reg[1][23]_i_43_S_UNCONNECTED[5]
folded_adder/NLW_partial_reg[1][23]_i_43_S_UNCONNECTED[6]
folded_adder/NLW_partial_reg[1][23]_i_43_S_UNCONNECTED[7]
folded_adder/NLW_partial_reg[1][23]_i_5_CO_UNCONNECTED[0]
folded_adder/NLW_partial_reg[1][23]_i_5_CO_UNCONNECTED[1]
folded_adder/NLW_partial_reg[1][23]_i_5_CO_UNCONNECTED[2]
folded_adder/NLW_partial_reg[1][23]_i_5_CO_UNCONNECTED[3]
folded_adder/NLW_partial_reg[1][23]_i_5_CO_UNCONNECTED[4]
folded_adder/NLW_partial_reg[1][23]_i_5_CO_UNCONNECTED[5]
folded_adder/NLW_partial_reg[1][23]_i_5_CO_UNCONNECTED[6]
folded_adder/NLW_partial_reg[1][23]_i_5_CO_UNCONNECTED[7]
folded_adder/NLW_partial_reg[1][23]_i_5_DI_UNCONNECTED[6]
folded_adder/NLW_partial_reg[1][23]_i_5_DI_UNCONNECTED[7]
folded_adder/NLW_partial_reg[1][23]_i_5_O_UNCONNECTED[6]
folded_adder/NLW_partial_reg[1][23]_i_5_O_UNCONNECTED[7]
folded_adder/NLW_partial_reg[1][23]_i_5_S_UNCONNECTED[6]
folded_adder/NLW_partial_reg[1][23]_i_5_S_UNCONNECTED[7]
folded_adder/NLW_partial_reg[1][23]_i_75_CO_UNCONNECTED[0]
folded_adder/NLW_partial_reg[1][23]_i_75_CO_UNCONNECTED[1]
folded_adder/NLW_partial_reg[1][23]_i_75_CO_UNCONNECTED[2]
folded_adder/NLW_partial_reg[1][23]_i_75_CO_UNCONNECTED[3]
folded_adder/NLW_partial_reg[1][23]_i_75_CO_UNCONNECTED[4]
folded_adder/NLW_partial_reg[1][23]_i_75_CO_UNCONNECTED[5]
folded_adder/NLW_partial_reg[1][23]_i_75_CO_UNCONNECTED[6]
folded_adder/NLW_partial_reg[1][23]_i_75_CO_UNCONNECTED[7]
folded_adder/NLW_partial_reg[1][23]_i_75_DI_UNCONNECTED[3]
folded_adder/NLW_partial_reg[1][23]_i_75_DI_UNCONNECTED[4]
folded_adder/NLW_partial_reg[1][23]_i_75_DI_UNCONNECTED[5]
folded_adder/NLW_partial_reg[1][23]_i_75_DI_UNCONNECTED[6]
folded_adder/NLW_partial_reg[1][23]_i_75_DI_UNCONNECTED[7]
folded_adder/NLW_partial_reg[1][23]_i_75_O_UNCONNECTED[2]
folded_adder/NLW_partial_reg[1][23]_i_75_O_UNCONNECTED[3]
folded_adder/NLW_partial_reg[1][23]_i_75_O_UNCONNECTED[4]
folded_adder/NLW_partial_reg[1][23]_i_75_O_UNCONNECTED[5]
folded_adder/NLW_partial_reg[1][23]_i_75_O_UNCONNECTED[6]
folded_adder/NLW_partial_reg[1][23]_i_75_O_UNCONNECTED[7]
folded_adder/NLW_partial_reg[1][23]_i_75_S_UNCONNECTED[3]
folded_adder/NLW_partial_reg[1][23]_i_75_S_UNCONNECTED[4]
folded_adder/NLW_partial_reg[1][23]_i_75_S_UNCONNECTED[5]
folded_adder/NLW_partial_reg[1][23]_i_75_S_UNCONNECTED[6]
folded_adder/NLW_partial_reg[1][23]_i_75_S_UNCONNECTED[7]
folded_adder/NLW_partial_reg[1][23]_i_79_CO_UNCONNECTED[0]
folded_adder/NLW_partial_reg[1][23]_i_79_CO_UNCONNECTED[1]
folded_adder/NLW_partial_reg[1][23]_i_79_CO_UNCONNECTED[2]
folded_adder/NLW_partial_reg[1][23]_i_79_CO_UNCONNECTED[3]
folded_adder/NLW_partial_reg[1][23]_i_79_CO_UNCONNECTED[4]
folded_adder/NLW_partial_reg[1][23]_i_79_CO_UNCONNECTED[5]
folded_adder/NLW_partial_reg[1][23]_i_79_CO_UNCONNECTED[6]
folded_adder/NLW_partial_reg[1][23]_i_79_CO_UNCONNECTED[7]
folded_adder/NLW_partial_reg[1][23]_i_79_DI_UNCONNECTED[4]
folded_adder/NLW_partial_reg[1][23]_i_79_DI_UNCONNECTED[5]
folded_adder/NLW_partial_reg[1][23]_i_79_DI_UNCONNECTED[6]
folded_adder/NLW_partial_reg[1][23]_i_79_DI_UNCONNECTED[7]
folded_adder/NLW_partial_reg[1][23]_i_79_O_UNCONNECTED[3]
folded_adder/NLW_partial_reg[1][23]_i_79_O_UNCONNECTED[4]
folded_adder/NLW_partial_reg[1][23]_i_79_O_UNCONNECTED[5]
folded_adder/NLW_partial_reg[1][23]_i_79_O_UNCONNECTED[6]
folded_adder/NLW_partial_reg[1][23]_i_79_O_UNCONNECTED[7]
folded_adder/NLW_partial_reg[1][23]_i_79_S_UNCONNECTED[4]
folded_adder/NLW_partial_reg[1][23]_i_79_S_UNCONNECTED[5]
folded_adder/NLW_partial_reg[1][23]_i_79_S_UNCONNECTED[6]
folded_adder/NLW_partial_reg[1][23]_i_79_S_UNCONNECTED[7]
folded_adder/NLW_partial_reg[1][23]_i_80_CO_UNCONNECTED[0]
folded_adder/NLW_partial_reg[1][23]_i_80_CO_UNCONNECTED[1]
folded_adder/NLW_partial_reg[1][23]_i_80_CO_UNCONNECTED[2]
folded_adder/NLW_partial_reg[1][23]_i_80_CO_UNCONNECTED[3]
folded_adder/NLW_partial_reg[1][23]_i_80_CO_UNCONNECTED[4]
folded_adder/NLW_partial_reg[1][23]_i_80_CO_UNCONNECTED[5]
folded_adder/NLW_partial_reg[1][23]_i_80_CO_UNCONNECTED[6]
folded_adder/NLW_partial_reg[1][23]_i_80_CO_UNCONNECTED[7]
folded_adder/NLW_partial_reg[1][23]_i_80_DI_UNCONNECTED[4]
folded_adder/NLW_partial_reg[1][23]_i_80_DI_UNCONNECTED[5]
folded_adder/NLW_partial_reg[1][23]_i_80_DI_UNCONNECTED[6]
folded_adder/NLW_partial_reg[1][23]_i_80_DI_UNCONNECTED[7]
folded_adder/NLW_partial_reg[1][23]_i_80_O_UNCONNECTED[3]
folded_adder/NLW_partial_reg[1][23]_i_80_O_UNCONNECTED[4]
folded_adder/NLW_partial_reg[1][23]_i_80_O_UNCONNECTED[5]
folded_adder/NLW_partial_reg[1][23]_i_80_O_UNCONNECTED[6]
folded_adder/NLW_partial_reg[1][23]_i_80_O_UNCONNECTED[7]
folded_adder/NLW_partial_reg[1][23]_i_80_S_UNCONNECTED[4]
folded_adder/NLW_partial_reg[1][23]_i_80_S_UNCONNECTED[5]
folded_adder/NLW_partial_reg[1][23]_i_80_S_UNCONNECTED[6]
folded_adder/NLW_partial_reg[1][23]_i_80_S_UNCONNECTED[7]
folded_adder/NLW_partial_reg[1][27]_i_6_CO_UNCONNECTED[0]
folded_adder/NLW_partial_reg[1][27]_i_6_CO_UNCONNECTED[1]
folded_adder/NLW_partial_reg[1][27]_i_6_CO_UNCONNECTED[2]
folded_adder/NLW_partial_reg[1][27]_i_6_CO_UNCONNECTED[3]
folded_adder/NLW_partial_reg[1][27]_i_6_CO_UNCONNECTED[4]
folded_adder/NLW_partial_reg[1][27]_i_6_CO_UNCONNECTED[5]
folded_adder/NLW_partial_reg[1][27]_i_6_CO_UNCONNECTED[6]
folded_adder/NLW_partial_reg[1][27]_i_6_CO_UNCONNECTED[7]
folded_adder/NLW_partial_reg[1][27]_i_6_DI_UNCONNECTED[4]
folded_adder/NLW_partial_reg[1][27]_i_6_DI_UNCONNECTED[5]
folded_adder/NLW_partial_reg[1][27]_i_6_DI_UNCONNECTED[6]
folded_adder/NLW_partial_reg[1][27]_i_6_DI_UNCONNECTED[7]
folded_adder/NLW_partial_reg[1][27]_i_6_O_UNCONNECTED[4]
folded_adder/NLW_partial_reg[1][27]_i_6_O_UNCONNECTED[5]
folded_adder/NLW_partial_reg[1][27]_i_6_O_UNCONNECTED[6]
folded_adder/NLW_partial_reg[1][27]_i_6_O_UNCONNECTED[7]
folded_adder/NLW_partial_reg[1][27]_i_6_S_UNCONNECTED[4]
folded_adder/NLW_partial_reg[1][27]_i_6_S_UNCONNECTED[5]
folded_adder/NLW_partial_reg[1][27]_i_6_S_UNCONNECTED[6]
folded_adder/NLW_partial_reg[1][27]_i_6_S_UNCONNECTED[7]
folded_adder/NLW_partial_reg[1][7]_i_12_CO_UNCONNECTED[0]
folded_adder/NLW_partial_reg[1][7]_i_12_CO_UNCONNECTED[1]
folded_adder/NLW_partial_reg[1][7]_i_12_CO_UNCONNECTED[2]
folded_adder/NLW_partial_reg[1][7]_i_12_CO_UNCONNECTED[3]
folded_adder/NLW_partial_reg[1][7]_i_12_CO_UNCONNECTED[4]
folded_adder/NLW_partial_reg[1][7]_i_12_CO_UNCONNECTED[5]
folded_adder/NLW_partial_reg[1][7]_i_12_CO_UNCONNECTED[6]
folded_adder/NLW_partial_reg[1][7]_i_120_CO_UNCONNECTED[0]
folded_adder/NLW_partial_reg[1][7]_i_120_CO_UNCONNECTED[1]
folded_adder/NLW_partial_reg[1][7]_i_120_CO_UNCONNECTED[2]
folded_adder/NLW_partial_reg[1][7]_i_120_CO_UNCONNECTED[3]
folded_adder/NLW_partial_reg[1][7]_i_120_CO_UNCONNECTED[4]
folded_adder/NLW_partial_reg[1][7]_i_120_CO_UNCONNECTED[5]
folded_adder/NLW_partial_reg[1][7]_i_120_CO_UNCONNECTED[6]
folded_adder/NLW_partial_reg[1][7]_i_129_CO_UNCONNECTED[0]
folded_adder/NLW_partial_reg[1][7]_i_129_CO_UNCONNECTED[1]
folded_adder/NLW_partial_reg[1][7]_i_129_CO_UNCONNECTED[2]
folded_adder/NLW_partial_reg[1][7]_i_129_CO_UNCONNECTED[3]
folded_adder/NLW_partial_reg[1][7]_i_129_CO_UNCONNECTED[4]
folded_adder/NLW_partial_reg[1][7]_i_129_CO_UNCONNECTED[5]
folded_adder/NLW_partial_reg[1][7]_i_129_CO_UNCONNECTED[6]
folded_adder/NLW_partial_reg[1][7]_i_130_CO_UNCONNECTED[0]
folded_adder/NLW_partial_reg[1][7]_i_130_CO_UNCONNECTED[1]
folded_adder/NLW_partial_reg[1][7]_i_130_CO_UNCONNECTED[2]
folded_adder/NLW_partial_reg[1][7]_i_130_CO_UNCONNECTED[3]
folded_adder/NLW_partial_reg[1][7]_i_130_CO_UNCONNECTED[4]
folded_adder/NLW_partial_reg[1][7]_i_130_CO_UNCONNECTED[5]
folded_adder/NLW_partial_reg[1][7]_i_130_CO_UNCONNECTED[6]
folded_adder/NLW_partial_reg[1][7]_i_139_CO_UNCONNECTED[0]
folded_adder/NLW_partial_reg[1][7]_i_139_CO_UNCONNECTED[1]
folded_adder/NLW_partial_reg[1][7]_i_139_CO_UNCONNECTED[2]
folded_adder/NLW_partial_reg[1][7]_i_139_CO_UNCONNECTED[3]
folded_adder/NLW_partial_reg[1][7]_i_139_CO_UNCONNECTED[4]
folded_adder/NLW_partial_reg[1][7]_i_139_CO_UNCONNECTED[5]
folded_adder/NLW_partial_reg[1][7]_i_139_CO_UNCONNECTED[6]
folded_adder/NLW_partial_reg[1][7]_i_148_CO_UNCONNECTED[0]
folded_adder/NLW_partial_reg[1][7]_i_148_CO_UNCONNECTED[1]
folded_adder/NLW_partial_reg[1][7]_i_148_CO_UNCONNECTED[2]
folded_adder/NLW_partial_reg[1][7]_i_148_CO_UNCONNECTED[3]
folded_adder/NLW_partial_reg[1][7]_i_148_CO_UNCONNECTED[4]
folded_adder/NLW_partial_reg[1][7]_i_148_CO_UNCONNECTED[5]
folded_adder/NLW_partial_reg[1][7]_i_148_CO_UNCONNECTED[6]
folded_adder/NLW_partial_reg[1][7]_i_149_CO_UNCONNECTED[0]
folded_adder/NLW_partial_reg[1][7]_i_149_CO_UNCONNECTED[1]
folded_adder/NLW_partial_reg[1][7]_i_149_CO_UNCONNECTED[2]
folded_adder/NLW_partial_reg[1][7]_i_149_CO_UNCONNECTED[3]
folded_adder/NLW_partial_reg[1][7]_i_149_CO_UNCONNECTED[4]
folded_adder/NLW_partial_reg[1][7]_i_149_CO_UNCONNECTED[5]
folded_adder/NLW_partial_reg[1][7]_i_149_CO_UNCONNECTED[6]
folded_adder/NLW_partial_reg[1][7]_i_158_CO_UNCONNECTED[0]
folded_adder/NLW_partial_reg[1][7]_i_158_CO_UNCONNECTED[1]
folded_adder/NLW_partial_reg[1][7]_i_158_CO_UNCONNECTED[2]
folded_adder/NLW_partial_reg[1][7]_i_158_CO_UNCONNECTED[3]
folded_adder/NLW_partial_reg[1][7]_i_158_CO_UNCONNECTED[4]
folded_adder/NLW_partial_reg[1][7]_i_158_CO_UNCONNECTED[5]
folded_adder/NLW_partial_reg[1][7]_i_158_CO_UNCONNECTED[6]
folded_adder/NLW_partial_reg[1][7]_i_159_CO_UNCONNECTED[0]
folded_adder/NLW_partial_reg[1][7]_i_159_CO_UNCONNECTED[1]
folded_adder/NLW_partial_reg[1][7]_i_159_CO_UNCONNECTED[2]
folded_adder/NLW_partial_reg[1][7]_i_159_CO_UNCONNECTED[3]
folded_adder/NLW_partial_reg[1][7]_i_159_CO_UNCONNECTED[4]
folded_adder/NLW_partial_reg[1][7]_i_159_CO_UNCONNECTED[5]
folded_adder/NLW_partial_reg[1][7]_i_159_CO_UNCONNECTED[6]
folded_adder/NLW_partial_reg[1][7]_i_168_CO_UNCONNECTED[0]
folded_adder/NLW_partial_reg[1][7]_i_168_CO_UNCONNECTED[1]
folded_adder/NLW_partial_reg[1][7]_i_168_CO_UNCONNECTED[2]
folded_adder/NLW_partial_reg[1][7]_i_168_CO_UNCONNECTED[3]
folded_adder/NLW_partial_reg[1][7]_i_168_CO_UNCONNECTED[4]
folded_adder/NLW_partial_reg[1][7]_i_168_CO_UNCONNECTED[5]
folded_adder/NLW_partial_reg[1][7]_i_168_CO_UNCONNECTED[6]
folded_adder/NLW_partial_reg[1][7]_i_177_CO_UNCONNECTED[0]
folded_adder/NLW_partial_reg[1][7]_i_177_CO_UNCONNECTED[1]
folded_adder/NLW_partial_reg[1][7]_i_177_CO_UNCONNECTED[2]
folded_adder/NLW_partial_reg[1][7]_i_177_CO_UNCONNECTED[3]
folded_adder/NLW_partial_reg[1][7]_i_177_CO_UNCONNECTED[4]
folded_adder/NLW_partial_reg[1][7]_i_177_CO_UNCONNECTED[5]
folded_adder/NLW_partial_reg[1][7]_i_177_CO_UNCONNECTED[6]
folded_adder/NLW_partial_reg[1][7]_i_178_CO_UNCONNECTED[0]
folded_adder/NLW_partial_reg[1][7]_i_178_CO_UNCONNECTED[1]
folded_adder/NLW_partial_reg[1][7]_i_178_CO_UNCONNECTED[2]
folded_adder/NLW_partial_reg[1][7]_i_178_CO_UNCONNECTED[3]
folded_adder/NLW_partial_reg[1][7]_i_178_CO_UNCONNECTED[4]
folded_adder/NLW_partial_reg[1][7]_i_178_CO_UNCONNECTED[5]
folded_adder/NLW_partial_reg[1][7]_i_178_CO_UNCONNECTED[6]
folded_adder/NLW_partial_reg[1][7]_i_187_CO_UNCONNECTED[0]
folded_adder/NLW_partial_reg[1][7]_i_187_CO_UNCONNECTED[1]
folded_adder/NLW_partial_reg[1][7]_i_187_CO_UNCONNECTED[2]
folded_adder/NLW_partial_reg[1][7]_i_187_CO_UNCONNECTED[3]
folded_adder/NLW_partial_reg[1][7]_i_187_CO_UNCONNECTED[4]
folded_adder/NLW_partial_reg[1][7]_i_187_CO_UNCONNECTED[5]
folded_adder/NLW_partial_reg[1][7]_i_187_CO_UNCONNECTED[6]
folded_adder/NLW_partial_reg[1][7]_i_188_CO_UNCONNECTED[0]
folded_adder/NLW_partial_reg[1][7]_i_188_CO_UNCONNECTED[1]
folded_adder/NLW_partial_reg[1][7]_i_188_CO_UNCONNECTED[2]
folded_adder/NLW_partial_reg[1][7]_i_188_CO_UNCONNECTED[3]
folded_adder/NLW_partial_reg[1][7]_i_188_CO_UNCONNECTED[4]
folded_adder/NLW_partial_reg[1][7]_i_188_CO_UNCONNECTED[5]
folded_adder/NLW_partial_reg[1][7]_i_188_CO_UNCONNECTED[6]
folded_adder/NLW_partial_reg[1][7]_i_2_CO_UNCONNECTED[0]
folded_adder/NLW_partial_reg[1][7]_i_2_CO_UNCONNECTED[1]
folded_adder/NLW_partial_reg[1][7]_i_2_CO_UNCONNECTED[2]
folded_adder/NLW_partial_reg[1][7]_i_2_CO_UNCONNECTED[3]
folded_adder/NLW_partial_reg[1][7]_i_2_CO_UNCONNECTED[4]
folded_adder/NLW_partial_reg[1][7]_i_2_CO_UNCONNECTED[5]
folded_adder/NLW_partial_reg[1][7]_i_2_CO_UNCONNECTED[6]
folded_adder/NLW_partial_reg[1][7]_i_213_CO_UNCONNECTED[0]
folded_adder/NLW_partial_reg[1][7]_i_213_CO_UNCONNECTED[1]
folded_adder/NLW_partial_reg[1][7]_i_213_CO_UNCONNECTED[2]
folded_adder/NLW_partial_reg[1][7]_i_213_CO_UNCONNECTED[3]
folded_adder/NLW_partial_reg[1][7]_i_213_CO_UNCONNECTED[4]
folded_adder/NLW_partial_reg[1][7]_i_213_CO_UNCONNECTED[5]
folded_adder/NLW_partial_reg[1][7]_i_213_CO_UNCONNECTED[6]
folded_adder/NLW_partial_reg[1][7]_i_214_CO_UNCONNECTED[0]
folded_adder/NLW_partial_reg[1][7]_i_214_CO_UNCONNECTED[1]
folded_adder/NLW_partial_reg[1][7]_i_214_CO_UNCONNECTED[2]
folded_adder/NLW_partial_reg[1][7]_i_214_CO_UNCONNECTED[3]
folded_adder/NLW_partial_reg[1][7]_i_214_CO_UNCONNECTED[4]
folded_adder/NLW_partial_reg[1][7]_i_214_CO_UNCONNECTED[5]
folded_adder/NLW_partial_reg[1][7]_i_214_CO_UNCONNECTED[6]
folded_adder/NLW_partial_reg[1][7]_i_223_CO_UNCONNECTED[0]
folded_adder/NLW_partial_reg[1][7]_i_223_CO_UNCONNECTED[1]
folded_adder/NLW_partial_reg[1][7]_i_223_CO_UNCONNECTED[2]
folded_adder/NLW_partial_reg[1][7]_i_223_CO_UNCONNECTED[3]
folded_adder/NLW_partial_reg[1][7]_i_223_CO_UNCONNECTED[4]
folded_adder/NLW_partial_reg[1][7]_i_223_CO_UNCONNECTED[5]
folded_adder/NLW_partial_reg[1][7]_i_223_CO_UNCONNECTED[6]
folded_adder/NLW_partial_reg[1][7]_i_232_CO_UNCONNECTED[0]
folded_adder/NLW_partial_reg[1][7]_i_232_CO_UNCONNECTED[1]
folded_adder/NLW_partial_reg[1][7]_i_232_CO_UNCONNECTED[2]
folded_adder/NLW_partial_reg[1][7]_i_232_CO_UNCONNECTED[3]
folded_adder/NLW_partial_reg[1][7]_i_232_CO_UNCONNECTED[4]
folded_adder/NLW_partial_reg[1][7]_i_232_CO_UNCONNECTED[5]
folded_adder/NLW_partial_reg[1][7]_i_232_CO_UNCONNECTED[6]
folded_adder/NLW_partial_reg[1][7]_i_233_CO_UNCONNECTED[0]
folded_adder/NLW_partial_reg[1][7]_i_233_CO_UNCONNECTED[1]
folded_adder/NLW_partial_reg[1][7]_i_233_CO_UNCONNECTED[2]
folded_adder/NLW_partial_reg[1][7]_i_233_CO_UNCONNECTED[3]
folded_adder/NLW_partial_reg[1][7]_i_233_CO_UNCONNECTED[4]
folded_adder/NLW_partial_reg[1][7]_i_233_CO_UNCONNECTED[5]
folded_adder/NLW_partial_reg[1][7]_i_233_CO_UNCONNECTED[6]
folded_adder/NLW_partial_reg[1][7]_i_242_CO_UNCONNECTED[0]
folded_adder/NLW_partial_reg[1][7]_i_242_CO_UNCONNECTED[1]
folded_adder/NLW_partial_reg[1][7]_i_242_CO_UNCONNECTED[2]
folded_adder/NLW_partial_reg[1][7]_i_242_CO_UNCONNECTED[3]
folded_adder/NLW_partial_reg[1][7]_i_242_CO_UNCONNECTED[4]
folded_adder/NLW_partial_reg[1][7]_i_242_CO_UNCONNECTED[5]
folded_adder/NLW_partial_reg[1][7]_i_242_CO_UNCONNECTED[6]
folded_adder/NLW_partial_reg[1][7]_i_243_CO_UNCONNECTED[0]
folded_adder/NLW_partial_reg[1][7]_i_243_CO_UNCONNECTED[1]
folded_adder/NLW_partial_reg[1][7]_i_243_CO_UNCONNECTED[2]
folded_adder/NLW_partial_reg[1][7]_i_243_CO_UNCONNECTED[3]
folded_adder/NLW_partial_reg[1][7]_i_243_CO_UNCONNECTED[4]
folded_adder/NLW_partial_reg[1][7]_i_243_CO_UNCONNECTED[5]
folded_adder/NLW_partial_reg[1][7]_i_243_CO_UNCONNECTED[6]
folded_adder/NLW_partial_reg[1][7]_i_252_CO_UNCONNECTED[0]
folded_adder/NLW_partial_reg[1][7]_i_252_CO_UNCONNECTED[1]
folded_adder/NLW_partial_reg[1][7]_i_252_CO_UNCONNECTED[2]
folded_adder/NLW_partial_reg[1][7]_i_252_CO_UNCONNECTED[3]
folded_adder/NLW_partial_reg[1][7]_i_252_CO_UNCONNECTED[4]
folded_adder/NLW_partial_reg[1][7]_i_252_CO_UNCONNECTED[5]
folded_adder/NLW_partial_reg[1][7]_i_252_CO_UNCONNECTED[6]
folded_adder/NLW_partial_reg[1][7]_i_261_CO_UNCONNECTED[0]
folded_adder/NLW_partial_reg[1][7]_i_261_CO_UNCONNECTED[1]
folded_adder/NLW_partial_reg[1][7]_i_261_CO_UNCONNECTED[2]
folded_adder/NLW_partial_reg[1][7]_i_261_CO_UNCONNECTED[3]
folded_adder/NLW_partial_reg[1][7]_i_261_CO_UNCONNECTED[4]
folded_adder/NLW_partial_reg[1][7]_i_261_CO_UNCONNECTED[5]
folded_adder/NLW_partial_reg[1][7]_i_261_CO_UNCONNECTED[6]
folded_adder/NLW_partial_reg[1][7]_i_262_CO_UNCONNECTED[0]
folded_adder/NLW_partial_reg[1][7]_i_262_CO_UNCONNECTED[1]
folded_adder/NLW_partial_reg[1][7]_i_262_CO_UNCONNECTED[2]
folded_adder/NLW_partial_reg[1][7]_i_262_CO_UNCONNECTED[3]
folded_adder/NLW_partial_reg[1][7]_i_262_CO_UNCONNECTED[4]
folded_adder/NLW_partial_reg[1][7]_i_262_CO_UNCONNECTED[5]
folded_adder/NLW_partial_reg[1][7]_i_262_CO_UNCONNECTED[6]
folded_adder/NLW_partial_reg[1][7]_i_271_CO_UNCONNECTED[0]
folded_adder/NLW_partial_reg[1][7]_i_271_CO_UNCONNECTED[1]
folded_adder/NLW_partial_reg[1][7]_i_271_CO_UNCONNECTED[2]
folded_adder/NLW_partial_reg[1][7]_i_271_CO_UNCONNECTED[3]
folded_adder/NLW_partial_reg[1][7]_i_271_CO_UNCONNECTED[4]
folded_adder/NLW_partial_reg[1][7]_i_271_CO_UNCONNECTED[5]
folded_adder/NLW_partial_reg[1][7]_i_271_CO_UNCONNECTED[6]
folded_adder/NLW_partial_reg[1][7]_i_280_CO_UNCONNECTED[0]
folded_adder/NLW_partial_reg[1][7]_i_280_CO_UNCONNECTED[1]
folded_adder/NLW_partial_reg[1][7]_i_280_CO_UNCONNECTED[2]
folded_adder/NLW_partial_reg[1][7]_i_280_CO_UNCONNECTED[3]
folded_adder/NLW_partial_reg[1][7]_i_280_CO_UNCONNECTED[4]
folded_adder/NLW_partial_reg[1][7]_i_280_CO_UNCONNECTED[5]
folded_adder/NLW_partial_reg[1][7]_i_280_CO_UNCONNECTED[6]
folded_adder/NLW_partial_reg[1][7]_i_3_CO_UNCONNECTED[0]
folded_adder/NLW_partial_reg[1][7]_i_3_CO_UNCONNECTED[1]
folded_adder/NLW_partial_reg[1][7]_i_3_CO_UNCONNECTED[2]
folded_adder/NLW_partial_reg[1][7]_i_3_CO_UNCONNECTED[3]
folded_adder/NLW_partial_reg[1][7]_i_3_CO_UNCONNECTED[4]
folded_adder/NLW_partial_reg[1][7]_i_3_CO_UNCONNECTED[5]
folded_adder/NLW_partial_reg[1][7]_i_3_CO_UNCONNECTED[6]
folded_adder/NLW_partial_reg[1][7]_i_313_CO_UNCONNECTED[0]
folded_adder/NLW_partial_reg[1][7]_i_313_CO_UNCONNECTED[1]
folded_adder/NLW_partial_reg[1][7]_i_313_CO_UNCONNECTED[2]
folded_adder/NLW_partial_reg[1][7]_i_313_CO_UNCONNECTED[3]
folded_adder/NLW_partial_reg[1][7]_i_313_CO_UNCONNECTED[4]
folded_adder/NLW_partial_reg[1][7]_i_313_CO_UNCONNECTED[5]
folded_adder/NLW_partial_reg[1][7]_i_313_CO_UNCONNECTED[6]
folded_adder/NLW_partial_reg[1][7]_i_330_CO_UNCONNECTED[0]
folded_adder/NLW_partial_reg[1][7]_i_330_CO_UNCONNECTED[1]
folded_adder/NLW_partial_reg[1][7]_i_330_CO_UNCONNECTED[2]
folded_adder/NLW_partial_reg[1][7]_i_330_CO_UNCONNECTED[3]
folded_adder/NLW_partial_reg[1][7]_i_330_CO_UNCONNECTED[4]
folded_adder/NLW_partial_reg[1][7]_i_330_CO_UNCONNECTED[5]
folded_adder/NLW_partial_reg[1][7]_i_330_CO_UNCONNECTED[6]
folded_adder/NLW_partial_reg[1][7]_i_331_CO_UNCONNECTED[0]
folded_adder/NLW_partial_reg[1][7]_i_331_CO_UNCONNECTED[1]
folded_adder/NLW_partial_reg[1][7]_i_331_CO_UNCONNECTED[2]
folded_adder/NLW_partial_reg[1][7]_i_331_CO_UNCONNECTED[3]
folded_adder/NLW_partial_reg[1][7]_i_331_CO_UNCONNECTED[4]
folded_adder/NLW_partial_reg[1][7]_i_331_CO_UNCONNECTED[5]
folded_adder/NLW_partial_reg[1][7]_i_331_CO_UNCONNECTED[6]
folded_adder/NLW_partial_reg[1][7]_i_356_CO_UNCONNECTED[0]
folded_adder/NLW_partial_reg[1][7]_i_356_CO_UNCONNECTED[1]
folded_adder/NLW_partial_reg[1][7]_i_356_CO_UNCONNECTED[2]
folded_adder/NLW_partial_reg[1][7]_i_356_CO_UNCONNECTED[3]
folded_adder/NLW_partial_reg[1][7]_i_356_CO_UNCONNECTED[4]
folded_adder/NLW_partial_reg[1][7]_i_356_CO_UNCONNECTED[5]
folded_adder/NLW_partial_reg[1][7]_i_356_CO_UNCONNECTED[6]
folded_adder/NLW_partial_reg[1][7]_i_357_CO_UNCONNECTED[0]
folded_adder/NLW_partial_reg[1][7]_i_357_CO_UNCONNECTED[1]
folded_adder/NLW_partial_reg[1][7]_i_357_CO_UNCONNECTED[2]
folded_adder/NLW_partial_reg[1][7]_i_357_CO_UNCONNECTED[3]
folded_adder/NLW_partial_reg[1][7]_i_357_CO_UNCONNECTED[4]
folded_adder/NLW_partial_reg[1][7]_i_357_CO_UNCONNECTED[5]
folded_adder/NLW_partial_reg[1][7]_i_357_CO_UNCONNECTED[6]
folded_adder/NLW_partial_reg[1][7]_i_366_CO_UNCONNECTED[0]
folded_adder/NLW_partial_reg[1][7]_i_366_CO_UNCONNECTED[1]
folded_adder/NLW_partial_reg[1][7]_i_366_CO_UNCONNECTED[2]
folded_adder/NLW_partial_reg[1][7]_i_366_CO_UNCONNECTED[3]
folded_adder/NLW_partial_reg[1][7]_i_366_CO_UNCONNECTED[4]
folded_adder/NLW_partial_reg[1][7]_i_366_CO_UNCONNECTED[5]
folded_adder/NLW_partial_reg[1][7]_i_366_CO_UNCONNECTED[6]
folded_adder/NLW_partial_reg[1][7]_i_37_CO_UNCONNECTED[0]
folded_adder/NLW_partial_reg[1][7]_i_37_CO_UNCONNECTED[1]
folded_adder/NLW_partial_reg[1][7]_i_37_CO_UNCONNECTED[2]
folded_adder/NLW_partial_reg[1][7]_i_37_CO_UNCONNECTED[3]
folded_adder/NLW_partial_reg[1][7]_i_37_CO_UNCONNECTED[4]
folded_adder/NLW_partial_reg[1][7]_i_37_CO_UNCONNECTED[5]
folded_adder/NLW_partial_reg[1][7]_i_37_CO_UNCONNECTED[6]
folded_adder/NLW_partial_reg[1][7]_i_375_CO_UNCONNECTED[0]
folded_adder/NLW_partial_reg[1][7]_i_375_CO_UNCONNECTED[1]
folded_adder/NLW_partial_reg[1][7]_i_375_CO_UNCONNECTED[2]
folded_adder/NLW_partial_reg[1][7]_i_375_CO_UNCONNECTED[3]
folded_adder/NLW_partial_reg[1][7]_i_375_CO_UNCONNECTED[4]
folded_adder/NLW_partial_reg[1][7]_i_375_CO_UNCONNECTED[5]
folded_adder/NLW_partial_reg[1][7]_i_375_CO_UNCONNECTED[6]
folded_adder/NLW_partial_reg[1][7]_i_392_CO_UNCONNECTED[0]
folded_adder/NLW_partial_reg[1][7]_i_392_CO_UNCONNECTED[1]
folded_adder/NLW_partial_reg[1][7]_i_392_CO_UNCONNECTED[2]
folded_adder/NLW_partial_reg[1][7]_i_392_CO_UNCONNECTED[3]
folded_adder/NLW_partial_reg[1][7]_i_392_CO_UNCONNECTED[4]
folded_adder/NLW_partial_reg[1][7]_i_392_CO_UNCONNECTED[5]
folded_adder/NLW_partial_reg[1][7]_i_392_CO_UNCONNECTED[6]
folded_adder/NLW_partial_reg[1][7]_i_393_CO_UNCONNECTED[0]
folded_adder/NLW_partial_reg[1][7]_i_393_CO_UNCONNECTED[1]
folded_adder/NLW_partial_reg[1][7]_i_393_CO_UNCONNECTED[2]
folded_adder/NLW_partial_reg[1][7]_i_393_CO_UNCONNECTED[3]
folded_adder/NLW_partial_reg[1][7]_i_393_CO_UNCONNECTED[4]
folded_adder/NLW_partial_reg[1][7]_i_393_CO_UNCONNECTED[5]
folded_adder/NLW_partial_reg[1][7]_i_393_CO_UNCONNECTED[6]
folded_adder/NLW_partial_reg[1][7]_i_402_CO_UNCONNECTED[0]
folded_adder/NLW_partial_reg[1][7]_i_402_CO_UNCONNECTED[1]
folded_adder/NLW_partial_reg[1][7]_i_402_CO_UNCONNECTED[2]
folded_adder/NLW_partial_reg[1][7]_i_402_CO_UNCONNECTED[3]
folded_adder/NLW_partial_reg[1][7]_i_402_CO_UNCONNECTED[4]
folded_adder/NLW_partial_reg[1][7]_i_402_CO_UNCONNECTED[5]
folded_adder/NLW_partial_reg[1][7]_i_402_CO_UNCONNECTED[6]
folded_adder/NLW_partial_reg[1][7]_i_411_CO_UNCONNECTED[0]
folded_adder/NLW_partial_reg[1][7]_i_411_CO_UNCONNECTED[1]
folded_adder/NLW_partial_reg[1][7]_i_411_CO_UNCONNECTED[2]
folded_adder/NLW_partial_reg[1][7]_i_411_CO_UNCONNECTED[3]
folded_adder/NLW_partial_reg[1][7]_i_411_CO_UNCONNECTED[4]
folded_adder/NLW_partial_reg[1][7]_i_411_CO_UNCONNECTED[5]
folded_adder/NLW_partial_reg[1][7]_i_411_CO_UNCONNECTED[6]
folded_adder/NLW_partial_reg[1][7]_i_412_CO_UNCONNECTED[0]
folded_adder/NLW_partial_reg[1][7]_i_412_CO_UNCONNECTED[1]
folded_adder/NLW_partial_reg[1][7]_i_412_CO_UNCONNECTED[2]
folded_adder/NLW_partial_reg[1][7]_i_412_CO_UNCONNECTED[3]
folded_adder/NLW_partial_reg[1][7]_i_412_CO_UNCONNECTED[4]
folded_adder/NLW_partial_reg[1][7]_i_412_CO_UNCONNECTED[5]
folded_adder/NLW_partial_reg[1][7]_i_412_CO_UNCONNECTED[6]
folded_adder/NLW_partial_reg[1][7]_i_421_CO_UNCONNECTED[0]
folded_adder/NLW_partial_reg[1][7]_i_421_CO_UNCONNECTED[1]
folded_adder/NLW_partial_reg[1][7]_i_421_CO_UNCONNECTED[2]
folded_adder/NLW_partial_reg[1][7]_i_421_CO_UNCONNECTED[3]
folded_adder/NLW_partial_reg[1][7]_i_421_CO_UNCONNECTED[4]
folded_adder/NLW_partial_reg[1][7]_i_421_CO_UNCONNECTED[5]
folded_adder/NLW_partial_reg[1][7]_i_421_CO_UNCONNECTED[6]
folded_adder/NLW_partial_reg[1][7]_i_422_CO_UNCONNECTED[0]
folded_adder/NLW_partial_reg[1][7]_i_422_CO_UNCONNECTED[1]
folded_adder/NLW_partial_reg[1][7]_i_422_CO_UNCONNECTED[2]
folded_adder/NLW_partial_reg[1][7]_i_422_CO_UNCONNECTED[3]
folded_adder/NLW_partial_reg[1][7]_i_422_CO_UNCONNECTED[4]
folded_adder/NLW_partial_reg[1][7]_i_422_CO_UNCONNECTED[5]
folded_adder/NLW_partial_reg[1][7]_i_422_CO_UNCONNECTED[6]
folded_adder/NLW_partial_reg[1][7]_i_46_CO_UNCONNECTED[0]
folded_adder/NLW_partial_reg[1][7]_i_46_CO_UNCONNECTED[1]
folded_adder/NLW_partial_reg[1][7]_i_46_CO_UNCONNECTED[2]
folded_adder/NLW_partial_reg[1][7]_i_46_CO_UNCONNECTED[3]
folded_adder/NLW_partial_reg[1][7]_i_46_CO_UNCONNECTED[4]
folded_adder/NLW_partial_reg[1][7]_i_46_CO_UNCONNECTED[5]
folded_adder/NLW_partial_reg[1][7]_i_46_CO_UNCONNECTED[6]
folded_adder/NLW_partial_reg[1][7]_i_479_CO_UNCONNECTED[0]
folded_adder/NLW_partial_reg[1][7]_i_479_CO_UNCONNECTED[1]
folded_adder/NLW_partial_reg[1][7]_i_479_CO_UNCONNECTED[2]
folded_adder/NLW_partial_reg[1][7]_i_479_CO_UNCONNECTED[3]
folded_adder/NLW_partial_reg[1][7]_i_479_CO_UNCONNECTED[4]
folded_adder/NLW_partial_reg[1][7]_i_479_CO_UNCONNECTED[5]
folded_adder/NLW_partial_reg[1][7]_i_479_CO_UNCONNECTED[6]
folded_adder/NLW_partial_reg[1][7]_i_512_CO_UNCONNECTED[0]
folded_adder/NLW_partial_reg[1][7]_i_512_CO_UNCONNECTED[1]
folded_adder/NLW_partial_reg[1][7]_i_512_CO_UNCONNECTED[2]
folded_adder/NLW_partial_reg[1][7]_i_512_CO_UNCONNECTED[3]
folded_adder/NLW_partial_reg[1][7]_i_512_CO_UNCONNECTED[4]
folded_adder/NLW_partial_reg[1][7]_i_512_CO_UNCONNECTED[5]
folded_adder/NLW_partial_reg[1][7]_i_512_CO_UNCONNECTED[6]
folded_adder/NLW_partial_reg[1][7]_i_529_CO_UNCONNECTED[0]
folded_adder/NLW_partial_reg[1][7]_i_529_CO_UNCONNECTED[1]
folded_adder/NLW_partial_reg[1][7]_i_529_CO_UNCONNECTED[2]
folded_adder/NLW_partial_reg[1][7]_i_529_CO_UNCONNECTED[3]
folded_adder/NLW_partial_reg[1][7]_i_529_CO_UNCONNECTED[4]
folded_adder/NLW_partial_reg[1][7]_i_529_CO_UNCONNECTED[5]
folded_adder/NLW_partial_reg[1][7]_i_529_CO_UNCONNECTED[6]
folded_adder/NLW_partial_reg[1][7]_i_530_CO_UNCONNECTED[0]
folded_adder/NLW_partial_reg[1][7]_i_530_CO_UNCONNECTED[1]
folded_adder/NLW_partial_reg[1][7]_i_530_CO_UNCONNECTED[2]
folded_adder/NLW_partial_reg[1][7]_i_530_CO_UNCONNECTED[3]
folded_adder/NLW_partial_reg[1][7]_i_530_CO_UNCONNECTED[4]
folded_adder/NLW_partial_reg[1][7]_i_530_CO_UNCONNECTED[5]
folded_adder/NLW_partial_reg[1][7]_i_530_CO_UNCONNECTED[6]
folded_adder/NLW_partial_reg[1][7]_i_571_CO_UNCONNECTED[0]
folded_adder/NLW_partial_reg[1][7]_i_571_CO_UNCONNECTED[1]
folded_adder/NLW_partial_reg[1][7]_i_571_CO_UNCONNECTED[2]
folded_adder/NLW_partial_reg[1][7]_i_571_CO_UNCONNECTED[3]
folded_adder/NLW_partial_reg[1][7]_i_571_CO_UNCONNECTED[4]
folded_adder/NLW_partial_reg[1][7]_i_571_CO_UNCONNECTED[5]
folded_adder/NLW_partial_reg[1][7]_i_571_CO_UNCONNECTED[6]
folded_adder/NLW_partial_reg[1][7]_i_588_CO_UNCONNECTED[0]
folded_adder/NLW_partial_reg[1][7]_i_588_CO_UNCONNECTED[1]
folded_adder/NLW_partial_reg[1][7]_i_588_CO_UNCONNECTED[2]
folded_adder/NLW_partial_reg[1][7]_i_588_CO_UNCONNECTED[3]
folded_adder/NLW_partial_reg[1][7]_i_588_CO_UNCONNECTED[4]
folded_adder/NLW_partial_reg[1][7]_i_588_CO_UNCONNECTED[5]
folded_adder/NLW_partial_reg[1][7]_i_588_CO_UNCONNECTED[6]
folded_adder/NLW_partial_reg[1][7]_i_589_CO_UNCONNECTED[0]
folded_adder/NLW_partial_reg[1][7]_i_589_CO_UNCONNECTED[1]
folded_adder/NLW_partial_reg[1][7]_i_589_CO_UNCONNECTED[2]
folded_adder/NLW_partial_reg[1][7]_i_589_CO_UNCONNECTED[3]
folded_adder/NLW_partial_reg[1][7]_i_589_CO_UNCONNECTED[4]
folded_adder/NLW_partial_reg[1][7]_i_589_CO_UNCONNECTED[5]
folded_adder/NLW_partial_reg[1][7]_i_589_CO_UNCONNECTED[6]
folded_adder/NLW_partial_reg[1][7]_i_614_CO_UNCONNECTED[0]
folded_adder/NLW_partial_reg[1][7]_i_614_CO_UNCONNECTED[1]
folded_adder/NLW_partial_reg[1][7]_i_614_CO_UNCONNECTED[2]
folded_adder/NLW_partial_reg[1][7]_i_614_CO_UNCONNECTED[3]
folded_adder/NLW_partial_reg[1][7]_i_614_CO_UNCONNECTED[4]
folded_adder/NLW_partial_reg[1][7]_i_614_CO_UNCONNECTED[5]
folded_adder/NLW_partial_reg[1][7]_i_614_CO_UNCONNECTED[6]
folded_adder/NLW_partial_reg[1][7]_i_615_CO_UNCONNECTED[0]
folded_adder/NLW_partial_reg[1][7]_i_615_CO_UNCONNECTED[1]
folded_adder/NLW_partial_reg[1][7]_i_615_CO_UNCONNECTED[2]
folded_adder/NLW_partial_reg[1][7]_i_615_CO_UNCONNECTED[3]
folded_adder/NLW_partial_reg[1][7]_i_615_CO_UNCONNECTED[4]
folded_adder/NLW_partial_reg[1][7]_i_615_CO_UNCONNECTED[5]
folded_adder/NLW_partial_reg[1][7]_i_615_CO_UNCONNECTED[6]
folded_adder/NLW_partial_reg[1][7]_i_624_CO_UNCONNECTED[0]
folded_adder/NLW_partial_reg[1][7]_i_624_CO_UNCONNECTED[1]
folded_adder/NLW_partial_reg[1][7]_i_624_CO_UNCONNECTED[2]
folded_adder/NLW_partial_reg[1][7]_i_624_CO_UNCONNECTED[3]
folded_adder/NLW_partial_reg[1][7]_i_624_CO_UNCONNECTED[4]
folded_adder/NLW_partial_reg[1][7]_i_624_CO_UNCONNECTED[5]
folded_adder/NLW_partial_reg[1][7]_i_624_CO_UNCONNECTED[6]
folded_adder/NLW_partial_reg[1][7]_i_633_CO_UNCONNECTED[0]
folded_adder/NLW_partial_reg[1][7]_i_633_CO_UNCONNECTED[1]
folded_adder/NLW_partial_reg[1][7]_i_633_CO_UNCONNECTED[2]
folded_adder/NLW_partial_reg[1][7]_i_633_CO_UNCONNECTED[3]
folded_adder/NLW_partial_reg[1][7]_i_633_CO_UNCONNECTED[4]
folded_adder/NLW_partial_reg[1][7]_i_633_CO_UNCONNECTED[5]
folded_adder/NLW_partial_reg[1][7]_i_633_CO_UNCONNECTED[6]
folded_adder/NLW_partial_reg[1][7]_i_698_CO_UNCONNECTED[0]
folded_adder/NLW_partial_reg[1][7]_i_698_CO_UNCONNECTED[1]
folded_adder/NLW_partial_reg[1][7]_i_698_CO_UNCONNECTED[2]
folded_adder/NLW_partial_reg[1][7]_i_698_CO_UNCONNECTED[3]
folded_adder/NLW_partial_reg[1][7]_i_698_CO_UNCONNECTED[4]
folded_adder/NLW_partial_reg[1][7]_i_698_CO_UNCONNECTED[5]
folded_adder/NLW_partial_reg[1][7]_i_698_CO_UNCONNECTED[6]
folded_adder/NLW_partial_reg[1][7]_i_747_CO_UNCONNECTED[0]
folded_adder/NLW_partial_reg[1][7]_i_747_CO_UNCONNECTED[1]
folded_adder/NLW_partial_reg[1][7]_i_747_CO_UNCONNECTED[2]
folded_adder/NLW_partial_reg[1][7]_i_747_CO_UNCONNECTED[3]
folded_adder/NLW_partial_reg[1][7]_i_747_CO_UNCONNECTED[4]
folded_adder/NLW_partial_reg[1][7]_i_747_CO_UNCONNECTED[5]
folded_adder/NLW_partial_reg[1][7]_i_747_CO_UNCONNECTED[6]
folded_adder/NLW_partial_reg[1][7]_i_780_CO_UNCONNECTED[0]
folded_adder/NLW_partial_reg[1][7]_i_780_CO_UNCONNECTED[1]
folded_adder/NLW_partial_reg[1][7]_i_780_CO_UNCONNECTED[2]
folded_adder/NLW_partial_reg[1][7]_i_780_CO_UNCONNECTED[3]
folded_adder/NLW_partial_reg[1][7]_i_780_CO_UNCONNECTED[4]
folded_adder/NLW_partial_reg[1][7]_i_780_CO_UNCONNECTED[5]
folded_adder/NLW_partial_reg[1][7]_i_780_CO_UNCONNECTED[6]
folded_adder/NLW_partial_reg[1][7]_i_797_CO_UNCONNECTED[0]
folded_adder/NLW_partial_reg[1][7]_i_797_CO_UNCONNECTED[1]
folded_adder/NLW_partial_reg[1][7]_i_797_CO_UNCONNECTED[2]
folded_adder/NLW_partial_reg[1][7]_i_797_CO_UNCONNECTED[3]
folded_adder/NLW_partial_reg[1][7]_i_797_CO_UNCONNECTED[4]
folded_adder/NLW_partial_reg[1][7]_i_797_CO_UNCONNECTED[5]
folded_adder/NLW_partial_reg[1][7]_i_797_CO_UNCONNECTED[6]
folded_adder/NLW_partial_reg[1][7]_i_798_CO_UNCONNECTED[0]
folded_adder/NLW_partial_reg[1][7]_i_798_CO_UNCONNECTED[1]
folded_adder/NLW_partial_reg[1][7]_i_798_CO_UNCONNECTED[2]
folded_adder/NLW_partial_reg[1][7]_i_798_CO_UNCONNECTED[3]
folded_adder/NLW_partial_reg[1][7]_i_798_CO_UNCONNECTED[4]
folded_adder/NLW_partial_reg[1][7]_i_798_CO_UNCONNECTED[5]
folded_adder/NLW_partial_reg[1][7]_i_798_CO_UNCONNECTED[6]
folded_adder/NLW_partial_reg[1][7]_i_887_CO_UNCONNECTED[0]
folded_adder/NLW_partial_reg[1][7]_i_887_CO_UNCONNECTED[1]
folded_adder/NLW_partial_reg[1][7]_i_887_CO_UNCONNECTED[2]
folded_adder/NLW_partial_reg[1][7]_i_887_CO_UNCONNECTED[3]
folded_adder/NLW_partial_reg[1][7]_i_887_CO_UNCONNECTED[4]
folded_adder/NLW_partial_reg[1][7]_i_887_CO_UNCONNECTED[5]
folded_adder/NLW_partial_reg[1][7]_i_887_CO_UNCONNECTED[6]
folded_adder/NLW_partial_reg[1][7]_i_89_CO_UNCONNECTED[0]
folded_adder/NLW_partial_reg[1][7]_i_89_CO_UNCONNECTED[1]
folded_adder/NLW_partial_reg[1][7]_i_89_CO_UNCONNECTED[2]
folded_adder/NLW_partial_reg[1][7]_i_89_CO_UNCONNECTED[3]
folded_adder/NLW_partial_reg[1][7]_i_89_CO_UNCONNECTED[4]
folded_adder/NLW_partial_reg[1][7]_i_89_CO_UNCONNECTED[5]
folded_adder/NLW_partial_reg[1][7]_i_89_CO_UNCONNECTED[6]
folded_adder/NLW_partial_reg[1][7]_i_98_CO_UNCONNECTED[0]
folded_adder/NLW_partial_reg[1][7]_i_98_CO_UNCONNECTED[1]
folded_adder/NLW_partial_reg[1][7]_i_98_CO_UNCONNECTED[2]
folded_adder/NLW_partial_reg[1][7]_i_98_CO_UNCONNECTED[3]
folded_adder/NLW_partial_reg[1][7]_i_98_CO_UNCONNECTED[4]
folded_adder/NLW_partial_reg[1][7]_i_98_CO_UNCONNECTED[5]
folded_adder/NLW_partial_reg[1][7]_i_98_CO_UNCONNECTED[6]
folded_adder/NLW_partial_reg[1][7]_i_99_CO_UNCONNECTED[0]
folded_adder/NLW_partial_reg[1][7]_i_99_CO_UNCONNECTED[1]
folded_adder/NLW_partial_reg[1][7]_i_99_CO_UNCONNECTED[2]
folded_adder/NLW_partial_reg[1][7]_i_99_CO_UNCONNECTED[3]
folded_adder/NLW_partial_reg[1][7]_i_99_CO_UNCONNECTED[4]
folded_adder/NLW_partial_reg[1][7]_i_99_CO_UNCONNECTED[5]
folded_adder/NLW_partial_reg[1][7]_i_99_CO_UNCONNECTED[6]
hidden_lif/NLW_internal_value_reg[15]_i_2_CO_UNCONNECTED[0]
hidden_lif/NLW_internal_value_reg[15]_i_2_CO_UNCONNECTED[1]
hidden_lif/NLW_internal_value_reg[15]_i_2_CO_UNCONNECTED[2]
hidden_lif/NLW_internal_value_reg[15]_i_2_CO_UNCONNECTED[3]
hidden_lif/NLW_internal_value_reg[15]_i_2_CO_UNCONNECTED[4]
hidden_lif/NLW_internal_value_reg[15]_i_2_CO_UNCONNECTED[5]
hidden_lif/NLW_internal_value_reg[15]_i_2_CO_UNCONNECTED[6]
hidden_lif/NLW_internal_value_reg[15]_i_3_CO_UNCONNECTED[0]
hidden_lif/NLW_internal_value_reg[15]_i_3_CO_UNCONNECTED[1]
hidden_lif/NLW_internal_value_reg[15]_i_3_CO_UNCONNECTED[2]
hidden_lif/NLW_internal_value_reg[15]_i_3_CO_UNCONNECTED[3]
hidden_lif/NLW_internal_value_reg[15]_i_3_CO_UNCONNECTED[4]
hidden_lif/NLW_internal_value_reg[15]_i_3_CO_UNCONNECTED[5]
hidden_lif/NLW_internal_value_reg[15]_i_3_CO_UNCONNECTED[6]
hidden_lif/NLW_internal_value_reg[23]_i_2_CO_UNCONNECTED[0]
hidden_lif/NLW_internal_value_reg[23]_i_2_CO_UNCONNECTED[1]
hidden_lif/NLW_internal_value_reg[23]_i_2_CO_UNCONNECTED[2]
hidden_lif/NLW_internal_value_reg[23]_i_2_CO_UNCONNECTED[3]
hidden_lif/NLW_internal_value_reg[23]_i_2_CO_UNCONNECTED[4]
hidden_lif/NLW_internal_value_reg[23]_i_2_CO_UNCONNECTED[5]
hidden_lif/NLW_internal_value_reg[23]_i_2_CO_UNCONNECTED[6]
hidden_lif/NLW_internal_value_reg[23]_i_3_CO_UNCONNECTED[0]
hidden_lif/NLW_internal_value_reg[23]_i_3_CO_UNCONNECTED[1]
hidden_lif/NLW_internal_value_reg[23]_i_3_CO_UNCONNECTED[2]
hidden_lif/NLW_internal_value_reg[23]_i_3_CO_UNCONNECTED[3]
hidden_lif/NLW_internal_value_reg[23]_i_3_CO_UNCONNECTED[4]
hidden_lif/NLW_internal_value_reg[23]_i_3_CO_UNCONNECTED[5]
hidden_lif/NLW_internal_value_reg[23]_i_3_CO_UNCONNECTED[6]
hidden_lif/NLW_internal_value_reg[27]_i_24_CO_UNCONNECTED[0]
hidden_lif/NLW_internal_value_reg[27]_i_24_CO_UNCONNECTED[1]
hidden_lif/NLW_internal_value_reg[27]_i_24_CO_UNCONNECTED[2]
hidden_lif/NLW_internal_value_reg[27]_i_24_CO_UNCONNECTED[3]
hidden_lif/NLW_internal_value_reg[27]_i_24_CO_UNCONNECTED[4]
hidden_lif/NLW_internal_value_reg[27]_i_24_CO_UNCONNECTED[5]
hidden_lif/NLW_internal_value_reg[27]_i_24_CO_UNCONNECTED[6]
hidden_lif/NLW_internal_value_reg[27]_i_24_O_UNCONNECTED[0]
hidden_lif/NLW_internal_value_reg[27]_i_24_O_UNCONNECTED[1]
hidden_lif/NLW_internal_value_reg[27]_i_24_O_UNCONNECTED[2]
hidden_lif/NLW_internal_value_reg[27]_i_24_O_UNCONNECTED[3]
hidden_lif/NLW_internal_value_reg[27]_i_24_O_UNCONNECTED[4]
hidden_lif/NLW_internal_value_reg[27]_i_24_O_UNCONNECTED[5]
hidden_lif/NLW_internal_value_reg[27]_i_24_O_UNCONNECTED[6]
hidden_lif/NLW_internal_value_reg[27]_i_24_O_UNCONNECTED[7]
hidden_lif/NLW_internal_value_reg[27]_i_6_CO_UNCONNECTED[0]
hidden_lif/NLW_internal_value_reg[27]_i_6_CO_UNCONNECTED[1]
hidden_lif/NLW_internal_value_reg[27]_i_6_CO_UNCONNECTED[2]
hidden_lif/NLW_internal_value_reg[27]_i_6_CO_UNCONNECTED[3]
hidden_lif/NLW_internal_value_reg[27]_i_6_CO_UNCONNECTED[4]
hidden_lif/NLW_internal_value_reg[27]_i_6_CO_UNCONNECTED[5]
hidden_lif/NLW_internal_value_reg[27]_i_6_CO_UNCONNECTED[6]
hidden_lif/NLW_internal_value_reg[27]_i_6_O_UNCONNECTED[0]
hidden_lif/NLW_internal_value_reg[27]_i_6_O_UNCONNECTED[1]
hidden_lif/NLW_internal_value_reg[27]_i_6_O_UNCONNECTED[2]
hidden_lif/NLW_internal_value_reg[27]_i_6_O_UNCONNECTED[3]
hidden_lif/NLW_internal_value_reg[27]_i_6_O_UNCONNECTED[4]
hidden_lif/NLW_internal_value_reg[27]_i_6_O_UNCONNECTED[5]
hidden_lif/NLW_internal_value_reg[27]_i_6_O_UNCONNECTED[6]
hidden_lif/NLW_internal_value_reg[27]_i_6_O_UNCONNECTED[7]
hidden_lif/NLW_internal_value_reg[27]_i_7_CO_UNCONNECTED[0]
hidden_lif/NLW_internal_value_reg[27]_i_7_CO_UNCONNECTED[1]
hidden_lif/NLW_internal_value_reg[27]_i_7_CO_UNCONNECTED[2]
hidden_lif/NLW_internal_value_reg[27]_i_7_CO_UNCONNECTED[3]
hidden_lif/NLW_internal_value_reg[27]_i_7_CO_UNCONNECTED[4]
hidden_lif/NLW_internal_value_reg[27]_i_7_CO_UNCONNECTED[5]
hidden_lif/NLW_internal_value_reg[27]_i_7_CO_UNCONNECTED[6]
hidden_lif/NLW_internal_value_reg[27]_i_7_CO_UNCONNECTED[7]
hidden_lif/NLW_internal_value_reg[27]_i_7_DI_UNCONNECTED[6]
hidden_lif/NLW_internal_value_reg[27]_i_7_DI_UNCONNECTED[7]
hidden_lif/NLW_internal_value_reg[27]_i_7_O_UNCONNECTED[5]
hidden_lif/NLW_internal_value_reg[27]_i_7_O_UNCONNECTED[6]
hidden_lif/NLW_internal_value_reg[27]_i_7_O_UNCONNECTED[7]
hidden_lif/NLW_internal_value_reg[27]_i_7_S_UNCONNECTED[6]
hidden_lif/NLW_internal_value_reg[27]_i_7_S_UNCONNECTED[7]
hidden_lif/NLW_internal_value_reg[27]_i_8_CO_UNCONNECTED[0]
hidden_lif/NLW_internal_value_reg[27]_i_8_CO_UNCONNECTED[1]
hidden_lif/NLW_internal_value_reg[27]_i_8_CO_UNCONNECTED[2]
hidden_lif/NLW_internal_value_reg[27]_i_8_CO_UNCONNECTED[3]
hidden_lif/NLW_internal_value_reg[27]_i_8_CO_UNCONNECTED[4]
hidden_lif/NLW_internal_value_reg[27]_i_8_CO_UNCONNECTED[5]
hidden_lif/NLW_internal_value_reg[27]_i_8_CO_UNCONNECTED[6]
hidden_lif/NLW_internal_value_reg[27]_i_8_CO_UNCONNECTED[7]
hidden_lif/NLW_internal_value_reg[27]_i_8_DI_UNCONNECTED[4]
hidden_lif/NLW_internal_value_reg[27]_i_8_DI_UNCONNECTED[5]
hidden_lif/NLW_internal_value_reg[27]_i_8_DI_UNCONNECTED[6]
hidden_lif/NLW_internal_value_reg[27]_i_8_DI_UNCONNECTED[7]
hidden_lif/NLW_internal_value_reg[27]_i_8_O_UNCONNECTED[4]
hidden_lif/NLW_internal_value_reg[27]_i_8_O_UNCONNECTED[5]
hidden_lif/NLW_internal_value_reg[27]_i_8_O_UNCONNECTED[6]
hidden_lif/NLW_internal_value_reg[27]_i_8_O_UNCONNECTED[7]
hidden_lif/NLW_internal_value_reg[27]_i_8_S_UNCONNECTED[4]
hidden_lif/NLW_internal_value_reg[27]_i_8_S_UNCONNECTED[5]
hidden_lif/NLW_internal_value_reg[27]_i_8_S_UNCONNECTED[6]
hidden_lif/NLW_internal_value_reg[27]_i_8_S_UNCONNECTED[7]
hidden_lif/NLW_internal_value_reg[7]_i_2_CO_UNCONNECTED[0]
hidden_lif/NLW_internal_value_reg[7]_i_2_CO_UNCONNECTED[1]
hidden_lif/NLW_internal_value_reg[7]_i_2_CO_UNCONNECTED[2]
hidden_lif/NLW_internal_value_reg[7]_i_2_CO_UNCONNECTED[3]
hidden_lif/NLW_internal_value_reg[7]_i_2_CO_UNCONNECTED[4]
hidden_lif/NLW_internal_value_reg[7]_i_2_CO_UNCONNECTED[5]
hidden_lif/NLW_internal_value_reg[7]_i_2_CO_UNCONNECTED[6]
hidden_lif/NLW_internal_value_reg[7]_i_3_CO_UNCONNECTED[0]
hidden_lif/NLW_internal_value_reg[7]_i_3_CO_UNCONNECTED[1]
hidden_lif/NLW_internal_value_reg[7]_i_3_CO_UNCONNECTED[2]
hidden_lif/NLW_internal_value_reg[7]_i_3_CO_UNCONNECTED[3]
hidden_lif/NLW_internal_value_reg[7]_i_3_CO_UNCONNECTED[4]
hidden_lif/NLW_internal_value_reg[7]_i_3_CO_UNCONNECTED[5]
hidden_lif/NLW_internal_value_reg[7]_i_3_CO_UNCONNECTED[6]
output_collision_lif/NLW_internal_value_reg[15]_i_2__1_CO_UNCONNECTED[0]
output_collision_lif/NLW_internal_value_reg[15]_i_2__1_CO_UNCONNECTED[1]
output_collision_lif/NLW_internal_value_reg[15]_i_2__1_CO_UNCONNECTED[2]
output_collision_lif/NLW_internal_value_reg[15]_i_2__1_CO_UNCONNECTED[3]
output_collision_lif/NLW_internal_value_reg[15]_i_2__1_CO_UNCONNECTED[4]
output_collision_lif/NLW_internal_value_reg[15]_i_2__1_CO_UNCONNECTED[5]
output_collision_lif/NLW_internal_value_reg[15]_i_2__1_CO_UNCONNECTED[6]
output_collision_lif/NLW_internal_value_reg[23]_i_2__1_CO_UNCONNECTED[0]
output_collision_lif/NLW_internal_value_reg[23]_i_2__1_CO_UNCONNECTED[1]
output_collision_lif/NLW_internal_value_reg[23]_i_2__1_CO_UNCONNECTED[2]
output_collision_lif/NLW_internal_value_reg[23]_i_2__1_CO_UNCONNECTED[3]
output_collision_lif/NLW_internal_value_reg[23]_i_2__1_CO_UNCONNECTED[4]
output_collision_lif/NLW_internal_value_reg[23]_i_2__1_CO_UNCONNECTED[5]
output_collision_lif/NLW_internal_value_reg[23]_i_2__1_CO_UNCONNECTED[6]
output_collision_lif/NLW_internal_value_reg[27]_i_18_CO_UNCONNECTED[0]
output_collision_lif/NLW_internal_value_reg[27]_i_18_CO_UNCONNECTED[1]
output_collision_lif/NLW_internal_value_reg[27]_i_18_CO_UNCONNECTED[2]
output_collision_lif/NLW_internal_value_reg[27]_i_18_CO_UNCONNECTED[3]
output_collision_lif/NLW_internal_value_reg[27]_i_18_CO_UNCONNECTED[4]
output_collision_lif/NLW_internal_value_reg[27]_i_18_CO_UNCONNECTED[5]
output_collision_lif/NLW_internal_value_reg[27]_i_18_CO_UNCONNECTED[6]
output_collision_lif/NLW_internal_value_reg[27]_i_18_O_UNCONNECTED[0]
output_collision_lif/NLW_internal_value_reg[27]_i_18_O_UNCONNECTED[1]
output_collision_lif/NLW_internal_value_reg[27]_i_18_O_UNCONNECTED[2]
output_collision_lif/NLW_internal_value_reg[27]_i_18_O_UNCONNECTED[3]
output_collision_lif/NLW_internal_value_reg[27]_i_18_O_UNCONNECTED[4]
output_collision_lif/NLW_internal_value_reg[27]_i_18_O_UNCONNECTED[5]
output_collision_lif/NLW_internal_value_reg[27]_i_18_O_UNCONNECTED[6]
output_collision_lif/NLW_internal_value_reg[27]_i_18_O_UNCONNECTED[7]
output_collision_lif/NLW_internal_value_reg[27]_i_4__1_CO_UNCONNECTED[0]
output_collision_lif/NLW_internal_value_reg[27]_i_4__1_CO_UNCONNECTED[1]
output_collision_lif/NLW_internal_value_reg[27]_i_4__1_CO_UNCONNECTED[2]
output_collision_lif/NLW_internal_value_reg[27]_i_4__1_CO_UNCONNECTED[3]
output_collision_lif/NLW_internal_value_reg[27]_i_4__1_CO_UNCONNECTED[4]
output_collision_lif/NLW_internal_value_reg[27]_i_4__1_CO_UNCONNECTED[5]
output_collision_lif/NLW_internal_value_reg[27]_i_4__1_CO_UNCONNECTED[6]
output_collision_lif/NLW_internal_value_reg[27]_i_4__1_CO_UNCONNECTED[7]
output_collision_lif/NLW_internal_value_reg[27]_i_4__1_DI_UNCONNECTED[7]
output_collision_lif/NLW_internal_value_reg[27]_i_4__1_O_UNCONNECTED[0]
output_collision_lif/NLW_internal_value_reg[27]_i_4__1_O_UNCONNECTED[1]
output_collision_lif/NLW_internal_value_reg[27]_i_4__1_O_UNCONNECTED[2]
output_collision_lif/NLW_internal_value_reg[27]_i_4__1_O_UNCONNECTED[3]
output_collision_lif/NLW_internal_value_reg[27]_i_4__1_O_UNCONNECTED[4]
output_collision_lif/NLW_internal_value_reg[27]_i_4__1_O_UNCONNECTED[5]
output_collision_lif/NLW_internal_value_reg[27]_i_4__1_O_UNCONNECTED[6]
output_collision_lif/NLW_internal_value_reg[27]_i_4__1_O_UNCONNECTED[7]
output_collision_lif/NLW_internal_value_reg[27]_i_4__1_S_UNCONNECTED[7]
output_collision_lif/NLW_internal_value_reg[27]_i_5_CO_UNCONNECTED[0]
output_collision_lif/NLW_internal_value_reg[27]_i_5_CO_UNCONNECTED[1]
output_collision_lif/NLW_internal_value_reg[27]_i_5_CO_UNCONNECTED[2]
output_collision_lif/NLW_internal_value_reg[27]_i_5_CO_UNCONNECTED[3]
output_collision_lif/NLW_internal_value_reg[27]_i_5_CO_UNCONNECTED[4]
output_collision_lif/NLW_internal_value_reg[27]_i_5_CO_UNCONNECTED[5]
output_collision_lif/NLW_internal_value_reg[27]_i_5_CO_UNCONNECTED[6]
output_collision_lif/NLW_internal_value_reg[27]_i_5_CO_UNCONNECTED[7]
output_collision_lif/NLW_internal_value_reg[27]_i_5_DI_UNCONNECTED[6]
output_collision_lif/NLW_internal_value_reg[27]_i_5_DI_UNCONNECTED[7]
output_collision_lif/NLW_internal_value_reg[27]_i_5_O_UNCONNECTED[5]
output_collision_lif/NLW_internal_value_reg[27]_i_5_O_UNCONNECTED[6]
output_collision_lif/NLW_internal_value_reg[27]_i_5_O_UNCONNECTED[7]
output_collision_lif/NLW_internal_value_reg[27]_i_5_S_UNCONNECTED[6]
output_collision_lif/NLW_internal_value_reg[27]_i_5_S_UNCONNECTED[7]
output_collision_lif/NLW_internal_value_reg[7]_i_2__1_CO_UNCONNECTED[0]
output_collision_lif/NLW_internal_value_reg[7]_i_2__1_CO_UNCONNECTED[1]
output_collision_lif/NLW_internal_value_reg[7]_i_2__1_CO_UNCONNECTED[2]
output_collision_lif/NLW_internal_value_reg[7]_i_2__1_CO_UNCONNECTED[3]
output_collision_lif/NLW_internal_value_reg[7]_i_2__1_CO_UNCONNECTED[4]
output_collision_lif/NLW_internal_value_reg[7]_i_2__1_CO_UNCONNECTED[5]
output_collision_lif/NLW_internal_value_reg[7]_i_2__1_CO_UNCONNECTED[6]
output_no_collision_lif/NLW_internal_value_reg[15]_i_2__0_CO_UNCONNECTED[0]
output_no_collision_lif/NLW_internal_value_reg[15]_i_2__0_CO_UNCONNECTED[1]
output_no_collision_lif/NLW_internal_value_reg[15]_i_2__0_CO_UNCONNECTED[2]
output_no_collision_lif/NLW_internal_value_reg[15]_i_2__0_CO_UNCONNECTED[3]
output_no_collision_lif/NLW_internal_value_reg[15]_i_2__0_CO_UNCONNECTED[4]
output_no_collision_lif/NLW_internal_value_reg[15]_i_2__0_CO_UNCONNECTED[5]
output_no_collision_lif/NLW_internal_value_reg[15]_i_2__0_CO_UNCONNECTED[6]
output_no_collision_lif/NLW_internal_value_reg[23]_i_2__0_CO_UNCONNECTED[0]
output_no_collision_lif/NLW_internal_value_reg[23]_i_2__0_CO_UNCONNECTED[1]
output_no_collision_lif/NLW_internal_value_reg[23]_i_2__0_CO_UNCONNECTED[2]
output_no_collision_lif/NLW_internal_value_reg[23]_i_2__0_CO_UNCONNECTED[3]
output_no_collision_lif/NLW_internal_value_reg[23]_i_2__0_CO_UNCONNECTED[4]
output_no_collision_lif/NLW_internal_value_reg[23]_i_2__0_CO_UNCONNECTED[5]
output_no_collision_lif/NLW_internal_value_reg[23]_i_2__0_CO_UNCONNECTED[6]
output_no_collision_lif/NLW_internal_value_reg[27]_i_22_CO_UNCONNECTED[0]
output_no_collision_lif/NLW_internal_value_reg[27]_i_22_CO_UNCONNECTED[1]
output_no_collision_lif/NLW_internal_value_reg[27]_i_22_CO_UNCONNECTED[2]
output_no_collision_lif/NLW_internal_value_reg[27]_i_22_CO_UNCONNECTED[3]
output_no_collision_lif/NLW_internal_value_reg[27]_i_22_CO_UNCONNECTED[4]
output_no_collision_lif/NLW_internal_value_reg[27]_i_22_CO_UNCONNECTED[5]
output_no_collision_lif/NLW_internal_value_reg[27]_i_22_CO_UNCONNECTED[6]
output_no_collision_lif/NLW_internal_value_reg[27]_i_22_O_UNCONNECTED[0]
output_no_collision_lif/NLW_internal_value_reg[27]_i_22_O_UNCONNECTED[1]
output_no_collision_lif/NLW_internal_value_reg[27]_i_22_O_UNCONNECTED[2]
output_no_collision_lif/NLW_internal_value_reg[27]_i_22_O_UNCONNECTED[3]
output_no_collision_lif/NLW_internal_value_reg[27]_i_22_O_UNCONNECTED[4]
output_no_collision_lif/NLW_internal_value_reg[27]_i_22_O_UNCONNECTED[5]
output_no_collision_lif/NLW_internal_value_reg[27]_i_22_O_UNCONNECTED[6]
output_no_collision_lif/NLW_internal_value_reg[27]_i_22_O_UNCONNECTED[7]
output_no_collision_lif/NLW_internal_value_reg[27]_i_6__0_CO_UNCONNECTED[0]
output_no_collision_lif/NLW_internal_value_reg[27]_i_6__0_CO_UNCONNECTED[1]
output_no_collision_lif/NLW_internal_value_reg[27]_i_6__0_CO_UNCONNECTED[2]
output_no_collision_lif/NLW_internal_value_reg[27]_i_6__0_CO_UNCONNECTED[3]
output_no_collision_lif/NLW_internal_value_reg[27]_i_6__0_CO_UNCONNECTED[4]
output_no_collision_lif/NLW_internal_value_reg[27]_i_6__0_CO_UNCONNECTED[5]
output_no_collision_lif/NLW_internal_value_reg[27]_i_6__0_CO_UNCONNECTED[6]
output_no_collision_lif/NLW_internal_value_reg[27]_i_6__0_CO_UNCONNECTED[7]
output_no_collision_lif/NLW_internal_value_reg[27]_i_6__0_DI_UNCONNECTED[7]
output_no_collision_lif/NLW_internal_value_reg[27]_i_6__0_O_UNCONNECTED[0]
output_no_collision_lif/NLW_internal_value_reg[27]_i_6__0_O_UNCONNECTED[1]
output_no_collision_lif/NLW_internal_value_reg[27]_i_6__0_O_UNCONNECTED[2]
output_no_collision_lif/NLW_internal_value_reg[27]_i_6__0_O_UNCONNECTED[3]
output_no_collision_lif/NLW_internal_value_reg[27]_i_6__0_O_UNCONNECTED[4]
output_no_collision_lif/NLW_internal_value_reg[27]_i_6__0_O_UNCONNECTED[5]
output_no_collision_lif/NLW_internal_value_reg[27]_i_6__0_O_UNCONNECTED[6]
output_no_collision_lif/NLW_internal_value_reg[27]_i_6__0_O_UNCONNECTED[7]
output_no_collision_lif/NLW_internal_value_reg[27]_i_6__0_S_UNCONNECTED[7]
output_no_collision_lif/NLW_internal_value_reg[27]_i_7__0_CO_UNCONNECTED[0]
output_no_collision_lif/NLW_internal_value_reg[27]_i_7__0_CO_UNCONNECTED[1]
output_no_collision_lif/NLW_internal_value_reg[27]_i_7__0_CO_UNCONNECTED[2]
output_no_collision_lif/NLW_internal_value_reg[27]_i_7__0_CO_UNCONNECTED[3]
output_no_collision_lif/NLW_internal_value_reg[27]_i_7__0_CO_UNCONNECTED[4]
output_no_collision_lif/NLW_internal_value_reg[27]_i_7__0_CO_UNCONNECTED[5]
output_no_collision_lif/NLW_internal_value_reg[27]_i_7__0_CO_UNCONNECTED[6]
output_no_collision_lif/NLW_internal_value_reg[27]_i_7__0_CO_UNCONNECTED[7]
output_no_collision_lif/NLW_internal_value_reg[27]_i_7__0_DI_UNCONNECTED[6]
output_no_collision_lif/NLW_internal_value_reg[27]_i_7__0_DI_UNCONNECTED[7]
output_no_collision_lif/NLW_internal_value_reg[27]_i_7__0_O_UNCONNECTED[5]
output_no_collision_lif/NLW_internal_value_reg[27]_i_7__0_O_UNCONNECTED[6]
output_no_collision_lif/NLW_internal_value_reg[27]_i_7__0_O_UNCONNECTED[7]
output_no_collision_lif/NLW_internal_value_reg[27]_i_7__0_S_UNCONNECTED[6]
output_no_collision_lif/NLW_internal_value_reg[27]_i_7__0_S_UNCONNECTED[7]
output_no_collision_lif/NLW_internal_value_reg[7]_i_2__0_CO_UNCONNECTED[0]
output_no_collision_lif/NLW_internal_value_reg[7]_i_2__0_CO_UNCONNECTED[1]
output_no_collision_lif/NLW_internal_value_reg[7]_i_2__0_CO_UNCONNECTED[2]
output_no_collision_lif/NLW_internal_value_reg[7]_i_2__0_CO_UNCONNECTED[3]
output_no_collision_lif/NLW_internal_value_reg[7]_i_2__0_CO_UNCONNECTED[4]
output_no_collision_lif/NLW_internal_value_reg[7]_i_2__0_CO_UNCONNECTED[5]
output_no_collision_lif/NLW_internal_value_reg[7]_i_2__0_CO_UNCONNECTED[6]
--- Unmatched design nets ---
weight_rows_0_reg_7_i_73_n_0
weight_rows_0_reg_1_i_73_n_0
