--- Unmatched simulation nets ---
B[1]
l2_collision[16]
l2_collision[17]
l2_collision[18]
l2_collision[19]
l2_collision[20]
l2_collision[21]
l2_collision[22]
l2_collision[23]
l2_collision[24]
l2_collision[25]
l2_collision[26]
p_1_in[1]
p_1_in[8]
NLW_compute_neuron_reg_rep_CASDOUTA_UNCONNECTED[0]
NLW_compute_neuron_reg_rep_CASDOUTA_UNCONNECTED[1]
NLW_compute_neuron_reg_rep_CASDOUTA_UNCONNECTED[2]
NLW_compute_neuron_reg_rep_CASDOUTA_UNCONNECTED[3]
NLW_compute_neuron_reg_rep_CASDOUTA_UNCONNECTED[4]
NLW_compute_neuron_reg_rep_CASDOUTA_UNCONNECTED[5]
NLW_compute_neuron_reg_rep_CASDOUTA_UNCONNECTED[6]
NLW_compute_neuron_reg_rep_CASDOUTA_UNCONNECTED[7]
NLW_compute_neuron_reg_rep_CASDOUTA_UNCONNECTED[8]
NLW_compute_neuron_reg_rep_CASDOUTA_UNCONNECTED[9]
NLW_compute_neuron_reg_rep_CASDOUTA_UNCONNECTED[10]
NLW_compute_neuron_reg_rep_CASDOUTA_UNCONNECTED[11]
NLW_compute_neuron_reg_rep_CASDOUTA_UNCONNECTED[12]
NLW_compute_neuron_reg_rep_CASDOUTA_UNCONNECTED[13]
NLW_compute_neuron_reg_rep_CASDOUTA_UNCONNECTED[14]
NLW_compute_neuron_reg_rep_CASDOUTA_UNCONNECTED[15]
NLW_compute_neuron_reg_rep_CASDOUTB_UNCONNECTED[0]
NLW_compute_neuron_reg_rep_CASDOUTB_UNCONNECTED[1]
NLW_compute_neuron_reg_rep_CASDOUTB_UNCONNECTED[2]
NLW_compute_neuron_reg_rep_CASDOUTB_UNCONNECTED[3]
NLW_compute_neuron_reg_rep_CASDOUTB_UNCONNECTED[4]
NLW_compute_neuron_reg_rep_CASDOUTB_UNCONNECTED[5]
NLW_compute_neuron_reg_rep_CASDOUTB_UNCONNECTED[6]
NLW_compute_neuron_reg_rep_CASDOUTB_UNCONNECTED[7]
NLW_compute_neuron_reg_rep_CASDOUTB_UNCONNECTED[8]
NLW_compute_neuron_reg_rep_CASDOUTB_UNCONNECTED[9]
NLW_compute_neuron_reg_rep_CASDOUTB_UNCONNECTED[10]
NLW_compute_neuron_reg_rep_CASDOUTB_UNCONNECTED[11]
NLW_compute_neuron_reg_rep_CASDOUTB_UNCONNECTED[12]
NLW_compute_neuron_reg_rep_CASDOUTB_UNCONNECTED[13]
NLW_compute_neuron_reg_rep_CASDOUTB_UNCONNECTED[14]
NLW_compute_neuron_reg_rep_CASDOUTB_UNCONNECTED[15]
NLW_compute_neuron_reg_rep_CASDOUTPA_UNCONNECTED[0]
NLW_compute_neuron_reg_rep_CASDOUTPA_UNCONNECTED[1]
NLW_compute_neuron_reg_rep_CASDOUTPB_UNCONNECTED[0]
NLW_compute_neuron_reg_rep_CASDOUTPB_UNCONNECTED[1]
NLW_compute_neuron_reg_rep_DOUTBDOUT_UNCONNECTED[0]
NLW_compute_neuron_reg_rep_DOUTBDOUT_UNCONNECTED[1]
NLW_compute_neuron_reg_rep_DOUTBDOUT_UNCONNECTED[2]
NLW_compute_neuron_reg_rep_DOUTBDOUT_UNCONNECTED[3]
NLW_compute_neuron_reg_rep_DOUTBDOUT_UNCONNECTED[4]
NLW_compute_neuron_reg_rep_DOUTBDOUT_UNCONNECTED[5]
NLW_compute_neuron_reg_rep_DOUTBDOUT_UNCONNECTED[6]
NLW_compute_neuron_reg_rep_DOUTBDOUT_UNCONNECTED[7]
NLW_compute_neuron_reg_rep_DOUTBDOUT_UNCONNECTED[8]
NLW_compute_neuron_reg_rep_DOUTBDOUT_UNCONNECTED[9]
NLW_compute_neuron_reg_rep_DOUTBDOUT_UNCONNECTED[10]
NLW_compute_neuron_reg_rep_DOUTBDOUT_UNCONNECTED[11]
NLW_compute_neuron_reg_rep_DOUTBDOUT_UNCONNECTED[12]
NLW_compute_neuron_reg_rep_DOUTBDOUT_UNCONNECTED[13]
NLW_compute_neuron_reg_rep_DOUTBDOUT_UNCONNECTED[14]
NLW_compute_neuron_reg_rep_DOUTBDOUT_UNCONNECTED[15]
NLW_compute_neuron_reg_rep_DOUTPADOUTP_UNCONNECTED[0]
NLW_compute_neuron_reg_rep_DOUTPADOUTP_UNCONNECTED[1]
NLW_compute_neuron_reg_rep_DOUTPBDOUTP_UNCONNECTED[0]
NLW_compute_neuron_reg_rep_DOUTPBDOUTP_UNCONNECTED[1]
NLW_compute_neuron_reg_rep__0_CASDOUTA_UNCONNECTED[0]
NLW_compute_neuron_reg_rep__0_CASDOUTA_UNCONNECTED[1]
NLW_compute_neuron_reg_rep__0_CASDOUTA_UNCONNECTED[2]
NLW_compute_neuron_reg_rep__0_CASDOUTA_UNCONNECTED[3]
NLW_compute_neuron_reg_rep__0_CASDOUTA_UNCONNECTED[4]
NLW_compute_neuron_reg_rep__0_CASDOUTA_UNCONNECTED[5]
NLW_compute_neuron_reg_rep__0_CASDOUTA_UNCONNECTED[6]
NLW_compute_neuron_reg_rep__0_CASDOUTA_UNCONNECTED[7]
NLW_compute_neuron_reg_rep__0_CASDOUTA_UNCONNECTED[8]
NLW_compute_neuron_reg_rep__0_CASDOUTA_UNCONNECTED[9]
NLW_compute_neuron_reg_rep__0_CASDOUTA_UNCONNECTED[10]
NLW_compute_neuron_reg_rep__0_CASDOUTA_UNCONNECTED[11]
NLW_compute_neuron_reg_rep__0_CASDOUTA_UNCONNECTED[12]
NLW_compute_neuron_reg_rep__0_CASDOUTA_UNCONNECTED[13]
NLW_compute_neuron_reg_rep__0_CASDOUTA_UNCONNECTED[14]
NLW_compute_neuron_reg_rep__0_CASDOUTA_UNCONNECTED[15]
NLW_compute_neuron_reg_rep__0_CASDOUTB_UNCONNECTED[0]
NLW_compute_neuron_reg_rep__0_CASDOUTB_UNCONNECTED[1]
NLW_compute_neuron_reg_rep__0_CASDOUTB_UNCONNECTED[2]
NLW_compute_neuron_reg_rep__0_CASDOUTB_UNCONNECTED[3]
NLW_compute_neuron_reg_rep__0_CASDOUTB_UNCONNECTED[4]
NLW_compute_neuron_reg_rep__0_CASDOUTB_UNCONNECTED[5]
NLW_compute_neuron_reg_rep__0_CASDOUTB_UNCONNECTED[6]
NLW_compute_neuron_reg_rep__0_CASDOUTB_UNCONNECTED[7]
NLW_compute_neuron_reg_rep__0_CASDOUTB_UNCONNECTED[8]
NLW_compute_neuron_reg_rep__0_CASDOUTB_UNCONNECTED[9]
NLW_compute_neuron_reg_rep__0_CASDOUTB_UNCONNECTED[10]
NLW_compute_neuron_reg_rep__0_CASDOUTB_UNCONNECTED[11]
NLW_compute_neuron_reg_rep__0_CASDOUTB_UNCONNECTED[12]
NLW_compute_neuron_reg_rep__0_CASDOUTB_UNCONNECTED[13]
NLW_compute_neuron_reg_rep__0_CASDOUTB_UNCONNECTED[14]
NLW_compute_neuron_reg_rep__0_CASDOUTB_UNCONNECTED[15]
NLW_compute_neuron_reg_rep__0_CASDOUTPA_UNCONNECTED[0]
NLW_compute_neuron_reg_rep__0_CASDOUTPA_UNCONNECTED[1]
NLW_compute_neuron_reg_rep__0_CASDOUTPB_UNCONNECTED[0]
NLW_compute_neuron_reg_rep__0_CASDOUTPB_UNCONNECTED[1]
NLW_compute_neuron_reg_rep__0_DOUTBDOUT_UNCONNECTED[0]
NLW_compute_neuron_reg_rep__0_DOUTBDOUT_UNCONNECTED[1]
NLW_compute_neuron_reg_rep__0_DOUTBDOUT_UNCONNECTED[2]
NLW_compute_neuron_reg_rep__0_DOUTBDOUT_UNCONNECTED[3]
NLW_compute_neuron_reg_rep__0_DOUTBDOUT_UNCONNECTED[4]
NLW_compute_neuron_reg_rep__0_DOUTBDOUT_UNCONNECTED[5]
NLW_compute_neuron_reg_rep__0_DOUTBDOUT_UNCONNECTED[6]
NLW_compute_neuron_reg_rep__0_DOUTBDOUT_UNCONNECTED[7]
NLW_compute_neuron_reg_rep__0_DOUTBDOUT_UNCONNECTED[8]
NLW_compute_neuron_reg_rep__0_DOUTBDOUT_UNCONNECTED[9]
NLW_compute_neuron_reg_rep__0_DOUTBDOUT_UNCONNECTED[10]
NLW_compute_neuron_reg_rep__0_DOUTBDOUT_UNCONNECTED[11]
NLW_compute_neuron_reg_rep__0_DOUTBDOUT_UNCONNECTED[12]
NLW_compute_neuron_reg_rep__0_DOUTBDOUT_UNCONNECTED[13]
NLW_compute_neuron_reg_rep__0_DOUTBDOUT_UNCONNECTED[14]
NLW_compute_neuron_reg_rep__0_DOUTBDOUT_UNCONNECTED[15]
NLW_compute_neuron_reg_rep__0_DOUTPADOUTP_UNCONNECTED[0]
NLW_compute_neuron_reg_rep__0_DOUTPADOUTP_UNCONNECTED[1]
NLW_compute_neuron_reg_rep__0_DOUTPBDOUTP_UNCONNECTED[0]
NLW_compute_neuron_reg_rep__0_DOUTPBDOUTP_UNCONNECTED[1]
NLW_compute_neuron_reg_rep__1_CASDOUTA_UNCONNECTED[0]
NLW_compute_neuron_reg_rep__1_CASDOUTA_UNCONNECTED[1]
NLW_compute_neuron_reg_rep__1_CASDOUTA_UNCONNECTED[2]
NLW_compute_neuron_reg_rep__1_CASDOUTA_UNCONNECTED[3]
NLW_compute_neuron_reg_rep__1_CASDOUTA_UNCONNECTED[4]
NLW_compute_neuron_reg_rep__1_CASDOUTA_UNCONNECTED[5]
NLW_compute_neuron_reg_rep__1_CASDOUTA_UNCONNECTED[6]
NLW_compute_neuron_reg_rep__1_CASDOUTA_UNCONNECTED[7]
NLW_compute_neuron_reg_rep__1_CASDOUTA_UNCONNECTED[8]
NLW_compute_neuron_reg_rep__1_CASDOUTA_UNCONNECTED[9]
NLW_compute_neuron_reg_rep__1_CASDOUTA_UNCONNECTED[10]
NLW_compute_neuron_reg_rep__1_CASDOUTA_UNCONNECTED[11]
NLW_compute_neuron_reg_rep__1_CASDOUTA_UNCONNECTED[12]
NLW_compute_neuron_reg_rep__1_CASDOUTA_UNCONNECTED[13]
NLW_compute_neuron_reg_rep__1_CASDOUTA_UNCONNECTED[14]
NLW_compute_neuron_reg_rep__1_CASDOUTA_UNCONNECTED[15]
NLW_compute_neuron_reg_rep__1_CASDOUTB_UNCONNECTED[0]
NLW_compute_neuron_reg_rep__1_CASDOUTB_UNCONNECTED[1]
NLW_compute_neuron_reg_rep__1_CASDOUTB_UNCONNECTED[2]
NLW_compute_neuron_reg_rep__1_CASDOUTB_UNCONNECTED[3]
NLW_compute_neuron_reg_rep__1_CASDOUTB_UNCONNECTED[4]
NLW_compute_neuron_reg_rep__1_CASDOUTB_UNCONNECTED[5]
NLW_compute_neuron_reg_rep__1_CASDOUTB_UNCONNECTED[6]
NLW_compute_neuron_reg_rep__1_CASDOUTB_UNCONNECTED[7]
NLW_compute_neuron_reg_rep__1_CASDOUTB_UNCONNECTED[8]
NLW_compute_neuron_reg_rep__1_CASDOUTB_UNCONNECTED[9]
NLW_compute_neuron_reg_rep__1_CASDOUTB_UNCONNECTED[10]
NLW_compute_neuron_reg_rep__1_CASDOUTB_UNCONNECTED[11]
NLW_compute_neuron_reg_rep__1_CASDOUTB_UNCONNECTED[12]
NLW_compute_neuron_reg_rep__1_CASDOUTB_UNCONNECTED[13]
NLW_compute_neuron_reg_rep__1_CASDOUTB_UNCONNECTED[14]
NLW_compute_neuron_reg_rep__1_CASDOUTB_UNCONNECTED[15]
NLW_compute_neuron_reg_rep__1_CASDOUTPA_UNCONNECTED[0]
NLW_compute_neuron_reg_rep__1_CASDOUTPA_UNCONNECTED[1]
NLW_compute_neuron_reg_rep__1_CASDOUTPB_UNCONNECTED[0]
NLW_compute_neuron_reg_rep__1_CASDOUTPB_UNCONNECTED[1]
NLW_compute_neuron_reg_rep__1_DOUTBDOUT_UNCONNECTED[0]
NLW_compute_neuron_reg_rep__1_DOUTBDOUT_UNCONNECTED[1]
NLW_compute_neuron_reg_rep__1_DOUTBDOUT_UNCONNECTED[2]
NLW_compute_neuron_reg_rep__1_DOUTBDOUT_UNCONNECTED[3]
NLW_compute_neuron_reg_rep__1_DOUTBDOUT_UNCONNECTED[4]
NLW_compute_neuron_reg_rep__1_DOUTBDOUT_UNCONNECTED[5]
NLW_compute_neuron_reg_rep__1_DOUTBDOUT_UNCONNECTED[6]
NLW_compute_neuron_reg_rep__1_DOUTBDOUT_UNCONNECTED[7]
NLW_compute_neuron_reg_rep__1_DOUTBDOUT_UNCONNECTED[8]
NLW_compute_neuron_reg_rep__1_DOUTBDOUT_UNCONNECTED[9]
NLW_compute_neuron_reg_rep__1_DOUTBDOUT_UNCONNECTED[10]
NLW_compute_neuron_reg_rep__1_DOUTBDOUT_UNCONNECTED[11]
NLW_compute_neuron_reg_rep__1_DOUTBDOUT_UNCONNECTED[12]
NLW_compute_neuron_reg_rep__1_DOUTBDOUT_UNCONNECTED[13]
NLW_compute_neuron_reg_rep__1_DOUTBDOUT_UNCONNECTED[14]
NLW_compute_neuron_reg_rep__1_DOUTBDOUT_UNCONNECTED[15]
NLW_compute_neuron_reg_rep__1_DOUTPADOUTP_UNCONNECTED[0]
NLW_compute_neuron_reg_rep__1_DOUTPADOUTP_UNCONNECTED[1]
NLW_compute_neuron_reg_rep__1_DOUTPBDOUTP_UNCONNECTED[0]
NLW_compute_neuron_reg_rep__1_DOUTPBDOUTP_UNCONNECTED[1]
NLW_internal_value_reg[27]_i_10_CO_UNCONNECTED[0]
NLW_internal_value_reg[27]_i_10_CO_UNCONNECTED[1]
NLW_internal_value_reg[27]_i_10_CO_UNCONNECTED[2]
NLW_internal_value_reg[27]_i_10_CO_UNCONNECTED[3]
NLW_internal_value_reg[27]_i_10_CO_UNCONNECTED[4]
NLW_internal_value_reg[27]_i_10_CO_UNCONNECTED[5]
NLW_internal_value_reg[27]_i_10_CO_UNCONNECTED[6]
NLW_internal_value_reg[27]_i_10_O_UNCONNECTED[0]
NLW_internal_value_reg[27]_i_10_O_UNCONNECTED[1]
NLW_internal_value_reg[27]_i_10_O_UNCONNECTED[2]
NLW_internal_value_reg[27]_i_10_O_UNCONNECTED[3]
NLW_internal_value_reg[27]_i_10_O_UNCONNECTED[4]
NLW_internal_value_reg[27]_i_10_O_UNCONNECTED[5]
NLW_internal_value_reg[27]_i_10_O_UNCONNECTED[6]
NLW_internal_value_reg[27]_i_10_O_UNCONNECTED[7]
NLW_internal_value_reg[27]_i_10__0_CO_UNCONNECTED[0]
NLW_internal_value_reg[27]_i_10__0_CO_UNCONNECTED[1]
NLW_internal_value_reg[27]_i_10__0_CO_UNCONNECTED[2]
NLW_internal_value_reg[27]_i_10__0_CO_UNCONNECTED[3]
NLW_internal_value_reg[27]_i_10__0_CO_UNCONNECTED[4]
NLW_internal_value_reg[27]_i_10__0_CO_UNCONNECTED[5]
NLW_internal_value_reg[27]_i_10__0_CO_UNCONNECTED[6]
NLW_internal_value_reg[27]_i_10__0_O_UNCONNECTED[0]
NLW_internal_value_reg[27]_i_10__0_O_UNCONNECTED[1]
NLW_internal_value_reg[27]_i_10__0_O_UNCONNECTED[2]
NLW_internal_value_reg[27]_i_10__0_O_UNCONNECTED[3]
NLW_internal_value_reg[27]_i_10__0_O_UNCONNECTED[4]
NLW_internal_value_reg[27]_i_10__0_O_UNCONNECTED[5]
NLW_internal_value_reg[27]_i_10__0_O_UNCONNECTED[6]
NLW_internal_value_reg[27]_i_10__0_O_UNCONNECTED[7]
NLW_internal_value_reg[27]_i_3_CO_UNCONNECTED[0]
NLW_internal_value_reg[27]_i_3_CO_UNCONNECTED[1]
NLW_internal_value_reg[27]_i_3_CO_UNCONNECTED[2]
NLW_internal_value_reg[27]_i_3_CO_UNCONNECTED[3]
NLW_internal_value_reg[27]_i_3_CO_UNCONNECTED[4]
NLW_internal_value_reg[27]_i_3_CO_UNCONNECTED[5]
NLW_internal_value_reg[27]_i_3_CO_UNCONNECTED[6]
NLW_internal_value_reg[27]_i_3_CO_UNCONNECTED[7]
NLW_internal_value_reg[27]_i_3_DI_UNCONNECTED[5]
NLW_internal_value_reg[27]_i_3_DI_UNCONNECTED[6]
NLW_internal_value_reg[27]_i_3_DI_UNCONNECTED[7]
NLW_internal_value_reg[27]_i_3_O_UNCONNECTED[0]
NLW_internal_value_reg[27]_i_3_O_UNCONNECTED[1]
NLW_internal_value_reg[27]_i_3_O_UNCONNECTED[2]
NLW_internal_value_reg[27]_i_3_O_UNCONNECTED[3]
NLW_internal_value_reg[27]_i_3_O_UNCONNECTED[4]
NLW_internal_value_reg[27]_i_3_O_UNCONNECTED[5]
NLW_internal_value_reg[27]_i_3_O_UNCONNECTED[6]
NLW_internal_value_reg[27]_i_3_O_UNCONNECTED[7]
NLW_internal_value_reg[27]_i_3_S_UNCONNECTED[5]
NLW_internal_value_reg[27]_i_3_S_UNCONNECTED[6]
NLW_internal_value_reg[27]_i_3_S_UNCONNECTED[7]
NLW_internal_value_reg[27]_i_4_CO_UNCONNECTED[0]
NLW_internal_value_reg[27]_i_4_CO_UNCONNECTED[1]
NLW_internal_value_reg[27]_i_4_CO_UNCONNECTED[2]
NLW_internal_value_reg[27]_i_4_CO_UNCONNECTED[3]
NLW_internal_value_reg[27]_i_4_CO_UNCONNECTED[4]
NLW_internal_value_reg[27]_i_4_CO_UNCONNECTED[5]
NLW_internal_value_reg[27]_i_4_CO_UNCONNECTED[6]
NLW_internal_value_reg[27]_i_4_CO_UNCONNECTED[7]
NLW_internal_value_reg[27]_i_4_DI_UNCONNECTED[6]
NLW_internal_value_reg[27]_i_4_DI_UNCONNECTED[7]
NLW_internal_value_reg[27]_i_4_O_UNCONNECTED[0]
NLW_internal_value_reg[27]_i_4_O_UNCONNECTED[1]
NLW_internal_value_reg[27]_i_4_O_UNCONNECTED[2]
NLW_internal_value_reg[27]_i_4_O_UNCONNECTED[3]
NLW_internal_value_reg[27]_i_4_O_UNCONNECTED[4]
NLW_internal_value_reg[27]_i_4_O_UNCONNECTED[5]
NLW_internal_value_reg[27]_i_4_O_UNCONNECTED[6]
NLW_internal_value_reg[27]_i_4_O_UNCONNECTED[7]
NLW_internal_value_reg[27]_i_4_S_UNCONNECTED[6]
NLW_internal_value_reg[27]_i_4_S_UNCONNECTED[7]
NLW_internal_value_reg[27]_i_4__0_CO_UNCONNECTED[0]
NLW_internal_value_reg[27]_i_4__0_CO_UNCONNECTED[1]
NLW_internal_value_reg[27]_i_4__0_CO_UNCONNECTED[2]
NLW_internal_value_reg[27]_i_4__0_CO_UNCONNECTED[3]
NLW_internal_value_reg[27]_i_4__0_CO_UNCONNECTED[4]
NLW_internal_value_reg[27]_i_4__0_CO_UNCONNECTED[5]
NLW_internal_value_reg[27]_i_4__0_CO_UNCONNECTED[6]
NLW_internal_value_reg[27]_i_4__0_CO_UNCONNECTED[7]
NLW_internal_value_reg[27]_i_4__0_DI_UNCONNECTED[5]
NLW_internal_value_reg[27]_i_4__0_DI_UNCONNECTED[6]
NLW_internal_value_reg[27]_i_4__0_DI_UNCONNECTED[7]
NLW_internal_value_reg[27]_i_4__0_O_UNCONNECTED[0]
NLW_internal_value_reg[27]_i_4__0_O_UNCONNECTED[1]
NLW_internal_value_reg[27]_i_4__0_O_UNCONNECTED[2]
NLW_internal_value_reg[27]_i_4__0_O_UNCONNECTED[3]
NLW_internal_value_reg[27]_i_4__0_O_UNCONNECTED[4]
NLW_internal_value_reg[27]_i_4__0_O_UNCONNECTED[5]
NLW_internal_value_reg[27]_i_4__0_O_UNCONNECTED[6]
NLW_internal_value_reg[27]_i_4__0_O_UNCONNECTED[7]
NLW_internal_value_reg[27]_i_4__0_S_UNCONNECTED[5]
NLW_internal_value_reg[27]_i_4__0_S_UNCONNECTED[6]
NLW_internal_value_reg[27]_i_4__0_S_UNCONNECTED[7]
NLW_internal_value_reg[27]_i_7__1_CO_UNCONNECTED[0]
NLW_internal_value_reg[27]_i_7__1_CO_UNCONNECTED[1]
NLW_internal_value_reg[27]_i_7__1_CO_UNCONNECTED[2]
NLW_internal_value_reg[27]_i_7__1_CO_UNCONNECTED[3]
NLW_internal_value_reg[27]_i_7__1_CO_UNCONNECTED[4]
NLW_internal_value_reg[27]_i_7__1_CO_UNCONNECTED[5]
NLW_internal_value_reg[27]_i_7__1_CO_UNCONNECTED[6]
NLW_internal_value_reg[27]_i_7__1_O_UNCONNECTED[0]
NLW_internal_value_reg[27]_i_7__1_O_UNCONNECTED[1]
NLW_internal_value_reg[27]_i_7__1_O_UNCONNECTED[2]
NLW_internal_value_reg[27]_i_7__1_O_UNCONNECTED[3]
NLW_internal_value_reg[27]_i_7__1_O_UNCONNECTED[4]
NLW_internal_value_reg[27]_i_7__1_O_UNCONNECTED[5]
NLW_internal_value_reg[27]_i_7__1_O_UNCONNECTED[6]
NLW_internal_value_reg[27]_i_7__1_O_UNCONNECTED[7]
NLW_l2_collision_reg[0][15]_i_2_CO_UNCONNECTED[0]
NLW_l2_collision_reg[0][15]_i_2_CO_UNCONNECTED[1]
NLW_l2_collision_reg[0][15]_i_2_CO_UNCONNECTED[2]
NLW_l2_collision_reg[0][15]_i_2_CO_UNCONNECTED[3]
NLW_l2_collision_reg[0][15]_i_2_CO_UNCONNECTED[4]
NLW_l2_collision_reg[0][15]_i_2_CO_UNCONNECTED[5]
NLW_l2_collision_reg[0][15]_i_2_CO_UNCONNECTED[6]
NLW_l2_collision_reg[0][23]_i_2_CO_UNCONNECTED[0]
NLW_l2_collision_reg[0][23]_i_2_CO_UNCONNECTED[1]
NLW_l2_collision_reg[0][23]_i_2_CO_UNCONNECTED[2]
NLW_l2_collision_reg[0][23]_i_2_CO_UNCONNECTED[3]
NLW_l2_collision_reg[0][23]_i_2_CO_UNCONNECTED[4]
NLW_l2_collision_reg[0][23]_i_2_CO_UNCONNECTED[5]
NLW_l2_collision_reg[0][23]_i_2_CO_UNCONNECTED[6]
NLW_l2_collision_reg[0][27]_i_5_CO_UNCONNECTED[0]
NLW_l2_collision_reg[0][27]_i_5_CO_UNCONNECTED[1]
NLW_l2_collision_reg[0][27]_i_5_CO_UNCONNECTED[2]
NLW_l2_collision_reg[0][27]_i_5_CO_UNCONNECTED[3]
NLW_l2_collision_reg[0][27]_i_5_CO_UNCONNECTED[4]
NLW_l2_collision_reg[0][27]_i_5_CO_UNCONNECTED[5]
NLW_l2_collision_reg[0][27]_i_5_CO_UNCONNECTED[6]
NLW_l2_collision_reg[0][27]_i_5_CO_UNCONNECTED[7]
NLW_l2_collision_reg[0][27]_i_5_DI_UNCONNECTED[4]
NLW_l2_collision_reg[0][27]_i_5_DI_UNCONNECTED[5]
NLW_l2_collision_reg[0][27]_i_5_DI_UNCONNECTED[6]
NLW_l2_collision_reg[0][27]_i_5_DI_UNCONNECTED[7]
NLW_l2_collision_reg[0][27]_i_5_O_UNCONNECTED[4]
NLW_l2_collision_reg[0][27]_i_5_O_UNCONNECTED[5]
NLW_l2_collision_reg[0][27]_i_5_O_UNCONNECTED[6]
NLW_l2_collision_reg[0][27]_i_5_O_UNCONNECTED[7]
NLW_l2_collision_reg[0][27]_i_5_S_UNCONNECTED[4]
NLW_l2_collision_reg[0][27]_i_5_S_UNCONNECTED[5]
NLW_l2_collision_reg[0][27]_i_5_S_UNCONNECTED[6]
NLW_l2_collision_reg[0][27]_i_5_S_UNCONNECTED[7]
NLW_l2_collision_reg[0][7]_i_2_CO_UNCONNECTED[0]
NLW_l2_collision_reg[0][7]_i_2_CO_UNCONNECTED[1]
NLW_l2_collision_reg[0][7]_i_2_CO_UNCONNECTED[2]
NLW_l2_collision_reg[0][7]_i_2_CO_UNCONNECTED[3]
NLW_l2_collision_reg[0][7]_i_2_CO_UNCONNECTED[4]
NLW_l2_collision_reg[0][7]_i_2_CO_UNCONNECTED[5]
NLW_l2_collision_reg[0][7]_i_2_CO_UNCONNECTED[6]
NLW_l2_no_collision_reg[0][15]_i_2_CO_UNCONNECTED[0]
NLW_l2_no_collision_reg[0][15]_i_2_CO_UNCONNECTED[1]
NLW_l2_no_collision_reg[0][15]_i_2_CO_UNCONNECTED[2]
NLW_l2_no_collision_reg[0][15]_i_2_CO_UNCONNECTED[3]
NLW_l2_no_collision_reg[0][15]_i_2_CO_UNCONNECTED[4]
NLW_l2_no_collision_reg[0][15]_i_2_CO_UNCONNECTED[5]
NLW_l2_no_collision_reg[0][15]_i_2_CO_UNCONNECTED[6]
NLW_l2_no_collision_reg[0][23]_i_2_CO_UNCONNECTED[0]
NLW_l2_no_collision_reg[0][23]_i_2_CO_UNCONNECTED[1]
NLW_l2_no_collision_reg[0][23]_i_2_CO_UNCONNECTED[2]
NLW_l2_no_collision_reg[0][23]_i_2_CO_UNCONNECTED[3]
NLW_l2_no_collision_reg[0][23]_i_2_CO_UNCONNECTED[4]
NLW_l2_no_collision_reg[0][23]_i_2_CO_UNCONNECTED[5]
NLW_l2_no_collision_reg[0][23]_i_2_CO_UNCONNECTED[6]
NLW_l2_no_collision_reg[0][27]_i_2_CO_UNCONNECTED[0]
NLW_l2_no_collision_reg[0][27]_i_2_CO_UNCONNECTED[1]
NLW_l2_no_collision_reg[0][27]_i_2_CO_UNCONNECTED[2]
NLW_l2_no_collision_reg[0][27]_i_2_CO_UNCONNECTED[3]
NLW_l2_no_collision_reg[0][27]_i_2_CO_UNCONNECTED[4]
NLW_l2_no_collision_reg[0][27]_i_2_CO_UNCONNECTED[5]
NLW_l2_no_collision_reg[0][27]_i_2_CO_UNCONNECTED[6]
NLW_l2_no_collision_reg[0][27]_i_2_CO_UNCONNECTED[7]
NLW_l2_no_collision_reg[0][27]_i_2_DI_UNCONNECTED[4]
NLW_l2_no_collision_reg[0][27]_i_2_DI_UNCONNECTED[5]
NLW_l2_no_collision_reg[0][27]_i_2_DI_UNCONNECTED[6]
NLW_l2_no_collision_reg[0][27]_i_2_DI_UNCONNECTED[7]
NLW_l2_no_collision_reg[0][27]_i_2_O_UNCONNECTED[4]
NLW_l2_no_collision_reg[0][27]_i_2_O_UNCONNECTED[5]
NLW_l2_no_collision_reg[0][27]_i_2_O_UNCONNECTED[6]
NLW_l2_no_collision_reg[0][27]_i_2_O_UNCONNECTED[7]
NLW_l2_no_collision_reg[0][27]_i_2_S_UNCONNECTED[4]
NLW_l2_no_collision_reg[0][27]_i_2_S_UNCONNECTED[5]
NLW_l2_no_collision_reg[0][27]_i_2_S_UNCONNECTED[6]
NLW_l2_no_collision_reg[0][27]_i_2_S_UNCONNECTED[7]
NLW_l2_no_collision_reg[0][7]_i_2_CO_UNCONNECTED[0]
NLW_l2_no_collision_reg[0][7]_i_2_CO_UNCONNECTED[1]
NLW_l2_no_collision_reg[0][7]_i_2_CO_UNCONNECTED[2]
NLW_l2_no_collision_reg[0][7]_i_2_CO_UNCONNECTED[3]
NLW_l2_no_collision_reg[0][7]_i_2_CO_UNCONNECTED[4]
NLW_l2_no_collision_reg[0][7]_i_2_CO_UNCONNECTED[5]
NLW_l2_no_collision_reg[0][7]_i_2_CO_UNCONNECTED[6]
NLW_partial_reg[1][15]_i_102_CO_UNCONNECTED[0]
NLW_partial_reg[1][15]_i_102_CO_UNCONNECTED[1]
NLW_partial_reg[1][15]_i_102_CO_UNCONNECTED[2]
NLW_partial_reg[1][15]_i_102_CO_UNCONNECTED[3]
NLW_partial_reg[1][15]_i_102_CO_UNCONNECTED[4]
NLW_partial_reg[1][15]_i_102_CO_UNCONNECTED[5]
NLW_partial_reg[1][15]_i_102_CO_UNCONNECTED[6]
NLW_partial_reg[1][15]_i_103_CO_UNCONNECTED[0]
NLW_partial_reg[1][15]_i_103_CO_UNCONNECTED[1]
NLW_partial_reg[1][15]_i_103_CO_UNCONNECTED[2]
NLW_partial_reg[1][15]_i_103_CO_UNCONNECTED[3]
NLW_partial_reg[1][15]_i_103_CO_UNCONNECTED[4]
NLW_partial_reg[1][15]_i_103_CO_UNCONNECTED[5]
NLW_partial_reg[1][15]_i_103_CO_UNCONNECTED[6]
NLW_partial_reg[1][15]_i_12_CO_UNCONNECTED[0]
NLW_partial_reg[1][15]_i_12_CO_UNCONNECTED[1]
NLW_partial_reg[1][15]_i_12_CO_UNCONNECTED[2]
NLW_partial_reg[1][15]_i_12_CO_UNCONNECTED[3]
NLW_partial_reg[1][15]_i_12_CO_UNCONNECTED[4]
NLW_partial_reg[1][15]_i_12_CO_UNCONNECTED[5]
NLW_partial_reg[1][15]_i_12_CO_UNCONNECTED[6]
NLW_partial_reg[1][15]_i_132_CO_UNCONNECTED[0]
NLW_partial_reg[1][15]_i_132_CO_UNCONNECTED[1]
NLW_partial_reg[1][15]_i_132_CO_UNCONNECTED[2]
NLW_partial_reg[1][15]_i_132_CO_UNCONNECTED[3]
NLW_partial_reg[1][15]_i_132_CO_UNCONNECTED[4]
NLW_partial_reg[1][15]_i_132_CO_UNCONNECTED[5]
NLW_partial_reg[1][15]_i_132_CO_UNCONNECTED[6]
NLW_partial_reg[1][15]_i_133_CO_UNCONNECTED[0]
NLW_partial_reg[1][15]_i_133_CO_UNCONNECTED[1]
NLW_partial_reg[1][15]_i_133_CO_UNCONNECTED[2]
NLW_partial_reg[1][15]_i_133_CO_UNCONNECTED[3]
NLW_partial_reg[1][15]_i_133_CO_UNCONNECTED[4]
NLW_partial_reg[1][15]_i_133_CO_UNCONNECTED[5]
NLW_partial_reg[1][15]_i_133_CO_UNCONNECTED[6]
NLW_partial_reg[1][15]_i_142_CO_UNCONNECTED[0]
NLW_partial_reg[1][15]_i_142_CO_UNCONNECTED[1]
NLW_partial_reg[1][15]_i_142_CO_UNCONNECTED[2]
NLW_partial_reg[1][15]_i_142_CO_UNCONNECTED[3]
NLW_partial_reg[1][15]_i_142_CO_UNCONNECTED[4]
NLW_partial_reg[1][15]_i_142_CO_UNCONNECTED[5]
NLW_partial_reg[1][15]_i_142_CO_UNCONNECTED[6]
NLW_partial_reg[1][15]_i_151_CO_UNCONNECTED[0]
NLW_partial_reg[1][15]_i_151_CO_UNCONNECTED[1]
NLW_partial_reg[1][15]_i_151_CO_UNCONNECTED[2]
NLW_partial_reg[1][15]_i_151_CO_UNCONNECTED[3]
NLW_partial_reg[1][15]_i_151_CO_UNCONNECTED[4]
NLW_partial_reg[1][15]_i_151_CO_UNCONNECTED[5]
NLW_partial_reg[1][15]_i_151_CO_UNCONNECTED[6]
NLW_partial_reg[1][15]_i_185_CO_UNCONNECTED[0]
NLW_partial_reg[1][15]_i_185_CO_UNCONNECTED[1]
NLW_partial_reg[1][15]_i_185_CO_UNCONNECTED[2]
NLW_partial_reg[1][15]_i_185_CO_UNCONNECTED[3]
NLW_partial_reg[1][15]_i_185_CO_UNCONNECTED[4]
NLW_partial_reg[1][15]_i_185_CO_UNCONNECTED[5]
NLW_partial_reg[1][15]_i_185_CO_UNCONNECTED[6]
NLW_partial_reg[1][15]_i_2_CO_UNCONNECTED[0]
NLW_partial_reg[1][15]_i_2_CO_UNCONNECTED[1]
NLW_partial_reg[1][15]_i_2_CO_UNCONNECTED[2]
NLW_partial_reg[1][15]_i_2_CO_UNCONNECTED[3]
NLW_partial_reg[1][15]_i_2_CO_UNCONNECTED[4]
NLW_partial_reg[1][15]_i_2_CO_UNCONNECTED[5]
NLW_partial_reg[1][15]_i_2_CO_UNCONNECTED[6]
NLW_partial_reg[1][15]_i_202_CO_UNCONNECTED[0]
NLW_partial_reg[1][15]_i_202_CO_UNCONNECTED[1]
NLW_partial_reg[1][15]_i_202_CO_UNCONNECTED[2]
NLW_partial_reg[1][15]_i_202_CO_UNCONNECTED[3]
NLW_partial_reg[1][15]_i_202_CO_UNCONNECTED[4]
NLW_partial_reg[1][15]_i_202_CO_UNCONNECTED[5]
NLW_partial_reg[1][15]_i_202_CO_UNCONNECTED[6]
NLW_partial_reg[1][15]_i_203_CO_UNCONNECTED[0]
NLW_partial_reg[1][15]_i_203_CO_UNCONNECTED[1]
NLW_partial_reg[1][15]_i_203_CO_UNCONNECTED[2]
NLW_partial_reg[1][15]_i_203_CO_UNCONNECTED[3]
NLW_partial_reg[1][15]_i_203_CO_UNCONNECTED[4]
NLW_partial_reg[1][15]_i_203_CO_UNCONNECTED[5]
NLW_partial_reg[1][15]_i_203_CO_UNCONNECTED[6]
NLW_partial_reg[1][15]_i_263_CO_UNCONNECTED[0]
NLW_partial_reg[1][15]_i_263_CO_UNCONNECTED[1]
NLW_partial_reg[1][15]_i_263_CO_UNCONNECTED[2]
NLW_partial_reg[1][15]_i_263_CO_UNCONNECTED[3]
NLW_partial_reg[1][15]_i_263_CO_UNCONNECTED[4]
NLW_partial_reg[1][15]_i_263_CO_UNCONNECTED[5]
NLW_partial_reg[1][15]_i_263_CO_UNCONNECTED[6]
NLW_partial_reg[1][15]_i_3_CO_UNCONNECTED[0]
NLW_partial_reg[1][15]_i_3_CO_UNCONNECTED[1]
NLW_partial_reg[1][15]_i_3_CO_UNCONNECTED[2]
NLW_partial_reg[1][15]_i_3_CO_UNCONNECTED[3]
NLW_partial_reg[1][15]_i_3_CO_UNCONNECTED[4]
NLW_partial_reg[1][15]_i_3_CO_UNCONNECTED[5]
NLW_partial_reg[1][15]_i_3_CO_UNCONNECTED[6]
NLW_partial_reg[1][15]_i_37_CO_UNCONNECTED[0]
NLW_partial_reg[1][15]_i_37_CO_UNCONNECTED[1]
NLW_partial_reg[1][15]_i_37_CO_UNCONNECTED[2]
NLW_partial_reg[1][15]_i_37_CO_UNCONNECTED[3]
NLW_partial_reg[1][15]_i_37_CO_UNCONNECTED[4]
NLW_partial_reg[1][15]_i_37_CO_UNCONNECTED[5]
NLW_partial_reg[1][15]_i_37_CO_UNCONNECTED[6]
NLW_partial_reg[1][15]_i_46_CO_UNCONNECTED[0]
NLW_partial_reg[1][15]_i_46_CO_UNCONNECTED[1]
NLW_partial_reg[1][15]_i_46_CO_UNCONNECTED[2]
NLW_partial_reg[1][15]_i_46_CO_UNCONNECTED[3]
NLW_partial_reg[1][15]_i_46_CO_UNCONNECTED[4]
NLW_partial_reg[1][15]_i_46_CO_UNCONNECTED[5]
NLW_partial_reg[1][15]_i_46_CO_UNCONNECTED[6]
NLW_partial_reg[1][15]_i_93_CO_UNCONNECTED[0]
NLW_partial_reg[1][15]_i_93_CO_UNCONNECTED[1]
NLW_partial_reg[1][15]_i_93_CO_UNCONNECTED[2]
NLW_partial_reg[1][15]_i_93_CO_UNCONNECTED[3]
NLW_partial_reg[1][15]_i_93_CO_UNCONNECTED[4]
NLW_partial_reg[1][15]_i_93_CO_UNCONNECTED[5]
NLW_partial_reg[1][15]_i_93_CO_UNCONNECTED[6]
NLW_partial_reg[1][23]_i_100_CO_UNCONNECTED[1]
NLW_partial_reg[1][23]_i_100_CO_UNCONNECTED[2]
NLW_partial_reg[1][23]_i_100_CO_UNCONNECTED[3]
NLW_partial_reg[1][23]_i_100_CO_UNCONNECTED[4]
NLW_partial_reg[1][23]_i_100_CO_UNCONNECTED[5]
NLW_partial_reg[1][23]_i_100_CO_UNCONNECTED[6]
NLW_partial_reg[1][23]_i_100_CO_UNCONNECTED[7]
NLW_partial_reg[1][23]_i_100_DI_UNCONNECTED[1]
NLW_partial_reg[1][23]_i_100_DI_UNCONNECTED[2]
NLW_partial_reg[1][23]_i_100_DI_UNCONNECTED[3]
NLW_partial_reg[1][23]_i_100_DI_UNCONNECTED[4]
NLW_partial_reg[1][23]_i_100_DI_UNCONNECTED[5]
NLW_partial_reg[1][23]_i_100_DI_UNCONNECTED[6]
NLW_partial_reg[1][23]_i_100_DI_UNCONNECTED[7]
NLW_partial_reg[1][23]_i_100_O_UNCONNECTED[0]
NLW_partial_reg[1][23]_i_100_O_UNCONNECTED[1]
NLW_partial_reg[1][23]_i_100_O_UNCONNECTED[2]
NLW_partial_reg[1][23]_i_100_O_UNCONNECTED[3]
NLW_partial_reg[1][23]_i_100_O_UNCONNECTED[4]
NLW_partial_reg[1][23]_i_100_O_UNCONNECTED[5]
NLW_partial_reg[1][23]_i_100_O_UNCONNECTED[6]
NLW_partial_reg[1][23]_i_100_O_UNCONNECTED[7]
NLW_partial_reg[1][23]_i_100_S_UNCONNECTED[1]
NLW_partial_reg[1][23]_i_100_S_UNCONNECTED[2]
NLW_partial_reg[1][23]_i_100_S_UNCONNECTED[3]
NLW_partial_reg[1][23]_i_100_S_UNCONNECTED[4]
NLW_partial_reg[1][23]_i_100_S_UNCONNECTED[5]
NLW_partial_reg[1][23]_i_100_S_UNCONNECTED[6]
NLW_partial_reg[1][23]_i_100_S_UNCONNECTED[7]
NLW_partial_reg[1][23]_i_101_CO_UNCONNECTED[1]
NLW_partial_reg[1][23]_i_101_CO_UNCONNECTED[2]
NLW_partial_reg[1][23]_i_101_CO_UNCONNECTED[3]
NLW_partial_reg[1][23]_i_101_CO_UNCONNECTED[4]
NLW_partial_reg[1][23]_i_101_CO_UNCONNECTED[5]
NLW_partial_reg[1][23]_i_101_CO_UNCONNECTED[6]
NLW_partial_reg[1][23]_i_101_CO_UNCONNECTED[7]
NLW_partial_reg[1][23]_i_101_DI_UNCONNECTED[1]
NLW_partial_reg[1][23]_i_101_DI_UNCONNECTED[2]
NLW_partial_reg[1][23]_i_101_DI_UNCONNECTED[3]
NLW_partial_reg[1][23]_i_101_DI_UNCONNECTED[4]
NLW_partial_reg[1][23]_i_101_DI_UNCONNECTED[5]
NLW_partial_reg[1][23]_i_101_DI_UNCONNECTED[6]
NLW_partial_reg[1][23]_i_101_DI_UNCONNECTED[7]
NLW_partial_reg[1][23]_i_101_O_UNCONNECTED[0]
NLW_partial_reg[1][23]_i_101_O_UNCONNECTED[1]
NLW_partial_reg[1][23]_i_101_O_UNCONNECTED[2]
NLW_partial_reg[1][23]_i_101_O_UNCONNECTED[3]
NLW_partial_reg[1][23]_i_101_O_UNCONNECTED[4]
NLW_partial_reg[1][23]_i_101_O_UNCONNECTED[5]
NLW_partial_reg[1][23]_i_101_O_UNCONNECTED[6]
NLW_partial_reg[1][23]_i_101_O_UNCONNECTED[7]
NLW_partial_reg[1][23]_i_101_S_UNCONNECTED[1]
NLW_partial_reg[1][23]_i_101_S_UNCONNECTED[2]
NLW_partial_reg[1][23]_i_101_S_UNCONNECTED[3]
NLW_partial_reg[1][23]_i_101_S_UNCONNECTED[4]
NLW_partial_reg[1][23]_i_101_S_UNCONNECTED[5]
NLW_partial_reg[1][23]_i_101_S_UNCONNECTED[6]
NLW_partial_reg[1][23]_i_101_S_UNCONNECTED[7]
NLW_partial_reg[1][23]_i_102_CO_UNCONNECTED[1]
NLW_partial_reg[1][23]_i_102_CO_UNCONNECTED[2]
NLW_partial_reg[1][23]_i_102_CO_UNCONNECTED[3]
NLW_partial_reg[1][23]_i_102_CO_UNCONNECTED[4]
NLW_partial_reg[1][23]_i_102_CO_UNCONNECTED[5]
NLW_partial_reg[1][23]_i_102_CO_UNCONNECTED[6]
NLW_partial_reg[1][23]_i_102_CO_UNCONNECTED[7]
NLW_partial_reg[1][23]_i_102_DI_UNCONNECTED[1]
NLW_partial_reg[1][23]_i_102_DI_UNCONNECTED[2]
NLW_partial_reg[1][23]_i_102_DI_UNCONNECTED[3]
NLW_partial_reg[1][23]_i_102_DI_UNCONNECTED[4]
NLW_partial_reg[1][23]_i_102_DI_UNCONNECTED[5]
NLW_partial_reg[1][23]_i_102_DI_UNCONNECTED[6]
NLW_partial_reg[1][23]_i_102_DI_UNCONNECTED[7]
NLW_partial_reg[1][23]_i_102_O_UNCONNECTED[0]
NLW_partial_reg[1][23]_i_102_O_UNCONNECTED[1]
NLW_partial_reg[1][23]_i_102_O_UNCONNECTED[2]
NLW_partial_reg[1][23]_i_102_O_UNCONNECTED[3]
NLW_partial_reg[1][23]_i_102_O_UNCONNECTED[4]
NLW_partial_reg[1][23]_i_102_O_UNCONNECTED[5]
NLW_partial_reg[1][23]_i_102_O_UNCONNECTED[6]
NLW_partial_reg[1][23]_i_102_O_UNCONNECTED[7]
NLW_partial_reg[1][23]_i_102_S_UNCONNECTED[1]
NLW_partial_reg[1][23]_i_102_S_UNCONNECTED[2]
NLW_partial_reg[1][23]_i_102_S_UNCONNECTED[3]
NLW_partial_reg[1][23]_i_102_S_UNCONNECTED[4]
NLW_partial_reg[1][23]_i_102_S_UNCONNECTED[5]
NLW_partial_reg[1][23]_i_102_S_UNCONNECTED[6]
NLW_partial_reg[1][23]_i_102_S_UNCONNECTED[7]
NLW_partial_reg[1][23]_i_104_CO_UNCONNECTED[1]
NLW_partial_reg[1][23]_i_104_CO_UNCONNECTED[2]
NLW_partial_reg[1][23]_i_104_CO_UNCONNECTED[3]
NLW_partial_reg[1][23]_i_104_CO_UNCONNECTED[4]
NLW_partial_reg[1][23]_i_104_CO_UNCONNECTED[5]
NLW_partial_reg[1][23]_i_104_CO_UNCONNECTED[6]
NLW_partial_reg[1][23]_i_104_CO_UNCONNECTED[7]
NLW_partial_reg[1][23]_i_104_DI_UNCONNECTED[1]
NLW_partial_reg[1][23]_i_104_DI_UNCONNECTED[2]
NLW_partial_reg[1][23]_i_104_DI_UNCONNECTED[3]
NLW_partial_reg[1][23]_i_104_DI_UNCONNECTED[4]
NLW_partial_reg[1][23]_i_104_DI_UNCONNECTED[5]
NLW_partial_reg[1][23]_i_104_DI_UNCONNECTED[6]
NLW_partial_reg[1][23]_i_104_DI_UNCONNECTED[7]
NLW_partial_reg[1][23]_i_104_O_UNCONNECTED[0]
NLW_partial_reg[1][23]_i_104_O_UNCONNECTED[1]
NLW_partial_reg[1][23]_i_104_O_UNCONNECTED[2]
NLW_partial_reg[1][23]_i_104_O_UNCONNECTED[3]
NLW_partial_reg[1][23]_i_104_O_UNCONNECTED[4]
NLW_partial_reg[1][23]_i_104_O_UNCONNECTED[5]
NLW_partial_reg[1][23]_i_104_O_UNCONNECTED[6]
NLW_partial_reg[1][23]_i_104_O_UNCONNECTED[7]
NLW_partial_reg[1][23]_i_104_S_UNCONNECTED[1]
NLW_partial_reg[1][23]_i_104_S_UNCONNECTED[2]
NLW_partial_reg[1][23]_i_104_S_UNCONNECTED[3]
NLW_partial_reg[1][23]_i_104_S_UNCONNECTED[4]
NLW_partial_reg[1][23]_i_104_S_UNCONNECTED[5]
NLW_partial_reg[1][23]_i_104_S_UNCONNECTED[6]
NLW_partial_reg[1][23]_i_104_S_UNCONNECTED[7]
NLW_partial_reg[1][23]_i_2_CO_UNCONNECTED[0]
NLW_partial_reg[1][23]_i_2_CO_UNCONNECTED[1]
NLW_partial_reg[1][23]_i_2_CO_UNCONNECTED[2]
NLW_partial_reg[1][23]_i_2_CO_UNCONNECTED[3]
NLW_partial_reg[1][23]_i_2_CO_UNCONNECTED[4]
NLW_partial_reg[1][23]_i_2_CO_UNCONNECTED[5]
NLW_partial_reg[1][23]_i_2_CO_UNCONNECTED[6]
NLW_partial_reg[1][23]_i_25_CO_UNCONNECTED[0]
NLW_partial_reg[1][23]_i_25_CO_UNCONNECTED[1]
NLW_partial_reg[1][23]_i_25_CO_UNCONNECTED[2]
NLW_partial_reg[1][23]_i_25_CO_UNCONNECTED[3]
NLW_partial_reg[1][23]_i_25_CO_UNCONNECTED[4]
NLW_partial_reg[1][23]_i_25_CO_UNCONNECTED[5]
NLW_partial_reg[1][23]_i_25_CO_UNCONNECTED[6]
NLW_partial_reg[1][23]_i_25_CO_UNCONNECTED[7]
NLW_partial_reg[1][23]_i_25_DI_UNCONNECTED[3]
NLW_partial_reg[1][23]_i_25_DI_UNCONNECTED[4]
NLW_partial_reg[1][23]_i_25_DI_UNCONNECTED[5]
NLW_partial_reg[1][23]_i_25_DI_UNCONNECTED[6]
NLW_partial_reg[1][23]_i_25_DI_UNCONNECTED[7]
NLW_partial_reg[1][23]_i_25_O_UNCONNECTED[2]
NLW_partial_reg[1][23]_i_25_O_UNCONNECTED[3]
NLW_partial_reg[1][23]_i_25_O_UNCONNECTED[4]
NLW_partial_reg[1][23]_i_25_O_UNCONNECTED[5]
NLW_partial_reg[1][23]_i_25_O_UNCONNECTED[6]
NLW_partial_reg[1][23]_i_25_O_UNCONNECTED[7]
NLW_partial_reg[1][23]_i_25_S_UNCONNECTED[3]
NLW_partial_reg[1][23]_i_25_S_UNCONNECTED[4]
NLW_partial_reg[1][23]_i_25_S_UNCONNECTED[5]
NLW_partial_reg[1][23]_i_25_S_UNCONNECTED[6]
NLW_partial_reg[1][23]_i_25_S_UNCONNECTED[7]
NLW_partial_reg[1][23]_i_43_CO_UNCONNECTED[0]
NLW_partial_reg[1][23]_i_43_CO_UNCONNECTED[1]
NLW_partial_reg[1][23]_i_43_CO_UNCONNECTED[2]
NLW_partial_reg[1][23]_i_43_CO_UNCONNECTED[3]
NLW_partial_reg[1][23]_i_43_CO_UNCONNECTED[4]
NLW_partial_reg[1][23]_i_43_CO_UNCONNECTED[5]
NLW_partial_reg[1][23]_i_43_CO_UNCONNECTED[6]
NLW_partial_reg[1][23]_i_43_CO_UNCONNECTED[7]
NLW_partial_reg[1][23]_i_43_DI_UNCONNECTED[2]
NLW_partial_reg[1][23]_i_43_DI_UNCONNECTED[3]
NLW_partial_reg[1][23]_i_43_DI_UNCONNECTED[4]
NLW_partial_reg[1][23]_i_43_DI_UNCONNECTED[5]
NLW_partial_reg[1][23]_i_43_DI_UNCONNECTED[6]
NLW_partial_reg[1][23]_i_43_DI_UNCONNECTED[7]
NLW_partial_reg[1][23]_i_43_O_UNCONNECTED[1]
NLW_partial_reg[1][23]_i_43_O_UNCONNECTED[2]
NLW_partial_reg[1][23]_i_43_O_UNCONNECTED[3]
NLW_partial_reg[1][23]_i_43_O_UNCONNECTED[4]
NLW_partial_reg[1][23]_i_43_O_UNCONNECTED[5]
NLW_partial_reg[1][23]_i_43_O_UNCONNECTED[6]
NLW_partial_reg[1][23]_i_43_O_UNCONNECTED[7]
NLW_partial_reg[1][23]_i_43_S_UNCONNECTED[2]
NLW_partial_reg[1][23]_i_43_S_UNCONNECTED[3]
NLW_partial_reg[1][23]_i_43_S_UNCONNECTED[4]
NLW_partial_reg[1][23]_i_43_S_UNCONNECTED[5]
NLW_partial_reg[1][23]_i_43_S_UNCONNECTED[6]
NLW_partial_reg[1][23]_i_43_S_UNCONNECTED[7]
NLW_partial_reg[1][23]_i_46_CO_UNCONNECTED[0]
NLW_partial_reg[1][23]_i_46_CO_UNCONNECTED[1]
NLW_partial_reg[1][23]_i_46_CO_UNCONNECTED[2]
NLW_partial_reg[1][23]_i_46_CO_UNCONNECTED[3]
NLW_partial_reg[1][23]_i_46_CO_UNCONNECTED[4]
NLW_partial_reg[1][23]_i_46_CO_UNCONNECTED[5]
NLW_partial_reg[1][23]_i_46_CO_UNCONNECTED[6]
NLW_partial_reg[1][23]_i_46_CO_UNCONNECTED[7]
NLW_partial_reg[1][23]_i_46_DI_UNCONNECTED[3]
NLW_partial_reg[1][23]_i_46_DI_UNCONNECTED[4]
NLW_partial_reg[1][23]_i_46_DI_UNCONNECTED[5]
NLW_partial_reg[1][23]_i_46_DI_UNCONNECTED[6]
NLW_partial_reg[1][23]_i_46_DI_UNCONNECTED[7]
NLW_partial_reg[1][23]_i_46_O_UNCONNECTED[2]
NLW_partial_reg[1][23]_i_46_O_UNCONNECTED[3]
NLW_partial_reg[1][23]_i_46_O_UNCONNECTED[4]
NLW_partial_reg[1][23]_i_46_O_UNCONNECTED[5]
NLW_partial_reg[1][23]_i_46_O_UNCONNECTED[6]
NLW_partial_reg[1][23]_i_46_O_UNCONNECTED[7]
NLW_partial_reg[1][23]_i_46_S_UNCONNECTED[3]
NLW_partial_reg[1][23]_i_46_S_UNCONNECTED[4]
NLW_partial_reg[1][23]_i_46_S_UNCONNECTED[5]
NLW_partial_reg[1][23]_i_46_S_UNCONNECTED[6]
NLW_partial_reg[1][23]_i_46_S_UNCONNECTED[7]
NLW_partial_reg[1][23]_i_7_CO_UNCONNECTED[0]
NLW_partial_reg[1][23]_i_7_CO_UNCONNECTED[1]
NLW_partial_reg[1][23]_i_7_CO_UNCONNECTED[2]
NLW_partial_reg[1][23]_i_7_CO_UNCONNECTED[3]
NLW_partial_reg[1][23]_i_7_CO_UNCONNECTED[4]
NLW_partial_reg[1][23]_i_7_CO_UNCONNECTED[5]
NLW_partial_reg[1][23]_i_7_CO_UNCONNECTED[6]
NLW_partial_reg[1][23]_i_7_CO_UNCONNECTED[7]
NLW_partial_reg[1][23]_i_7_DI_UNCONNECTED[4]
NLW_partial_reg[1][23]_i_7_DI_UNCONNECTED[5]
NLW_partial_reg[1][23]_i_7_DI_UNCONNECTED[6]
NLW_partial_reg[1][23]_i_7_DI_UNCONNECTED[7]
NLW_partial_reg[1][23]_i_7_O_UNCONNECTED[4]
NLW_partial_reg[1][23]_i_7_O_UNCONNECTED[5]
NLW_partial_reg[1][23]_i_7_O_UNCONNECTED[6]
NLW_partial_reg[1][23]_i_7_O_UNCONNECTED[7]
NLW_partial_reg[1][23]_i_7_S_UNCONNECTED[4]
NLW_partial_reg[1][23]_i_7_S_UNCONNECTED[5]
NLW_partial_reg[1][23]_i_7_S_UNCONNECTED[6]
NLW_partial_reg[1][23]_i_7_S_UNCONNECTED[7]
NLW_partial_reg[1][23]_i_76_CO_UNCONNECTED[1]
NLW_partial_reg[1][23]_i_76_CO_UNCONNECTED[2]
NLW_partial_reg[1][23]_i_76_CO_UNCONNECTED[3]
NLW_partial_reg[1][23]_i_76_CO_UNCONNECTED[4]
NLW_partial_reg[1][23]_i_76_CO_UNCONNECTED[5]
NLW_partial_reg[1][23]_i_76_CO_UNCONNECTED[6]
NLW_partial_reg[1][23]_i_76_CO_UNCONNECTED[7]
NLW_partial_reg[1][23]_i_76_DI_UNCONNECTED[1]
NLW_partial_reg[1][23]_i_76_DI_UNCONNECTED[2]
NLW_partial_reg[1][23]_i_76_DI_UNCONNECTED[3]
NLW_partial_reg[1][23]_i_76_DI_UNCONNECTED[4]
NLW_partial_reg[1][23]_i_76_DI_UNCONNECTED[5]
NLW_partial_reg[1][23]_i_76_DI_UNCONNECTED[6]
NLW_partial_reg[1][23]_i_76_DI_UNCONNECTED[7]
NLW_partial_reg[1][23]_i_76_O_UNCONNECTED[0]
NLW_partial_reg[1][23]_i_76_O_UNCONNECTED[1]
NLW_partial_reg[1][23]_i_76_O_UNCONNECTED[2]
NLW_partial_reg[1][23]_i_76_O_UNCONNECTED[3]
NLW_partial_reg[1][23]_i_76_O_UNCONNECTED[4]
NLW_partial_reg[1][23]_i_76_O_UNCONNECTED[5]
NLW_partial_reg[1][23]_i_76_O_UNCONNECTED[6]
NLW_partial_reg[1][23]_i_76_O_UNCONNECTED[7]
NLW_partial_reg[1][23]_i_76_S_UNCONNECTED[1]
NLW_partial_reg[1][23]_i_76_S_UNCONNECTED[2]
NLW_partial_reg[1][23]_i_76_S_UNCONNECTED[3]
NLW_partial_reg[1][23]_i_76_S_UNCONNECTED[4]
NLW_partial_reg[1][23]_i_76_S_UNCONNECTED[5]
NLW_partial_reg[1][23]_i_76_S_UNCONNECTED[6]
NLW_partial_reg[1][23]_i_76_S_UNCONNECTED[7]
NLW_partial_reg[1][23]_i_78_CO_UNCONNECTED[0]
NLW_partial_reg[1][23]_i_78_CO_UNCONNECTED[1]
NLW_partial_reg[1][23]_i_78_CO_UNCONNECTED[2]
NLW_partial_reg[1][23]_i_78_CO_UNCONNECTED[3]
NLW_partial_reg[1][23]_i_78_CO_UNCONNECTED[4]
NLW_partial_reg[1][23]_i_78_CO_UNCONNECTED[5]
NLW_partial_reg[1][23]_i_78_CO_UNCONNECTED[6]
NLW_partial_reg[1][23]_i_78_CO_UNCONNECTED[7]
NLW_partial_reg[1][23]_i_78_DI_UNCONNECTED[2]
NLW_partial_reg[1][23]_i_78_DI_UNCONNECTED[3]
NLW_partial_reg[1][23]_i_78_DI_UNCONNECTED[4]
NLW_partial_reg[1][23]_i_78_DI_UNCONNECTED[5]
NLW_partial_reg[1][23]_i_78_DI_UNCONNECTED[6]
NLW_partial_reg[1][23]_i_78_DI_UNCONNECTED[7]
NLW_partial_reg[1][23]_i_78_O_UNCONNECTED[1]
NLW_partial_reg[1][23]_i_78_O_UNCONNECTED[2]
NLW_partial_reg[1][23]_i_78_O_UNCONNECTED[3]
NLW_partial_reg[1][23]_i_78_O_UNCONNECTED[4]
NLW_partial_reg[1][23]_i_78_O_UNCONNECTED[5]
NLW_partial_reg[1][23]_i_78_O_UNCONNECTED[6]
NLW_partial_reg[1][23]_i_78_O_UNCONNECTED[7]
NLW_partial_reg[1][23]_i_78_S_UNCONNECTED[2]
NLW_partial_reg[1][23]_i_78_S_UNCONNECTED[3]
NLW_partial_reg[1][23]_i_78_S_UNCONNECTED[4]
NLW_partial_reg[1][23]_i_78_S_UNCONNECTED[5]
NLW_partial_reg[1][23]_i_78_S_UNCONNECTED[6]
NLW_partial_reg[1][23]_i_78_S_UNCONNECTED[7]
NLW_partial_reg[1][23]_i_79_CO_UNCONNECTED[0]
NLW_partial_reg[1][23]_i_79_CO_UNCONNECTED[1]
NLW_partial_reg[1][23]_i_79_CO_UNCONNECTED[2]
NLW_partial_reg[1][23]_i_79_CO_UNCONNECTED[3]
NLW_partial_reg[1][23]_i_79_CO_UNCONNECTED[4]
NLW_partial_reg[1][23]_i_79_CO_UNCONNECTED[5]
NLW_partial_reg[1][23]_i_79_CO_UNCONNECTED[6]
NLW_partial_reg[1][23]_i_79_CO_UNCONNECTED[7]
NLW_partial_reg[1][23]_i_79_DI_UNCONNECTED[2]
NLW_partial_reg[1][23]_i_79_DI_UNCONNECTED[3]
NLW_partial_reg[1][23]_i_79_DI_UNCONNECTED[4]
NLW_partial_reg[1][23]_i_79_DI_UNCONNECTED[5]
NLW_partial_reg[1][23]_i_79_DI_UNCONNECTED[6]
NLW_partial_reg[1][23]_i_79_DI_UNCONNECTED[7]
NLW_partial_reg[1][23]_i_79_O_UNCONNECTED[1]
NLW_partial_reg[1][23]_i_79_O_UNCONNECTED[2]
NLW_partial_reg[1][23]_i_79_O_UNCONNECTED[3]
NLW_partial_reg[1][23]_i_79_O_UNCONNECTED[4]
NLW_partial_reg[1][23]_i_79_O_UNCONNECTED[5]
NLW_partial_reg[1][23]_i_79_O_UNCONNECTED[6]
NLW_partial_reg[1][23]_i_79_O_UNCONNECTED[7]
NLW_partial_reg[1][23]_i_79_S_UNCONNECTED[2]
NLW_partial_reg[1][23]_i_79_S_UNCONNECTED[3]
NLW_partial_reg[1][23]_i_79_S_UNCONNECTED[4]
NLW_partial_reg[1][23]_i_79_S_UNCONNECTED[5]
NLW_partial_reg[1][23]_i_79_S_UNCONNECTED[6]
NLW_partial_reg[1][23]_i_79_S_UNCONNECTED[7]
NLW_partial_reg[1][23]_i_94_CO_UNCONNECTED[1]
NLW_partial_reg[1][23]_i_94_CO_UNCONNECTED[2]
NLW_partial_reg[1][23]_i_94_CO_UNCONNECTED[3]
NLW_partial_reg[1][23]_i_94_CO_UNCONNECTED[4]
NLW_partial_reg[1][23]_i_94_CO_UNCONNECTED[5]
NLW_partial_reg[1][23]_i_94_CO_UNCONNECTED[6]
NLW_partial_reg[1][23]_i_94_CO_UNCONNECTED[7]
NLW_partial_reg[1][23]_i_94_DI_UNCONNECTED[1]
NLW_partial_reg[1][23]_i_94_DI_UNCONNECTED[2]
NLW_partial_reg[1][23]_i_94_DI_UNCONNECTED[3]
NLW_partial_reg[1][23]_i_94_DI_UNCONNECTED[4]
NLW_partial_reg[1][23]_i_94_DI_UNCONNECTED[5]
NLW_partial_reg[1][23]_i_94_DI_UNCONNECTED[6]
NLW_partial_reg[1][23]_i_94_DI_UNCONNECTED[7]
NLW_partial_reg[1][23]_i_94_O_UNCONNECTED[0]
NLW_partial_reg[1][23]_i_94_O_UNCONNECTED[1]
NLW_partial_reg[1][23]_i_94_O_UNCONNECTED[2]
NLW_partial_reg[1][23]_i_94_O_UNCONNECTED[3]
NLW_partial_reg[1][23]_i_94_O_UNCONNECTED[4]
NLW_partial_reg[1][23]_i_94_O_UNCONNECTED[5]
NLW_partial_reg[1][23]_i_94_O_UNCONNECTED[6]
NLW_partial_reg[1][23]_i_94_O_UNCONNECTED[7]
NLW_partial_reg[1][23]_i_94_S_UNCONNECTED[1]
NLW_partial_reg[1][23]_i_94_S_UNCONNECTED[2]
NLW_partial_reg[1][23]_i_94_S_UNCONNECTED[3]
NLW_partial_reg[1][23]_i_94_S_UNCONNECTED[4]
NLW_partial_reg[1][23]_i_94_S_UNCONNECTED[5]
NLW_partial_reg[1][23]_i_94_S_UNCONNECTED[6]
NLW_partial_reg[1][23]_i_94_S_UNCONNECTED[7]
NLW_partial_reg[1][23]_i_95_CO_UNCONNECTED[1]
NLW_partial_reg[1][23]_i_95_CO_UNCONNECTED[2]
NLW_partial_reg[1][23]_i_95_CO_UNCONNECTED[3]
NLW_partial_reg[1][23]_i_95_CO_UNCONNECTED[4]
NLW_partial_reg[1][23]_i_95_CO_UNCONNECTED[5]
NLW_partial_reg[1][23]_i_95_CO_UNCONNECTED[6]
NLW_partial_reg[1][23]_i_95_CO_UNCONNECTED[7]
NLW_partial_reg[1][23]_i_95_DI_UNCONNECTED[1]
NLW_partial_reg[1][23]_i_95_DI_UNCONNECTED[2]
NLW_partial_reg[1][23]_i_95_DI_UNCONNECTED[3]
NLW_partial_reg[1][23]_i_95_DI_UNCONNECTED[4]
NLW_partial_reg[1][23]_i_95_DI_UNCONNECTED[5]
NLW_partial_reg[1][23]_i_95_DI_UNCONNECTED[6]
NLW_partial_reg[1][23]_i_95_DI_UNCONNECTED[7]
NLW_partial_reg[1][23]_i_95_O_UNCONNECTED[0]
NLW_partial_reg[1][23]_i_95_O_UNCONNECTED[1]
NLW_partial_reg[1][23]_i_95_O_UNCONNECTED[2]
NLW_partial_reg[1][23]_i_95_O_UNCONNECTED[3]
NLW_partial_reg[1][23]_i_95_O_UNCONNECTED[4]
NLW_partial_reg[1][23]_i_95_O_UNCONNECTED[5]
NLW_partial_reg[1][23]_i_95_O_UNCONNECTED[6]
NLW_partial_reg[1][23]_i_95_O_UNCONNECTED[7]
NLW_partial_reg[1][23]_i_95_S_UNCONNECTED[1]
NLW_partial_reg[1][23]_i_95_S_UNCONNECTED[2]
NLW_partial_reg[1][23]_i_95_S_UNCONNECTED[3]
NLW_partial_reg[1][23]_i_95_S_UNCONNECTED[4]
NLW_partial_reg[1][23]_i_95_S_UNCONNECTED[5]
NLW_partial_reg[1][23]_i_95_S_UNCONNECTED[6]
NLW_partial_reg[1][23]_i_95_S_UNCONNECTED[7]
NLW_partial_reg[1][23]_i_97_CO_UNCONNECTED[1]
NLW_partial_reg[1][23]_i_97_CO_UNCONNECTED[2]
NLW_partial_reg[1][23]_i_97_CO_UNCONNECTED[3]
NLW_partial_reg[1][23]_i_97_CO_UNCONNECTED[4]
NLW_partial_reg[1][23]_i_97_CO_UNCONNECTED[5]
NLW_partial_reg[1][23]_i_97_CO_UNCONNECTED[6]
NLW_partial_reg[1][23]_i_97_CO_UNCONNECTED[7]
NLW_partial_reg[1][23]_i_97_DI_UNCONNECTED[1]
NLW_partial_reg[1][23]_i_97_DI_UNCONNECTED[2]
NLW_partial_reg[1][23]_i_97_DI_UNCONNECTED[3]
NLW_partial_reg[1][23]_i_97_DI_UNCONNECTED[4]
NLW_partial_reg[1][23]_i_97_DI_UNCONNECTED[5]
NLW_partial_reg[1][23]_i_97_DI_UNCONNECTED[6]
NLW_partial_reg[1][23]_i_97_DI_UNCONNECTED[7]
NLW_partial_reg[1][23]_i_97_O_UNCONNECTED[0]
NLW_partial_reg[1][23]_i_97_O_UNCONNECTED[1]
NLW_partial_reg[1][23]_i_97_O_UNCONNECTED[2]
NLW_partial_reg[1][23]_i_97_O_UNCONNECTED[3]
NLW_partial_reg[1][23]_i_97_O_UNCONNECTED[4]
NLW_partial_reg[1][23]_i_97_O_UNCONNECTED[5]
NLW_partial_reg[1][23]_i_97_O_UNCONNECTED[6]
NLW_partial_reg[1][23]_i_97_O_UNCONNECTED[7]
NLW_partial_reg[1][23]_i_97_S_UNCONNECTED[1]
NLW_partial_reg[1][23]_i_97_S_UNCONNECTED[2]
NLW_partial_reg[1][23]_i_97_S_UNCONNECTED[3]
NLW_partial_reg[1][23]_i_97_S_UNCONNECTED[4]
NLW_partial_reg[1][23]_i_97_S_UNCONNECTED[5]
NLW_partial_reg[1][23]_i_97_S_UNCONNECTED[6]
NLW_partial_reg[1][23]_i_97_S_UNCONNECTED[7]
NLW_partial_reg[1][23]_i_99_CO_UNCONNECTED[0]
NLW_partial_reg[1][23]_i_99_CO_UNCONNECTED[1]
NLW_partial_reg[1][23]_i_99_CO_UNCONNECTED[2]
NLW_partial_reg[1][23]_i_99_CO_UNCONNECTED[3]
NLW_partial_reg[1][23]_i_99_CO_UNCONNECTED[4]
NLW_partial_reg[1][23]_i_99_CO_UNCONNECTED[5]
NLW_partial_reg[1][23]_i_99_CO_UNCONNECTED[6]
NLW_partial_reg[1][23]_i_99_CO_UNCONNECTED[7]
NLW_partial_reg[1][23]_i_99_DI_UNCONNECTED[2]
NLW_partial_reg[1][23]_i_99_DI_UNCONNECTED[3]
NLW_partial_reg[1][23]_i_99_DI_UNCONNECTED[4]
NLW_partial_reg[1][23]_i_99_DI_UNCONNECTED[5]
NLW_partial_reg[1][23]_i_99_DI_UNCONNECTED[6]
NLW_partial_reg[1][23]_i_99_DI_UNCONNECTED[7]
NLW_partial_reg[1][23]_i_99_O_UNCONNECTED[1]
NLW_partial_reg[1][23]_i_99_O_UNCONNECTED[2]
NLW_partial_reg[1][23]_i_99_O_UNCONNECTED[3]
NLW_partial_reg[1][23]_i_99_O_UNCONNECTED[4]
NLW_partial_reg[1][23]_i_99_O_UNCONNECTED[5]
NLW_partial_reg[1][23]_i_99_O_UNCONNECTED[6]
NLW_partial_reg[1][23]_i_99_O_UNCONNECTED[7]
NLW_partial_reg[1][23]_i_99_S_UNCONNECTED[2]
NLW_partial_reg[1][23]_i_99_S_UNCONNECTED[3]
NLW_partial_reg[1][23]_i_99_S_UNCONNECTED[4]
NLW_partial_reg[1][23]_i_99_S_UNCONNECTED[5]
NLW_partial_reg[1][23]_i_99_S_UNCONNECTED[6]
NLW_partial_reg[1][23]_i_99_S_UNCONNECTED[7]
NLW_partial_reg[1][27]_i_7_CO_UNCONNECTED[0]
NLW_partial_reg[1][27]_i_7_CO_UNCONNECTED[1]
NLW_partial_reg[1][27]_i_7_CO_UNCONNECTED[2]
NLW_partial_reg[1][27]_i_7_CO_UNCONNECTED[3]
NLW_partial_reg[1][27]_i_7_CO_UNCONNECTED[4]
NLW_partial_reg[1][27]_i_7_CO_UNCONNECTED[5]
NLW_partial_reg[1][27]_i_7_CO_UNCONNECTED[6]
NLW_partial_reg[1][27]_i_7_CO_UNCONNECTED[7]
NLW_partial_reg[1][27]_i_7_DI_UNCONNECTED[4]
NLW_partial_reg[1][27]_i_7_DI_UNCONNECTED[5]
NLW_partial_reg[1][27]_i_7_DI_UNCONNECTED[6]
NLW_partial_reg[1][27]_i_7_DI_UNCONNECTED[7]
NLW_partial_reg[1][27]_i_7_O_UNCONNECTED[4]
NLW_partial_reg[1][27]_i_7_O_UNCONNECTED[5]
NLW_partial_reg[1][27]_i_7_O_UNCONNECTED[6]
NLW_partial_reg[1][27]_i_7_O_UNCONNECTED[7]
NLW_partial_reg[1][27]_i_7_S_UNCONNECTED[4]
NLW_partial_reg[1][27]_i_7_S_UNCONNECTED[5]
NLW_partial_reg[1][27]_i_7_S_UNCONNECTED[6]
NLW_partial_reg[1][27]_i_7_S_UNCONNECTED[7]
NLW_partial_reg[1][7]_i_12_CO_UNCONNECTED[0]
NLW_partial_reg[1][7]_i_12_CO_UNCONNECTED[1]
NLW_partial_reg[1][7]_i_12_CO_UNCONNECTED[2]
NLW_partial_reg[1][7]_i_12_CO_UNCONNECTED[3]
NLW_partial_reg[1][7]_i_12_CO_UNCONNECTED[4]
NLW_partial_reg[1][7]_i_12_CO_UNCONNECTED[5]
NLW_partial_reg[1][7]_i_12_CO_UNCONNECTED[6]
NLW_partial_reg[1][7]_i_138_CO_UNCONNECTED[0]
NLW_partial_reg[1][7]_i_138_CO_UNCONNECTED[1]
NLW_partial_reg[1][7]_i_138_CO_UNCONNECTED[2]
NLW_partial_reg[1][7]_i_138_CO_UNCONNECTED[3]
NLW_partial_reg[1][7]_i_138_CO_UNCONNECTED[4]
NLW_partial_reg[1][7]_i_138_CO_UNCONNECTED[5]
NLW_partial_reg[1][7]_i_138_CO_UNCONNECTED[6]
NLW_partial_reg[1][7]_i_139_CO_UNCONNECTED[0]
NLW_partial_reg[1][7]_i_139_CO_UNCONNECTED[1]
NLW_partial_reg[1][7]_i_139_CO_UNCONNECTED[2]
NLW_partial_reg[1][7]_i_139_CO_UNCONNECTED[3]
NLW_partial_reg[1][7]_i_139_CO_UNCONNECTED[4]
NLW_partial_reg[1][7]_i_139_CO_UNCONNECTED[5]
NLW_partial_reg[1][7]_i_139_CO_UNCONNECTED[6]
NLW_partial_reg[1][7]_i_148_CO_UNCONNECTED[0]
NLW_partial_reg[1][7]_i_148_CO_UNCONNECTED[1]
NLW_partial_reg[1][7]_i_148_CO_UNCONNECTED[2]
NLW_partial_reg[1][7]_i_148_CO_UNCONNECTED[3]
NLW_partial_reg[1][7]_i_148_CO_UNCONNECTED[4]
NLW_partial_reg[1][7]_i_148_CO_UNCONNECTED[5]
NLW_partial_reg[1][7]_i_148_CO_UNCONNECTED[6]
NLW_partial_reg[1][7]_i_157_CO_UNCONNECTED[0]
NLW_partial_reg[1][7]_i_157_CO_UNCONNECTED[1]
NLW_partial_reg[1][7]_i_157_CO_UNCONNECTED[2]
NLW_partial_reg[1][7]_i_157_CO_UNCONNECTED[3]
NLW_partial_reg[1][7]_i_157_CO_UNCONNECTED[4]
NLW_partial_reg[1][7]_i_157_CO_UNCONNECTED[5]
NLW_partial_reg[1][7]_i_157_CO_UNCONNECTED[6]
NLW_partial_reg[1][7]_i_190_CO_UNCONNECTED[0]
NLW_partial_reg[1][7]_i_190_CO_UNCONNECTED[1]
NLW_partial_reg[1][7]_i_190_CO_UNCONNECTED[2]
NLW_partial_reg[1][7]_i_190_CO_UNCONNECTED[3]
NLW_partial_reg[1][7]_i_190_CO_UNCONNECTED[4]
NLW_partial_reg[1][7]_i_190_CO_UNCONNECTED[5]
NLW_partial_reg[1][7]_i_190_CO_UNCONNECTED[6]
NLW_partial_reg[1][7]_i_2_CO_UNCONNECTED[0]
NLW_partial_reg[1][7]_i_2_CO_UNCONNECTED[1]
NLW_partial_reg[1][7]_i_2_CO_UNCONNECTED[2]
NLW_partial_reg[1][7]_i_2_CO_UNCONNECTED[3]
NLW_partial_reg[1][7]_i_2_CO_UNCONNECTED[4]
NLW_partial_reg[1][7]_i_2_CO_UNCONNECTED[5]
NLW_partial_reg[1][7]_i_2_CO_UNCONNECTED[6]
NLW_partial_reg[1][7]_i_207_CO_UNCONNECTED[0]
NLW_partial_reg[1][7]_i_207_CO_UNCONNECTED[1]
NLW_partial_reg[1][7]_i_207_CO_UNCONNECTED[2]
NLW_partial_reg[1][7]_i_207_CO_UNCONNECTED[3]
NLW_partial_reg[1][7]_i_207_CO_UNCONNECTED[4]
NLW_partial_reg[1][7]_i_207_CO_UNCONNECTED[5]
NLW_partial_reg[1][7]_i_207_CO_UNCONNECTED[6]
NLW_partial_reg[1][7]_i_208_CO_UNCONNECTED[0]
NLW_partial_reg[1][7]_i_208_CO_UNCONNECTED[1]
NLW_partial_reg[1][7]_i_208_CO_UNCONNECTED[2]
NLW_partial_reg[1][7]_i_208_CO_UNCONNECTED[3]
NLW_partial_reg[1][7]_i_208_CO_UNCONNECTED[4]
NLW_partial_reg[1][7]_i_208_CO_UNCONNECTED[5]
NLW_partial_reg[1][7]_i_208_CO_UNCONNECTED[6]
NLW_partial_reg[1][7]_i_265_CO_UNCONNECTED[0]
NLW_partial_reg[1][7]_i_265_CO_UNCONNECTED[1]
NLW_partial_reg[1][7]_i_265_CO_UNCONNECTED[2]
NLW_partial_reg[1][7]_i_265_CO_UNCONNECTED[3]
NLW_partial_reg[1][7]_i_265_CO_UNCONNECTED[4]
NLW_partial_reg[1][7]_i_265_CO_UNCONNECTED[5]
NLW_partial_reg[1][7]_i_265_CO_UNCONNECTED[6]
NLW_partial_reg[1][7]_i_3_CO_UNCONNECTED[0]
NLW_partial_reg[1][7]_i_3_CO_UNCONNECTED[1]
NLW_partial_reg[1][7]_i_3_CO_UNCONNECTED[2]
NLW_partial_reg[1][7]_i_3_CO_UNCONNECTED[3]
NLW_partial_reg[1][7]_i_3_CO_UNCONNECTED[4]
NLW_partial_reg[1][7]_i_3_CO_UNCONNECTED[5]
NLW_partial_reg[1][7]_i_3_CO_UNCONNECTED[6]
NLW_partial_reg[1][7]_i_37_CO_UNCONNECTED[0]
NLW_partial_reg[1][7]_i_37_CO_UNCONNECTED[1]
NLW_partial_reg[1][7]_i_37_CO_UNCONNECTED[2]
NLW_partial_reg[1][7]_i_37_CO_UNCONNECTED[3]
NLW_partial_reg[1][7]_i_37_CO_UNCONNECTED[4]
NLW_partial_reg[1][7]_i_37_CO_UNCONNECTED[5]
NLW_partial_reg[1][7]_i_37_CO_UNCONNECTED[6]
NLW_partial_reg[1][7]_i_46_CO_UNCONNECTED[0]
NLW_partial_reg[1][7]_i_46_CO_UNCONNECTED[1]
NLW_partial_reg[1][7]_i_46_CO_UNCONNECTED[2]
NLW_partial_reg[1][7]_i_46_CO_UNCONNECTED[3]
NLW_partial_reg[1][7]_i_46_CO_UNCONNECTED[4]
NLW_partial_reg[1][7]_i_46_CO_UNCONNECTED[5]
NLW_partial_reg[1][7]_i_46_CO_UNCONNECTED[6]
NLW_partial_reg[1][7]_i_87_CO_UNCONNECTED[0]
NLW_partial_reg[1][7]_i_87_CO_UNCONNECTED[1]
NLW_partial_reg[1][7]_i_87_CO_UNCONNECTED[2]
NLW_partial_reg[1][7]_i_87_CO_UNCONNECTED[3]
NLW_partial_reg[1][7]_i_87_CO_UNCONNECTED[4]
NLW_partial_reg[1][7]_i_87_CO_UNCONNECTED[5]
NLW_partial_reg[1][7]_i_87_CO_UNCONNECTED[6]
NLW_partial_reg[1][7]_i_96_CO_UNCONNECTED[0]
NLW_partial_reg[1][7]_i_96_CO_UNCONNECTED[1]
NLW_partial_reg[1][7]_i_96_CO_UNCONNECTED[2]
NLW_partial_reg[1][7]_i_96_CO_UNCONNECTED[3]
NLW_partial_reg[1][7]_i_96_CO_UNCONNECTED[4]
NLW_partial_reg[1][7]_i_96_CO_UNCONNECTED[5]
NLW_partial_reg[1][7]_i_96_CO_UNCONNECTED[6]
NLW_partial_reg[1][7]_i_97_CO_UNCONNECTED[0]
NLW_partial_reg[1][7]_i_97_CO_UNCONNECTED[1]
NLW_partial_reg[1][7]_i_97_CO_UNCONNECTED[2]
NLW_partial_reg[1][7]_i_97_CO_UNCONNECTED[3]
NLW_partial_reg[1][7]_i_97_CO_UNCONNECTED[4]
NLW_partial_reg[1][7]_i_97_CO_UNCONNECTED[5]
NLW_partial_reg[1][7]_i_97_CO_UNCONNECTED[6]
NLW_second_row_buffer.weight_rows_1_reg_0_CASOUTDBITERR_UNCONNECTED
NLW_second_row_buffer.weight_rows_1_reg_0_CASOUTSBITERR_UNCONNECTED
NLW_second_row_buffer.weight_rows_1_reg_0_DBITERR_UNCONNECTED
NLW_second_row_buffer.weight_rows_1_reg_0_SBITERR_UNCONNECTED
NLW_second_row_buffer.weight_rows_1_reg_0_CASDINA_UNCONNECTED[0]
NLW_second_row_buffer.weight_rows_1_reg_0_CASDINA_UNCONNECTED[1]
NLW_second_row_buffer.weight_rows_1_reg_0_CASDINA_UNCONNECTED[2]
NLW_second_row_buffer.weight_rows_1_reg_0_CASDINA_UNCONNECTED[3]
NLW_second_row_buffer.weight_rows_1_reg_0_CASDINA_UNCONNECTED[4]
NLW_second_row_buffer.weight_rows_1_reg_0_CASDINA_UNCONNECTED[5]
NLW_second_row_buffer.weight_rows_1_reg_0_CASDINA_UNCONNECTED[6]
NLW_second_row_buffer.weight_rows_1_reg_0_CASDINA_UNCONNECTED[7]
NLW_second_row_buffer.weight_rows_1_reg_0_CASDINA_UNCONNECTED[8]
NLW_second_row_buffer.weight_rows_1_reg_0_CASDINA_UNCONNECTED[9]
NLW_second_row_buffer.weight_rows_1_reg_0_CASDINA_UNCONNECTED[10]
NLW_second_row_buffer.weight_rows_1_reg_0_CASDINA_UNCONNECTED[11]
NLW_second_row_buffer.weight_rows_1_reg_0_CASDINA_UNCONNECTED[12]
NLW_second_row_buffer.weight_rows_1_reg_0_CASDINA_UNCONNECTED[13]
NLW_second_row_buffer.weight_rows_1_reg_0_CASDINA_UNCONNECTED[14]
NLW_second_row_buffer.weight_rows_1_reg_0_CASDINA_UNCONNECTED[15]
NLW_second_row_buffer.weight_rows_1_reg_0_CASDINA_UNCONNECTED[16]
NLW_second_row_buffer.weight_rows_1_reg_0_CASDINA_UNCONNECTED[17]
NLW_second_row_buffer.weight_rows_1_reg_0_CASDINA_UNCONNECTED[18]
NLW_second_row_buffer.weight_rows_1_reg_0_CASDINA_UNCONNECTED[19]
NLW_second_row_buffer.weight_rows_1_reg_0_CASDINA_UNCONNECTED[20]
NLW_second_row_buffer.weight_rows_1_reg_0_CASDINA_UNCONNECTED[21]
NLW_second_row_buffer.weight_rows_1_reg_0_CASDINA_UNCONNECTED[22]
NLW_second_row_buffer.weight_rows_1_reg_0_CASDINA_UNCONNECTED[23]
NLW_second_row_buffer.weight_rows_1_reg_0_CASDINA_UNCONNECTED[24]
NLW_second_row_buffer.weight_rows_1_reg_0_CASDINA_UNCONNECTED[25]
NLW_second_row_buffer.weight_rows_1_reg_0_CASDINA_UNCONNECTED[26]
NLW_second_row_buffer.weight_rows_1_reg_0_CASDINA_UNCONNECTED[27]
NLW_second_row_buffer.weight_rows_1_reg_0_CASDINA_UNCONNECTED[28]
NLW_second_row_buffer.weight_rows_1_reg_0_CASDINA_UNCONNECTED[29]
NLW_second_row_buffer.weight_rows_1_reg_0_CASDINA_UNCONNECTED[30]
NLW_second_row_buffer.weight_rows_1_reg_0_CASDINA_UNCONNECTED[31]
NLW_second_row_buffer.weight_rows_1_reg_0_CASDINB_UNCONNECTED[0]
NLW_second_row_buffer.weight_rows_1_reg_0_CASDINB_UNCONNECTED[1]
NLW_second_row_buffer.weight_rows_1_reg_0_CASDINB_UNCONNECTED[2]
NLW_second_row_buffer.weight_rows_1_reg_0_CASDINB_UNCONNECTED[3]
NLW_second_row_buffer.weight_rows_1_reg_0_CASDINB_UNCONNECTED[4]
NLW_second_row_buffer.weight_rows_1_reg_0_CASDINB_UNCONNECTED[5]
NLW_second_row_buffer.weight_rows_1_reg_0_CASDINB_UNCONNECTED[6]
NLW_second_row_buffer.weight_rows_1_reg_0_CASDINB_UNCONNECTED[7]
NLW_second_row_buffer.weight_rows_1_reg_0_CASDINB_UNCONNECTED[8]
NLW_second_row_buffer.weight_rows_1_reg_0_CASDINB_UNCONNECTED[9]
NLW_second_row_buffer.weight_rows_1_reg_0_CASDINB_UNCONNECTED[10]
NLW_second_row_buffer.weight_rows_1_reg_0_CASDINB_UNCONNECTED[11]
NLW_second_row_buffer.weight_rows_1_reg_0_CASDINB_UNCONNECTED[12]
NLW_second_row_buffer.weight_rows_1_reg_0_CASDINB_UNCONNECTED[13]
NLW_second_row_buffer.weight_rows_1_reg_0_CASDINB_UNCONNECTED[14]
NLW_second_row_buffer.weight_rows_1_reg_0_CASDINB_UNCONNECTED[15]
NLW_second_row_buffer.weight_rows_1_reg_0_CASDINB_UNCONNECTED[16]
NLW_second_row_buffer.weight_rows_1_reg_0_CASDINB_UNCONNECTED[17]
NLW_second_row_buffer.weight_rows_1_reg_0_CASDINB_UNCONNECTED[18]
NLW_second_row_buffer.weight_rows_1_reg_0_CASDINB_UNCONNECTED[19]
NLW_second_row_buffer.weight_rows_1_reg_0_CASDINB_UNCONNECTED[20]
NLW_second_row_buffer.weight_rows_1_reg_0_CASDINB_UNCONNECTED[21]
NLW_second_row_buffer.weight_rows_1_reg_0_CASDINB_UNCONNECTED[22]
NLW_second_row_buffer.weight_rows_1_reg_0_CASDINB_UNCONNECTED[23]
NLW_second_row_buffer.weight_rows_1_reg_0_CASDINB_UNCONNECTED[24]
NLW_second_row_buffer.weight_rows_1_reg_0_CASDINB_UNCONNECTED[25]
NLW_second_row_buffer.weight_rows_1_reg_0_CASDINB_UNCONNECTED[26]
NLW_second_row_buffer.weight_rows_1_reg_0_CASDINB_UNCONNECTED[27]
NLW_second_row_buffer.weight_rows_1_reg_0_CASDINB_UNCONNECTED[28]
NLW_second_row_buffer.weight_rows_1_reg_0_CASDINB_UNCONNECTED[29]
NLW_second_row_buffer.weight_rows_1_reg_0_CASDINB_UNCONNECTED[30]
NLW_second_row_buffer.weight_rows_1_reg_0_CASDINB_UNCONNECTED[31]
NLW_second_row_buffer.weight_rows_1_reg_0_CASDINPA_UNCONNECTED[0]
NLW_second_row_buffer.weight_rows_1_reg_0_CASDINPA_UNCONNECTED[1]
NLW_second_row_buffer.weight_rows_1_reg_0_CASDINPA_UNCONNECTED[2]
NLW_second_row_buffer.weight_rows_1_reg_0_CASDINPA_UNCONNECTED[3]
NLW_second_row_buffer.weight_rows_1_reg_0_CASDINPB_UNCONNECTED[0]
NLW_second_row_buffer.weight_rows_1_reg_0_CASDINPB_UNCONNECTED[1]
NLW_second_row_buffer.weight_rows_1_reg_0_CASDINPB_UNCONNECTED[2]
NLW_second_row_buffer.weight_rows_1_reg_0_CASDINPB_UNCONNECTED[3]
NLW_second_row_buffer.weight_rows_1_reg_0_CASDOUTA_UNCONNECTED[0]
NLW_second_row_buffer.weight_rows_1_reg_0_CASDOUTA_UNCONNECTED[1]
NLW_second_row_buffer.weight_rows_1_reg_0_CASDOUTA_UNCONNECTED[2]
NLW_second_row_buffer.weight_rows_1_reg_0_CASDOUTA_UNCONNECTED[3]
NLW_second_row_buffer.weight_rows_1_reg_0_CASDOUTA_UNCONNECTED[4]
NLW_second_row_buffer.weight_rows_1_reg_0_CASDOUTA_UNCONNECTED[5]
NLW_second_row_buffer.weight_rows_1_reg_0_CASDOUTA_UNCONNECTED[6]
NLW_second_row_buffer.weight_rows_1_reg_0_CASDOUTA_UNCONNECTED[7]
NLW_second_row_buffer.weight_rows_1_reg_0_CASDOUTA_UNCONNECTED[8]
NLW_second_row_buffer.weight_rows_1_reg_0_CASDOUTA_UNCONNECTED[9]
NLW_second_row_buffer.weight_rows_1_reg_0_CASDOUTA_UNCONNECTED[10]
NLW_second_row_buffer.weight_rows_1_reg_0_CASDOUTA_UNCONNECTED[11]
NLW_second_row_buffer.weight_rows_1_reg_0_CASDOUTA_UNCONNECTED[12]
NLW_second_row_buffer.weight_rows_1_reg_0_CASDOUTA_UNCONNECTED[13]
NLW_second_row_buffer.weight_rows_1_reg_0_CASDOUTA_UNCONNECTED[14]
NLW_second_row_buffer.weight_rows_1_reg_0_CASDOUTA_UNCONNECTED[15]
NLW_second_row_buffer.weight_rows_1_reg_0_CASDOUTA_UNCONNECTED[16]
NLW_second_row_buffer.weight_rows_1_reg_0_CASDOUTA_UNCONNECTED[17]
NLW_second_row_buffer.weight_rows_1_reg_0_CASDOUTA_UNCONNECTED[18]
NLW_second_row_buffer.weight_rows_1_reg_0_CASDOUTA_UNCONNECTED[19]
NLW_second_row_buffer.weight_rows_1_reg_0_CASDOUTA_UNCONNECTED[20]
NLW_second_row_buffer.weight_rows_1_reg_0_CASDOUTA_UNCONNECTED[21]
NLW_second_row_buffer.weight_rows_1_reg_0_CASDOUTA_UNCONNECTED[22]
NLW_second_row_buffer.weight_rows_1_reg_0_CASDOUTA_UNCONNECTED[23]
NLW_second_row_buffer.weight_rows_1_reg_0_CASDOUTA_UNCONNECTED[24]
NLW_second_row_buffer.weight_rows_1_reg_0_CASDOUTA_UNCONNECTED[25]
NLW_second_row_buffer.weight_rows_1_reg_0_CASDOUTA_UNCONNECTED[26]
NLW_second_row_buffer.weight_rows_1_reg_0_CASDOUTA_UNCONNECTED[27]
NLW_second_row_buffer.weight_rows_1_reg_0_CASDOUTA_UNCONNECTED[28]
NLW_second_row_buffer.weight_rows_1_reg_0_CASDOUTA_UNCONNECTED[29]
NLW_second_row_buffer.weight_rows_1_reg_0_CASDOUTA_UNCONNECTED[30]
NLW_second_row_buffer.weight_rows_1_reg_0_CASDOUTA_UNCONNECTED[31]
NLW_second_row_buffer.weight_rows_1_reg_0_CASDOUTB_UNCONNECTED[0]
NLW_second_row_buffer.weight_rows_1_reg_0_CASDOUTB_UNCONNECTED[1]
NLW_second_row_buffer.weight_rows_1_reg_0_CASDOUTB_UNCONNECTED[2]
NLW_second_row_buffer.weight_rows_1_reg_0_CASDOUTB_UNCONNECTED[3]
NLW_second_row_buffer.weight_rows_1_reg_0_CASDOUTB_UNCONNECTED[4]
NLW_second_row_buffer.weight_rows_1_reg_0_CASDOUTB_UNCONNECTED[5]
NLW_second_row_buffer.weight_rows_1_reg_0_CASDOUTB_UNCONNECTED[6]
NLW_second_row_buffer.weight_rows_1_reg_0_CASDOUTB_UNCONNECTED[7]
NLW_second_row_buffer.weight_rows_1_reg_0_CASDOUTB_UNCONNECTED[8]
NLW_second_row_buffer.weight_rows_1_reg_0_CASDOUTB_UNCONNECTED[9]
NLW_second_row_buffer.weight_rows_1_reg_0_CASDOUTB_UNCONNECTED[10]
NLW_second_row_buffer.weight_rows_1_reg_0_CASDOUTB_UNCONNECTED[11]
NLW_second_row_buffer.weight_rows_1_reg_0_CASDOUTB_UNCONNECTED[12]
NLW_second_row_buffer.weight_rows_1_reg_0_CASDOUTB_UNCONNECTED[13]
NLW_second_row_buffer.weight_rows_1_reg_0_CASDOUTB_UNCONNECTED[14]
NLW_second_row_buffer.weight_rows_1_reg_0_CASDOUTB_UNCONNECTED[15]
NLW_second_row_buffer.weight_rows_1_reg_0_CASDOUTB_UNCONNECTED[16]
NLW_second_row_buffer.weight_rows_1_reg_0_CASDOUTB_UNCONNECTED[17]
NLW_second_row_buffer.weight_rows_1_reg_0_CASDOUTB_UNCONNECTED[18]
NLW_second_row_buffer.weight_rows_1_reg_0_CASDOUTB_UNCONNECTED[19]
NLW_second_row_buffer.weight_rows_1_reg_0_CASDOUTB_UNCONNECTED[20]
NLW_second_row_buffer.weight_rows_1_reg_0_CASDOUTB_UNCONNECTED[21]
NLW_second_row_buffer.weight_rows_1_reg_0_CASDOUTB_UNCONNECTED[22]
NLW_second_row_buffer.weight_rows_1_reg_0_CASDOUTB_UNCONNECTED[23]
NLW_second_row_buffer.weight_rows_1_reg_0_CASDOUTB_UNCONNECTED[24]
NLW_second_row_buffer.weight_rows_1_reg_0_CASDOUTB_UNCONNECTED[25]
NLW_second_row_buffer.weight_rows_1_reg_0_CASDOUTB_UNCONNECTED[26]
NLW_second_row_buffer.weight_rows_1_reg_0_CASDOUTB_UNCONNECTED[27]
NLW_second_row_buffer.weight_rows_1_reg_0_CASDOUTB_UNCONNECTED[28]
NLW_second_row_buffer.weight_rows_1_reg_0_CASDOUTB_UNCONNECTED[29]
NLW_second_row_buffer.weight_rows_1_reg_0_CASDOUTB_UNCONNECTED[30]
NLW_second_row_buffer.weight_rows_1_reg_0_CASDOUTB_UNCONNECTED[31]
NLW_second_row_buffer.weight_rows_1_reg_0_CASDOUTPA_UNCONNECTED[0]
NLW_second_row_buffer.weight_rows_1_reg_0_CASDOUTPA_UNCONNECTED[1]
NLW_second_row_buffer.weight_rows_1_reg_0_CASDOUTPA_UNCONNECTED[2]
NLW_second_row_buffer.weight_rows_1_reg_0_CASDOUTPA_UNCONNECTED[3]
NLW_second_row_buffer.weight_rows_1_reg_0_CASDOUTPB_UNCONNECTED[0]
NLW_second_row_buffer.weight_rows_1_reg_0_CASDOUTPB_UNCONNECTED[1]
NLW_second_row_buffer.weight_rows_1_reg_0_CASDOUTPB_UNCONNECTED[2]
NLW_second_row_buffer.weight_rows_1_reg_0_CASDOUTPB_UNCONNECTED[3]
NLW_second_row_buffer.weight_rows_1_reg_0_ECCPARITY_UNCONNECTED[0]
NLW_second_row_buffer.weight_rows_1_reg_0_ECCPARITY_UNCONNECTED[1]
NLW_second_row_buffer.weight_rows_1_reg_0_ECCPARITY_UNCONNECTED[2]
NLW_second_row_buffer.weight_rows_1_reg_0_ECCPARITY_UNCONNECTED[3]
NLW_second_row_buffer.weight_rows_1_reg_0_ECCPARITY_UNCONNECTED[4]
NLW_second_row_buffer.weight_rows_1_reg_0_ECCPARITY_UNCONNECTED[5]
NLW_second_row_buffer.weight_rows_1_reg_0_ECCPARITY_UNCONNECTED[6]
NLW_second_row_buffer.weight_rows_1_reg_0_ECCPARITY_UNCONNECTED[7]
NLW_second_row_buffer.weight_rows_1_reg_0_RDADDRECC_UNCONNECTED[0]
NLW_second_row_buffer.weight_rows_1_reg_0_RDADDRECC_UNCONNECTED[1]
NLW_second_row_buffer.weight_rows_1_reg_0_RDADDRECC_UNCONNECTED[2]
NLW_second_row_buffer.weight_rows_1_reg_0_RDADDRECC_UNCONNECTED[3]
NLW_second_row_buffer.weight_rows_1_reg_0_RDADDRECC_UNCONNECTED[4]
NLW_second_row_buffer.weight_rows_1_reg_0_RDADDRECC_UNCONNECTED[5]
NLW_second_row_buffer.weight_rows_1_reg_0_RDADDRECC_UNCONNECTED[6]
NLW_second_row_buffer.weight_rows_1_reg_0_RDADDRECC_UNCONNECTED[7]
NLW_second_row_buffer.weight_rows_1_reg_0_RDADDRECC_UNCONNECTED[8]
NLW_second_row_buffer.weight_rows_1_reg_1_CASOUTDBITERR_UNCONNECTED
NLW_second_row_buffer.weight_rows_1_reg_1_CASOUTSBITERR_UNCONNECTED
NLW_second_row_buffer.weight_rows_1_reg_1_DBITERR_UNCONNECTED
NLW_second_row_buffer.weight_rows_1_reg_1_SBITERR_UNCONNECTED
NLW_second_row_buffer.weight_rows_1_reg_1_CASDINA_UNCONNECTED[0]
NLW_second_row_buffer.weight_rows_1_reg_1_CASDINA_UNCONNECTED[1]
NLW_second_row_buffer.weight_rows_1_reg_1_CASDINA_UNCONNECTED[2]
NLW_second_row_buffer.weight_rows_1_reg_1_CASDINA_UNCONNECTED[3]
NLW_second_row_buffer.weight_rows_1_reg_1_CASDINA_UNCONNECTED[4]
NLW_second_row_buffer.weight_rows_1_reg_1_CASDINA_UNCONNECTED[5]
NLW_second_row_buffer.weight_rows_1_reg_1_CASDINA_UNCONNECTED[6]
NLW_second_row_buffer.weight_rows_1_reg_1_CASDINA_UNCONNECTED[7]
NLW_second_row_buffer.weight_rows_1_reg_1_CASDINA_UNCONNECTED[8]
NLW_second_row_buffer.weight_rows_1_reg_1_CASDINA_UNCONNECTED[9]
NLW_second_row_buffer.weight_rows_1_reg_1_CASDINA_UNCONNECTED[10]
NLW_second_row_buffer.weight_rows_1_reg_1_CASDINA_UNCONNECTED[11]
NLW_second_row_buffer.weight_rows_1_reg_1_CASDINA_UNCONNECTED[12]
NLW_second_row_buffer.weight_rows_1_reg_1_CASDINA_UNCONNECTED[13]
NLW_second_row_buffer.weight_rows_1_reg_1_CASDINA_UNCONNECTED[14]
NLW_second_row_buffer.weight_rows_1_reg_1_CASDINA_UNCONNECTED[15]
NLW_second_row_buffer.weight_rows_1_reg_1_CASDINA_UNCONNECTED[16]
NLW_second_row_buffer.weight_rows_1_reg_1_CASDINA_UNCONNECTED[17]
NLW_second_row_buffer.weight_rows_1_reg_1_CASDINA_UNCONNECTED[18]
NLW_second_row_buffer.weight_rows_1_reg_1_CASDINA_UNCONNECTED[19]
NLW_second_row_buffer.weight_rows_1_reg_1_CASDINA_UNCONNECTED[20]
NLW_second_row_buffer.weight_rows_1_reg_1_CASDINA_UNCONNECTED[21]
NLW_second_row_buffer.weight_rows_1_reg_1_CASDINA_UNCONNECTED[22]
NLW_second_row_buffer.weight_rows_1_reg_1_CASDINA_UNCONNECTED[23]
NLW_second_row_buffer.weight_rows_1_reg_1_CASDINA_UNCONNECTED[24]
NLW_second_row_buffer.weight_rows_1_reg_1_CASDINA_UNCONNECTED[25]
NLW_second_row_buffer.weight_rows_1_reg_1_CASDINA_UNCONNECTED[26]
NLW_second_row_buffer.weight_rows_1_reg_1_CASDINA_UNCONNECTED[27]
NLW_second_row_buffer.weight_rows_1_reg_1_CASDINA_UNCONNECTED[28]
NLW_second_row_buffer.weight_rows_1_reg_1_CASDINA_UNCONNECTED[29]
NLW_second_row_buffer.weight_rows_1_reg_1_CASDINA_UNCONNECTED[30]
NLW_second_row_buffer.weight_rows_1_reg_1_CASDINA_UNCONNECTED[31]
NLW_second_row_buffer.weight_rows_1_reg_1_CASDINB_UNCONNECTED[0]
NLW_second_row_buffer.weight_rows_1_reg_1_CASDINB_UNCONNECTED[1]
NLW_second_row_buffer.weight_rows_1_reg_1_CASDINB_UNCONNECTED[2]
NLW_second_row_buffer.weight_rows_1_reg_1_CASDINB_UNCONNECTED[3]
NLW_second_row_buffer.weight_rows_1_reg_1_CASDINB_UNCONNECTED[4]
NLW_second_row_buffer.weight_rows_1_reg_1_CASDINB_UNCONNECTED[5]
NLW_second_row_buffer.weight_rows_1_reg_1_CASDINB_UNCONNECTED[6]
NLW_second_row_buffer.weight_rows_1_reg_1_CASDINB_UNCONNECTED[7]
NLW_second_row_buffer.weight_rows_1_reg_1_CASDINB_UNCONNECTED[8]
NLW_second_row_buffer.weight_rows_1_reg_1_CASDINB_UNCONNECTED[9]
NLW_second_row_buffer.weight_rows_1_reg_1_CASDINB_UNCONNECTED[10]
NLW_second_row_buffer.weight_rows_1_reg_1_CASDINB_UNCONNECTED[11]
NLW_second_row_buffer.weight_rows_1_reg_1_CASDINB_UNCONNECTED[12]
NLW_second_row_buffer.weight_rows_1_reg_1_CASDINB_UNCONNECTED[13]
NLW_second_row_buffer.weight_rows_1_reg_1_CASDINB_UNCONNECTED[14]
NLW_second_row_buffer.weight_rows_1_reg_1_CASDINB_UNCONNECTED[15]
NLW_second_row_buffer.weight_rows_1_reg_1_CASDINB_UNCONNECTED[16]
NLW_second_row_buffer.weight_rows_1_reg_1_CASDINB_UNCONNECTED[17]
NLW_second_row_buffer.weight_rows_1_reg_1_CASDINB_UNCONNECTED[18]
NLW_second_row_buffer.weight_rows_1_reg_1_CASDINB_UNCONNECTED[19]
NLW_second_row_buffer.weight_rows_1_reg_1_CASDINB_UNCONNECTED[20]
NLW_second_row_buffer.weight_rows_1_reg_1_CASDINB_UNCONNECTED[21]
NLW_second_row_buffer.weight_rows_1_reg_1_CASDINB_UNCONNECTED[22]
NLW_second_row_buffer.weight_rows_1_reg_1_CASDINB_UNCONNECTED[23]
NLW_second_row_buffer.weight_rows_1_reg_1_CASDINB_UNCONNECTED[24]
NLW_second_row_buffer.weight_rows_1_reg_1_CASDINB_UNCONNECTED[25]
NLW_second_row_buffer.weight_rows_1_reg_1_CASDINB_UNCONNECTED[26]
NLW_second_row_buffer.weight_rows_1_reg_1_CASDINB_UNCONNECTED[27]
NLW_second_row_buffer.weight_rows_1_reg_1_CASDINB_UNCONNECTED[28]
NLW_second_row_buffer.weight_rows_1_reg_1_CASDINB_UNCONNECTED[29]
NLW_second_row_buffer.weight_rows_1_reg_1_CASDINB_UNCONNECTED[30]
NLW_second_row_buffer.weight_rows_1_reg_1_CASDINB_UNCONNECTED[31]
NLW_second_row_buffer.weight_rows_1_reg_1_CASDINPA_UNCONNECTED[0]
NLW_second_row_buffer.weight_rows_1_reg_1_CASDINPA_UNCONNECTED[1]
NLW_second_row_buffer.weight_rows_1_reg_1_CASDINPA_UNCONNECTED[2]
NLW_second_row_buffer.weight_rows_1_reg_1_CASDINPA_UNCONNECTED[3]
NLW_second_row_buffer.weight_rows_1_reg_1_CASDINPB_UNCONNECTED[0]
NLW_second_row_buffer.weight_rows_1_reg_1_CASDINPB_UNCONNECTED[1]
NLW_second_row_buffer.weight_rows_1_reg_1_CASDINPB_UNCONNECTED[2]
NLW_second_row_buffer.weight_rows_1_reg_1_CASDINPB_UNCONNECTED[3]
NLW_second_row_buffer.weight_rows_1_reg_1_CASDOUTA_UNCONNECTED[0]
NLW_second_row_buffer.weight_rows_1_reg_1_CASDOUTA_UNCONNECTED[1]
NLW_second_row_buffer.weight_rows_1_reg_1_CASDOUTA_UNCONNECTED[2]
NLW_second_row_buffer.weight_rows_1_reg_1_CASDOUTA_UNCONNECTED[3]
NLW_second_row_buffer.weight_rows_1_reg_1_CASDOUTA_UNCONNECTED[4]
NLW_second_row_buffer.weight_rows_1_reg_1_CASDOUTA_UNCONNECTED[5]
NLW_second_row_buffer.weight_rows_1_reg_1_CASDOUTA_UNCONNECTED[6]
NLW_second_row_buffer.weight_rows_1_reg_1_CASDOUTA_UNCONNECTED[7]
NLW_second_row_buffer.weight_rows_1_reg_1_CASDOUTA_UNCONNECTED[8]
NLW_second_row_buffer.weight_rows_1_reg_1_CASDOUTA_UNCONNECTED[9]
NLW_second_row_buffer.weight_rows_1_reg_1_CASDOUTA_UNCONNECTED[10]
NLW_second_row_buffer.weight_rows_1_reg_1_CASDOUTA_UNCONNECTED[11]
NLW_second_row_buffer.weight_rows_1_reg_1_CASDOUTA_UNCONNECTED[12]
NLW_second_row_buffer.weight_rows_1_reg_1_CASDOUTA_UNCONNECTED[13]
NLW_second_row_buffer.weight_rows_1_reg_1_CASDOUTA_UNCONNECTED[14]
NLW_second_row_buffer.weight_rows_1_reg_1_CASDOUTA_UNCONNECTED[15]
NLW_second_row_buffer.weight_rows_1_reg_1_CASDOUTA_UNCONNECTED[16]
NLW_second_row_buffer.weight_rows_1_reg_1_CASDOUTA_UNCONNECTED[17]
NLW_second_row_buffer.weight_rows_1_reg_1_CASDOUTA_UNCONNECTED[18]
NLW_second_row_buffer.weight_rows_1_reg_1_CASDOUTA_UNCONNECTED[19]
NLW_second_row_buffer.weight_rows_1_reg_1_CASDOUTA_UNCONNECTED[20]
NLW_second_row_buffer.weight_rows_1_reg_1_CASDOUTA_UNCONNECTED[21]
NLW_second_row_buffer.weight_rows_1_reg_1_CASDOUTA_UNCONNECTED[22]
NLW_second_row_buffer.weight_rows_1_reg_1_CASDOUTA_UNCONNECTED[23]
NLW_second_row_buffer.weight_rows_1_reg_1_CASDOUTA_UNCONNECTED[24]
NLW_second_row_buffer.weight_rows_1_reg_1_CASDOUTA_UNCONNECTED[25]
NLW_second_row_buffer.weight_rows_1_reg_1_CASDOUTA_UNCONNECTED[26]
NLW_second_row_buffer.weight_rows_1_reg_1_CASDOUTA_UNCONNECTED[27]
NLW_second_row_buffer.weight_rows_1_reg_1_CASDOUTA_UNCONNECTED[28]
NLW_second_row_buffer.weight_rows_1_reg_1_CASDOUTA_UNCONNECTED[29]
NLW_second_row_buffer.weight_rows_1_reg_1_CASDOUTA_UNCONNECTED[30]
NLW_second_row_buffer.weight_rows_1_reg_1_CASDOUTA_UNCONNECTED[31]
NLW_second_row_buffer.weight_rows_1_reg_1_CASDOUTB_UNCONNECTED[0]
NLW_second_row_buffer.weight_rows_1_reg_1_CASDOUTB_UNCONNECTED[1]
NLW_second_row_buffer.weight_rows_1_reg_1_CASDOUTB_UNCONNECTED[2]
NLW_second_row_buffer.weight_rows_1_reg_1_CASDOUTB_UNCONNECTED[3]
NLW_second_row_buffer.weight_rows_1_reg_1_CASDOUTB_UNCONNECTED[4]
NLW_second_row_buffer.weight_rows_1_reg_1_CASDOUTB_UNCONNECTED[5]
NLW_second_row_buffer.weight_rows_1_reg_1_CASDOUTB_UNCONNECTED[6]
NLW_second_row_buffer.weight_rows_1_reg_1_CASDOUTB_UNCONNECTED[7]
NLW_second_row_buffer.weight_rows_1_reg_1_CASDOUTB_UNCONNECTED[8]
NLW_second_row_buffer.weight_rows_1_reg_1_CASDOUTB_UNCONNECTED[9]
NLW_second_row_buffer.weight_rows_1_reg_1_CASDOUTB_UNCONNECTED[10]
NLW_second_row_buffer.weight_rows_1_reg_1_CASDOUTB_UNCONNECTED[11]
NLW_second_row_buffer.weight_rows_1_reg_1_CASDOUTB_UNCONNECTED[12]
NLW_second_row_buffer.weight_rows_1_reg_1_CASDOUTB_UNCONNECTED[13]
NLW_second_row_buffer.weight_rows_1_reg_1_CASDOUTB_UNCONNECTED[14]
NLW_second_row_buffer.weight_rows_1_reg_1_CASDOUTB_UNCONNECTED[15]
NLW_second_row_buffer.weight_rows_1_reg_1_CASDOUTB_UNCONNECTED[16]
NLW_second_row_buffer.weight_rows_1_reg_1_CASDOUTB_UNCONNECTED[17]
NLW_second_row_buffer.weight_rows_1_reg_1_CASDOUTB_UNCONNECTED[18]
NLW_second_row_buffer.weight_rows_1_reg_1_CASDOUTB_UNCONNECTED[19]
NLW_second_row_buffer.weight_rows_1_reg_1_CASDOUTB_UNCONNECTED[20]
NLW_second_row_buffer.weight_rows_1_reg_1_CASDOUTB_UNCONNECTED[21]
NLW_second_row_buffer.weight_rows_1_reg_1_CASDOUTB_UNCONNECTED[22]
NLW_second_row_buffer.weight_rows_1_reg_1_CASDOUTB_UNCONNECTED[23]
NLW_second_row_buffer.weight_rows_1_reg_1_CASDOUTB_UNCONNECTED[24]
NLW_second_row_buffer.weight_rows_1_reg_1_CASDOUTB_UNCONNECTED[25]
NLW_second_row_buffer.weight_rows_1_reg_1_CASDOUTB_UNCONNECTED[26]
NLW_second_row_buffer.weight_rows_1_reg_1_CASDOUTB_UNCONNECTED[27]
NLW_second_row_buffer.weight_rows_1_reg_1_CASDOUTB_UNCONNECTED[28]
NLW_second_row_buffer.weight_rows_1_reg_1_CASDOUTB_UNCONNECTED[29]
NLW_second_row_buffer.weight_rows_1_reg_1_CASDOUTB_UNCONNECTED[30]
NLW_second_row_buffer.weight_rows_1_reg_1_CASDOUTB_UNCONNECTED[31]
NLW_second_row_buffer.weight_rows_1_reg_1_CASDOUTPA_UNCONNECTED[0]
NLW_second_row_buffer.weight_rows_1_reg_1_CASDOUTPA_UNCONNECTED[1]
NLW_second_row_buffer.weight_rows_1_reg_1_CASDOUTPA_UNCONNECTED[2]
NLW_second_row_buffer.weight_rows_1_reg_1_CASDOUTPA_UNCONNECTED[3]
NLW_second_row_buffer.weight_rows_1_reg_1_CASDOUTPB_UNCONNECTED[0]
NLW_second_row_buffer.weight_rows_1_reg_1_CASDOUTPB_UNCONNECTED[1]
NLW_second_row_buffer.weight_rows_1_reg_1_CASDOUTPB_UNCONNECTED[2]
NLW_second_row_buffer.weight_rows_1_reg_1_CASDOUTPB_UNCONNECTED[3]
NLW_second_row_buffer.weight_rows_1_reg_1_ECCPARITY_UNCONNECTED[0]
NLW_second_row_buffer.weight_rows_1_reg_1_ECCPARITY_UNCONNECTED[1]
NLW_second_row_buffer.weight_rows_1_reg_1_ECCPARITY_UNCONNECTED[2]
NLW_second_row_buffer.weight_rows_1_reg_1_ECCPARITY_UNCONNECTED[3]
NLW_second_row_buffer.weight_rows_1_reg_1_ECCPARITY_UNCONNECTED[4]
NLW_second_row_buffer.weight_rows_1_reg_1_ECCPARITY_UNCONNECTED[5]
NLW_second_row_buffer.weight_rows_1_reg_1_ECCPARITY_UNCONNECTED[6]
NLW_second_row_buffer.weight_rows_1_reg_1_ECCPARITY_UNCONNECTED[7]
NLW_second_row_buffer.weight_rows_1_reg_1_RDADDRECC_UNCONNECTED[0]
NLW_second_row_buffer.weight_rows_1_reg_1_RDADDRECC_UNCONNECTED[1]
NLW_second_row_buffer.weight_rows_1_reg_1_RDADDRECC_UNCONNECTED[2]
NLW_second_row_buffer.weight_rows_1_reg_1_RDADDRECC_UNCONNECTED[3]
NLW_second_row_buffer.weight_rows_1_reg_1_RDADDRECC_UNCONNECTED[4]
NLW_second_row_buffer.weight_rows_1_reg_1_RDADDRECC_UNCONNECTED[5]
NLW_second_row_buffer.weight_rows_1_reg_1_RDADDRECC_UNCONNECTED[6]
NLW_second_row_buffer.weight_rows_1_reg_1_RDADDRECC_UNCONNECTED[7]
NLW_second_row_buffer.weight_rows_1_reg_1_RDADDRECC_UNCONNECTED[8]
NLW_second_row_buffer.weight_rows_1_reg_2_CASOUTDBITERR_UNCONNECTED
NLW_second_row_buffer.weight_rows_1_reg_2_CASOUTSBITERR_UNCONNECTED
NLW_second_row_buffer.weight_rows_1_reg_2_DBITERR_UNCONNECTED
NLW_second_row_buffer.weight_rows_1_reg_2_SBITERR_UNCONNECTED
NLW_second_row_buffer.weight_rows_1_reg_2_CASDINA_UNCONNECTED[0]
NLW_second_row_buffer.weight_rows_1_reg_2_CASDINA_UNCONNECTED[1]
NLW_second_row_buffer.weight_rows_1_reg_2_CASDINA_UNCONNECTED[2]
NLW_second_row_buffer.weight_rows_1_reg_2_CASDINA_UNCONNECTED[3]
NLW_second_row_buffer.weight_rows_1_reg_2_CASDINA_UNCONNECTED[4]
NLW_second_row_buffer.weight_rows_1_reg_2_CASDINA_UNCONNECTED[5]
NLW_second_row_buffer.weight_rows_1_reg_2_CASDINA_UNCONNECTED[6]
NLW_second_row_buffer.weight_rows_1_reg_2_CASDINA_UNCONNECTED[7]
NLW_second_row_buffer.weight_rows_1_reg_2_CASDINA_UNCONNECTED[8]
NLW_second_row_buffer.weight_rows_1_reg_2_CASDINA_UNCONNECTED[9]
NLW_second_row_buffer.weight_rows_1_reg_2_CASDINA_UNCONNECTED[10]
NLW_second_row_buffer.weight_rows_1_reg_2_CASDINA_UNCONNECTED[11]
NLW_second_row_buffer.weight_rows_1_reg_2_CASDINA_UNCONNECTED[12]
NLW_second_row_buffer.weight_rows_1_reg_2_CASDINA_UNCONNECTED[13]
NLW_second_row_buffer.weight_rows_1_reg_2_CASDINA_UNCONNECTED[14]
NLW_second_row_buffer.weight_rows_1_reg_2_CASDINA_UNCONNECTED[15]
NLW_second_row_buffer.weight_rows_1_reg_2_CASDINA_UNCONNECTED[16]
NLW_second_row_buffer.weight_rows_1_reg_2_CASDINA_UNCONNECTED[17]
NLW_second_row_buffer.weight_rows_1_reg_2_CASDINA_UNCONNECTED[18]
NLW_second_row_buffer.weight_rows_1_reg_2_CASDINA_UNCONNECTED[19]
NLW_second_row_buffer.weight_rows_1_reg_2_CASDINA_UNCONNECTED[20]
NLW_second_row_buffer.weight_rows_1_reg_2_CASDINA_UNCONNECTED[21]
NLW_second_row_buffer.weight_rows_1_reg_2_CASDINA_UNCONNECTED[22]
NLW_second_row_buffer.weight_rows_1_reg_2_CASDINA_UNCONNECTED[23]
NLW_second_row_buffer.weight_rows_1_reg_2_CASDINA_UNCONNECTED[24]
NLW_second_row_buffer.weight_rows_1_reg_2_CASDINA_UNCONNECTED[25]
NLW_second_row_buffer.weight_rows_1_reg_2_CASDINA_UNCONNECTED[26]
NLW_second_row_buffer.weight_rows_1_reg_2_CASDINA_UNCONNECTED[27]
NLW_second_row_buffer.weight_rows_1_reg_2_CASDINA_UNCONNECTED[28]
NLW_second_row_buffer.weight_rows_1_reg_2_CASDINA_UNCONNECTED[29]
NLW_second_row_buffer.weight_rows_1_reg_2_CASDINA_UNCONNECTED[30]
NLW_second_row_buffer.weight_rows_1_reg_2_CASDINA_UNCONNECTED[31]
NLW_second_row_buffer.weight_rows_1_reg_2_CASDINB_UNCONNECTED[0]
NLW_second_row_buffer.weight_rows_1_reg_2_CASDINB_UNCONNECTED[1]
NLW_second_row_buffer.weight_rows_1_reg_2_CASDINB_UNCONNECTED[2]
NLW_second_row_buffer.weight_rows_1_reg_2_CASDINB_UNCONNECTED[3]
NLW_second_row_buffer.weight_rows_1_reg_2_CASDINB_UNCONNECTED[4]
NLW_second_row_buffer.weight_rows_1_reg_2_CASDINB_UNCONNECTED[5]
NLW_second_row_buffer.weight_rows_1_reg_2_CASDINB_UNCONNECTED[6]
NLW_second_row_buffer.weight_rows_1_reg_2_CASDINB_UNCONNECTED[7]
NLW_second_row_buffer.weight_rows_1_reg_2_CASDINB_UNCONNECTED[8]
NLW_second_row_buffer.weight_rows_1_reg_2_CASDINB_UNCONNECTED[9]
NLW_second_row_buffer.weight_rows_1_reg_2_CASDINB_UNCONNECTED[10]
NLW_second_row_buffer.weight_rows_1_reg_2_CASDINB_UNCONNECTED[11]
NLW_second_row_buffer.weight_rows_1_reg_2_CASDINB_UNCONNECTED[12]
NLW_second_row_buffer.weight_rows_1_reg_2_CASDINB_UNCONNECTED[13]
NLW_second_row_buffer.weight_rows_1_reg_2_CASDINB_UNCONNECTED[14]
NLW_second_row_buffer.weight_rows_1_reg_2_CASDINB_UNCONNECTED[15]
NLW_second_row_buffer.weight_rows_1_reg_2_CASDINB_UNCONNECTED[16]
NLW_second_row_buffer.weight_rows_1_reg_2_CASDINB_UNCONNECTED[17]
NLW_second_row_buffer.weight_rows_1_reg_2_CASDINB_UNCONNECTED[18]
NLW_second_row_buffer.weight_rows_1_reg_2_CASDINB_UNCONNECTED[19]
NLW_second_row_buffer.weight_rows_1_reg_2_CASDINB_UNCONNECTED[20]
NLW_second_row_buffer.weight_rows_1_reg_2_CASDINB_UNCONNECTED[21]
NLW_second_row_buffer.weight_rows_1_reg_2_CASDINB_UNCONNECTED[22]
NLW_second_row_buffer.weight_rows_1_reg_2_CASDINB_UNCONNECTED[23]
NLW_second_row_buffer.weight_rows_1_reg_2_CASDINB_UNCONNECTED[24]
NLW_second_row_buffer.weight_rows_1_reg_2_CASDINB_UNCONNECTED[25]
NLW_second_row_buffer.weight_rows_1_reg_2_CASDINB_UNCONNECTED[26]
NLW_second_row_buffer.weight_rows_1_reg_2_CASDINB_UNCONNECTED[27]
NLW_second_row_buffer.weight_rows_1_reg_2_CASDINB_UNCONNECTED[28]
NLW_second_row_buffer.weight_rows_1_reg_2_CASDINB_UNCONNECTED[29]
NLW_second_row_buffer.weight_rows_1_reg_2_CASDINB_UNCONNECTED[30]
NLW_second_row_buffer.weight_rows_1_reg_2_CASDINB_UNCONNECTED[31]
NLW_second_row_buffer.weight_rows_1_reg_2_CASDINPA_UNCONNECTED[0]
NLW_second_row_buffer.weight_rows_1_reg_2_CASDINPA_UNCONNECTED[1]
NLW_second_row_buffer.weight_rows_1_reg_2_CASDINPA_UNCONNECTED[2]
NLW_second_row_buffer.weight_rows_1_reg_2_CASDINPA_UNCONNECTED[3]
NLW_second_row_buffer.weight_rows_1_reg_2_CASDINPB_UNCONNECTED[0]
NLW_second_row_buffer.weight_rows_1_reg_2_CASDINPB_UNCONNECTED[1]
NLW_second_row_buffer.weight_rows_1_reg_2_CASDINPB_UNCONNECTED[2]
NLW_second_row_buffer.weight_rows_1_reg_2_CASDINPB_UNCONNECTED[3]
NLW_second_row_buffer.weight_rows_1_reg_2_CASDOUTA_UNCONNECTED[0]
NLW_second_row_buffer.weight_rows_1_reg_2_CASDOUTA_UNCONNECTED[1]
NLW_second_row_buffer.weight_rows_1_reg_2_CASDOUTA_UNCONNECTED[2]
NLW_second_row_buffer.weight_rows_1_reg_2_CASDOUTA_UNCONNECTED[3]
NLW_second_row_buffer.weight_rows_1_reg_2_CASDOUTA_UNCONNECTED[4]
NLW_second_row_buffer.weight_rows_1_reg_2_CASDOUTA_UNCONNECTED[5]
NLW_second_row_buffer.weight_rows_1_reg_2_CASDOUTA_UNCONNECTED[6]
NLW_second_row_buffer.weight_rows_1_reg_2_CASDOUTA_UNCONNECTED[7]
NLW_second_row_buffer.weight_rows_1_reg_2_CASDOUTA_UNCONNECTED[8]
NLW_second_row_buffer.weight_rows_1_reg_2_CASDOUTA_UNCONNECTED[9]
NLW_second_row_buffer.weight_rows_1_reg_2_CASDOUTA_UNCONNECTED[10]
NLW_second_row_buffer.weight_rows_1_reg_2_CASDOUTA_UNCONNECTED[11]
NLW_second_row_buffer.weight_rows_1_reg_2_CASDOUTA_UNCONNECTED[12]
NLW_second_row_buffer.weight_rows_1_reg_2_CASDOUTA_UNCONNECTED[13]
NLW_second_row_buffer.weight_rows_1_reg_2_CASDOUTA_UNCONNECTED[14]
NLW_second_row_buffer.weight_rows_1_reg_2_CASDOUTA_UNCONNECTED[15]
NLW_second_row_buffer.weight_rows_1_reg_2_CASDOUTA_UNCONNECTED[16]
NLW_second_row_buffer.weight_rows_1_reg_2_CASDOUTA_UNCONNECTED[17]
NLW_second_row_buffer.weight_rows_1_reg_2_CASDOUTA_UNCONNECTED[18]
NLW_second_row_buffer.weight_rows_1_reg_2_CASDOUTA_UNCONNECTED[19]
NLW_second_row_buffer.weight_rows_1_reg_2_CASDOUTA_UNCONNECTED[20]
NLW_second_row_buffer.weight_rows_1_reg_2_CASDOUTA_UNCONNECTED[21]
NLW_second_row_buffer.weight_rows_1_reg_2_CASDOUTA_UNCONNECTED[22]
NLW_second_row_buffer.weight_rows_1_reg_2_CASDOUTA_UNCONNECTED[23]
NLW_second_row_buffer.weight_rows_1_reg_2_CASDOUTA_UNCONNECTED[24]
NLW_second_row_buffer.weight_rows_1_reg_2_CASDOUTA_UNCONNECTED[25]
NLW_second_row_buffer.weight_rows_1_reg_2_CASDOUTA_UNCONNECTED[26]
NLW_second_row_buffer.weight_rows_1_reg_2_CASDOUTA_UNCONNECTED[27]
NLW_second_row_buffer.weight_rows_1_reg_2_CASDOUTA_UNCONNECTED[28]
NLW_second_row_buffer.weight_rows_1_reg_2_CASDOUTA_UNCONNECTED[29]
NLW_second_row_buffer.weight_rows_1_reg_2_CASDOUTA_UNCONNECTED[30]
NLW_second_row_buffer.weight_rows_1_reg_2_CASDOUTA_UNCONNECTED[31]
NLW_second_row_buffer.weight_rows_1_reg_2_CASDOUTB_UNCONNECTED[0]
NLW_second_row_buffer.weight_rows_1_reg_2_CASDOUTB_UNCONNECTED[1]
NLW_second_row_buffer.weight_rows_1_reg_2_CASDOUTB_UNCONNECTED[2]
NLW_second_row_buffer.weight_rows_1_reg_2_CASDOUTB_UNCONNECTED[3]
NLW_second_row_buffer.weight_rows_1_reg_2_CASDOUTB_UNCONNECTED[4]
NLW_second_row_buffer.weight_rows_1_reg_2_CASDOUTB_UNCONNECTED[5]
NLW_second_row_buffer.weight_rows_1_reg_2_CASDOUTB_UNCONNECTED[6]
NLW_second_row_buffer.weight_rows_1_reg_2_CASDOUTB_UNCONNECTED[7]
NLW_second_row_buffer.weight_rows_1_reg_2_CASDOUTB_UNCONNECTED[8]
NLW_second_row_buffer.weight_rows_1_reg_2_CASDOUTB_UNCONNECTED[9]
NLW_second_row_buffer.weight_rows_1_reg_2_CASDOUTB_UNCONNECTED[10]
NLW_second_row_buffer.weight_rows_1_reg_2_CASDOUTB_UNCONNECTED[11]
NLW_second_row_buffer.weight_rows_1_reg_2_CASDOUTB_UNCONNECTED[12]
NLW_second_row_buffer.weight_rows_1_reg_2_CASDOUTB_UNCONNECTED[13]
NLW_second_row_buffer.weight_rows_1_reg_2_CASDOUTB_UNCONNECTED[14]
NLW_second_row_buffer.weight_rows_1_reg_2_CASDOUTB_UNCONNECTED[15]
NLW_second_row_buffer.weight_rows_1_reg_2_CASDOUTB_UNCONNECTED[16]
NLW_second_row_buffer.weight_rows_1_reg_2_CASDOUTB_UNCONNECTED[17]
NLW_second_row_buffer.weight_rows_1_reg_2_CASDOUTB_UNCONNECTED[18]
NLW_second_row_buffer.weight_rows_1_reg_2_CASDOUTB_UNCONNECTED[19]
NLW_second_row_buffer.weight_rows_1_reg_2_CASDOUTB_UNCONNECTED[20]
NLW_second_row_buffer.weight_rows_1_reg_2_CASDOUTB_UNCONNECTED[21]
NLW_second_row_buffer.weight_rows_1_reg_2_CASDOUTB_UNCONNECTED[22]
NLW_second_row_buffer.weight_rows_1_reg_2_CASDOUTB_UNCONNECTED[23]
NLW_second_row_buffer.weight_rows_1_reg_2_CASDOUTB_UNCONNECTED[24]
NLW_second_row_buffer.weight_rows_1_reg_2_CASDOUTB_UNCONNECTED[25]
NLW_second_row_buffer.weight_rows_1_reg_2_CASDOUTB_UNCONNECTED[26]
NLW_second_row_buffer.weight_rows_1_reg_2_CASDOUTB_UNCONNECTED[27]
NLW_second_row_buffer.weight_rows_1_reg_2_CASDOUTB_UNCONNECTED[28]
NLW_second_row_buffer.weight_rows_1_reg_2_CASDOUTB_UNCONNECTED[29]
NLW_second_row_buffer.weight_rows_1_reg_2_CASDOUTB_UNCONNECTED[30]
NLW_second_row_buffer.weight_rows_1_reg_2_CASDOUTB_UNCONNECTED[31]
NLW_second_row_buffer.weight_rows_1_reg_2_CASDOUTPA_UNCONNECTED[0]
NLW_second_row_buffer.weight_rows_1_reg_2_CASDOUTPA_UNCONNECTED[1]
NLW_second_row_buffer.weight_rows_1_reg_2_CASDOUTPA_UNCONNECTED[2]
NLW_second_row_buffer.weight_rows_1_reg_2_CASDOUTPA_UNCONNECTED[3]
NLW_second_row_buffer.weight_rows_1_reg_2_CASDOUTPB_UNCONNECTED[0]
NLW_second_row_buffer.weight_rows_1_reg_2_CASDOUTPB_UNCONNECTED[1]
NLW_second_row_buffer.weight_rows_1_reg_2_CASDOUTPB_UNCONNECTED[2]
NLW_second_row_buffer.weight_rows_1_reg_2_CASDOUTPB_UNCONNECTED[3]
NLW_second_row_buffer.weight_rows_1_reg_2_ECCPARITY_UNCONNECTED[0]
NLW_second_row_buffer.weight_rows_1_reg_2_ECCPARITY_UNCONNECTED[1]
NLW_second_row_buffer.weight_rows_1_reg_2_ECCPARITY_UNCONNECTED[2]
NLW_second_row_buffer.weight_rows_1_reg_2_ECCPARITY_UNCONNECTED[3]
NLW_second_row_buffer.weight_rows_1_reg_2_ECCPARITY_UNCONNECTED[4]
NLW_second_row_buffer.weight_rows_1_reg_2_ECCPARITY_UNCONNECTED[5]
NLW_second_row_buffer.weight_rows_1_reg_2_ECCPARITY_UNCONNECTED[6]
NLW_second_row_buffer.weight_rows_1_reg_2_ECCPARITY_UNCONNECTED[7]
NLW_second_row_buffer.weight_rows_1_reg_2_RDADDRECC_UNCONNECTED[0]
NLW_second_row_buffer.weight_rows_1_reg_2_RDADDRECC_UNCONNECTED[1]
NLW_second_row_buffer.weight_rows_1_reg_2_RDADDRECC_UNCONNECTED[2]
NLW_second_row_buffer.weight_rows_1_reg_2_RDADDRECC_UNCONNECTED[3]
NLW_second_row_buffer.weight_rows_1_reg_2_RDADDRECC_UNCONNECTED[4]
NLW_second_row_buffer.weight_rows_1_reg_2_RDADDRECC_UNCONNECTED[5]
NLW_second_row_buffer.weight_rows_1_reg_2_RDADDRECC_UNCONNECTED[6]
NLW_second_row_buffer.weight_rows_1_reg_2_RDADDRECC_UNCONNECTED[7]
NLW_second_row_buffer.weight_rows_1_reg_2_RDADDRECC_UNCONNECTED[8]
NLW_second_row_buffer.weight_rows_1_reg_3_CASOUTDBITERR_UNCONNECTED
NLW_second_row_buffer.weight_rows_1_reg_3_CASOUTSBITERR_UNCONNECTED
NLW_second_row_buffer.weight_rows_1_reg_3_DBITERR_UNCONNECTED
NLW_second_row_buffer.weight_rows_1_reg_3_SBITERR_UNCONNECTED
NLW_second_row_buffer.weight_rows_1_reg_3_CASDINA_UNCONNECTED[0]
NLW_second_row_buffer.weight_rows_1_reg_3_CASDINA_UNCONNECTED[1]
NLW_second_row_buffer.weight_rows_1_reg_3_CASDINA_UNCONNECTED[2]
NLW_second_row_buffer.weight_rows_1_reg_3_CASDINA_UNCONNECTED[3]
NLW_second_row_buffer.weight_rows_1_reg_3_CASDINA_UNCONNECTED[4]
NLW_second_row_buffer.weight_rows_1_reg_3_CASDINA_UNCONNECTED[5]
NLW_second_row_buffer.weight_rows_1_reg_3_CASDINA_UNCONNECTED[6]
NLW_second_row_buffer.weight_rows_1_reg_3_CASDINA_UNCONNECTED[7]
NLW_second_row_buffer.weight_rows_1_reg_3_CASDINA_UNCONNECTED[8]
NLW_second_row_buffer.weight_rows_1_reg_3_CASDINA_UNCONNECTED[9]
NLW_second_row_buffer.weight_rows_1_reg_3_CASDINA_UNCONNECTED[10]
NLW_second_row_buffer.weight_rows_1_reg_3_CASDINA_UNCONNECTED[11]
NLW_second_row_buffer.weight_rows_1_reg_3_CASDINA_UNCONNECTED[12]
NLW_second_row_buffer.weight_rows_1_reg_3_CASDINA_UNCONNECTED[13]
NLW_second_row_buffer.weight_rows_1_reg_3_CASDINA_UNCONNECTED[14]
NLW_second_row_buffer.weight_rows_1_reg_3_CASDINA_UNCONNECTED[15]
NLW_second_row_buffer.weight_rows_1_reg_3_CASDINA_UNCONNECTED[16]
NLW_second_row_buffer.weight_rows_1_reg_3_CASDINA_UNCONNECTED[17]
NLW_second_row_buffer.weight_rows_1_reg_3_CASDINA_UNCONNECTED[18]
NLW_second_row_buffer.weight_rows_1_reg_3_CASDINA_UNCONNECTED[19]
NLW_second_row_buffer.weight_rows_1_reg_3_CASDINA_UNCONNECTED[20]
NLW_second_row_buffer.weight_rows_1_reg_3_CASDINA_UNCONNECTED[21]
NLW_second_row_buffer.weight_rows_1_reg_3_CASDINA_UNCONNECTED[22]
NLW_second_row_buffer.weight_rows_1_reg_3_CASDINA_UNCONNECTED[23]
NLW_second_row_buffer.weight_rows_1_reg_3_CASDINA_UNCONNECTED[24]
NLW_second_row_buffer.weight_rows_1_reg_3_CASDINA_UNCONNECTED[25]
NLW_second_row_buffer.weight_rows_1_reg_3_CASDINA_UNCONNECTED[26]
NLW_second_row_buffer.weight_rows_1_reg_3_CASDINA_UNCONNECTED[27]
NLW_second_row_buffer.weight_rows_1_reg_3_CASDINA_UNCONNECTED[28]
NLW_second_row_buffer.weight_rows_1_reg_3_CASDINA_UNCONNECTED[29]
NLW_second_row_buffer.weight_rows_1_reg_3_CASDINA_UNCONNECTED[30]
NLW_second_row_buffer.weight_rows_1_reg_3_CASDINA_UNCONNECTED[31]
NLW_second_row_buffer.weight_rows_1_reg_3_CASDINB_UNCONNECTED[0]
NLW_second_row_buffer.weight_rows_1_reg_3_CASDINB_UNCONNECTED[1]
NLW_second_row_buffer.weight_rows_1_reg_3_CASDINB_UNCONNECTED[2]
NLW_second_row_buffer.weight_rows_1_reg_3_CASDINB_UNCONNECTED[3]
NLW_second_row_buffer.weight_rows_1_reg_3_CASDINB_UNCONNECTED[4]
NLW_second_row_buffer.weight_rows_1_reg_3_CASDINB_UNCONNECTED[5]
NLW_second_row_buffer.weight_rows_1_reg_3_CASDINB_UNCONNECTED[6]
NLW_second_row_buffer.weight_rows_1_reg_3_CASDINB_UNCONNECTED[7]
NLW_second_row_buffer.weight_rows_1_reg_3_CASDINB_UNCONNECTED[8]
NLW_second_row_buffer.weight_rows_1_reg_3_CASDINB_UNCONNECTED[9]
NLW_second_row_buffer.weight_rows_1_reg_3_CASDINB_UNCONNECTED[10]
NLW_second_row_buffer.weight_rows_1_reg_3_CASDINB_UNCONNECTED[11]
NLW_second_row_buffer.weight_rows_1_reg_3_CASDINB_UNCONNECTED[12]
NLW_second_row_buffer.weight_rows_1_reg_3_CASDINB_UNCONNECTED[13]
NLW_second_row_buffer.weight_rows_1_reg_3_CASDINB_UNCONNECTED[14]
NLW_second_row_buffer.weight_rows_1_reg_3_CASDINB_UNCONNECTED[15]
NLW_second_row_buffer.weight_rows_1_reg_3_CASDINB_UNCONNECTED[16]
NLW_second_row_buffer.weight_rows_1_reg_3_CASDINB_UNCONNECTED[17]
NLW_second_row_buffer.weight_rows_1_reg_3_CASDINB_UNCONNECTED[18]
NLW_second_row_buffer.weight_rows_1_reg_3_CASDINB_UNCONNECTED[19]
NLW_second_row_buffer.weight_rows_1_reg_3_CASDINB_UNCONNECTED[20]
NLW_second_row_buffer.weight_rows_1_reg_3_CASDINB_UNCONNECTED[21]
NLW_second_row_buffer.weight_rows_1_reg_3_CASDINB_UNCONNECTED[22]
NLW_second_row_buffer.weight_rows_1_reg_3_CASDINB_UNCONNECTED[23]
NLW_second_row_buffer.weight_rows_1_reg_3_CASDINB_UNCONNECTED[24]
NLW_second_row_buffer.weight_rows_1_reg_3_CASDINB_UNCONNECTED[25]
NLW_second_row_buffer.weight_rows_1_reg_3_CASDINB_UNCONNECTED[26]
NLW_second_row_buffer.weight_rows_1_reg_3_CASDINB_UNCONNECTED[27]
NLW_second_row_buffer.weight_rows_1_reg_3_CASDINB_UNCONNECTED[28]
NLW_second_row_buffer.weight_rows_1_reg_3_CASDINB_UNCONNECTED[29]
NLW_second_row_buffer.weight_rows_1_reg_3_CASDINB_UNCONNECTED[30]
NLW_second_row_buffer.weight_rows_1_reg_3_CASDINB_UNCONNECTED[31]
NLW_second_row_buffer.weight_rows_1_reg_3_CASDINPA_UNCONNECTED[0]
NLW_second_row_buffer.weight_rows_1_reg_3_CASDINPA_UNCONNECTED[1]
NLW_second_row_buffer.weight_rows_1_reg_3_CASDINPA_UNCONNECTED[2]
NLW_second_row_buffer.weight_rows_1_reg_3_CASDINPA_UNCONNECTED[3]
NLW_second_row_buffer.weight_rows_1_reg_3_CASDINPB_UNCONNECTED[0]
NLW_second_row_buffer.weight_rows_1_reg_3_CASDINPB_UNCONNECTED[1]
NLW_second_row_buffer.weight_rows_1_reg_3_CASDINPB_UNCONNECTED[2]
NLW_second_row_buffer.weight_rows_1_reg_3_CASDINPB_UNCONNECTED[3]
NLW_second_row_buffer.weight_rows_1_reg_3_CASDOUTA_UNCONNECTED[0]
NLW_second_row_buffer.weight_rows_1_reg_3_CASDOUTA_UNCONNECTED[1]
NLW_second_row_buffer.weight_rows_1_reg_3_CASDOUTA_UNCONNECTED[2]
NLW_second_row_buffer.weight_rows_1_reg_3_CASDOUTA_UNCONNECTED[3]
NLW_second_row_buffer.weight_rows_1_reg_3_CASDOUTA_UNCONNECTED[4]
NLW_second_row_buffer.weight_rows_1_reg_3_CASDOUTA_UNCONNECTED[5]
NLW_second_row_buffer.weight_rows_1_reg_3_CASDOUTA_UNCONNECTED[6]
NLW_second_row_buffer.weight_rows_1_reg_3_CASDOUTA_UNCONNECTED[7]
NLW_second_row_buffer.weight_rows_1_reg_3_CASDOUTA_UNCONNECTED[8]
NLW_second_row_buffer.weight_rows_1_reg_3_CASDOUTA_UNCONNECTED[9]
NLW_second_row_buffer.weight_rows_1_reg_3_CASDOUTA_UNCONNECTED[10]
NLW_second_row_buffer.weight_rows_1_reg_3_CASDOUTA_UNCONNECTED[11]
NLW_second_row_buffer.weight_rows_1_reg_3_CASDOUTA_UNCONNECTED[12]
NLW_second_row_buffer.weight_rows_1_reg_3_CASDOUTA_UNCONNECTED[13]
NLW_second_row_buffer.weight_rows_1_reg_3_CASDOUTA_UNCONNECTED[14]
NLW_second_row_buffer.weight_rows_1_reg_3_CASDOUTA_UNCONNECTED[15]
NLW_second_row_buffer.weight_rows_1_reg_3_CASDOUTA_UNCONNECTED[16]
NLW_second_row_buffer.weight_rows_1_reg_3_CASDOUTA_UNCONNECTED[17]
NLW_second_row_buffer.weight_rows_1_reg_3_CASDOUTA_UNCONNECTED[18]
NLW_second_row_buffer.weight_rows_1_reg_3_CASDOUTA_UNCONNECTED[19]
NLW_second_row_buffer.weight_rows_1_reg_3_CASDOUTA_UNCONNECTED[20]
NLW_second_row_buffer.weight_rows_1_reg_3_CASDOUTA_UNCONNECTED[21]
NLW_second_row_buffer.weight_rows_1_reg_3_CASDOUTA_UNCONNECTED[22]
NLW_second_row_buffer.weight_rows_1_reg_3_CASDOUTA_UNCONNECTED[23]
NLW_second_row_buffer.weight_rows_1_reg_3_CASDOUTA_UNCONNECTED[24]
NLW_second_row_buffer.weight_rows_1_reg_3_CASDOUTA_UNCONNECTED[25]
NLW_second_row_buffer.weight_rows_1_reg_3_CASDOUTA_UNCONNECTED[26]
NLW_second_row_buffer.weight_rows_1_reg_3_CASDOUTA_UNCONNECTED[27]
NLW_second_row_buffer.weight_rows_1_reg_3_CASDOUTA_UNCONNECTED[28]
NLW_second_row_buffer.weight_rows_1_reg_3_CASDOUTA_UNCONNECTED[29]
NLW_second_row_buffer.weight_rows_1_reg_3_CASDOUTA_UNCONNECTED[30]
NLW_second_row_buffer.weight_rows_1_reg_3_CASDOUTA_UNCONNECTED[31]
NLW_second_row_buffer.weight_rows_1_reg_3_CASDOUTB_UNCONNECTED[0]
NLW_second_row_buffer.weight_rows_1_reg_3_CASDOUTB_UNCONNECTED[1]
NLW_second_row_buffer.weight_rows_1_reg_3_CASDOUTB_UNCONNECTED[2]
NLW_second_row_buffer.weight_rows_1_reg_3_CASDOUTB_UNCONNECTED[3]
NLW_second_row_buffer.weight_rows_1_reg_3_CASDOUTB_UNCONNECTED[4]
NLW_second_row_buffer.weight_rows_1_reg_3_CASDOUTB_UNCONNECTED[5]
NLW_second_row_buffer.weight_rows_1_reg_3_CASDOUTB_UNCONNECTED[6]
NLW_second_row_buffer.weight_rows_1_reg_3_CASDOUTB_UNCONNECTED[7]
NLW_second_row_buffer.weight_rows_1_reg_3_CASDOUTB_UNCONNECTED[8]
NLW_second_row_buffer.weight_rows_1_reg_3_CASDOUTB_UNCONNECTED[9]
NLW_second_row_buffer.weight_rows_1_reg_3_CASDOUTB_UNCONNECTED[10]
NLW_second_row_buffer.weight_rows_1_reg_3_CASDOUTB_UNCONNECTED[11]
NLW_second_row_buffer.weight_rows_1_reg_3_CASDOUTB_UNCONNECTED[12]
NLW_second_row_buffer.weight_rows_1_reg_3_CASDOUTB_UNCONNECTED[13]
NLW_second_row_buffer.weight_rows_1_reg_3_CASDOUTB_UNCONNECTED[14]
NLW_second_row_buffer.weight_rows_1_reg_3_CASDOUTB_UNCONNECTED[15]
NLW_second_row_buffer.weight_rows_1_reg_3_CASDOUTB_UNCONNECTED[16]
NLW_second_row_buffer.weight_rows_1_reg_3_CASDOUTB_UNCONNECTED[17]
NLW_second_row_buffer.weight_rows_1_reg_3_CASDOUTB_UNCONNECTED[18]
NLW_second_row_buffer.weight_rows_1_reg_3_CASDOUTB_UNCONNECTED[19]
NLW_second_row_buffer.weight_rows_1_reg_3_CASDOUTB_UNCONNECTED[20]
NLW_second_row_buffer.weight_rows_1_reg_3_CASDOUTB_UNCONNECTED[21]
NLW_second_row_buffer.weight_rows_1_reg_3_CASDOUTB_UNCONNECTED[22]
NLW_second_row_buffer.weight_rows_1_reg_3_CASDOUTB_UNCONNECTED[23]
NLW_second_row_buffer.weight_rows_1_reg_3_CASDOUTB_UNCONNECTED[24]
NLW_second_row_buffer.weight_rows_1_reg_3_CASDOUTB_UNCONNECTED[25]
NLW_second_row_buffer.weight_rows_1_reg_3_CASDOUTB_UNCONNECTED[26]
NLW_second_row_buffer.weight_rows_1_reg_3_CASDOUTB_UNCONNECTED[27]
NLW_second_row_buffer.weight_rows_1_reg_3_CASDOUTB_UNCONNECTED[28]
NLW_second_row_buffer.weight_rows_1_reg_3_CASDOUTB_UNCONNECTED[29]
NLW_second_row_buffer.weight_rows_1_reg_3_CASDOUTB_UNCONNECTED[30]
NLW_second_row_buffer.weight_rows_1_reg_3_CASDOUTB_UNCONNECTED[31]
NLW_second_row_buffer.weight_rows_1_reg_3_CASDOUTPA_UNCONNECTED[0]
NLW_second_row_buffer.weight_rows_1_reg_3_CASDOUTPA_UNCONNECTED[1]
NLW_second_row_buffer.weight_rows_1_reg_3_CASDOUTPA_UNCONNECTED[2]
NLW_second_row_buffer.weight_rows_1_reg_3_CASDOUTPA_UNCONNECTED[3]
NLW_second_row_buffer.weight_rows_1_reg_3_CASDOUTPB_UNCONNECTED[0]
NLW_second_row_buffer.weight_rows_1_reg_3_CASDOUTPB_UNCONNECTED[1]
NLW_second_row_buffer.weight_rows_1_reg_3_CASDOUTPB_UNCONNECTED[2]
NLW_second_row_buffer.weight_rows_1_reg_3_CASDOUTPB_UNCONNECTED[3]
NLW_second_row_buffer.weight_rows_1_reg_3_DOUTBDOUT_UNCONNECTED[8]
NLW_second_row_buffer.weight_rows_1_reg_3_DOUTBDOUT_UNCONNECTED[9]
NLW_second_row_buffer.weight_rows_1_reg_3_DOUTBDOUT_UNCONNECTED[10]
NLW_second_row_buffer.weight_rows_1_reg_3_DOUTBDOUT_UNCONNECTED[11]
NLW_second_row_buffer.weight_rows_1_reg_3_DOUTBDOUT_UNCONNECTED[12]
NLW_second_row_buffer.weight_rows_1_reg_3_DOUTBDOUT_UNCONNECTED[13]
NLW_second_row_buffer.weight_rows_1_reg_3_DOUTBDOUT_UNCONNECTED[14]
NLW_second_row_buffer.weight_rows_1_reg_3_DOUTBDOUT_UNCONNECTED[15]
NLW_second_row_buffer.weight_rows_1_reg_3_DOUTBDOUT_UNCONNECTED[16]
NLW_second_row_buffer.weight_rows_1_reg_3_DOUTBDOUT_UNCONNECTED[17]
NLW_second_row_buffer.weight_rows_1_reg_3_DOUTBDOUT_UNCONNECTED[18]
NLW_second_row_buffer.weight_rows_1_reg_3_DOUTBDOUT_UNCONNECTED[19]
NLW_second_row_buffer.weight_rows_1_reg_3_DOUTBDOUT_UNCONNECTED[20]
NLW_second_row_buffer.weight_rows_1_reg_3_DOUTBDOUT_UNCONNECTED[21]
NLW_second_row_buffer.weight_rows_1_reg_3_DOUTBDOUT_UNCONNECTED[22]
NLW_second_row_buffer.weight_rows_1_reg_3_DOUTBDOUT_UNCONNECTED[23]
NLW_second_row_buffer.weight_rows_1_reg_3_DOUTBDOUT_UNCONNECTED[24]
NLW_second_row_buffer.weight_rows_1_reg_3_DOUTBDOUT_UNCONNECTED[25]
NLW_second_row_buffer.weight_rows_1_reg_3_DOUTBDOUT_UNCONNECTED[26]
NLW_second_row_buffer.weight_rows_1_reg_3_DOUTBDOUT_UNCONNECTED[27]
NLW_second_row_buffer.weight_rows_1_reg_3_DOUTBDOUT_UNCONNECTED[28]
NLW_second_row_buffer.weight_rows_1_reg_3_DOUTBDOUT_UNCONNECTED[29]
NLW_second_row_buffer.weight_rows_1_reg_3_DOUTBDOUT_UNCONNECTED[30]
NLW_second_row_buffer.weight_rows_1_reg_3_DOUTBDOUT_UNCONNECTED[31]
NLW_second_row_buffer.weight_rows_1_reg_3_DOUTPADOUTP_UNCONNECTED[0]
NLW_second_row_buffer.weight_rows_1_reg_3_DOUTPADOUTP_UNCONNECTED[1]
NLW_second_row_buffer.weight_rows_1_reg_3_DOUTPADOUTP_UNCONNECTED[2]
NLW_second_row_buffer.weight_rows_1_reg_3_DOUTPADOUTP_UNCONNECTED[3]
NLW_second_row_buffer.weight_rows_1_reg_3_DOUTPBDOUTP_UNCONNECTED[0]
NLW_second_row_buffer.weight_rows_1_reg_3_DOUTPBDOUTP_UNCONNECTED[1]
NLW_second_row_buffer.weight_rows_1_reg_3_DOUTPBDOUTP_UNCONNECTED[2]
NLW_second_row_buffer.weight_rows_1_reg_3_DOUTPBDOUTP_UNCONNECTED[3]
NLW_second_row_buffer.weight_rows_1_reg_3_ECCPARITY_UNCONNECTED[0]
NLW_second_row_buffer.weight_rows_1_reg_3_ECCPARITY_UNCONNECTED[1]
NLW_second_row_buffer.weight_rows_1_reg_3_ECCPARITY_UNCONNECTED[2]
NLW_second_row_buffer.weight_rows_1_reg_3_ECCPARITY_UNCONNECTED[3]
NLW_second_row_buffer.weight_rows_1_reg_3_ECCPARITY_UNCONNECTED[4]
NLW_second_row_buffer.weight_rows_1_reg_3_ECCPARITY_UNCONNECTED[5]
NLW_second_row_buffer.weight_rows_1_reg_3_ECCPARITY_UNCONNECTED[6]
NLW_second_row_buffer.weight_rows_1_reg_3_ECCPARITY_UNCONNECTED[7]
NLW_second_row_buffer.weight_rows_1_reg_3_RDADDRECC_UNCONNECTED[0]
NLW_second_row_buffer.weight_rows_1_reg_3_RDADDRECC_UNCONNECTED[1]
NLW_second_row_buffer.weight_rows_1_reg_3_RDADDRECC_UNCONNECTED[2]
NLW_second_row_buffer.weight_rows_1_reg_3_RDADDRECC_UNCONNECTED[3]
NLW_second_row_buffer.weight_rows_1_reg_3_RDADDRECC_UNCONNECTED[4]
NLW_second_row_buffer.weight_rows_1_reg_3_RDADDRECC_UNCONNECTED[5]
NLW_second_row_buffer.weight_rows_1_reg_3_RDADDRECC_UNCONNECTED[6]
NLW_second_row_buffer.weight_rows_1_reg_3_RDADDRECC_UNCONNECTED[7]
NLW_second_row_buffer.weight_rows_1_reg_3_RDADDRECC_UNCONNECTED[8]
NLW_spike_mem_reg_0_CASOUTDBITERR_UNCONNECTED
NLW_spike_mem_reg_0_CASOUTSBITERR_UNCONNECTED
NLW_spike_mem_reg_0_DBITERR_UNCONNECTED
NLW_spike_mem_reg_0_SBITERR_UNCONNECTED
NLW_spike_mem_reg_0_CASDOUTA_UNCONNECTED[0]
NLW_spike_mem_reg_0_CASDOUTA_UNCONNECTED[1]
NLW_spike_mem_reg_0_CASDOUTA_UNCONNECTED[2]
NLW_spike_mem_reg_0_CASDOUTA_UNCONNECTED[3]
NLW_spike_mem_reg_0_CASDOUTA_UNCONNECTED[4]
NLW_spike_mem_reg_0_CASDOUTA_UNCONNECTED[5]
NLW_spike_mem_reg_0_CASDOUTA_UNCONNECTED[6]
NLW_spike_mem_reg_0_CASDOUTA_UNCONNECTED[7]
NLW_spike_mem_reg_0_CASDOUTA_UNCONNECTED[8]
NLW_spike_mem_reg_0_CASDOUTA_UNCONNECTED[9]
NLW_spike_mem_reg_0_CASDOUTA_UNCONNECTED[10]
NLW_spike_mem_reg_0_CASDOUTA_UNCONNECTED[11]
NLW_spike_mem_reg_0_CASDOUTA_UNCONNECTED[12]
NLW_spike_mem_reg_0_CASDOUTA_UNCONNECTED[13]
NLW_spike_mem_reg_0_CASDOUTA_UNCONNECTED[14]
NLW_spike_mem_reg_0_CASDOUTA_UNCONNECTED[15]
NLW_spike_mem_reg_0_CASDOUTA_UNCONNECTED[16]
NLW_spike_mem_reg_0_CASDOUTA_UNCONNECTED[17]
NLW_spike_mem_reg_0_CASDOUTA_UNCONNECTED[18]
NLW_spike_mem_reg_0_CASDOUTA_UNCONNECTED[19]
NLW_spike_mem_reg_0_CASDOUTA_UNCONNECTED[20]
NLW_spike_mem_reg_0_CASDOUTA_UNCONNECTED[21]
NLW_spike_mem_reg_0_CASDOUTA_UNCONNECTED[22]
NLW_spike_mem_reg_0_CASDOUTA_UNCONNECTED[23]
NLW_spike_mem_reg_0_CASDOUTA_UNCONNECTED[24]
NLW_spike_mem_reg_0_CASDOUTA_UNCONNECTED[25]
NLW_spike_mem_reg_0_CASDOUTA_UNCONNECTED[26]
NLW_spike_mem_reg_0_CASDOUTA_UNCONNECTED[27]
NLW_spike_mem_reg_0_CASDOUTA_UNCONNECTED[28]
NLW_spike_mem_reg_0_CASDOUTA_UNCONNECTED[29]
NLW_spike_mem_reg_0_CASDOUTA_UNCONNECTED[30]
NLW_spike_mem_reg_0_CASDOUTA_UNCONNECTED[31]
NLW_spike_mem_reg_0_CASDOUTB_UNCONNECTED[0]
NLW_spike_mem_reg_0_CASDOUTB_UNCONNECTED[1]
NLW_spike_mem_reg_0_CASDOUTB_UNCONNECTED[2]
NLW_spike_mem_reg_0_CASDOUTB_UNCONNECTED[3]
NLW_spike_mem_reg_0_CASDOUTB_UNCONNECTED[4]
NLW_spike_mem_reg_0_CASDOUTB_UNCONNECTED[5]
NLW_spike_mem_reg_0_CASDOUTB_UNCONNECTED[6]
NLW_spike_mem_reg_0_CASDOUTB_UNCONNECTED[7]
NLW_spike_mem_reg_0_CASDOUTB_UNCONNECTED[8]
NLW_spike_mem_reg_0_CASDOUTB_UNCONNECTED[9]
NLW_spike_mem_reg_0_CASDOUTB_UNCONNECTED[10]
NLW_spike_mem_reg_0_CASDOUTB_UNCONNECTED[11]
NLW_spike_mem_reg_0_CASDOUTB_UNCONNECTED[12]
NLW_spike_mem_reg_0_CASDOUTB_UNCONNECTED[13]
NLW_spike_mem_reg_0_CASDOUTB_UNCONNECTED[14]
NLW_spike_mem_reg_0_CASDOUTB_UNCONNECTED[15]
NLW_spike_mem_reg_0_CASDOUTB_UNCONNECTED[16]
NLW_spike_mem_reg_0_CASDOUTB_UNCONNECTED[17]
NLW_spike_mem_reg_0_CASDOUTB_UNCONNECTED[18]
NLW_spike_mem_reg_0_CASDOUTB_UNCONNECTED[19]
NLW_spike_mem_reg_0_CASDOUTB_UNCONNECTED[20]
NLW_spike_mem_reg_0_CASDOUTB_UNCONNECTED[21]
NLW_spike_mem_reg_0_CASDOUTB_UNCONNECTED[22]
NLW_spike_mem_reg_0_CASDOUTB_UNCONNECTED[23]
NLW_spike_mem_reg_0_CASDOUTB_UNCONNECTED[24]
NLW_spike_mem_reg_0_CASDOUTB_UNCONNECTED[25]
NLW_spike_mem_reg_0_CASDOUTB_UNCONNECTED[26]
NLW_spike_mem_reg_0_CASDOUTB_UNCONNECTED[27]
NLW_spike_mem_reg_0_CASDOUTB_UNCONNECTED[28]
NLW_spike_mem_reg_0_CASDOUTB_UNCONNECTED[29]
NLW_spike_mem_reg_0_CASDOUTB_UNCONNECTED[30]
NLW_spike_mem_reg_0_CASDOUTB_UNCONNECTED[31]
NLW_spike_mem_reg_0_CASDOUTPA_UNCONNECTED[0]
NLW_spike_mem_reg_0_CASDOUTPA_UNCONNECTED[1]
NLW_spike_mem_reg_0_CASDOUTPA_UNCONNECTED[2]
NLW_spike_mem_reg_0_CASDOUTPA_UNCONNECTED[3]
NLW_spike_mem_reg_0_CASDOUTPB_UNCONNECTED[0]
NLW_spike_mem_reg_0_CASDOUTPB_UNCONNECTED[1]
NLW_spike_mem_reg_0_CASDOUTPB_UNCONNECTED[2]
NLW_spike_mem_reg_0_CASDOUTPB_UNCONNECTED[3]
NLW_spike_mem_reg_0_DOUTADOUT_UNCONNECTED[0]
NLW_spike_mem_reg_0_DOUTADOUT_UNCONNECTED[1]
NLW_spike_mem_reg_0_DOUTADOUT_UNCONNECTED[2]
NLW_spike_mem_reg_0_DOUTADOUT_UNCONNECTED[3]
NLW_spike_mem_reg_0_DOUTADOUT_UNCONNECTED[4]
NLW_spike_mem_reg_0_DOUTADOUT_UNCONNECTED[5]
NLW_spike_mem_reg_0_DOUTADOUT_UNCONNECTED[6]
NLW_spike_mem_reg_0_DOUTADOUT_UNCONNECTED[7]
NLW_spike_mem_reg_0_DOUTADOUT_UNCONNECTED[8]
NLW_spike_mem_reg_0_DOUTADOUT_UNCONNECTED[9]
NLW_spike_mem_reg_0_DOUTADOUT_UNCONNECTED[10]
NLW_spike_mem_reg_0_DOUTADOUT_UNCONNECTED[11]
NLW_spike_mem_reg_0_DOUTADOUT_UNCONNECTED[12]
NLW_spike_mem_reg_0_DOUTADOUT_UNCONNECTED[13]
NLW_spike_mem_reg_0_DOUTADOUT_UNCONNECTED[14]
NLW_spike_mem_reg_0_DOUTADOUT_UNCONNECTED[15]
NLW_spike_mem_reg_0_DOUTADOUT_UNCONNECTED[16]
NLW_spike_mem_reg_0_DOUTADOUT_UNCONNECTED[17]
NLW_spike_mem_reg_0_DOUTADOUT_UNCONNECTED[18]
NLW_spike_mem_reg_0_DOUTADOUT_UNCONNECTED[19]
NLW_spike_mem_reg_0_DOUTADOUT_UNCONNECTED[20]
NLW_spike_mem_reg_0_DOUTADOUT_UNCONNECTED[21]
NLW_spike_mem_reg_0_DOUTADOUT_UNCONNECTED[22]
NLW_spike_mem_reg_0_DOUTADOUT_UNCONNECTED[23]
NLW_spike_mem_reg_0_DOUTADOUT_UNCONNECTED[24]
NLW_spike_mem_reg_0_DOUTADOUT_UNCONNECTED[25]
NLW_spike_mem_reg_0_DOUTADOUT_UNCONNECTED[26]
NLW_spike_mem_reg_0_DOUTADOUT_UNCONNECTED[27]
NLW_spike_mem_reg_0_DOUTADOUT_UNCONNECTED[28]
NLW_spike_mem_reg_0_DOUTADOUT_UNCONNECTED[29]
NLW_spike_mem_reg_0_DOUTADOUT_UNCONNECTED[30]
NLW_spike_mem_reg_0_DOUTADOUT_UNCONNECTED[31]
NLW_spike_mem_reg_0_DOUTBDOUT_UNCONNECTED[4]
NLW_spike_mem_reg_0_DOUTBDOUT_UNCONNECTED[5]
NLW_spike_mem_reg_0_DOUTBDOUT_UNCONNECTED[6]
NLW_spike_mem_reg_0_DOUTBDOUT_UNCONNECTED[7]
NLW_spike_mem_reg_0_DOUTBDOUT_UNCONNECTED[8]
NLW_spike_mem_reg_0_DOUTBDOUT_UNCONNECTED[9]
NLW_spike_mem_reg_0_DOUTBDOUT_UNCONNECTED[10]
NLW_spike_mem_reg_0_DOUTBDOUT_UNCONNECTED[11]
NLW_spike_mem_reg_0_DOUTBDOUT_UNCONNECTED[12]
NLW_spike_mem_reg_0_DOUTBDOUT_UNCONNECTED[13]
NLW_spike_mem_reg_0_DOUTBDOUT_UNCONNECTED[14]
NLW_spike_mem_reg_0_DOUTBDOUT_UNCONNECTED[15]
NLW_spike_mem_reg_0_DOUTBDOUT_UNCONNECTED[16]
NLW_spike_mem_reg_0_DOUTBDOUT_UNCONNECTED[17]
NLW_spike_mem_reg_0_DOUTBDOUT_UNCONNECTED[18]
NLW_spike_mem_reg_0_DOUTBDOUT_UNCONNECTED[19]
NLW_spike_mem_reg_0_DOUTBDOUT_UNCONNECTED[20]
NLW_spike_mem_reg_0_DOUTBDOUT_UNCONNECTED[21]
NLW_spike_mem_reg_0_DOUTBDOUT_UNCONNECTED[22]
NLW_spike_mem_reg_0_DOUTBDOUT_UNCONNECTED[23]
NLW_spike_mem_reg_0_DOUTBDOUT_UNCONNECTED[24]
NLW_spike_mem_reg_0_DOUTBDOUT_UNCONNECTED[25]
NLW_spike_mem_reg_0_DOUTBDOUT_UNCONNECTED[26]
NLW_spike_mem_reg_0_DOUTBDOUT_UNCONNECTED[27]
NLW_spike_mem_reg_0_DOUTBDOUT_UNCONNECTED[28]
NLW_spike_mem_reg_0_DOUTBDOUT_UNCONNECTED[29]
NLW_spike_mem_reg_0_DOUTBDOUT_UNCONNECTED[30]
NLW_spike_mem_reg_0_DOUTBDOUT_UNCONNECTED[31]
NLW_spike_mem_reg_0_DOUTPADOUTP_UNCONNECTED[0]
NLW_spike_mem_reg_0_DOUTPADOUTP_UNCONNECTED[1]
NLW_spike_mem_reg_0_DOUTPADOUTP_UNCONNECTED[2]
NLW_spike_mem_reg_0_DOUTPADOUTP_UNCONNECTED[3]
NLW_spike_mem_reg_0_DOUTPBDOUTP_UNCONNECTED[0]
NLW_spike_mem_reg_0_DOUTPBDOUTP_UNCONNECTED[1]
NLW_spike_mem_reg_0_DOUTPBDOUTP_UNCONNECTED[2]
NLW_spike_mem_reg_0_DOUTPBDOUTP_UNCONNECTED[3]
NLW_spike_mem_reg_0_ECCPARITY_UNCONNECTED[0]
NLW_spike_mem_reg_0_ECCPARITY_UNCONNECTED[1]
NLW_spike_mem_reg_0_ECCPARITY_UNCONNECTED[2]
NLW_spike_mem_reg_0_ECCPARITY_UNCONNECTED[3]
NLW_spike_mem_reg_0_ECCPARITY_UNCONNECTED[4]
NLW_spike_mem_reg_0_ECCPARITY_UNCONNECTED[5]
NLW_spike_mem_reg_0_ECCPARITY_UNCONNECTED[6]
NLW_spike_mem_reg_0_ECCPARITY_UNCONNECTED[7]
NLW_spike_mem_reg_0_RDADDRECC_UNCONNECTED[0]
NLW_spike_mem_reg_0_RDADDRECC_UNCONNECTED[1]
NLW_spike_mem_reg_0_RDADDRECC_UNCONNECTED[2]
NLW_spike_mem_reg_0_RDADDRECC_UNCONNECTED[3]
NLW_spike_mem_reg_0_RDADDRECC_UNCONNECTED[4]
NLW_spike_mem_reg_0_RDADDRECC_UNCONNECTED[5]
NLW_spike_mem_reg_0_RDADDRECC_UNCONNECTED[6]
NLW_spike_mem_reg_0_RDADDRECC_UNCONNECTED[7]
NLW_spike_mem_reg_0_RDADDRECC_UNCONNECTED[8]
NLW_spike_mem_reg_1_CASOUTDBITERR_UNCONNECTED
NLW_spike_mem_reg_1_CASOUTSBITERR_UNCONNECTED
NLW_spike_mem_reg_1_DBITERR_UNCONNECTED
NLW_spike_mem_reg_1_SBITERR_UNCONNECTED
NLW_spike_mem_reg_1_CASDOUTA_UNCONNECTED[0]
NLW_spike_mem_reg_1_CASDOUTA_UNCONNECTED[1]
NLW_spike_mem_reg_1_CASDOUTA_UNCONNECTED[2]
NLW_spike_mem_reg_1_CASDOUTA_UNCONNECTED[3]
NLW_spike_mem_reg_1_CASDOUTA_UNCONNECTED[4]
NLW_spike_mem_reg_1_CASDOUTA_UNCONNECTED[5]
NLW_spike_mem_reg_1_CASDOUTA_UNCONNECTED[6]
NLW_spike_mem_reg_1_CASDOUTA_UNCONNECTED[7]
NLW_spike_mem_reg_1_CASDOUTA_UNCONNECTED[8]
NLW_spike_mem_reg_1_CASDOUTA_UNCONNECTED[9]
NLW_spike_mem_reg_1_CASDOUTA_UNCONNECTED[10]
NLW_spike_mem_reg_1_CASDOUTA_UNCONNECTED[11]
NLW_spike_mem_reg_1_CASDOUTA_UNCONNECTED[12]
NLW_spike_mem_reg_1_CASDOUTA_UNCONNECTED[13]
NLW_spike_mem_reg_1_CASDOUTA_UNCONNECTED[14]
NLW_spike_mem_reg_1_CASDOUTA_UNCONNECTED[15]
NLW_spike_mem_reg_1_CASDOUTA_UNCONNECTED[16]
NLW_spike_mem_reg_1_CASDOUTA_UNCONNECTED[17]
NLW_spike_mem_reg_1_CASDOUTA_UNCONNECTED[18]
NLW_spike_mem_reg_1_CASDOUTA_UNCONNECTED[19]
NLW_spike_mem_reg_1_CASDOUTA_UNCONNECTED[20]
NLW_spike_mem_reg_1_CASDOUTA_UNCONNECTED[21]
NLW_spike_mem_reg_1_CASDOUTA_UNCONNECTED[22]
NLW_spike_mem_reg_1_CASDOUTA_UNCONNECTED[23]
NLW_spike_mem_reg_1_CASDOUTA_UNCONNECTED[24]
NLW_spike_mem_reg_1_CASDOUTA_UNCONNECTED[25]
NLW_spike_mem_reg_1_CASDOUTA_UNCONNECTED[26]
NLW_spike_mem_reg_1_CASDOUTA_UNCONNECTED[27]
NLW_spike_mem_reg_1_CASDOUTA_UNCONNECTED[28]
NLW_spike_mem_reg_1_CASDOUTA_UNCONNECTED[29]
NLW_spike_mem_reg_1_CASDOUTA_UNCONNECTED[30]
NLW_spike_mem_reg_1_CASDOUTA_UNCONNECTED[31]
NLW_spike_mem_reg_1_CASDOUTB_UNCONNECTED[0]
NLW_spike_mem_reg_1_CASDOUTB_UNCONNECTED[1]
NLW_spike_mem_reg_1_CASDOUTB_UNCONNECTED[2]
NLW_spike_mem_reg_1_CASDOUTB_UNCONNECTED[3]
NLW_spike_mem_reg_1_CASDOUTB_UNCONNECTED[4]
NLW_spike_mem_reg_1_CASDOUTB_UNCONNECTED[5]
NLW_spike_mem_reg_1_CASDOUTB_UNCONNECTED[6]
NLW_spike_mem_reg_1_CASDOUTB_UNCONNECTED[7]
NLW_spike_mem_reg_1_CASDOUTB_UNCONNECTED[8]
NLW_spike_mem_reg_1_CASDOUTB_UNCONNECTED[9]
NLW_spike_mem_reg_1_CASDOUTB_UNCONNECTED[10]
NLW_spike_mem_reg_1_CASDOUTB_UNCONNECTED[11]
NLW_spike_mem_reg_1_CASDOUTB_UNCONNECTED[12]
NLW_spike_mem_reg_1_CASDOUTB_UNCONNECTED[13]
NLW_spike_mem_reg_1_CASDOUTB_UNCONNECTED[14]
NLW_spike_mem_reg_1_CASDOUTB_UNCONNECTED[15]
NLW_spike_mem_reg_1_CASDOUTB_UNCONNECTED[16]
NLW_spike_mem_reg_1_CASDOUTB_UNCONNECTED[17]
NLW_spike_mem_reg_1_CASDOUTB_UNCONNECTED[18]
NLW_spike_mem_reg_1_CASDOUTB_UNCONNECTED[19]
NLW_spike_mem_reg_1_CASDOUTB_UNCONNECTED[20]
NLW_spike_mem_reg_1_CASDOUTB_UNCONNECTED[21]
NLW_spike_mem_reg_1_CASDOUTB_UNCONNECTED[22]
NLW_spike_mem_reg_1_CASDOUTB_UNCONNECTED[23]
NLW_spike_mem_reg_1_CASDOUTB_UNCONNECTED[24]
NLW_spike_mem_reg_1_CASDOUTB_UNCONNECTED[25]
NLW_spike_mem_reg_1_CASDOUTB_UNCONNECTED[26]
NLW_spike_mem_reg_1_CASDOUTB_UNCONNECTED[27]
NLW_spike_mem_reg_1_CASDOUTB_UNCONNECTED[28]
NLW_spike_mem_reg_1_CASDOUTB_UNCONNECTED[29]
NLW_spike_mem_reg_1_CASDOUTB_UNCONNECTED[30]
NLW_spike_mem_reg_1_CASDOUTB_UNCONNECTED[31]
NLW_spike_mem_reg_1_CASDOUTPA_UNCONNECTED[0]
NLW_spike_mem_reg_1_CASDOUTPA_UNCONNECTED[1]
NLW_spike_mem_reg_1_CASDOUTPA_UNCONNECTED[2]
NLW_spike_mem_reg_1_CASDOUTPA_UNCONNECTED[3]
NLW_spike_mem_reg_1_CASDOUTPB_UNCONNECTED[0]
NLW_spike_mem_reg_1_CASDOUTPB_UNCONNECTED[1]
NLW_spike_mem_reg_1_CASDOUTPB_UNCONNECTED[2]
NLW_spike_mem_reg_1_CASDOUTPB_UNCONNECTED[3]
NLW_spike_mem_reg_1_DOUTADOUT_UNCONNECTED[0]
NLW_spike_mem_reg_1_DOUTADOUT_UNCONNECTED[1]
NLW_spike_mem_reg_1_DOUTADOUT_UNCONNECTED[2]
NLW_spike_mem_reg_1_DOUTADOUT_UNCONNECTED[3]
NLW_spike_mem_reg_1_DOUTADOUT_UNCONNECTED[4]
NLW_spike_mem_reg_1_DOUTADOUT_UNCONNECTED[5]
NLW_spike_mem_reg_1_DOUTADOUT_UNCONNECTED[6]
NLW_spike_mem_reg_1_DOUTADOUT_UNCONNECTED[7]
NLW_spike_mem_reg_1_DOUTADOUT_UNCONNECTED[8]
NLW_spike_mem_reg_1_DOUTADOUT_UNCONNECTED[9]
NLW_spike_mem_reg_1_DOUTADOUT_UNCONNECTED[10]
NLW_spike_mem_reg_1_DOUTADOUT_UNCONNECTED[11]
NLW_spike_mem_reg_1_DOUTADOUT_UNCONNECTED[12]
NLW_spike_mem_reg_1_DOUTADOUT_UNCONNECTED[13]
NLW_spike_mem_reg_1_DOUTADOUT_UNCONNECTED[14]
NLW_spike_mem_reg_1_DOUTADOUT_UNCONNECTED[15]
NLW_spike_mem_reg_1_DOUTADOUT_UNCONNECTED[16]
NLW_spike_mem_reg_1_DOUTADOUT_UNCONNECTED[17]
NLW_spike_mem_reg_1_DOUTADOUT_UNCONNECTED[18]
NLW_spike_mem_reg_1_DOUTADOUT_UNCONNECTED[19]
NLW_spike_mem_reg_1_DOUTADOUT_UNCONNECTED[20]
NLW_spike_mem_reg_1_DOUTADOUT_UNCONNECTED[21]
NLW_spike_mem_reg_1_DOUTADOUT_UNCONNECTED[22]
NLW_spike_mem_reg_1_DOUTADOUT_UNCONNECTED[23]
NLW_spike_mem_reg_1_DOUTADOUT_UNCONNECTED[24]
NLW_spike_mem_reg_1_DOUTADOUT_UNCONNECTED[25]
NLW_spike_mem_reg_1_DOUTADOUT_UNCONNECTED[26]
NLW_spike_mem_reg_1_DOUTADOUT_UNCONNECTED[27]
NLW_spike_mem_reg_1_DOUTADOUT_UNCONNECTED[28]
NLW_spike_mem_reg_1_DOUTADOUT_UNCONNECTED[29]
NLW_spike_mem_reg_1_DOUTADOUT_UNCONNECTED[30]
NLW_spike_mem_reg_1_DOUTADOUT_UNCONNECTED[31]
NLW_spike_mem_reg_1_DOUTBDOUT_UNCONNECTED[4]
NLW_spike_mem_reg_1_DOUTBDOUT_UNCONNECTED[5]
NLW_spike_mem_reg_1_DOUTBDOUT_UNCONNECTED[6]
NLW_spike_mem_reg_1_DOUTBDOUT_UNCONNECTED[7]
NLW_spike_mem_reg_1_DOUTBDOUT_UNCONNECTED[8]
NLW_spike_mem_reg_1_DOUTBDOUT_UNCONNECTED[9]
NLW_spike_mem_reg_1_DOUTBDOUT_UNCONNECTED[10]
NLW_spike_mem_reg_1_DOUTBDOUT_UNCONNECTED[11]
NLW_spike_mem_reg_1_DOUTBDOUT_UNCONNECTED[12]
NLW_spike_mem_reg_1_DOUTBDOUT_UNCONNECTED[13]
NLW_spike_mem_reg_1_DOUTBDOUT_UNCONNECTED[14]
NLW_spike_mem_reg_1_DOUTBDOUT_UNCONNECTED[15]
NLW_spike_mem_reg_1_DOUTBDOUT_UNCONNECTED[16]
NLW_spike_mem_reg_1_DOUTBDOUT_UNCONNECTED[17]
NLW_spike_mem_reg_1_DOUTBDOUT_UNCONNECTED[18]
NLW_spike_mem_reg_1_DOUTBDOUT_UNCONNECTED[19]
NLW_spike_mem_reg_1_DOUTBDOUT_UNCONNECTED[20]
NLW_spike_mem_reg_1_DOUTBDOUT_UNCONNECTED[21]
NLW_spike_mem_reg_1_DOUTBDOUT_UNCONNECTED[22]
NLW_spike_mem_reg_1_DOUTBDOUT_UNCONNECTED[23]
NLW_spike_mem_reg_1_DOUTBDOUT_UNCONNECTED[24]
NLW_spike_mem_reg_1_DOUTBDOUT_UNCONNECTED[25]
NLW_spike_mem_reg_1_DOUTBDOUT_UNCONNECTED[26]
NLW_spike_mem_reg_1_DOUTBDOUT_UNCONNECTED[27]
NLW_spike_mem_reg_1_DOUTBDOUT_UNCONNECTED[28]
NLW_spike_mem_reg_1_DOUTBDOUT_UNCONNECTED[29]
NLW_spike_mem_reg_1_DOUTBDOUT_UNCONNECTED[30]
NLW_spike_mem_reg_1_DOUTBDOUT_UNCONNECTED[31]
NLW_spike_mem_reg_1_DOUTPADOUTP_UNCONNECTED[0]
NLW_spike_mem_reg_1_DOUTPADOUTP_UNCONNECTED[1]
NLW_spike_mem_reg_1_DOUTPADOUTP_UNCONNECTED[2]
NLW_spike_mem_reg_1_DOUTPADOUTP_UNCONNECTED[3]
NLW_spike_mem_reg_1_DOUTPBDOUTP_UNCONNECTED[0]
NLW_spike_mem_reg_1_DOUTPBDOUTP_UNCONNECTED[1]
NLW_spike_mem_reg_1_DOUTPBDOUTP_UNCONNECTED[2]
NLW_spike_mem_reg_1_DOUTPBDOUTP_UNCONNECTED[3]
NLW_spike_mem_reg_1_ECCPARITY_UNCONNECTED[0]
NLW_spike_mem_reg_1_ECCPARITY_UNCONNECTED[1]
NLW_spike_mem_reg_1_ECCPARITY_UNCONNECTED[2]
NLW_spike_mem_reg_1_ECCPARITY_UNCONNECTED[3]
NLW_spike_mem_reg_1_ECCPARITY_UNCONNECTED[4]
NLW_spike_mem_reg_1_ECCPARITY_UNCONNECTED[5]
NLW_spike_mem_reg_1_ECCPARITY_UNCONNECTED[6]
NLW_spike_mem_reg_1_ECCPARITY_UNCONNECTED[7]
NLW_spike_mem_reg_1_RDADDRECC_UNCONNECTED[0]
NLW_spike_mem_reg_1_RDADDRECC_UNCONNECTED[1]
NLW_spike_mem_reg_1_RDADDRECC_UNCONNECTED[2]
NLW_spike_mem_reg_1_RDADDRECC_UNCONNECTED[3]
NLW_spike_mem_reg_1_RDADDRECC_UNCONNECTED[4]
NLW_spike_mem_reg_1_RDADDRECC_UNCONNECTED[5]
NLW_spike_mem_reg_1_RDADDRECC_UNCONNECTED[6]
NLW_spike_mem_reg_1_RDADDRECC_UNCONNECTED[7]
NLW_spike_mem_reg_1_RDADDRECC_UNCONNECTED[8]
NLW_spike_mem_reg_2_CASOUTDBITERR_UNCONNECTED
NLW_spike_mem_reg_2_CASOUTSBITERR_UNCONNECTED
NLW_spike_mem_reg_2_DBITERR_UNCONNECTED
NLW_spike_mem_reg_2_SBITERR_UNCONNECTED
NLW_spike_mem_reg_2_CASDOUTA_UNCONNECTED[0]
NLW_spike_mem_reg_2_CASDOUTA_UNCONNECTED[1]
NLW_spike_mem_reg_2_CASDOUTA_UNCONNECTED[2]
NLW_spike_mem_reg_2_CASDOUTA_UNCONNECTED[3]
NLW_spike_mem_reg_2_CASDOUTA_UNCONNECTED[4]
NLW_spike_mem_reg_2_CASDOUTA_UNCONNECTED[5]
NLW_spike_mem_reg_2_CASDOUTA_UNCONNECTED[6]
NLW_spike_mem_reg_2_CASDOUTA_UNCONNECTED[7]
NLW_spike_mem_reg_2_CASDOUTA_UNCONNECTED[8]
NLW_spike_mem_reg_2_CASDOUTA_UNCONNECTED[9]
NLW_spike_mem_reg_2_CASDOUTA_UNCONNECTED[10]
NLW_spike_mem_reg_2_CASDOUTA_UNCONNECTED[11]
NLW_spike_mem_reg_2_CASDOUTA_UNCONNECTED[12]
NLW_spike_mem_reg_2_CASDOUTA_UNCONNECTED[13]
NLW_spike_mem_reg_2_CASDOUTA_UNCONNECTED[14]
NLW_spike_mem_reg_2_CASDOUTA_UNCONNECTED[15]
NLW_spike_mem_reg_2_CASDOUTA_UNCONNECTED[16]
NLW_spike_mem_reg_2_CASDOUTA_UNCONNECTED[17]
NLW_spike_mem_reg_2_CASDOUTA_UNCONNECTED[18]
NLW_spike_mem_reg_2_CASDOUTA_UNCONNECTED[19]
NLW_spike_mem_reg_2_CASDOUTA_UNCONNECTED[20]
NLW_spike_mem_reg_2_CASDOUTA_UNCONNECTED[21]
NLW_spike_mem_reg_2_CASDOUTA_UNCONNECTED[22]
NLW_spike_mem_reg_2_CASDOUTA_UNCONNECTED[23]
NLW_spike_mem_reg_2_CASDOUTA_UNCONNECTED[24]
NLW_spike_mem_reg_2_CASDOUTA_UNCONNECTED[25]
NLW_spike_mem_reg_2_CASDOUTA_UNCONNECTED[26]
NLW_spike_mem_reg_2_CASDOUTA_UNCONNECTED[27]
NLW_spike_mem_reg_2_CASDOUTA_UNCONNECTED[28]
NLW_spike_mem_reg_2_CASDOUTA_UNCONNECTED[29]
NLW_spike_mem_reg_2_CASDOUTA_UNCONNECTED[30]
NLW_spike_mem_reg_2_CASDOUTA_UNCONNECTED[31]
NLW_spike_mem_reg_2_CASDOUTB_UNCONNECTED[0]
NLW_spike_mem_reg_2_CASDOUTB_UNCONNECTED[1]
NLW_spike_mem_reg_2_CASDOUTB_UNCONNECTED[2]
NLW_spike_mem_reg_2_CASDOUTB_UNCONNECTED[3]
NLW_spike_mem_reg_2_CASDOUTB_UNCONNECTED[4]
NLW_spike_mem_reg_2_CASDOUTB_UNCONNECTED[5]
NLW_spike_mem_reg_2_CASDOUTB_UNCONNECTED[6]
NLW_spike_mem_reg_2_CASDOUTB_UNCONNECTED[7]
NLW_spike_mem_reg_2_CASDOUTB_UNCONNECTED[8]
NLW_spike_mem_reg_2_CASDOUTB_UNCONNECTED[9]
NLW_spike_mem_reg_2_CASDOUTB_UNCONNECTED[10]
NLW_spike_mem_reg_2_CASDOUTB_UNCONNECTED[11]
NLW_spike_mem_reg_2_CASDOUTB_UNCONNECTED[12]
NLW_spike_mem_reg_2_CASDOUTB_UNCONNECTED[13]
NLW_spike_mem_reg_2_CASDOUTB_UNCONNECTED[14]
NLW_spike_mem_reg_2_CASDOUTB_UNCONNECTED[15]
NLW_spike_mem_reg_2_CASDOUTB_UNCONNECTED[16]
NLW_spike_mem_reg_2_CASDOUTB_UNCONNECTED[17]
NLW_spike_mem_reg_2_CASDOUTB_UNCONNECTED[18]
NLW_spike_mem_reg_2_CASDOUTB_UNCONNECTED[19]
NLW_spike_mem_reg_2_CASDOUTB_UNCONNECTED[20]
NLW_spike_mem_reg_2_CASDOUTB_UNCONNECTED[21]
NLW_spike_mem_reg_2_CASDOUTB_UNCONNECTED[22]
NLW_spike_mem_reg_2_CASDOUTB_UNCONNECTED[23]
NLW_spike_mem_reg_2_CASDOUTB_UNCONNECTED[24]
NLW_spike_mem_reg_2_CASDOUTB_UNCONNECTED[25]
NLW_spike_mem_reg_2_CASDOUTB_UNCONNECTED[26]
NLW_spike_mem_reg_2_CASDOUTB_UNCONNECTED[27]
NLW_spike_mem_reg_2_CASDOUTB_UNCONNECTED[28]
NLW_spike_mem_reg_2_CASDOUTB_UNCONNECTED[29]
NLW_spike_mem_reg_2_CASDOUTB_UNCONNECTED[30]
NLW_spike_mem_reg_2_CASDOUTB_UNCONNECTED[31]
NLW_spike_mem_reg_2_CASDOUTPA_UNCONNECTED[0]
NLW_spike_mem_reg_2_CASDOUTPA_UNCONNECTED[1]
NLW_spike_mem_reg_2_CASDOUTPA_UNCONNECTED[2]
NLW_spike_mem_reg_2_CASDOUTPA_UNCONNECTED[3]
NLW_spike_mem_reg_2_CASDOUTPB_UNCONNECTED[0]
NLW_spike_mem_reg_2_CASDOUTPB_UNCONNECTED[1]
NLW_spike_mem_reg_2_CASDOUTPB_UNCONNECTED[2]
NLW_spike_mem_reg_2_CASDOUTPB_UNCONNECTED[3]
NLW_spike_mem_reg_2_DOUTADOUT_UNCONNECTED[0]
NLW_spike_mem_reg_2_DOUTADOUT_UNCONNECTED[1]
NLW_spike_mem_reg_2_DOUTADOUT_UNCONNECTED[2]
NLW_spike_mem_reg_2_DOUTADOUT_UNCONNECTED[3]
NLW_spike_mem_reg_2_DOUTADOUT_UNCONNECTED[4]
NLW_spike_mem_reg_2_DOUTADOUT_UNCONNECTED[5]
NLW_spike_mem_reg_2_DOUTADOUT_UNCONNECTED[6]
NLW_spike_mem_reg_2_DOUTADOUT_UNCONNECTED[7]
NLW_spike_mem_reg_2_DOUTADOUT_UNCONNECTED[8]
NLW_spike_mem_reg_2_DOUTADOUT_UNCONNECTED[9]
NLW_spike_mem_reg_2_DOUTADOUT_UNCONNECTED[10]
NLW_spike_mem_reg_2_DOUTADOUT_UNCONNECTED[11]
NLW_spike_mem_reg_2_DOUTADOUT_UNCONNECTED[12]
NLW_spike_mem_reg_2_DOUTADOUT_UNCONNECTED[13]
NLW_spike_mem_reg_2_DOUTADOUT_UNCONNECTED[14]
NLW_spike_mem_reg_2_DOUTADOUT_UNCONNECTED[15]
NLW_spike_mem_reg_2_DOUTADOUT_UNCONNECTED[16]
NLW_spike_mem_reg_2_DOUTADOUT_UNCONNECTED[17]
NLW_spike_mem_reg_2_DOUTADOUT_UNCONNECTED[18]
NLW_spike_mem_reg_2_DOUTADOUT_UNCONNECTED[19]
NLW_spike_mem_reg_2_DOUTADOUT_UNCONNECTED[20]
NLW_spike_mem_reg_2_DOUTADOUT_UNCONNECTED[21]
NLW_spike_mem_reg_2_DOUTADOUT_UNCONNECTED[22]
NLW_spike_mem_reg_2_DOUTADOUT_UNCONNECTED[23]
NLW_spike_mem_reg_2_DOUTADOUT_UNCONNECTED[24]
NLW_spike_mem_reg_2_DOUTADOUT_UNCONNECTED[25]
NLW_spike_mem_reg_2_DOUTADOUT_UNCONNECTED[26]
NLW_spike_mem_reg_2_DOUTADOUT_UNCONNECTED[27]
NLW_spike_mem_reg_2_DOUTADOUT_UNCONNECTED[28]
NLW_spike_mem_reg_2_DOUTADOUT_UNCONNECTED[29]
NLW_spike_mem_reg_2_DOUTADOUT_UNCONNECTED[30]
NLW_spike_mem_reg_2_DOUTADOUT_UNCONNECTED[31]
NLW_spike_mem_reg_2_DOUTBDOUT_UNCONNECTED[4]
NLW_spike_mem_reg_2_DOUTBDOUT_UNCONNECTED[5]
NLW_spike_mem_reg_2_DOUTBDOUT_UNCONNECTED[6]
NLW_spike_mem_reg_2_DOUTBDOUT_UNCONNECTED[7]
NLW_spike_mem_reg_2_DOUTBDOUT_UNCONNECTED[8]
NLW_spike_mem_reg_2_DOUTBDOUT_UNCONNECTED[9]
NLW_spike_mem_reg_2_DOUTBDOUT_UNCONNECTED[10]
NLW_spike_mem_reg_2_DOUTBDOUT_UNCONNECTED[11]
NLW_spike_mem_reg_2_DOUTBDOUT_UNCONNECTED[12]
NLW_spike_mem_reg_2_DOUTBDOUT_UNCONNECTED[13]
NLW_spike_mem_reg_2_DOUTBDOUT_UNCONNECTED[14]
NLW_spike_mem_reg_2_DOUTBDOUT_UNCONNECTED[15]
NLW_spike_mem_reg_2_DOUTBDOUT_UNCONNECTED[16]
NLW_spike_mem_reg_2_DOUTBDOUT_UNCONNECTED[17]
NLW_spike_mem_reg_2_DOUTBDOUT_UNCONNECTED[18]
NLW_spike_mem_reg_2_DOUTBDOUT_UNCONNECTED[19]
NLW_spike_mem_reg_2_DOUTBDOUT_UNCONNECTED[20]
NLW_spike_mem_reg_2_DOUTBDOUT_UNCONNECTED[21]
NLW_spike_mem_reg_2_DOUTBDOUT_UNCONNECTED[22]
NLW_spike_mem_reg_2_DOUTBDOUT_UNCONNECTED[23]
NLW_spike_mem_reg_2_DOUTBDOUT_UNCONNECTED[24]
NLW_spike_mem_reg_2_DOUTBDOUT_UNCONNECTED[25]
NLW_spike_mem_reg_2_DOUTBDOUT_UNCONNECTED[26]
NLW_spike_mem_reg_2_DOUTBDOUT_UNCONNECTED[27]
NLW_spike_mem_reg_2_DOUTBDOUT_UNCONNECTED[28]
NLW_spike_mem_reg_2_DOUTBDOUT_UNCONNECTED[29]
NLW_spike_mem_reg_2_DOUTBDOUT_UNCONNECTED[30]
NLW_spike_mem_reg_2_DOUTBDOUT_UNCONNECTED[31]
NLW_spike_mem_reg_2_DOUTPADOUTP_UNCONNECTED[0]
NLW_spike_mem_reg_2_DOUTPADOUTP_UNCONNECTED[1]
NLW_spike_mem_reg_2_DOUTPADOUTP_UNCONNECTED[2]
NLW_spike_mem_reg_2_DOUTPADOUTP_UNCONNECTED[3]
NLW_spike_mem_reg_2_DOUTPBDOUTP_UNCONNECTED[0]
NLW_spike_mem_reg_2_DOUTPBDOUTP_UNCONNECTED[1]
NLW_spike_mem_reg_2_DOUTPBDOUTP_UNCONNECTED[2]
NLW_spike_mem_reg_2_DOUTPBDOUTP_UNCONNECTED[3]
NLW_spike_mem_reg_2_ECCPARITY_UNCONNECTED[0]
NLW_spike_mem_reg_2_ECCPARITY_UNCONNECTED[1]
NLW_spike_mem_reg_2_ECCPARITY_UNCONNECTED[2]
NLW_spike_mem_reg_2_ECCPARITY_UNCONNECTED[3]
NLW_spike_mem_reg_2_ECCPARITY_UNCONNECTED[4]
NLW_spike_mem_reg_2_ECCPARITY_UNCONNECTED[5]
NLW_spike_mem_reg_2_ECCPARITY_UNCONNECTED[6]
NLW_spike_mem_reg_2_ECCPARITY_UNCONNECTED[7]
NLW_spike_mem_reg_2_RDADDRECC_UNCONNECTED[0]
NLW_spike_mem_reg_2_RDADDRECC_UNCONNECTED[1]
NLW_spike_mem_reg_2_RDADDRECC_UNCONNECTED[2]
NLW_spike_mem_reg_2_RDADDRECC_UNCONNECTED[3]
NLW_spike_mem_reg_2_RDADDRECC_UNCONNECTED[4]
NLW_spike_mem_reg_2_RDADDRECC_UNCONNECTED[5]
NLW_spike_mem_reg_2_RDADDRECC_UNCONNECTED[6]
NLW_spike_mem_reg_2_RDADDRECC_UNCONNECTED[7]
NLW_spike_mem_reg_2_RDADDRECC_UNCONNECTED[8]
NLW_spike_mem_reg_3_CASOUTDBITERR_UNCONNECTED
NLW_spike_mem_reg_3_CASOUTSBITERR_UNCONNECTED
NLW_spike_mem_reg_3_DBITERR_UNCONNECTED
NLW_spike_mem_reg_3_SBITERR_UNCONNECTED
NLW_spike_mem_reg_3_CASDOUTA_UNCONNECTED[0]
NLW_spike_mem_reg_3_CASDOUTA_UNCONNECTED[1]
NLW_spike_mem_reg_3_CASDOUTA_UNCONNECTED[2]
NLW_spike_mem_reg_3_CASDOUTA_UNCONNECTED[3]
NLW_spike_mem_reg_3_CASDOUTA_UNCONNECTED[4]
NLW_spike_mem_reg_3_CASDOUTA_UNCONNECTED[5]
NLW_spike_mem_reg_3_CASDOUTA_UNCONNECTED[6]
NLW_spike_mem_reg_3_CASDOUTA_UNCONNECTED[7]
NLW_spike_mem_reg_3_CASDOUTA_UNCONNECTED[8]
NLW_spike_mem_reg_3_CASDOUTA_UNCONNECTED[9]
NLW_spike_mem_reg_3_CASDOUTA_UNCONNECTED[10]
NLW_spike_mem_reg_3_CASDOUTA_UNCONNECTED[11]
NLW_spike_mem_reg_3_CASDOUTA_UNCONNECTED[12]
NLW_spike_mem_reg_3_CASDOUTA_UNCONNECTED[13]
NLW_spike_mem_reg_3_CASDOUTA_UNCONNECTED[14]
NLW_spike_mem_reg_3_CASDOUTA_UNCONNECTED[15]
NLW_spike_mem_reg_3_CASDOUTA_UNCONNECTED[16]
NLW_spike_mem_reg_3_CASDOUTA_UNCONNECTED[17]
NLW_spike_mem_reg_3_CASDOUTA_UNCONNECTED[18]
NLW_spike_mem_reg_3_CASDOUTA_UNCONNECTED[19]
NLW_spike_mem_reg_3_CASDOUTA_UNCONNECTED[20]
NLW_spike_mem_reg_3_CASDOUTA_UNCONNECTED[21]
NLW_spike_mem_reg_3_CASDOUTA_UNCONNECTED[22]
NLW_spike_mem_reg_3_CASDOUTA_UNCONNECTED[23]
NLW_spike_mem_reg_3_CASDOUTA_UNCONNECTED[24]
NLW_spike_mem_reg_3_CASDOUTA_UNCONNECTED[25]
NLW_spike_mem_reg_3_CASDOUTA_UNCONNECTED[26]
NLW_spike_mem_reg_3_CASDOUTA_UNCONNECTED[27]
NLW_spike_mem_reg_3_CASDOUTA_UNCONNECTED[28]
NLW_spike_mem_reg_3_CASDOUTA_UNCONNECTED[29]
NLW_spike_mem_reg_3_CASDOUTA_UNCONNECTED[30]
NLW_spike_mem_reg_3_CASDOUTA_UNCONNECTED[31]
NLW_spike_mem_reg_3_CASDOUTB_UNCONNECTED[0]
NLW_spike_mem_reg_3_CASDOUTB_UNCONNECTED[1]
NLW_spike_mem_reg_3_CASDOUTB_UNCONNECTED[2]
NLW_spike_mem_reg_3_CASDOUTB_UNCONNECTED[3]
NLW_spike_mem_reg_3_CASDOUTB_UNCONNECTED[4]
NLW_spike_mem_reg_3_CASDOUTB_UNCONNECTED[5]
NLW_spike_mem_reg_3_CASDOUTB_UNCONNECTED[6]
NLW_spike_mem_reg_3_CASDOUTB_UNCONNECTED[7]
NLW_spike_mem_reg_3_CASDOUTB_UNCONNECTED[8]
NLW_spike_mem_reg_3_CASDOUTB_UNCONNECTED[9]
NLW_spike_mem_reg_3_CASDOUTB_UNCONNECTED[10]
NLW_spike_mem_reg_3_CASDOUTB_UNCONNECTED[11]
NLW_spike_mem_reg_3_CASDOUTB_UNCONNECTED[12]
NLW_spike_mem_reg_3_CASDOUTB_UNCONNECTED[13]
NLW_spike_mem_reg_3_CASDOUTB_UNCONNECTED[14]
NLW_spike_mem_reg_3_CASDOUTB_UNCONNECTED[15]
NLW_spike_mem_reg_3_CASDOUTB_UNCONNECTED[16]
NLW_spike_mem_reg_3_CASDOUTB_UNCONNECTED[17]
NLW_spike_mem_reg_3_CASDOUTB_UNCONNECTED[18]
NLW_spike_mem_reg_3_CASDOUTB_UNCONNECTED[19]
NLW_spike_mem_reg_3_CASDOUTB_UNCONNECTED[20]
NLW_spike_mem_reg_3_CASDOUTB_UNCONNECTED[21]
NLW_spike_mem_reg_3_CASDOUTB_UNCONNECTED[22]
NLW_spike_mem_reg_3_CASDOUTB_UNCONNECTED[23]
NLW_spike_mem_reg_3_CASDOUTB_UNCONNECTED[24]
NLW_spike_mem_reg_3_CASDOUTB_UNCONNECTED[25]
NLW_spike_mem_reg_3_CASDOUTB_UNCONNECTED[26]
NLW_spike_mem_reg_3_CASDOUTB_UNCONNECTED[27]
NLW_spike_mem_reg_3_CASDOUTB_UNCONNECTED[28]
NLW_spike_mem_reg_3_CASDOUTB_UNCONNECTED[29]
NLW_spike_mem_reg_3_CASDOUTB_UNCONNECTED[30]
NLW_spike_mem_reg_3_CASDOUTB_UNCONNECTED[31]
NLW_spike_mem_reg_3_CASDOUTPA_UNCONNECTED[0]
NLW_spike_mem_reg_3_CASDOUTPA_UNCONNECTED[1]
NLW_spike_mem_reg_3_CASDOUTPA_UNCONNECTED[2]
NLW_spike_mem_reg_3_CASDOUTPA_UNCONNECTED[3]
NLW_spike_mem_reg_3_CASDOUTPB_UNCONNECTED[0]
NLW_spike_mem_reg_3_CASDOUTPB_UNCONNECTED[1]
NLW_spike_mem_reg_3_CASDOUTPB_UNCONNECTED[2]
NLW_spike_mem_reg_3_CASDOUTPB_UNCONNECTED[3]
NLW_spike_mem_reg_3_DOUTADOUT_UNCONNECTED[0]
NLW_spike_mem_reg_3_DOUTADOUT_UNCONNECTED[1]
NLW_spike_mem_reg_3_DOUTADOUT_UNCONNECTED[2]
NLW_spike_mem_reg_3_DOUTADOUT_UNCONNECTED[3]
NLW_spike_mem_reg_3_DOUTADOUT_UNCONNECTED[4]
NLW_spike_mem_reg_3_DOUTADOUT_UNCONNECTED[5]
NLW_spike_mem_reg_3_DOUTADOUT_UNCONNECTED[6]
NLW_spike_mem_reg_3_DOUTADOUT_UNCONNECTED[7]
NLW_spike_mem_reg_3_DOUTADOUT_UNCONNECTED[8]
NLW_spike_mem_reg_3_DOUTADOUT_UNCONNECTED[9]
NLW_spike_mem_reg_3_DOUTADOUT_UNCONNECTED[10]
NLW_spike_mem_reg_3_DOUTADOUT_UNCONNECTED[11]
NLW_spike_mem_reg_3_DOUTADOUT_UNCONNECTED[12]
NLW_spike_mem_reg_3_DOUTADOUT_UNCONNECTED[13]
NLW_spike_mem_reg_3_DOUTADOUT_UNCONNECTED[14]
NLW_spike_mem_reg_3_DOUTADOUT_UNCONNECTED[15]
NLW_spike_mem_reg_3_DOUTADOUT_UNCONNECTED[16]
NLW_spike_mem_reg_3_DOUTADOUT_UNCONNECTED[17]
NLW_spike_mem_reg_3_DOUTADOUT_UNCONNECTED[18]
NLW_spike_mem_reg_3_DOUTADOUT_UNCONNECTED[19]
NLW_spike_mem_reg_3_DOUTADOUT_UNCONNECTED[20]
NLW_spike_mem_reg_3_DOUTADOUT_UNCONNECTED[21]
NLW_spike_mem_reg_3_DOUTADOUT_UNCONNECTED[22]
NLW_spike_mem_reg_3_DOUTADOUT_UNCONNECTED[23]
NLW_spike_mem_reg_3_DOUTADOUT_UNCONNECTED[24]
NLW_spike_mem_reg_3_DOUTADOUT_UNCONNECTED[25]
NLW_spike_mem_reg_3_DOUTADOUT_UNCONNECTED[26]
NLW_spike_mem_reg_3_DOUTADOUT_UNCONNECTED[27]
NLW_spike_mem_reg_3_DOUTADOUT_UNCONNECTED[28]
NLW_spike_mem_reg_3_DOUTADOUT_UNCONNECTED[29]
NLW_spike_mem_reg_3_DOUTADOUT_UNCONNECTED[30]
NLW_spike_mem_reg_3_DOUTADOUT_UNCONNECTED[31]
NLW_spike_mem_reg_3_DOUTBDOUT_UNCONNECTED[4]
NLW_spike_mem_reg_3_DOUTBDOUT_UNCONNECTED[5]
NLW_spike_mem_reg_3_DOUTBDOUT_UNCONNECTED[6]
NLW_spike_mem_reg_3_DOUTBDOUT_UNCONNECTED[7]
NLW_spike_mem_reg_3_DOUTBDOUT_UNCONNECTED[8]
NLW_spike_mem_reg_3_DOUTBDOUT_UNCONNECTED[9]
NLW_spike_mem_reg_3_DOUTBDOUT_UNCONNECTED[10]
NLW_spike_mem_reg_3_DOUTBDOUT_UNCONNECTED[11]
NLW_spike_mem_reg_3_DOUTBDOUT_UNCONNECTED[12]
NLW_spike_mem_reg_3_DOUTBDOUT_UNCONNECTED[13]
NLW_spike_mem_reg_3_DOUTBDOUT_UNCONNECTED[14]
NLW_spike_mem_reg_3_DOUTBDOUT_UNCONNECTED[15]
NLW_spike_mem_reg_3_DOUTBDOUT_UNCONNECTED[16]
NLW_spike_mem_reg_3_DOUTBDOUT_UNCONNECTED[17]
NLW_spike_mem_reg_3_DOUTBDOUT_UNCONNECTED[18]
NLW_spike_mem_reg_3_DOUTBDOUT_UNCONNECTED[19]
NLW_spike_mem_reg_3_DOUTBDOUT_UNCONNECTED[20]
NLW_spike_mem_reg_3_DOUTBDOUT_UNCONNECTED[21]
NLW_spike_mem_reg_3_DOUTBDOUT_UNCONNECTED[22]
NLW_spike_mem_reg_3_DOUTBDOUT_UNCONNECTED[23]
NLW_spike_mem_reg_3_DOUTBDOUT_UNCONNECTED[24]
NLW_spike_mem_reg_3_DOUTBDOUT_UNCONNECTED[25]
NLW_spike_mem_reg_3_DOUTBDOUT_UNCONNECTED[26]
NLW_spike_mem_reg_3_DOUTBDOUT_UNCONNECTED[27]
NLW_spike_mem_reg_3_DOUTBDOUT_UNCONNECTED[28]
NLW_spike_mem_reg_3_DOUTBDOUT_UNCONNECTED[29]
NLW_spike_mem_reg_3_DOUTBDOUT_UNCONNECTED[30]
NLW_spike_mem_reg_3_DOUTBDOUT_UNCONNECTED[31]
NLW_spike_mem_reg_3_DOUTPADOUTP_UNCONNECTED[0]
NLW_spike_mem_reg_3_DOUTPADOUTP_UNCONNECTED[1]
NLW_spike_mem_reg_3_DOUTPADOUTP_UNCONNECTED[2]
NLW_spike_mem_reg_3_DOUTPADOUTP_UNCONNECTED[3]
NLW_spike_mem_reg_3_DOUTPBDOUTP_UNCONNECTED[0]
NLW_spike_mem_reg_3_DOUTPBDOUTP_UNCONNECTED[1]
NLW_spike_mem_reg_3_DOUTPBDOUTP_UNCONNECTED[2]
NLW_spike_mem_reg_3_DOUTPBDOUTP_UNCONNECTED[3]
NLW_spike_mem_reg_3_ECCPARITY_UNCONNECTED[0]
NLW_spike_mem_reg_3_ECCPARITY_UNCONNECTED[1]
NLW_spike_mem_reg_3_ECCPARITY_UNCONNECTED[2]
NLW_spike_mem_reg_3_ECCPARITY_UNCONNECTED[3]
NLW_spike_mem_reg_3_ECCPARITY_UNCONNECTED[4]
NLW_spike_mem_reg_3_ECCPARITY_UNCONNECTED[5]
NLW_spike_mem_reg_3_ECCPARITY_UNCONNECTED[6]
NLW_spike_mem_reg_3_ECCPARITY_UNCONNECTED[7]
NLW_spike_mem_reg_3_RDADDRECC_UNCONNECTED[0]
NLW_spike_mem_reg_3_RDADDRECC_UNCONNECTED[1]
NLW_spike_mem_reg_3_RDADDRECC_UNCONNECTED[2]
NLW_spike_mem_reg_3_RDADDRECC_UNCONNECTED[3]
NLW_spike_mem_reg_3_RDADDRECC_UNCONNECTED[4]
NLW_spike_mem_reg_3_RDADDRECC_UNCONNECTED[5]
NLW_spike_mem_reg_3_RDADDRECC_UNCONNECTED[6]
NLW_spike_mem_reg_3_RDADDRECC_UNCONNECTED[7]
NLW_spike_mem_reg_3_RDADDRECC_UNCONNECTED[8]
NLW_weight_rows_0_reg_0_CASOUTDBITERR_UNCONNECTED
NLW_weight_rows_0_reg_0_CASOUTSBITERR_UNCONNECTED
NLW_weight_rows_0_reg_0_DBITERR_UNCONNECTED
NLW_weight_rows_0_reg_0_SBITERR_UNCONNECTED
NLW_weight_rows_0_reg_0_CASDINA_UNCONNECTED[0]
NLW_weight_rows_0_reg_0_CASDINA_UNCONNECTED[1]
NLW_weight_rows_0_reg_0_CASDINA_UNCONNECTED[2]
NLW_weight_rows_0_reg_0_CASDINA_UNCONNECTED[3]
NLW_weight_rows_0_reg_0_CASDINA_UNCONNECTED[4]
NLW_weight_rows_0_reg_0_CASDINA_UNCONNECTED[5]
NLW_weight_rows_0_reg_0_CASDINA_UNCONNECTED[6]
NLW_weight_rows_0_reg_0_CASDINA_UNCONNECTED[7]
NLW_weight_rows_0_reg_0_CASDINA_UNCONNECTED[8]
NLW_weight_rows_0_reg_0_CASDINA_UNCONNECTED[9]
NLW_weight_rows_0_reg_0_CASDINA_UNCONNECTED[10]
NLW_weight_rows_0_reg_0_CASDINA_UNCONNECTED[11]
NLW_weight_rows_0_reg_0_CASDINA_UNCONNECTED[12]
NLW_weight_rows_0_reg_0_CASDINA_UNCONNECTED[13]
NLW_weight_rows_0_reg_0_CASDINA_UNCONNECTED[14]
NLW_weight_rows_0_reg_0_CASDINA_UNCONNECTED[15]
NLW_weight_rows_0_reg_0_CASDINA_UNCONNECTED[16]
NLW_weight_rows_0_reg_0_CASDINA_UNCONNECTED[17]
NLW_weight_rows_0_reg_0_CASDINA_UNCONNECTED[18]
NLW_weight_rows_0_reg_0_CASDINA_UNCONNECTED[19]
NLW_weight_rows_0_reg_0_CASDINA_UNCONNECTED[20]
NLW_weight_rows_0_reg_0_CASDINA_UNCONNECTED[21]
NLW_weight_rows_0_reg_0_CASDINA_UNCONNECTED[22]
NLW_weight_rows_0_reg_0_CASDINA_UNCONNECTED[23]
NLW_weight_rows_0_reg_0_CASDINA_UNCONNECTED[24]
NLW_weight_rows_0_reg_0_CASDINA_UNCONNECTED[25]
NLW_weight_rows_0_reg_0_CASDINA_UNCONNECTED[26]
NLW_weight_rows_0_reg_0_CASDINA_UNCONNECTED[27]
NLW_weight_rows_0_reg_0_CASDINA_UNCONNECTED[28]
NLW_weight_rows_0_reg_0_CASDINA_UNCONNECTED[29]
NLW_weight_rows_0_reg_0_CASDINA_UNCONNECTED[30]
NLW_weight_rows_0_reg_0_CASDINA_UNCONNECTED[31]
NLW_weight_rows_0_reg_0_CASDINB_UNCONNECTED[0]
NLW_weight_rows_0_reg_0_CASDINB_UNCONNECTED[1]
NLW_weight_rows_0_reg_0_CASDINB_UNCONNECTED[2]
NLW_weight_rows_0_reg_0_CASDINB_UNCONNECTED[3]
NLW_weight_rows_0_reg_0_CASDINB_UNCONNECTED[4]
NLW_weight_rows_0_reg_0_CASDINB_UNCONNECTED[5]
NLW_weight_rows_0_reg_0_CASDINB_UNCONNECTED[6]
NLW_weight_rows_0_reg_0_CASDINB_UNCONNECTED[7]
NLW_weight_rows_0_reg_0_CASDINB_UNCONNECTED[8]
NLW_weight_rows_0_reg_0_CASDINB_UNCONNECTED[9]
NLW_weight_rows_0_reg_0_CASDINB_UNCONNECTED[10]
NLW_weight_rows_0_reg_0_CASDINB_UNCONNECTED[11]
NLW_weight_rows_0_reg_0_CASDINB_UNCONNECTED[12]
NLW_weight_rows_0_reg_0_CASDINB_UNCONNECTED[13]
NLW_weight_rows_0_reg_0_CASDINB_UNCONNECTED[14]
NLW_weight_rows_0_reg_0_CASDINB_UNCONNECTED[15]
NLW_weight_rows_0_reg_0_CASDINB_UNCONNECTED[16]
NLW_weight_rows_0_reg_0_CASDINB_UNCONNECTED[17]
NLW_weight_rows_0_reg_0_CASDINB_UNCONNECTED[18]
NLW_weight_rows_0_reg_0_CASDINB_UNCONNECTED[19]
NLW_weight_rows_0_reg_0_CASDINB_UNCONNECTED[20]
NLW_weight_rows_0_reg_0_CASDINB_UNCONNECTED[21]
NLW_weight_rows_0_reg_0_CASDINB_UNCONNECTED[22]
NLW_weight_rows_0_reg_0_CASDINB_UNCONNECTED[23]
NLW_weight_rows_0_reg_0_CASDINB_UNCONNECTED[24]
NLW_weight_rows_0_reg_0_CASDINB_UNCONNECTED[25]
NLW_weight_rows_0_reg_0_CASDINB_UNCONNECTED[26]
NLW_weight_rows_0_reg_0_CASDINB_UNCONNECTED[27]
NLW_weight_rows_0_reg_0_CASDINB_UNCONNECTED[28]
NLW_weight_rows_0_reg_0_CASDINB_UNCONNECTED[29]
NLW_weight_rows_0_reg_0_CASDINB_UNCONNECTED[30]
NLW_weight_rows_0_reg_0_CASDINB_UNCONNECTED[31]
NLW_weight_rows_0_reg_0_CASDINPA_UNCONNECTED[0]
NLW_weight_rows_0_reg_0_CASDINPA_UNCONNECTED[1]
NLW_weight_rows_0_reg_0_CASDINPA_UNCONNECTED[2]
NLW_weight_rows_0_reg_0_CASDINPA_UNCONNECTED[3]
NLW_weight_rows_0_reg_0_CASDINPB_UNCONNECTED[0]
NLW_weight_rows_0_reg_0_CASDINPB_UNCONNECTED[1]
NLW_weight_rows_0_reg_0_CASDINPB_UNCONNECTED[2]
NLW_weight_rows_0_reg_0_CASDINPB_UNCONNECTED[3]
NLW_weight_rows_0_reg_0_CASDOUTA_UNCONNECTED[0]
NLW_weight_rows_0_reg_0_CASDOUTA_UNCONNECTED[1]
NLW_weight_rows_0_reg_0_CASDOUTA_UNCONNECTED[2]
NLW_weight_rows_0_reg_0_CASDOUTA_UNCONNECTED[3]
NLW_weight_rows_0_reg_0_CASDOUTA_UNCONNECTED[4]
NLW_weight_rows_0_reg_0_CASDOUTA_UNCONNECTED[5]
NLW_weight_rows_0_reg_0_CASDOUTA_UNCONNECTED[6]
NLW_weight_rows_0_reg_0_CASDOUTA_UNCONNECTED[7]
NLW_weight_rows_0_reg_0_CASDOUTA_UNCONNECTED[8]
NLW_weight_rows_0_reg_0_CASDOUTA_UNCONNECTED[9]
NLW_weight_rows_0_reg_0_CASDOUTA_UNCONNECTED[10]
NLW_weight_rows_0_reg_0_CASDOUTA_UNCONNECTED[11]
NLW_weight_rows_0_reg_0_CASDOUTA_UNCONNECTED[12]
NLW_weight_rows_0_reg_0_CASDOUTA_UNCONNECTED[13]
NLW_weight_rows_0_reg_0_CASDOUTA_UNCONNECTED[14]
NLW_weight_rows_0_reg_0_CASDOUTA_UNCONNECTED[15]
NLW_weight_rows_0_reg_0_CASDOUTA_UNCONNECTED[16]
NLW_weight_rows_0_reg_0_CASDOUTA_UNCONNECTED[17]
NLW_weight_rows_0_reg_0_CASDOUTA_UNCONNECTED[18]
NLW_weight_rows_0_reg_0_CASDOUTA_UNCONNECTED[19]
NLW_weight_rows_0_reg_0_CASDOUTA_UNCONNECTED[20]
NLW_weight_rows_0_reg_0_CASDOUTA_UNCONNECTED[21]
NLW_weight_rows_0_reg_0_CASDOUTA_UNCONNECTED[22]
NLW_weight_rows_0_reg_0_CASDOUTA_UNCONNECTED[23]
NLW_weight_rows_0_reg_0_CASDOUTA_UNCONNECTED[24]
NLW_weight_rows_0_reg_0_CASDOUTA_UNCONNECTED[25]
NLW_weight_rows_0_reg_0_CASDOUTA_UNCONNECTED[26]
NLW_weight_rows_0_reg_0_CASDOUTA_UNCONNECTED[27]
NLW_weight_rows_0_reg_0_CASDOUTA_UNCONNECTED[28]
NLW_weight_rows_0_reg_0_CASDOUTA_UNCONNECTED[29]
NLW_weight_rows_0_reg_0_CASDOUTA_UNCONNECTED[30]
NLW_weight_rows_0_reg_0_CASDOUTA_UNCONNECTED[31]
NLW_weight_rows_0_reg_0_CASDOUTB_UNCONNECTED[0]
NLW_weight_rows_0_reg_0_CASDOUTB_UNCONNECTED[1]
NLW_weight_rows_0_reg_0_CASDOUTB_UNCONNECTED[2]
NLW_weight_rows_0_reg_0_CASDOUTB_UNCONNECTED[3]
NLW_weight_rows_0_reg_0_CASDOUTB_UNCONNECTED[4]
NLW_weight_rows_0_reg_0_CASDOUTB_UNCONNECTED[5]
NLW_weight_rows_0_reg_0_CASDOUTB_UNCONNECTED[6]
NLW_weight_rows_0_reg_0_CASDOUTB_UNCONNECTED[7]
NLW_weight_rows_0_reg_0_CASDOUTB_UNCONNECTED[8]
NLW_weight_rows_0_reg_0_CASDOUTB_UNCONNECTED[9]
NLW_weight_rows_0_reg_0_CASDOUTB_UNCONNECTED[10]
NLW_weight_rows_0_reg_0_CASDOUTB_UNCONNECTED[11]
NLW_weight_rows_0_reg_0_CASDOUTB_UNCONNECTED[12]
NLW_weight_rows_0_reg_0_CASDOUTB_UNCONNECTED[13]
NLW_weight_rows_0_reg_0_CASDOUTB_UNCONNECTED[14]
NLW_weight_rows_0_reg_0_CASDOUTB_UNCONNECTED[15]
NLW_weight_rows_0_reg_0_CASDOUTB_UNCONNECTED[16]
NLW_weight_rows_0_reg_0_CASDOUTB_UNCONNECTED[17]
NLW_weight_rows_0_reg_0_CASDOUTB_UNCONNECTED[18]
NLW_weight_rows_0_reg_0_CASDOUTB_UNCONNECTED[19]
NLW_weight_rows_0_reg_0_CASDOUTB_UNCONNECTED[20]
NLW_weight_rows_0_reg_0_CASDOUTB_UNCONNECTED[21]
NLW_weight_rows_0_reg_0_CASDOUTB_UNCONNECTED[22]
NLW_weight_rows_0_reg_0_CASDOUTB_UNCONNECTED[23]
NLW_weight_rows_0_reg_0_CASDOUTB_UNCONNECTED[24]
NLW_weight_rows_0_reg_0_CASDOUTB_UNCONNECTED[25]
NLW_weight_rows_0_reg_0_CASDOUTB_UNCONNECTED[26]
NLW_weight_rows_0_reg_0_CASDOUTB_UNCONNECTED[27]
NLW_weight_rows_0_reg_0_CASDOUTB_UNCONNECTED[28]
NLW_weight_rows_0_reg_0_CASDOUTB_UNCONNECTED[29]
NLW_weight_rows_0_reg_0_CASDOUTB_UNCONNECTED[30]
NLW_weight_rows_0_reg_0_CASDOUTB_UNCONNECTED[31]
NLW_weight_rows_0_reg_0_CASDOUTPA_UNCONNECTED[0]
NLW_weight_rows_0_reg_0_CASDOUTPA_UNCONNECTED[1]
NLW_weight_rows_0_reg_0_CASDOUTPA_UNCONNECTED[2]
NLW_weight_rows_0_reg_0_CASDOUTPA_UNCONNECTED[3]
NLW_weight_rows_0_reg_0_CASDOUTPB_UNCONNECTED[0]
NLW_weight_rows_0_reg_0_CASDOUTPB_UNCONNECTED[1]
NLW_weight_rows_0_reg_0_CASDOUTPB_UNCONNECTED[2]
NLW_weight_rows_0_reg_0_CASDOUTPB_UNCONNECTED[3]
NLW_weight_rows_0_reg_0_ECCPARITY_UNCONNECTED[0]
NLW_weight_rows_0_reg_0_ECCPARITY_UNCONNECTED[1]
NLW_weight_rows_0_reg_0_ECCPARITY_UNCONNECTED[2]
NLW_weight_rows_0_reg_0_ECCPARITY_UNCONNECTED[3]
NLW_weight_rows_0_reg_0_ECCPARITY_UNCONNECTED[4]
NLW_weight_rows_0_reg_0_ECCPARITY_UNCONNECTED[5]
NLW_weight_rows_0_reg_0_ECCPARITY_UNCONNECTED[6]
NLW_weight_rows_0_reg_0_ECCPARITY_UNCONNECTED[7]
NLW_weight_rows_0_reg_0_RDADDRECC_UNCONNECTED[0]
NLW_weight_rows_0_reg_0_RDADDRECC_UNCONNECTED[1]
NLW_weight_rows_0_reg_0_RDADDRECC_UNCONNECTED[2]
NLW_weight_rows_0_reg_0_RDADDRECC_UNCONNECTED[3]
NLW_weight_rows_0_reg_0_RDADDRECC_UNCONNECTED[4]
NLW_weight_rows_0_reg_0_RDADDRECC_UNCONNECTED[5]
NLW_weight_rows_0_reg_0_RDADDRECC_UNCONNECTED[6]
NLW_weight_rows_0_reg_0_RDADDRECC_UNCONNECTED[7]
NLW_weight_rows_0_reg_0_RDADDRECC_UNCONNECTED[8]
NLW_weight_rows_0_reg_1_CASOUTDBITERR_UNCONNECTED
NLW_weight_rows_0_reg_1_CASOUTSBITERR_UNCONNECTED
NLW_weight_rows_0_reg_1_DBITERR_UNCONNECTED
NLW_weight_rows_0_reg_1_SBITERR_UNCONNECTED
NLW_weight_rows_0_reg_1_CASDINA_UNCONNECTED[0]
NLW_weight_rows_0_reg_1_CASDINA_UNCONNECTED[1]
NLW_weight_rows_0_reg_1_CASDINA_UNCONNECTED[2]
NLW_weight_rows_0_reg_1_CASDINA_UNCONNECTED[3]
NLW_weight_rows_0_reg_1_CASDINA_UNCONNECTED[4]
NLW_weight_rows_0_reg_1_CASDINA_UNCONNECTED[5]
NLW_weight_rows_0_reg_1_CASDINA_UNCONNECTED[6]
NLW_weight_rows_0_reg_1_CASDINA_UNCONNECTED[7]
NLW_weight_rows_0_reg_1_CASDINA_UNCONNECTED[8]
NLW_weight_rows_0_reg_1_CASDINA_UNCONNECTED[9]
NLW_weight_rows_0_reg_1_CASDINA_UNCONNECTED[10]
NLW_weight_rows_0_reg_1_CASDINA_UNCONNECTED[11]
NLW_weight_rows_0_reg_1_CASDINA_UNCONNECTED[12]
NLW_weight_rows_0_reg_1_CASDINA_UNCONNECTED[13]
NLW_weight_rows_0_reg_1_CASDINA_UNCONNECTED[14]
NLW_weight_rows_0_reg_1_CASDINA_UNCONNECTED[15]
NLW_weight_rows_0_reg_1_CASDINA_UNCONNECTED[16]
NLW_weight_rows_0_reg_1_CASDINA_UNCONNECTED[17]
NLW_weight_rows_0_reg_1_CASDINA_UNCONNECTED[18]
NLW_weight_rows_0_reg_1_CASDINA_UNCONNECTED[19]
NLW_weight_rows_0_reg_1_CASDINA_UNCONNECTED[20]
NLW_weight_rows_0_reg_1_CASDINA_UNCONNECTED[21]
NLW_weight_rows_0_reg_1_CASDINA_UNCONNECTED[22]
NLW_weight_rows_0_reg_1_CASDINA_UNCONNECTED[23]
NLW_weight_rows_0_reg_1_CASDINA_UNCONNECTED[24]
NLW_weight_rows_0_reg_1_CASDINA_UNCONNECTED[25]
NLW_weight_rows_0_reg_1_CASDINA_UNCONNECTED[26]
NLW_weight_rows_0_reg_1_CASDINA_UNCONNECTED[27]
NLW_weight_rows_0_reg_1_CASDINA_UNCONNECTED[28]
NLW_weight_rows_0_reg_1_CASDINA_UNCONNECTED[29]
NLW_weight_rows_0_reg_1_CASDINA_UNCONNECTED[30]
NLW_weight_rows_0_reg_1_CASDINA_UNCONNECTED[31]
NLW_weight_rows_0_reg_1_CASDINB_UNCONNECTED[0]
NLW_weight_rows_0_reg_1_CASDINB_UNCONNECTED[1]
NLW_weight_rows_0_reg_1_CASDINB_UNCONNECTED[2]
NLW_weight_rows_0_reg_1_CASDINB_UNCONNECTED[3]
NLW_weight_rows_0_reg_1_CASDINB_UNCONNECTED[4]
NLW_weight_rows_0_reg_1_CASDINB_UNCONNECTED[5]
NLW_weight_rows_0_reg_1_CASDINB_UNCONNECTED[6]
NLW_weight_rows_0_reg_1_CASDINB_UNCONNECTED[7]
NLW_weight_rows_0_reg_1_CASDINB_UNCONNECTED[8]
NLW_weight_rows_0_reg_1_CASDINB_UNCONNECTED[9]
NLW_weight_rows_0_reg_1_CASDINB_UNCONNECTED[10]
NLW_weight_rows_0_reg_1_CASDINB_UNCONNECTED[11]
NLW_weight_rows_0_reg_1_CASDINB_UNCONNECTED[12]
NLW_weight_rows_0_reg_1_CASDINB_UNCONNECTED[13]
NLW_weight_rows_0_reg_1_CASDINB_UNCONNECTED[14]
NLW_weight_rows_0_reg_1_CASDINB_UNCONNECTED[15]
NLW_weight_rows_0_reg_1_CASDINB_UNCONNECTED[16]
NLW_weight_rows_0_reg_1_CASDINB_UNCONNECTED[17]
NLW_weight_rows_0_reg_1_CASDINB_UNCONNECTED[18]
NLW_weight_rows_0_reg_1_CASDINB_UNCONNECTED[19]
NLW_weight_rows_0_reg_1_CASDINB_UNCONNECTED[20]
NLW_weight_rows_0_reg_1_CASDINB_UNCONNECTED[21]
NLW_weight_rows_0_reg_1_CASDINB_UNCONNECTED[22]
NLW_weight_rows_0_reg_1_CASDINB_UNCONNECTED[23]
NLW_weight_rows_0_reg_1_CASDINB_UNCONNECTED[24]
NLW_weight_rows_0_reg_1_CASDINB_UNCONNECTED[25]
NLW_weight_rows_0_reg_1_CASDINB_UNCONNECTED[26]
NLW_weight_rows_0_reg_1_CASDINB_UNCONNECTED[27]
NLW_weight_rows_0_reg_1_CASDINB_UNCONNECTED[28]
NLW_weight_rows_0_reg_1_CASDINB_UNCONNECTED[29]
NLW_weight_rows_0_reg_1_CASDINB_UNCONNECTED[30]
NLW_weight_rows_0_reg_1_CASDINB_UNCONNECTED[31]
NLW_weight_rows_0_reg_1_CASDINPA_UNCONNECTED[0]
NLW_weight_rows_0_reg_1_CASDINPA_UNCONNECTED[1]
NLW_weight_rows_0_reg_1_CASDINPA_UNCONNECTED[2]
NLW_weight_rows_0_reg_1_CASDINPA_UNCONNECTED[3]
NLW_weight_rows_0_reg_1_CASDINPB_UNCONNECTED[0]
NLW_weight_rows_0_reg_1_CASDINPB_UNCONNECTED[1]
NLW_weight_rows_0_reg_1_CASDINPB_UNCONNECTED[2]
NLW_weight_rows_0_reg_1_CASDINPB_UNCONNECTED[3]
NLW_weight_rows_0_reg_1_CASDOUTA_UNCONNECTED[0]
NLW_weight_rows_0_reg_1_CASDOUTA_UNCONNECTED[1]
NLW_weight_rows_0_reg_1_CASDOUTA_UNCONNECTED[2]
NLW_weight_rows_0_reg_1_CASDOUTA_UNCONNECTED[3]
NLW_weight_rows_0_reg_1_CASDOUTA_UNCONNECTED[4]
NLW_weight_rows_0_reg_1_CASDOUTA_UNCONNECTED[5]
NLW_weight_rows_0_reg_1_CASDOUTA_UNCONNECTED[6]
NLW_weight_rows_0_reg_1_CASDOUTA_UNCONNECTED[7]
NLW_weight_rows_0_reg_1_CASDOUTA_UNCONNECTED[8]
NLW_weight_rows_0_reg_1_CASDOUTA_UNCONNECTED[9]
NLW_weight_rows_0_reg_1_CASDOUTA_UNCONNECTED[10]
NLW_weight_rows_0_reg_1_CASDOUTA_UNCONNECTED[11]
NLW_weight_rows_0_reg_1_CASDOUTA_UNCONNECTED[12]
NLW_weight_rows_0_reg_1_CASDOUTA_UNCONNECTED[13]
NLW_weight_rows_0_reg_1_CASDOUTA_UNCONNECTED[14]
NLW_weight_rows_0_reg_1_CASDOUTA_UNCONNECTED[15]
NLW_weight_rows_0_reg_1_CASDOUTA_UNCONNECTED[16]
NLW_weight_rows_0_reg_1_CASDOUTA_UNCONNECTED[17]
NLW_weight_rows_0_reg_1_CASDOUTA_UNCONNECTED[18]
NLW_weight_rows_0_reg_1_CASDOUTA_UNCONNECTED[19]
NLW_weight_rows_0_reg_1_CASDOUTA_UNCONNECTED[20]
NLW_weight_rows_0_reg_1_CASDOUTA_UNCONNECTED[21]
NLW_weight_rows_0_reg_1_CASDOUTA_UNCONNECTED[22]
NLW_weight_rows_0_reg_1_CASDOUTA_UNCONNECTED[23]
NLW_weight_rows_0_reg_1_CASDOUTA_UNCONNECTED[24]
NLW_weight_rows_0_reg_1_CASDOUTA_UNCONNECTED[25]
NLW_weight_rows_0_reg_1_CASDOUTA_UNCONNECTED[26]
NLW_weight_rows_0_reg_1_CASDOUTA_UNCONNECTED[27]
NLW_weight_rows_0_reg_1_CASDOUTA_UNCONNECTED[28]
NLW_weight_rows_0_reg_1_CASDOUTA_UNCONNECTED[29]
NLW_weight_rows_0_reg_1_CASDOUTA_UNCONNECTED[30]
NLW_weight_rows_0_reg_1_CASDOUTA_UNCONNECTED[31]
NLW_weight_rows_0_reg_1_CASDOUTB_UNCONNECTED[0]
NLW_weight_rows_0_reg_1_CASDOUTB_UNCONNECTED[1]
NLW_weight_rows_0_reg_1_CASDOUTB_UNCONNECTED[2]
NLW_weight_rows_0_reg_1_CASDOUTB_UNCONNECTED[3]
NLW_weight_rows_0_reg_1_CASDOUTB_UNCONNECTED[4]
NLW_weight_rows_0_reg_1_CASDOUTB_UNCONNECTED[5]
NLW_weight_rows_0_reg_1_CASDOUTB_UNCONNECTED[6]
NLW_weight_rows_0_reg_1_CASDOUTB_UNCONNECTED[7]
NLW_weight_rows_0_reg_1_CASDOUTB_UNCONNECTED[8]
NLW_weight_rows_0_reg_1_CASDOUTB_UNCONNECTED[9]
NLW_weight_rows_0_reg_1_CASDOUTB_UNCONNECTED[10]
NLW_weight_rows_0_reg_1_CASDOUTB_UNCONNECTED[11]
NLW_weight_rows_0_reg_1_CASDOUTB_UNCONNECTED[12]
NLW_weight_rows_0_reg_1_CASDOUTB_UNCONNECTED[13]
NLW_weight_rows_0_reg_1_CASDOUTB_UNCONNECTED[14]
NLW_weight_rows_0_reg_1_CASDOUTB_UNCONNECTED[15]
NLW_weight_rows_0_reg_1_CASDOUTB_UNCONNECTED[16]
NLW_weight_rows_0_reg_1_CASDOUTB_UNCONNECTED[17]
NLW_weight_rows_0_reg_1_CASDOUTB_UNCONNECTED[18]
NLW_weight_rows_0_reg_1_CASDOUTB_UNCONNECTED[19]
NLW_weight_rows_0_reg_1_CASDOUTB_UNCONNECTED[20]
NLW_weight_rows_0_reg_1_CASDOUTB_UNCONNECTED[21]
NLW_weight_rows_0_reg_1_CASDOUTB_UNCONNECTED[22]
NLW_weight_rows_0_reg_1_CASDOUTB_UNCONNECTED[23]
NLW_weight_rows_0_reg_1_CASDOUTB_UNCONNECTED[24]
NLW_weight_rows_0_reg_1_CASDOUTB_UNCONNECTED[25]
NLW_weight_rows_0_reg_1_CASDOUTB_UNCONNECTED[26]
NLW_weight_rows_0_reg_1_CASDOUTB_UNCONNECTED[27]
NLW_weight_rows_0_reg_1_CASDOUTB_UNCONNECTED[28]
NLW_weight_rows_0_reg_1_CASDOUTB_UNCONNECTED[29]
NLW_weight_rows_0_reg_1_CASDOUTB_UNCONNECTED[30]
NLW_weight_rows_0_reg_1_CASDOUTB_UNCONNECTED[31]
NLW_weight_rows_0_reg_1_CASDOUTPA_UNCONNECTED[0]
NLW_weight_rows_0_reg_1_CASDOUTPA_UNCONNECTED[1]
NLW_weight_rows_0_reg_1_CASDOUTPA_UNCONNECTED[2]
NLW_weight_rows_0_reg_1_CASDOUTPA_UNCONNECTED[3]
NLW_weight_rows_0_reg_1_CASDOUTPB_UNCONNECTED[0]
NLW_weight_rows_0_reg_1_CASDOUTPB_UNCONNECTED[1]
NLW_weight_rows_0_reg_1_CASDOUTPB_UNCONNECTED[2]
NLW_weight_rows_0_reg_1_CASDOUTPB_UNCONNECTED[3]
NLW_weight_rows_0_reg_1_ECCPARITY_UNCONNECTED[0]
NLW_weight_rows_0_reg_1_ECCPARITY_UNCONNECTED[1]
NLW_weight_rows_0_reg_1_ECCPARITY_UNCONNECTED[2]
NLW_weight_rows_0_reg_1_ECCPARITY_UNCONNECTED[3]
NLW_weight_rows_0_reg_1_ECCPARITY_UNCONNECTED[4]
NLW_weight_rows_0_reg_1_ECCPARITY_UNCONNECTED[5]
NLW_weight_rows_0_reg_1_ECCPARITY_UNCONNECTED[6]
NLW_weight_rows_0_reg_1_ECCPARITY_UNCONNECTED[7]
NLW_weight_rows_0_reg_1_RDADDRECC_UNCONNECTED[0]
NLW_weight_rows_0_reg_1_RDADDRECC_UNCONNECTED[1]
NLW_weight_rows_0_reg_1_RDADDRECC_UNCONNECTED[2]
NLW_weight_rows_0_reg_1_RDADDRECC_UNCONNECTED[3]
NLW_weight_rows_0_reg_1_RDADDRECC_UNCONNECTED[4]
NLW_weight_rows_0_reg_1_RDADDRECC_UNCONNECTED[5]
NLW_weight_rows_0_reg_1_RDADDRECC_UNCONNECTED[6]
NLW_weight_rows_0_reg_1_RDADDRECC_UNCONNECTED[7]
NLW_weight_rows_0_reg_1_RDADDRECC_UNCONNECTED[8]
NLW_weight_rows_0_reg_2_CASOUTDBITERR_UNCONNECTED
NLW_weight_rows_0_reg_2_CASOUTSBITERR_UNCONNECTED
NLW_weight_rows_0_reg_2_DBITERR_UNCONNECTED
NLW_weight_rows_0_reg_2_SBITERR_UNCONNECTED
NLW_weight_rows_0_reg_2_CASDINA_UNCONNECTED[0]
NLW_weight_rows_0_reg_2_CASDINA_UNCONNECTED[1]
NLW_weight_rows_0_reg_2_CASDINA_UNCONNECTED[2]
NLW_weight_rows_0_reg_2_CASDINA_UNCONNECTED[3]
NLW_weight_rows_0_reg_2_CASDINA_UNCONNECTED[4]
NLW_weight_rows_0_reg_2_CASDINA_UNCONNECTED[5]
NLW_weight_rows_0_reg_2_CASDINA_UNCONNECTED[6]
NLW_weight_rows_0_reg_2_CASDINA_UNCONNECTED[7]
NLW_weight_rows_0_reg_2_CASDINA_UNCONNECTED[8]
NLW_weight_rows_0_reg_2_CASDINA_UNCONNECTED[9]
NLW_weight_rows_0_reg_2_CASDINA_UNCONNECTED[10]
NLW_weight_rows_0_reg_2_CASDINA_UNCONNECTED[11]
NLW_weight_rows_0_reg_2_CASDINA_UNCONNECTED[12]
NLW_weight_rows_0_reg_2_CASDINA_UNCONNECTED[13]
NLW_weight_rows_0_reg_2_CASDINA_UNCONNECTED[14]
NLW_weight_rows_0_reg_2_CASDINA_UNCONNECTED[15]
NLW_weight_rows_0_reg_2_CASDINA_UNCONNECTED[16]
NLW_weight_rows_0_reg_2_CASDINA_UNCONNECTED[17]
NLW_weight_rows_0_reg_2_CASDINA_UNCONNECTED[18]
NLW_weight_rows_0_reg_2_CASDINA_UNCONNECTED[19]
NLW_weight_rows_0_reg_2_CASDINA_UNCONNECTED[20]
NLW_weight_rows_0_reg_2_CASDINA_UNCONNECTED[21]
NLW_weight_rows_0_reg_2_CASDINA_UNCONNECTED[22]
NLW_weight_rows_0_reg_2_CASDINA_UNCONNECTED[23]
NLW_weight_rows_0_reg_2_CASDINA_UNCONNECTED[24]
NLW_weight_rows_0_reg_2_CASDINA_UNCONNECTED[25]
NLW_weight_rows_0_reg_2_CASDINA_UNCONNECTED[26]
NLW_weight_rows_0_reg_2_CASDINA_UNCONNECTED[27]
NLW_weight_rows_0_reg_2_CASDINA_UNCONNECTED[28]
NLW_weight_rows_0_reg_2_CASDINA_UNCONNECTED[29]
NLW_weight_rows_0_reg_2_CASDINA_UNCONNECTED[30]
NLW_weight_rows_0_reg_2_CASDINA_UNCONNECTED[31]
NLW_weight_rows_0_reg_2_CASDINB_UNCONNECTED[0]
NLW_weight_rows_0_reg_2_CASDINB_UNCONNECTED[1]
NLW_weight_rows_0_reg_2_CASDINB_UNCONNECTED[2]
NLW_weight_rows_0_reg_2_CASDINB_UNCONNECTED[3]
NLW_weight_rows_0_reg_2_CASDINB_UNCONNECTED[4]
NLW_weight_rows_0_reg_2_CASDINB_UNCONNECTED[5]
NLW_weight_rows_0_reg_2_CASDINB_UNCONNECTED[6]
NLW_weight_rows_0_reg_2_CASDINB_UNCONNECTED[7]
NLW_weight_rows_0_reg_2_CASDINB_UNCONNECTED[8]
NLW_weight_rows_0_reg_2_CASDINB_UNCONNECTED[9]
NLW_weight_rows_0_reg_2_CASDINB_UNCONNECTED[10]
NLW_weight_rows_0_reg_2_CASDINB_UNCONNECTED[11]
NLW_weight_rows_0_reg_2_CASDINB_UNCONNECTED[12]
NLW_weight_rows_0_reg_2_CASDINB_UNCONNECTED[13]
NLW_weight_rows_0_reg_2_CASDINB_UNCONNECTED[14]
NLW_weight_rows_0_reg_2_CASDINB_UNCONNECTED[15]
NLW_weight_rows_0_reg_2_CASDINB_UNCONNECTED[16]
NLW_weight_rows_0_reg_2_CASDINB_UNCONNECTED[17]
NLW_weight_rows_0_reg_2_CASDINB_UNCONNECTED[18]
NLW_weight_rows_0_reg_2_CASDINB_UNCONNECTED[19]
NLW_weight_rows_0_reg_2_CASDINB_UNCONNECTED[20]
NLW_weight_rows_0_reg_2_CASDINB_UNCONNECTED[21]
NLW_weight_rows_0_reg_2_CASDINB_UNCONNECTED[22]
NLW_weight_rows_0_reg_2_CASDINB_UNCONNECTED[23]
NLW_weight_rows_0_reg_2_CASDINB_UNCONNECTED[24]
NLW_weight_rows_0_reg_2_CASDINB_UNCONNECTED[25]
NLW_weight_rows_0_reg_2_CASDINB_UNCONNECTED[26]
NLW_weight_rows_0_reg_2_CASDINB_UNCONNECTED[27]
NLW_weight_rows_0_reg_2_CASDINB_UNCONNECTED[28]
NLW_weight_rows_0_reg_2_CASDINB_UNCONNECTED[29]
NLW_weight_rows_0_reg_2_CASDINB_UNCONNECTED[30]
NLW_weight_rows_0_reg_2_CASDINB_UNCONNECTED[31]
NLW_weight_rows_0_reg_2_CASDINPA_UNCONNECTED[0]
NLW_weight_rows_0_reg_2_CASDINPA_UNCONNECTED[1]
NLW_weight_rows_0_reg_2_CASDINPA_UNCONNECTED[2]
NLW_weight_rows_0_reg_2_CASDINPA_UNCONNECTED[3]
NLW_weight_rows_0_reg_2_CASDINPB_UNCONNECTED[0]
NLW_weight_rows_0_reg_2_CASDINPB_UNCONNECTED[1]
NLW_weight_rows_0_reg_2_CASDINPB_UNCONNECTED[2]
NLW_weight_rows_0_reg_2_CASDINPB_UNCONNECTED[3]
NLW_weight_rows_0_reg_2_CASDOUTA_UNCONNECTED[0]
NLW_weight_rows_0_reg_2_CASDOUTA_UNCONNECTED[1]
NLW_weight_rows_0_reg_2_CASDOUTA_UNCONNECTED[2]
NLW_weight_rows_0_reg_2_CASDOUTA_UNCONNECTED[3]
NLW_weight_rows_0_reg_2_CASDOUTA_UNCONNECTED[4]
NLW_weight_rows_0_reg_2_CASDOUTA_UNCONNECTED[5]
NLW_weight_rows_0_reg_2_CASDOUTA_UNCONNECTED[6]
NLW_weight_rows_0_reg_2_CASDOUTA_UNCONNECTED[7]
NLW_weight_rows_0_reg_2_CASDOUTA_UNCONNECTED[8]
NLW_weight_rows_0_reg_2_CASDOUTA_UNCONNECTED[9]
NLW_weight_rows_0_reg_2_CASDOUTA_UNCONNECTED[10]
NLW_weight_rows_0_reg_2_CASDOUTA_UNCONNECTED[11]
NLW_weight_rows_0_reg_2_CASDOUTA_UNCONNECTED[12]
NLW_weight_rows_0_reg_2_CASDOUTA_UNCONNECTED[13]
NLW_weight_rows_0_reg_2_CASDOUTA_UNCONNECTED[14]
NLW_weight_rows_0_reg_2_CASDOUTA_UNCONNECTED[15]
NLW_weight_rows_0_reg_2_CASDOUTA_UNCONNECTED[16]
NLW_weight_rows_0_reg_2_CASDOUTA_UNCONNECTED[17]
NLW_weight_rows_0_reg_2_CASDOUTA_UNCONNECTED[18]
NLW_weight_rows_0_reg_2_CASDOUTA_UNCONNECTED[19]
NLW_weight_rows_0_reg_2_CASDOUTA_UNCONNECTED[20]
NLW_weight_rows_0_reg_2_CASDOUTA_UNCONNECTED[21]
NLW_weight_rows_0_reg_2_CASDOUTA_UNCONNECTED[22]
NLW_weight_rows_0_reg_2_CASDOUTA_UNCONNECTED[23]
NLW_weight_rows_0_reg_2_CASDOUTA_UNCONNECTED[24]
NLW_weight_rows_0_reg_2_CASDOUTA_UNCONNECTED[25]
NLW_weight_rows_0_reg_2_CASDOUTA_UNCONNECTED[26]
NLW_weight_rows_0_reg_2_CASDOUTA_UNCONNECTED[27]
NLW_weight_rows_0_reg_2_CASDOUTA_UNCONNECTED[28]
NLW_weight_rows_0_reg_2_CASDOUTA_UNCONNECTED[29]
NLW_weight_rows_0_reg_2_CASDOUTA_UNCONNECTED[30]
NLW_weight_rows_0_reg_2_CASDOUTA_UNCONNECTED[31]
NLW_weight_rows_0_reg_2_CASDOUTB_UNCONNECTED[0]
NLW_weight_rows_0_reg_2_CASDOUTB_UNCONNECTED[1]
NLW_weight_rows_0_reg_2_CASDOUTB_UNCONNECTED[2]
NLW_weight_rows_0_reg_2_CASDOUTB_UNCONNECTED[3]
NLW_weight_rows_0_reg_2_CASDOUTB_UNCONNECTED[4]
NLW_weight_rows_0_reg_2_CASDOUTB_UNCONNECTED[5]
NLW_weight_rows_0_reg_2_CASDOUTB_UNCONNECTED[6]
NLW_weight_rows_0_reg_2_CASDOUTB_UNCONNECTED[7]
NLW_weight_rows_0_reg_2_CASDOUTB_UNCONNECTED[8]
NLW_weight_rows_0_reg_2_CASDOUTB_UNCONNECTED[9]
NLW_weight_rows_0_reg_2_CASDOUTB_UNCONNECTED[10]
NLW_weight_rows_0_reg_2_CASDOUTB_UNCONNECTED[11]
NLW_weight_rows_0_reg_2_CASDOUTB_UNCONNECTED[12]
NLW_weight_rows_0_reg_2_CASDOUTB_UNCONNECTED[13]
NLW_weight_rows_0_reg_2_CASDOUTB_UNCONNECTED[14]
NLW_weight_rows_0_reg_2_CASDOUTB_UNCONNECTED[15]
NLW_weight_rows_0_reg_2_CASDOUTB_UNCONNECTED[16]
NLW_weight_rows_0_reg_2_CASDOUTB_UNCONNECTED[17]
NLW_weight_rows_0_reg_2_CASDOUTB_UNCONNECTED[18]
NLW_weight_rows_0_reg_2_CASDOUTB_UNCONNECTED[19]
NLW_weight_rows_0_reg_2_CASDOUTB_UNCONNECTED[20]
NLW_weight_rows_0_reg_2_CASDOUTB_UNCONNECTED[21]
NLW_weight_rows_0_reg_2_CASDOUTB_UNCONNECTED[22]
NLW_weight_rows_0_reg_2_CASDOUTB_UNCONNECTED[23]
NLW_weight_rows_0_reg_2_CASDOUTB_UNCONNECTED[24]
NLW_weight_rows_0_reg_2_CASDOUTB_UNCONNECTED[25]
NLW_weight_rows_0_reg_2_CASDOUTB_UNCONNECTED[26]
NLW_weight_rows_0_reg_2_CASDOUTB_UNCONNECTED[27]
NLW_weight_rows_0_reg_2_CASDOUTB_UNCONNECTED[28]
NLW_weight_rows_0_reg_2_CASDOUTB_UNCONNECTED[29]
NLW_weight_rows_0_reg_2_CASDOUTB_UNCONNECTED[30]
NLW_weight_rows_0_reg_2_CASDOUTB_UNCONNECTED[31]
NLW_weight_rows_0_reg_2_CASDOUTPA_UNCONNECTED[0]
NLW_weight_rows_0_reg_2_CASDOUTPA_UNCONNECTED[1]
NLW_weight_rows_0_reg_2_CASDOUTPA_UNCONNECTED[2]
NLW_weight_rows_0_reg_2_CASDOUTPA_UNCONNECTED[3]
NLW_weight_rows_0_reg_2_CASDOUTPB_UNCONNECTED[0]
NLW_weight_rows_0_reg_2_CASDOUTPB_UNCONNECTED[1]
NLW_weight_rows_0_reg_2_CASDOUTPB_UNCONNECTED[2]
NLW_weight_rows_0_reg_2_CASDOUTPB_UNCONNECTED[3]
NLW_weight_rows_0_reg_2_ECCPARITY_UNCONNECTED[0]
NLW_weight_rows_0_reg_2_ECCPARITY_UNCONNECTED[1]
NLW_weight_rows_0_reg_2_ECCPARITY_UNCONNECTED[2]
NLW_weight_rows_0_reg_2_ECCPARITY_UNCONNECTED[3]
NLW_weight_rows_0_reg_2_ECCPARITY_UNCONNECTED[4]
NLW_weight_rows_0_reg_2_ECCPARITY_UNCONNECTED[5]
NLW_weight_rows_0_reg_2_ECCPARITY_UNCONNECTED[6]
NLW_weight_rows_0_reg_2_ECCPARITY_UNCONNECTED[7]
NLW_weight_rows_0_reg_2_RDADDRECC_UNCONNECTED[0]
NLW_weight_rows_0_reg_2_RDADDRECC_UNCONNECTED[1]
NLW_weight_rows_0_reg_2_RDADDRECC_UNCONNECTED[2]
NLW_weight_rows_0_reg_2_RDADDRECC_UNCONNECTED[3]
NLW_weight_rows_0_reg_2_RDADDRECC_UNCONNECTED[4]
NLW_weight_rows_0_reg_2_RDADDRECC_UNCONNECTED[5]
NLW_weight_rows_0_reg_2_RDADDRECC_UNCONNECTED[6]
NLW_weight_rows_0_reg_2_RDADDRECC_UNCONNECTED[7]
NLW_weight_rows_0_reg_2_RDADDRECC_UNCONNECTED[8]
NLW_weight_rows_0_reg_3_CASOUTDBITERR_UNCONNECTED
NLW_weight_rows_0_reg_3_CASOUTSBITERR_UNCONNECTED
NLW_weight_rows_0_reg_3_DBITERR_UNCONNECTED
NLW_weight_rows_0_reg_3_SBITERR_UNCONNECTED
NLW_weight_rows_0_reg_3_CASDINA_UNCONNECTED[0]
NLW_weight_rows_0_reg_3_CASDINA_UNCONNECTED[1]
NLW_weight_rows_0_reg_3_CASDINA_UNCONNECTED[2]
NLW_weight_rows_0_reg_3_CASDINA_UNCONNECTED[3]
NLW_weight_rows_0_reg_3_CASDINA_UNCONNECTED[4]
NLW_weight_rows_0_reg_3_CASDINA_UNCONNECTED[5]
NLW_weight_rows_0_reg_3_CASDINA_UNCONNECTED[6]
NLW_weight_rows_0_reg_3_CASDINA_UNCONNECTED[7]
NLW_weight_rows_0_reg_3_CASDINA_UNCONNECTED[8]
NLW_weight_rows_0_reg_3_CASDINA_UNCONNECTED[9]
NLW_weight_rows_0_reg_3_CASDINA_UNCONNECTED[10]
NLW_weight_rows_0_reg_3_CASDINA_UNCONNECTED[11]
NLW_weight_rows_0_reg_3_CASDINA_UNCONNECTED[12]
NLW_weight_rows_0_reg_3_CASDINA_UNCONNECTED[13]
NLW_weight_rows_0_reg_3_CASDINA_UNCONNECTED[14]
NLW_weight_rows_0_reg_3_CASDINA_UNCONNECTED[15]
NLW_weight_rows_0_reg_3_CASDINA_UNCONNECTED[16]
NLW_weight_rows_0_reg_3_CASDINA_UNCONNECTED[17]
NLW_weight_rows_0_reg_3_CASDINA_UNCONNECTED[18]
NLW_weight_rows_0_reg_3_CASDINA_UNCONNECTED[19]
NLW_weight_rows_0_reg_3_CASDINA_UNCONNECTED[20]
NLW_weight_rows_0_reg_3_CASDINA_UNCONNECTED[21]
NLW_weight_rows_0_reg_3_CASDINA_UNCONNECTED[22]
NLW_weight_rows_0_reg_3_CASDINA_UNCONNECTED[23]
NLW_weight_rows_0_reg_3_CASDINA_UNCONNECTED[24]
NLW_weight_rows_0_reg_3_CASDINA_UNCONNECTED[25]
NLW_weight_rows_0_reg_3_CASDINA_UNCONNECTED[26]
NLW_weight_rows_0_reg_3_CASDINA_UNCONNECTED[27]
NLW_weight_rows_0_reg_3_CASDINA_UNCONNECTED[28]
NLW_weight_rows_0_reg_3_CASDINA_UNCONNECTED[29]
NLW_weight_rows_0_reg_3_CASDINA_UNCONNECTED[30]
NLW_weight_rows_0_reg_3_CASDINA_UNCONNECTED[31]
NLW_weight_rows_0_reg_3_CASDINB_UNCONNECTED[0]
NLW_weight_rows_0_reg_3_CASDINB_UNCONNECTED[1]
NLW_weight_rows_0_reg_3_CASDINB_UNCONNECTED[2]
NLW_weight_rows_0_reg_3_CASDINB_UNCONNECTED[3]
NLW_weight_rows_0_reg_3_CASDINB_UNCONNECTED[4]
NLW_weight_rows_0_reg_3_CASDINB_UNCONNECTED[5]
NLW_weight_rows_0_reg_3_CASDINB_UNCONNECTED[6]
NLW_weight_rows_0_reg_3_CASDINB_UNCONNECTED[7]
NLW_weight_rows_0_reg_3_CASDINB_UNCONNECTED[8]
NLW_weight_rows_0_reg_3_CASDINB_UNCONNECTED[9]
NLW_weight_rows_0_reg_3_CASDINB_UNCONNECTED[10]
NLW_weight_rows_0_reg_3_CASDINB_UNCONNECTED[11]
NLW_weight_rows_0_reg_3_CASDINB_UNCONNECTED[12]
NLW_weight_rows_0_reg_3_CASDINB_UNCONNECTED[13]
NLW_weight_rows_0_reg_3_CASDINB_UNCONNECTED[14]
NLW_weight_rows_0_reg_3_CASDINB_UNCONNECTED[15]
NLW_weight_rows_0_reg_3_CASDINB_UNCONNECTED[16]
NLW_weight_rows_0_reg_3_CASDINB_UNCONNECTED[17]
NLW_weight_rows_0_reg_3_CASDINB_UNCONNECTED[18]
NLW_weight_rows_0_reg_3_CASDINB_UNCONNECTED[19]
NLW_weight_rows_0_reg_3_CASDINB_UNCONNECTED[20]
NLW_weight_rows_0_reg_3_CASDINB_UNCONNECTED[21]
NLW_weight_rows_0_reg_3_CASDINB_UNCONNECTED[22]
NLW_weight_rows_0_reg_3_CASDINB_UNCONNECTED[23]
NLW_weight_rows_0_reg_3_CASDINB_UNCONNECTED[24]
NLW_weight_rows_0_reg_3_CASDINB_UNCONNECTED[25]
NLW_weight_rows_0_reg_3_CASDINB_UNCONNECTED[26]
NLW_weight_rows_0_reg_3_CASDINB_UNCONNECTED[27]
NLW_weight_rows_0_reg_3_CASDINB_UNCONNECTED[28]
NLW_weight_rows_0_reg_3_CASDINB_UNCONNECTED[29]
NLW_weight_rows_0_reg_3_CASDINB_UNCONNECTED[30]
NLW_weight_rows_0_reg_3_CASDINB_UNCONNECTED[31]
NLW_weight_rows_0_reg_3_CASDINPA_UNCONNECTED[0]
NLW_weight_rows_0_reg_3_CASDINPA_UNCONNECTED[1]
NLW_weight_rows_0_reg_3_CASDINPA_UNCONNECTED[2]
NLW_weight_rows_0_reg_3_CASDINPA_UNCONNECTED[3]
NLW_weight_rows_0_reg_3_CASDINPB_UNCONNECTED[0]
NLW_weight_rows_0_reg_3_CASDINPB_UNCONNECTED[1]
NLW_weight_rows_0_reg_3_CASDINPB_UNCONNECTED[2]
NLW_weight_rows_0_reg_3_CASDINPB_UNCONNECTED[3]
NLW_weight_rows_0_reg_3_CASDOUTA_UNCONNECTED[0]
NLW_weight_rows_0_reg_3_CASDOUTA_UNCONNECTED[1]
NLW_weight_rows_0_reg_3_CASDOUTA_UNCONNECTED[2]
NLW_weight_rows_0_reg_3_CASDOUTA_UNCONNECTED[3]
NLW_weight_rows_0_reg_3_CASDOUTA_UNCONNECTED[4]
NLW_weight_rows_0_reg_3_CASDOUTA_UNCONNECTED[5]
NLW_weight_rows_0_reg_3_CASDOUTA_UNCONNECTED[6]
NLW_weight_rows_0_reg_3_CASDOUTA_UNCONNECTED[7]
NLW_weight_rows_0_reg_3_CASDOUTA_UNCONNECTED[8]
NLW_weight_rows_0_reg_3_CASDOUTA_UNCONNECTED[9]
NLW_weight_rows_0_reg_3_CASDOUTA_UNCONNECTED[10]
NLW_weight_rows_0_reg_3_CASDOUTA_UNCONNECTED[11]
NLW_weight_rows_0_reg_3_CASDOUTA_UNCONNECTED[12]
NLW_weight_rows_0_reg_3_CASDOUTA_UNCONNECTED[13]
NLW_weight_rows_0_reg_3_CASDOUTA_UNCONNECTED[14]
NLW_weight_rows_0_reg_3_CASDOUTA_UNCONNECTED[15]
NLW_weight_rows_0_reg_3_CASDOUTA_UNCONNECTED[16]
NLW_weight_rows_0_reg_3_CASDOUTA_UNCONNECTED[17]
NLW_weight_rows_0_reg_3_CASDOUTA_UNCONNECTED[18]
NLW_weight_rows_0_reg_3_CASDOUTA_UNCONNECTED[19]
NLW_weight_rows_0_reg_3_CASDOUTA_UNCONNECTED[20]
NLW_weight_rows_0_reg_3_CASDOUTA_UNCONNECTED[21]
NLW_weight_rows_0_reg_3_CASDOUTA_UNCONNECTED[22]
NLW_weight_rows_0_reg_3_CASDOUTA_UNCONNECTED[23]
NLW_weight_rows_0_reg_3_CASDOUTA_UNCONNECTED[24]
NLW_weight_rows_0_reg_3_CASDOUTA_UNCONNECTED[25]
NLW_weight_rows_0_reg_3_CASDOUTA_UNCONNECTED[26]
NLW_weight_rows_0_reg_3_CASDOUTA_UNCONNECTED[27]
NLW_weight_rows_0_reg_3_CASDOUTA_UNCONNECTED[28]
NLW_weight_rows_0_reg_3_CASDOUTA_UNCONNECTED[29]
NLW_weight_rows_0_reg_3_CASDOUTA_UNCONNECTED[30]
NLW_weight_rows_0_reg_3_CASDOUTA_UNCONNECTED[31]
NLW_weight_rows_0_reg_3_CASDOUTB_UNCONNECTED[0]
NLW_weight_rows_0_reg_3_CASDOUTB_UNCONNECTED[1]
NLW_weight_rows_0_reg_3_CASDOUTB_UNCONNECTED[2]
NLW_weight_rows_0_reg_3_CASDOUTB_UNCONNECTED[3]
NLW_weight_rows_0_reg_3_CASDOUTB_UNCONNECTED[4]
NLW_weight_rows_0_reg_3_CASDOUTB_UNCONNECTED[5]
NLW_weight_rows_0_reg_3_CASDOUTB_UNCONNECTED[6]
NLW_weight_rows_0_reg_3_CASDOUTB_UNCONNECTED[7]
NLW_weight_rows_0_reg_3_CASDOUTB_UNCONNECTED[8]
NLW_weight_rows_0_reg_3_CASDOUTB_UNCONNECTED[9]
NLW_weight_rows_0_reg_3_CASDOUTB_UNCONNECTED[10]
NLW_weight_rows_0_reg_3_CASDOUTB_UNCONNECTED[11]
NLW_weight_rows_0_reg_3_CASDOUTB_UNCONNECTED[12]
NLW_weight_rows_0_reg_3_CASDOUTB_UNCONNECTED[13]
NLW_weight_rows_0_reg_3_CASDOUTB_UNCONNECTED[14]
NLW_weight_rows_0_reg_3_CASDOUTB_UNCONNECTED[15]
NLW_weight_rows_0_reg_3_CASDOUTB_UNCONNECTED[16]
NLW_weight_rows_0_reg_3_CASDOUTB_UNCONNECTED[17]
NLW_weight_rows_0_reg_3_CASDOUTB_UNCONNECTED[18]
NLW_weight_rows_0_reg_3_CASDOUTB_UNCONNECTED[19]
NLW_weight_rows_0_reg_3_CASDOUTB_UNCONNECTED[20]
NLW_weight_rows_0_reg_3_CASDOUTB_UNCONNECTED[21]
NLW_weight_rows_0_reg_3_CASDOUTB_UNCONNECTED[22]
NLW_weight_rows_0_reg_3_CASDOUTB_UNCONNECTED[23]
NLW_weight_rows_0_reg_3_CASDOUTB_UNCONNECTED[24]
NLW_weight_rows_0_reg_3_CASDOUTB_UNCONNECTED[25]
NLW_weight_rows_0_reg_3_CASDOUTB_UNCONNECTED[26]
NLW_weight_rows_0_reg_3_CASDOUTB_UNCONNECTED[27]
NLW_weight_rows_0_reg_3_CASDOUTB_UNCONNECTED[28]
NLW_weight_rows_0_reg_3_CASDOUTB_UNCONNECTED[29]
NLW_weight_rows_0_reg_3_CASDOUTB_UNCONNECTED[30]
NLW_weight_rows_0_reg_3_CASDOUTB_UNCONNECTED[31]
NLW_weight_rows_0_reg_3_CASDOUTPA_UNCONNECTED[0]
NLW_weight_rows_0_reg_3_CASDOUTPA_UNCONNECTED[1]
NLW_weight_rows_0_reg_3_CASDOUTPA_UNCONNECTED[2]
NLW_weight_rows_0_reg_3_CASDOUTPA_UNCONNECTED[3]
NLW_weight_rows_0_reg_3_CASDOUTPB_UNCONNECTED[0]
NLW_weight_rows_0_reg_3_CASDOUTPB_UNCONNECTED[1]
NLW_weight_rows_0_reg_3_CASDOUTPB_UNCONNECTED[2]
NLW_weight_rows_0_reg_3_CASDOUTPB_UNCONNECTED[3]
NLW_weight_rows_0_reg_3_DOUTBDOUT_UNCONNECTED[8]
NLW_weight_rows_0_reg_3_DOUTBDOUT_UNCONNECTED[9]
NLW_weight_rows_0_reg_3_DOUTBDOUT_UNCONNECTED[10]
NLW_weight_rows_0_reg_3_DOUTBDOUT_UNCONNECTED[11]
NLW_weight_rows_0_reg_3_DOUTBDOUT_UNCONNECTED[12]
NLW_weight_rows_0_reg_3_DOUTBDOUT_UNCONNECTED[13]
NLW_weight_rows_0_reg_3_DOUTBDOUT_UNCONNECTED[14]
NLW_weight_rows_0_reg_3_DOUTBDOUT_UNCONNECTED[15]
NLW_weight_rows_0_reg_3_DOUTBDOUT_UNCONNECTED[16]
NLW_weight_rows_0_reg_3_DOUTBDOUT_UNCONNECTED[17]
NLW_weight_rows_0_reg_3_DOUTBDOUT_UNCONNECTED[18]
NLW_weight_rows_0_reg_3_DOUTBDOUT_UNCONNECTED[19]
NLW_weight_rows_0_reg_3_DOUTBDOUT_UNCONNECTED[20]
NLW_weight_rows_0_reg_3_DOUTBDOUT_UNCONNECTED[21]
NLW_weight_rows_0_reg_3_DOUTBDOUT_UNCONNECTED[22]
NLW_weight_rows_0_reg_3_DOUTBDOUT_UNCONNECTED[23]
NLW_weight_rows_0_reg_3_DOUTBDOUT_UNCONNECTED[24]
NLW_weight_rows_0_reg_3_DOUTBDOUT_UNCONNECTED[25]
NLW_weight_rows_0_reg_3_DOUTBDOUT_UNCONNECTED[26]
NLW_weight_rows_0_reg_3_DOUTBDOUT_UNCONNECTED[27]
NLW_weight_rows_0_reg_3_DOUTBDOUT_UNCONNECTED[28]
NLW_weight_rows_0_reg_3_DOUTBDOUT_UNCONNECTED[29]
NLW_weight_rows_0_reg_3_DOUTBDOUT_UNCONNECTED[30]
NLW_weight_rows_0_reg_3_DOUTBDOUT_UNCONNECTED[31]
NLW_weight_rows_0_reg_3_DOUTPADOUTP_UNCONNECTED[0]
NLW_weight_rows_0_reg_3_DOUTPADOUTP_UNCONNECTED[1]
NLW_weight_rows_0_reg_3_DOUTPADOUTP_UNCONNECTED[2]
NLW_weight_rows_0_reg_3_DOUTPADOUTP_UNCONNECTED[3]
NLW_weight_rows_0_reg_3_DOUTPBDOUTP_UNCONNECTED[0]
NLW_weight_rows_0_reg_3_DOUTPBDOUTP_UNCONNECTED[1]
NLW_weight_rows_0_reg_3_DOUTPBDOUTP_UNCONNECTED[2]
NLW_weight_rows_0_reg_3_DOUTPBDOUTP_UNCONNECTED[3]
NLW_weight_rows_0_reg_3_ECCPARITY_UNCONNECTED[0]
NLW_weight_rows_0_reg_3_ECCPARITY_UNCONNECTED[1]
NLW_weight_rows_0_reg_3_ECCPARITY_UNCONNECTED[2]
NLW_weight_rows_0_reg_3_ECCPARITY_UNCONNECTED[3]
NLW_weight_rows_0_reg_3_ECCPARITY_UNCONNECTED[4]
NLW_weight_rows_0_reg_3_ECCPARITY_UNCONNECTED[5]
NLW_weight_rows_0_reg_3_ECCPARITY_UNCONNECTED[6]
NLW_weight_rows_0_reg_3_ECCPARITY_UNCONNECTED[7]
NLW_weight_rows_0_reg_3_RDADDRECC_UNCONNECTED[0]
NLW_weight_rows_0_reg_3_RDADDRECC_UNCONNECTED[1]
NLW_weight_rows_0_reg_3_RDADDRECC_UNCONNECTED[2]
NLW_weight_rows_0_reg_3_RDADDRECC_UNCONNECTED[3]
NLW_weight_rows_0_reg_3_RDADDRECC_UNCONNECTED[4]
NLW_weight_rows_0_reg_3_RDADDRECC_UNCONNECTED[5]
NLW_weight_rows_0_reg_3_RDADDRECC_UNCONNECTED[6]
NLW_weight_rows_0_reg_3_RDADDRECC_UNCONNECTED[7]
NLW_weight_rows_0_reg_3_RDADDRECC_UNCONNECTED[8]
hidden_lif/NLW_internal_value_reg[15]_i_2_CO_UNCONNECTED[0]
hidden_lif/NLW_internal_value_reg[15]_i_2_CO_UNCONNECTED[1]
hidden_lif/NLW_internal_value_reg[15]_i_2_CO_UNCONNECTED[2]
hidden_lif/NLW_internal_value_reg[15]_i_2_CO_UNCONNECTED[3]
hidden_lif/NLW_internal_value_reg[15]_i_2_CO_UNCONNECTED[4]
hidden_lif/NLW_internal_value_reg[15]_i_2_CO_UNCONNECTED[5]
hidden_lif/NLW_internal_value_reg[15]_i_2_CO_UNCONNECTED[6]
hidden_lif/NLW_internal_value_reg[15]_i_3_CO_UNCONNECTED[0]
hidden_lif/NLW_internal_value_reg[15]_i_3_CO_UNCONNECTED[1]
hidden_lif/NLW_internal_value_reg[15]_i_3_CO_UNCONNECTED[2]
hidden_lif/NLW_internal_value_reg[15]_i_3_CO_UNCONNECTED[3]
hidden_lif/NLW_internal_value_reg[15]_i_3_CO_UNCONNECTED[4]
hidden_lif/NLW_internal_value_reg[15]_i_3_CO_UNCONNECTED[5]
hidden_lif/NLW_internal_value_reg[15]_i_3_CO_UNCONNECTED[6]
hidden_lif/NLW_internal_value_reg[23]_i_2_CO_UNCONNECTED[0]
hidden_lif/NLW_internal_value_reg[23]_i_2_CO_UNCONNECTED[1]
hidden_lif/NLW_internal_value_reg[23]_i_2_CO_UNCONNECTED[2]
hidden_lif/NLW_internal_value_reg[23]_i_2_CO_UNCONNECTED[3]
hidden_lif/NLW_internal_value_reg[23]_i_2_CO_UNCONNECTED[4]
hidden_lif/NLW_internal_value_reg[23]_i_2_CO_UNCONNECTED[5]
hidden_lif/NLW_internal_value_reg[23]_i_2_CO_UNCONNECTED[6]
hidden_lif/NLW_internal_value_reg[23]_i_3_CO_UNCONNECTED[0]
hidden_lif/NLW_internal_value_reg[23]_i_3_CO_UNCONNECTED[1]
hidden_lif/NLW_internal_value_reg[23]_i_3_CO_UNCONNECTED[2]
hidden_lif/NLW_internal_value_reg[23]_i_3_CO_UNCONNECTED[3]
hidden_lif/NLW_internal_value_reg[23]_i_3_CO_UNCONNECTED[4]
hidden_lif/NLW_internal_value_reg[23]_i_3_CO_UNCONNECTED[5]
hidden_lif/NLW_internal_value_reg[23]_i_3_CO_UNCONNECTED[6]
hidden_lif/NLW_internal_value_reg[27]_i_24_CO_UNCONNECTED[0]
hidden_lif/NLW_internal_value_reg[27]_i_24_CO_UNCONNECTED[1]
hidden_lif/NLW_internal_value_reg[27]_i_24_CO_UNCONNECTED[2]
hidden_lif/NLW_internal_value_reg[27]_i_24_CO_UNCONNECTED[3]
hidden_lif/NLW_internal_value_reg[27]_i_24_CO_UNCONNECTED[4]
hidden_lif/NLW_internal_value_reg[27]_i_24_CO_UNCONNECTED[5]
hidden_lif/NLW_internal_value_reg[27]_i_24_CO_UNCONNECTED[6]
hidden_lif/NLW_internal_value_reg[27]_i_24_O_UNCONNECTED[0]
hidden_lif/NLW_internal_value_reg[27]_i_24_O_UNCONNECTED[1]
hidden_lif/NLW_internal_value_reg[27]_i_24_O_UNCONNECTED[2]
hidden_lif/NLW_internal_value_reg[27]_i_24_O_UNCONNECTED[3]
hidden_lif/NLW_internal_value_reg[27]_i_24_O_UNCONNECTED[4]
hidden_lif/NLW_internal_value_reg[27]_i_24_O_UNCONNECTED[5]
hidden_lif/NLW_internal_value_reg[27]_i_24_O_UNCONNECTED[6]
hidden_lif/NLW_internal_value_reg[27]_i_24_O_UNCONNECTED[7]
hidden_lif/NLW_internal_value_reg[27]_i_6_CO_UNCONNECTED[0]
hidden_lif/NLW_internal_value_reg[27]_i_6_CO_UNCONNECTED[1]
hidden_lif/NLW_internal_value_reg[27]_i_6_CO_UNCONNECTED[2]
hidden_lif/NLW_internal_value_reg[27]_i_6_CO_UNCONNECTED[3]
hidden_lif/NLW_internal_value_reg[27]_i_6_CO_UNCONNECTED[4]
hidden_lif/NLW_internal_value_reg[27]_i_6_CO_UNCONNECTED[5]
hidden_lif/NLW_internal_value_reg[27]_i_6_CO_UNCONNECTED[6]
hidden_lif/NLW_internal_value_reg[27]_i_6_O_UNCONNECTED[0]
hidden_lif/NLW_internal_value_reg[27]_i_6_O_UNCONNECTED[1]
hidden_lif/NLW_internal_value_reg[27]_i_6_O_UNCONNECTED[2]
hidden_lif/NLW_internal_value_reg[27]_i_6_O_UNCONNECTED[3]
hidden_lif/NLW_internal_value_reg[27]_i_6_O_UNCONNECTED[4]
hidden_lif/NLW_internal_value_reg[27]_i_6_O_UNCONNECTED[5]
hidden_lif/NLW_internal_value_reg[27]_i_6_O_UNCONNECTED[6]
hidden_lif/NLW_internal_value_reg[27]_i_6_O_UNCONNECTED[7]
hidden_lif/NLW_internal_value_reg[27]_i_7_CO_UNCONNECTED[0]
hidden_lif/NLW_internal_value_reg[27]_i_7_CO_UNCONNECTED[1]
hidden_lif/NLW_internal_value_reg[27]_i_7_CO_UNCONNECTED[2]
hidden_lif/NLW_internal_value_reg[27]_i_7_CO_UNCONNECTED[3]
hidden_lif/NLW_internal_value_reg[27]_i_7_CO_UNCONNECTED[4]
hidden_lif/NLW_internal_value_reg[27]_i_7_CO_UNCONNECTED[5]
hidden_lif/NLW_internal_value_reg[27]_i_7_CO_UNCONNECTED[6]
hidden_lif/NLW_internal_value_reg[27]_i_7_CO_UNCONNECTED[7]
hidden_lif/NLW_internal_value_reg[27]_i_7_DI_UNCONNECTED[6]
hidden_lif/NLW_internal_value_reg[27]_i_7_DI_UNCONNECTED[7]
hidden_lif/NLW_internal_value_reg[27]_i_7_O_UNCONNECTED[5]
hidden_lif/NLW_internal_value_reg[27]_i_7_O_UNCONNECTED[6]
hidden_lif/NLW_internal_value_reg[27]_i_7_O_UNCONNECTED[7]
hidden_lif/NLW_internal_value_reg[27]_i_7_S_UNCONNECTED[6]
hidden_lif/NLW_internal_value_reg[27]_i_7_S_UNCONNECTED[7]
hidden_lif/NLW_internal_value_reg[27]_i_8_CO_UNCONNECTED[0]
hidden_lif/NLW_internal_value_reg[27]_i_8_CO_UNCONNECTED[1]
hidden_lif/NLW_internal_value_reg[27]_i_8_CO_UNCONNECTED[2]
hidden_lif/NLW_internal_value_reg[27]_i_8_CO_UNCONNECTED[3]
hidden_lif/NLW_internal_value_reg[27]_i_8_CO_UNCONNECTED[4]
hidden_lif/NLW_internal_value_reg[27]_i_8_CO_UNCONNECTED[5]
hidden_lif/NLW_internal_value_reg[27]_i_8_CO_UNCONNECTED[6]
hidden_lif/NLW_internal_value_reg[27]_i_8_CO_UNCONNECTED[7]
hidden_lif/NLW_internal_value_reg[27]_i_8_DI_UNCONNECTED[4]
hidden_lif/NLW_internal_value_reg[27]_i_8_DI_UNCONNECTED[5]
hidden_lif/NLW_internal_value_reg[27]_i_8_DI_UNCONNECTED[6]
hidden_lif/NLW_internal_value_reg[27]_i_8_DI_UNCONNECTED[7]
hidden_lif/NLW_internal_value_reg[27]_i_8_O_UNCONNECTED[4]
hidden_lif/NLW_internal_value_reg[27]_i_8_O_UNCONNECTED[5]
hidden_lif/NLW_internal_value_reg[27]_i_8_O_UNCONNECTED[6]
hidden_lif/NLW_internal_value_reg[27]_i_8_O_UNCONNECTED[7]
hidden_lif/NLW_internal_value_reg[27]_i_8_S_UNCONNECTED[4]
hidden_lif/NLW_internal_value_reg[27]_i_8_S_UNCONNECTED[5]
hidden_lif/NLW_internal_value_reg[27]_i_8_S_UNCONNECTED[6]
hidden_lif/NLW_internal_value_reg[27]_i_8_S_UNCONNECTED[7]
hidden_lif/NLW_internal_value_reg[7]_i_2_CO_UNCONNECTED[0]
hidden_lif/NLW_internal_value_reg[7]_i_2_CO_UNCONNECTED[1]
hidden_lif/NLW_internal_value_reg[7]_i_2_CO_UNCONNECTED[2]
hidden_lif/NLW_internal_value_reg[7]_i_2_CO_UNCONNECTED[3]
hidden_lif/NLW_internal_value_reg[7]_i_2_CO_UNCONNECTED[4]
hidden_lif/NLW_internal_value_reg[7]_i_2_CO_UNCONNECTED[5]
hidden_lif/NLW_internal_value_reg[7]_i_2_CO_UNCONNECTED[6]
hidden_lif/NLW_internal_value_reg[7]_i_3_CO_UNCONNECTED[0]
hidden_lif/NLW_internal_value_reg[7]_i_3_CO_UNCONNECTED[1]
hidden_lif/NLW_internal_value_reg[7]_i_3_CO_UNCONNECTED[2]
hidden_lif/NLW_internal_value_reg[7]_i_3_CO_UNCONNECTED[3]
hidden_lif/NLW_internal_value_reg[7]_i_3_CO_UNCONNECTED[4]
hidden_lif/NLW_internal_value_reg[7]_i_3_CO_UNCONNECTED[5]
hidden_lif/NLW_internal_value_reg[7]_i_3_CO_UNCONNECTED[6]
output_collision_lif/NLW_internal_value_reg[15]_i_2__1_CO_UNCONNECTED[0]
output_collision_lif/NLW_internal_value_reg[15]_i_2__1_CO_UNCONNECTED[1]
output_collision_lif/NLW_internal_value_reg[15]_i_2__1_CO_UNCONNECTED[2]
output_collision_lif/NLW_internal_value_reg[15]_i_2__1_CO_UNCONNECTED[3]
output_collision_lif/NLW_internal_value_reg[15]_i_2__1_CO_UNCONNECTED[4]
output_collision_lif/NLW_internal_value_reg[15]_i_2__1_CO_UNCONNECTED[5]
output_collision_lif/NLW_internal_value_reg[15]_i_2__1_CO_UNCONNECTED[6]
output_collision_lif/NLW_internal_value_reg[23]_i_2__1_CO_UNCONNECTED[0]
output_collision_lif/NLW_internal_value_reg[23]_i_2__1_CO_UNCONNECTED[1]
output_collision_lif/NLW_internal_value_reg[23]_i_2__1_CO_UNCONNECTED[2]
output_collision_lif/NLW_internal_value_reg[23]_i_2__1_CO_UNCONNECTED[3]
output_collision_lif/NLW_internal_value_reg[23]_i_2__1_CO_UNCONNECTED[4]
output_collision_lif/NLW_internal_value_reg[23]_i_2__1_CO_UNCONNECTED[5]
output_collision_lif/NLW_internal_value_reg[23]_i_2__1_CO_UNCONNECTED[6]
output_collision_lif/NLW_internal_value_reg[27]_i_18_CO_UNCONNECTED[0]
output_collision_lif/NLW_internal_value_reg[27]_i_18_CO_UNCONNECTED[1]
output_collision_lif/NLW_internal_value_reg[27]_i_18_CO_UNCONNECTED[2]
output_collision_lif/NLW_internal_value_reg[27]_i_18_CO_UNCONNECTED[3]
output_collision_lif/NLW_internal_value_reg[27]_i_18_CO_UNCONNECTED[4]
output_collision_lif/NLW_internal_value_reg[27]_i_18_CO_UNCONNECTED[5]
output_collision_lif/NLW_internal_value_reg[27]_i_18_CO_UNCONNECTED[6]
output_collision_lif/NLW_internal_value_reg[27]_i_18_O_UNCONNECTED[0]
output_collision_lif/NLW_internal_value_reg[27]_i_18_O_UNCONNECTED[1]
output_collision_lif/NLW_internal_value_reg[27]_i_18_O_UNCONNECTED[2]
output_collision_lif/NLW_internal_value_reg[27]_i_18_O_UNCONNECTED[3]
output_collision_lif/NLW_internal_value_reg[27]_i_18_O_UNCONNECTED[4]
output_collision_lif/NLW_internal_value_reg[27]_i_18_O_UNCONNECTED[5]
output_collision_lif/NLW_internal_value_reg[27]_i_18_O_UNCONNECTED[6]
output_collision_lif/NLW_internal_value_reg[27]_i_18_O_UNCONNECTED[7]
output_collision_lif/NLW_internal_value_reg[27]_i_4__1_CO_UNCONNECTED[0]
output_collision_lif/NLW_internal_value_reg[27]_i_4__1_CO_UNCONNECTED[1]
output_collision_lif/NLW_internal_value_reg[27]_i_4__1_CO_UNCONNECTED[2]
output_collision_lif/NLW_internal_value_reg[27]_i_4__1_CO_UNCONNECTED[3]
output_collision_lif/NLW_internal_value_reg[27]_i_4__1_CO_UNCONNECTED[4]
output_collision_lif/NLW_internal_value_reg[27]_i_4__1_CO_UNCONNECTED[5]
output_collision_lif/NLW_internal_value_reg[27]_i_4__1_CO_UNCONNECTED[6]
output_collision_lif/NLW_internal_value_reg[27]_i_4__1_CO_UNCONNECTED[7]
output_collision_lif/NLW_internal_value_reg[27]_i_4__1_DI_UNCONNECTED[7]
output_collision_lif/NLW_internal_value_reg[27]_i_4__1_O_UNCONNECTED[0]
output_collision_lif/NLW_internal_value_reg[27]_i_4__1_O_UNCONNECTED[1]
output_collision_lif/NLW_internal_value_reg[27]_i_4__1_O_UNCONNECTED[2]
output_collision_lif/NLW_internal_value_reg[27]_i_4__1_O_UNCONNECTED[3]
output_collision_lif/NLW_internal_value_reg[27]_i_4__1_O_UNCONNECTED[4]
output_collision_lif/NLW_internal_value_reg[27]_i_4__1_O_UNCONNECTED[5]
output_collision_lif/NLW_internal_value_reg[27]_i_4__1_O_UNCONNECTED[6]
output_collision_lif/NLW_internal_value_reg[27]_i_4__1_O_UNCONNECTED[7]
output_collision_lif/NLW_internal_value_reg[27]_i_4__1_S_UNCONNECTED[7]
output_collision_lif/NLW_internal_value_reg[27]_i_5_CO_UNCONNECTED[0]
output_collision_lif/NLW_internal_value_reg[27]_i_5_CO_UNCONNECTED[1]
output_collision_lif/NLW_internal_value_reg[27]_i_5_CO_UNCONNECTED[2]
output_collision_lif/NLW_internal_value_reg[27]_i_5_CO_UNCONNECTED[3]
output_collision_lif/NLW_internal_value_reg[27]_i_5_CO_UNCONNECTED[4]
output_collision_lif/NLW_internal_value_reg[27]_i_5_CO_UNCONNECTED[5]
output_collision_lif/NLW_internal_value_reg[27]_i_5_CO_UNCONNECTED[6]
output_collision_lif/NLW_internal_value_reg[27]_i_5_CO_UNCONNECTED[7]
output_collision_lif/NLW_internal_value_reg[27]_i_5_DI_UNCONNECTED[6]
output_collision_lif/NLW_internal_value_reg[27]_i_5_DI_UNCONNECTED[7]
output_collision_lif/NLW_internal_value_reg[27]_i_5_O_UNCONNECTED[5]
output_collision_lif/NLW_internal_value_reg[27]_i_5_O_UNCONNECTED[6]
output_collision_lif/NLW_internal_value_reg[27]_i_5_O_UNCONNECTED[7]
output_collision_lif/NLW_internal_value_reg[27]_i_5_S_UNCONNECTED[6]
output_collision_lif/NLW_internal_value_reg[27]_i_5_S_UNCONNECTED[7]
output_collision_lif/NLW_internal_value_reg[7]_i_2__1_CO_UNCONNECTED[0]
output_collision_lif/NLW_internal_value_reg[7]_i_2__1_CO_UNCONNECTED[1]
output_collision_lif/NLW_internal_value_reg[7]_i_2__1_CO_UNCONNECTED[2]
output_collision_lif/NLW_internal_value_reg[7]_i_2__1_CO_UNCONNECTED[3]
output_collision_lif/NLW_internal_value_reg[7]_i_2__1_CO_UNCONNECTED[4]
output_collision_lif/NLW_internal_value_reg[7]_i_2__1_CO_UNCONNECTED[5]
output_collision_lif/NLW_internal_value_reg[7]_i_2__1_CO_UNCONNECTED[6]
output_no_collision_lif/NLW_internal_value_reg[15]_i_2__0_CO_UNCONNECTED[0]
output_no_collision_lif/NLW_internal_value_reg[15]_i_2__0_CO_UNCONNECTED[1]
output_no_collision_lif/NLW_internal_value_reg[15]_i_2__0_CO_UNCONNECTED[2]
output_no_collision_lif/NLW_internal_value_reg[15]_i_2__0_CO_UNCONNECTED[3]
output_no_collision_lif/NLW_internal_value_reg[15]_i_2__0_CO_UNCONNECTED[4]
output_no_collision_lif/NLW_internal_value_reg[15]_i_2__0_CO_UNCONNECTED[5]
output_no_collision_lif/NLW_internal_value_reg[15]_i_2__0_CO_UNCONNECTED[6]
output_no_collision_lif/NLW_internal_value_reg[23]_i_2__0_CO_UNCONNECTED[0]
output_no_collision_lif/NLW_internal_value_reg[23]_i_2__0_CO_UNCONNECTED[1]
output_no_collision_lif/NLW_internal_value_reg[23]_i_2__0_CO_UNCONNECTED[2]
output_no_collision_lif/NLW_internal_value_reg[23]_i_2__0_CO_UNCONNECTED[3]
output_no_collision_lif/NLW_internal_value_reg[23]_i_2__0_CO_UNCONNECTED[4]
output_no_collision_lif/NLW_internal_value_reg[23]_i_2__0_CO_UNCONNECTED[5]
output_no_collision_lif/NLW_internal_value_reg[23]_i_2__0_CO_UNCONNECTED[6]
output_no_collision_lif/NLW_internal_value_reg[27]_i_22_CO_UNCONNECTED[0]
output_no_collision_lif/NLW_internal_value_reg[27]_i_22_CO_UNCONNECTED[1]
output_no_collision_lif/NLW_internal_value_reg[27]_i_22_CO_UNCONNECTED[2]
output_no_collision_lif/NLW_internal_value_reg[27]_i_22_CO_UNCONNECTED[3]
output_no_collision_lif/NLW_internal_value_reg[27]_i_22_CO_UNCONNECTED[4]
output_no_collision_lif/NLW_internal_value_reg[27]_i_22_CO_UNCONNECTED[5]
output_no_collision_lif/NLW_internal_value_reg[27]_i_22_CO_UNCONNECTED[6]
output_no_collision_lif/NLW_internal_value_reg[27]_i_22_O_UNCONNECTED[0]
output_no_collision_lif/NLW_internal_value_reg[27]_i_22_O_UNCONNECTED[1]
output_no_collision_lif/NLW_internal_value_reg[27]_i_22_O_UNCONNECTED[2]
output_no_collision_lif/NLW_internal_value_reg[27]_i_22_O_UNCONNECTED[3]
output_no_collision_lif/NLW_internal_value_reg[27]_i_22_O_UNCONNECTED[4]
output_no_collision_lif/NLW_internal_value_reg[27]_i_22_O_UNCONNECTED[5]
output_no_collision_lif/NLW_internal_value_reg[27]_i_22_O_UNCONNECTED[6]
output_no_collision_lif/NLW_internal_value_reg[27]_i_22_O_UNCONNECTED[7]
output_no_collision_lif/NLW_internal_value_reg[27]_i_6__0_CO_UNCONNECTED[0]
output_no_collision_lif/NLW_internal_value_reg[27]_i_6__0_CO_UNCONNECTED[1]
output_no_collision_lif/NLW_internal_value_reg[27]_i_6__0_CO_UNCONNECTED[2]
output_no_collision_lif/NLW_internal_value_reg[27]_i_6__0_CO_UNCONNECTED[3]
output_no_collision_lif/NLW_internal_value_reg[27]_i_6__0_CO_UNCONNECTED[4]
output_no_collision_lif/NLW_internal_value_reg[27]_i_6__0_CO_UNCONNECTED[5]
output_no_collision_lif/NLW_internal_value_reg[27]_i_6__0_CO_UNCONNECTED[6]
output_no_collision_lif/NLW_internal_value_reg[27]_i_6__0_CO_UNCONNECTED[7]
output_no_collision_lif/NLW_internal_value_reg[27]_i_6__0_DI_UNCONNECTED[7]
output_no_collision_lif/NLW_internal_value_reg[27]_i_6__0_O_UNCONNECTED[0]
output_no_collision_lif/NLW_internal_value_reg[27]_i_6__0_O_UNCONNECTED[1]
output_no_collision_lif/NLW_internal_value_reg[27]_i_6__0_O_UNCONNECTED[2]
output_no_collision_lif/NLW_internal_value_reg[27]_i_6__0_O_UNCONNECTED[3]
output_no_collision_lif/NLW_internal_value_reg[27]_i_6__0_O_UNCONNECTED[4]
output_no_collision_lif/NLW_internal_value_reg[27]_i_6__0_O_UNCONNECTED[5]
output_no_collision_lif/NLW_internal_value_reg[27]_i_6__0_O_UNCONNECTED[6]
output_no_collision_lif/NLW_internal_value_reg[27]_i_6__0_O_UNCONNECTED[7]
output_no_collision_lif/NLW_internal_value_reg[27]_i_6__0_S_UNCONNECTED[7]
output_no_collision_lif/NLW_internal_value_reg[27]_i_7__0_CO_UNCONNECTED[0]
output_no_collision_lif/NLW_internal_value_reg[27]_i_7__0_CO_UNCONNECTED[1]
output_no_collision_lif/NLW_internal_value_reg[27]_i_7__0_CO_UNCONNECTED[2]
output_no_collision_lif/NLW_internal_value_reg[27]_i_7__0_CO_UNCONNECTED[3]
output_no_collision_lif/NLW_internal_value_reg[27]_i_7__0_CO_UNCONNECTED[4]
output_no_collision_lif/NLW_internal_value_reg[27]_i_7__0_CO_UNCONNECTED[5]
output_no_collision_lif/NLW_internal_value_reg[27]_i_7__0_CO_UNCONNECTED[6]
output_no_collision_lif/NLW_internal_value_reg[27]_i_7__0_CO_UNCONNECTED[7]
output_no_collision_lif/NLW_internal_value_reg[27]_i_7__0_DI_UNCONNECTED[6]
output_no_collision_lif/NLW_internal_value_reg[27]_i_7__0_DI_UNCONNECTED[7]
output_no_collision_lif/NLW_internal_value_reg[27]_i_7__0_O_UNCONNECTED[5]
output_no_collision_lif/NLW_internal_value_reg[27]_i_7__0_O_UNCONNECTED[6]
output_no_collision_lif/NLW_internal_value_reg[27]_i_7__0_O_UNCONNECTED[7]
output_no_collision_lif/NLW_internal_value_reg[27]_i_7__0_S_UNCONNECTED[6]
output_no_collision_lif/NLW_internal_value_reg[27]_i_7__0_S_UNCONNECTED[7]
output_no_collision_lif/NLW_internal_value_reg[7]_i_2__0_CO_UNCONNECTED[0]
output_no_collision_lif/NLW_internal_value_reg[7]_i_2__0_CO_UNCONNECTED[1]
output_no_collision_lif/NLW_internal_value_reg[7]_i_2__0_CO_UNCONNECTED[2]
output_no_collision_lif/NLW_internal_value_reg[7]_i_2__0_CO_UNCONNECTED[3]
output_no_collision_lif/NLW_internal_value_reg[7]_i_2__0_CO_UNCONNECTED[4]
output_no_collision_lif/NLW_internal_value_reg[7]_i_2__0_CO_UNCONNECTED[5]
output_no_collision_lif/NLW_internal_value_reg[7]_i_2__0_CO_UNCONNECTED[6]
--- Unmatched design nets ---
