Copyright 1986-2022 Xilinx, Inc. All Rights Reserved.
-------------------------------------------------------------------------------------------------------------------------------------------------------------------------------------------------------------------------------------------------------
| Tool Version      : Vivado v.2022.1 (lin64) Build 3526262 Mon Apr 18 15:47:01 MDT 2022
| Date              : Wed Aug  5 01:45:28 2026
| Host              : ecetesla0 running 64-bit Ubuntu 24.04.4 LTS
| Command           : report_timing_summary -delay_type min_max -report_unconstrained -check_timing_verbose -max_paths 20 -file /home/aakumaar/team-22-512-parallel/fpga-synth/au25p/single_neuron_e2e/run/reports/lif_io_100mhz/post_route_timing.rpt
| Design            : lif_unit_io_top
| Device            : xcau25p-ffvb676
| Speed File        : -2  PRODUCTION 1.28 02-27-2020
| Temperature Grade : E
-------------------------------------------------------------------------------------------------------------------------------------------------------------------------------------------------------------------------------------------------------

Timing Summary Report

------------------------------------------------------------------------------------------------
| Timer Settings
| --------------
------------------------------------------------------------------------------------------------

  Enable Multi Corner Analysis               :  Yes
  Enable Pessimism Removal                   :  Yes
  Pessimism Removal Resolution               :  Nearest Common Node
  Enable Input Delay Default Clock           :  No
  Enable Preset / Clear Arcs                 :  No
  Disable Flight Delays                      :  No
  Ignore I/O Paths                           :  No
  Timing Early Launch at Borrowing Latches   :  No
  Borrow Time for Max Delay Exceptions       :  Yes
  Merge Timing Exceptions                    :  Yes

  Corner  Analyze    Analyze    
  Name    Max Paths  Min Paths  
  ------  ---------  ---------  
  Slow    Yes        Yes        
  Fast    Yes        Yes        


------------------------------------------------------------------------------------------------
| Report Methodology
| ------------------
------------------------------------------------------------------------------------------------

No report available as report_methodology has not been run prior. Run report_methodology on the current design for the summary of methodology violations.



check_timing report

Table of Contents
-----------------
1. checking no_clock (0)
2. checking constant_clock (0)
3. checking pulse_width_clock (0)
4. checking unconstrained_internal_endpoints (0)
5. checking no_input_delay (0)
6. checking no_output_delay (0)
7. checking multiple_clock (0)
8. checking generated_clocks (0)
9. checking loops (0)
10. checking partial_input_delay (0)
11. checking partial_output_delay (0)
12. checking latch_loops (0)

1. checking no_clock (0)
------------------------
 There are 0 register/latch pins with no clock.


2. checking constant_clock (0)
------------------------------
 There are 0 register/latch pins with constant_clock.


3. checking pulse_width_clock (0)
---------------------------------
 There are 0 register/latch pins which need pulse_width check


4. checking unconstrained_internal_endpoints (0)
------------------------------------------------
 There are 0 pins that are not constrained for maximum delay.

 There are 0 pins that are not constrained for maximum delay due to constant clock.


5. checking no_input_delay (0)
------------------------------
 There are 0 input ports with no input delay specified.

 There are 0 input ports with no input delay but user has a false path constraint.


6. checking no_output_delay (0)
-------------------------------
 There are 0 ports with no output delay specified.

 There are 0 ports with no output delay but user has a false path constraint

 There are 0 ports with no output delay but with a timing clock defined on it or propagating through it


7. checking multiple_clock (0)
------------------------------
 There are 0 register/latch pins with multiple clocks.


8. checking generated_clocks (0)
--------------------------------
 There are 0 generated clocks that are not connected to a clock source.


9. checking loops (0)
---------------------
 There are 0 combinational loops in the design.


10. checking partial_input_delay (0)
------------------------------------
 There are 0 input ports with partial input delay specified.


11. checking partial_output_delay (0)
-------------------------------------
 There are 0 ports with partial output delay specified.


12. checking latch_loops (0)
----------------------------
 There are 0 combinational latch loops in the design through latch input



------------------------------------------------------------------------------------------------
| Design Timing Summary
| ---------------------
------------------------------------------------------------------------------------------------

    WNS(ns)      TNS(ns)  TNS Failing Endpoints  TNS Total Endpoints      WHS(ns)      THS(ns)  THS Failing Endpoints  THS Total Endpoints     WPWS(ns)     TPWS(ns)  TPWS Failing Endpoints  TPWS Total Endpoints  
    -------      -------  ---------------------  -------------------      -------      -------  ---------------------  -------------------     --------     --------  ----------------------  --------------------  
     -4.450       -4.450                      1                   93        0.091        0.000                      0                   93        4.725        0.000                       0                    33  


Timing constraints are not met.


------------------------------------------------------------------------------------------------
| Clock Summary
| -------------
------------------------------------------------------------------------------------------------

Clock   Waveform(ns)       Period(ns)      Frequency(MHz)
-----   ------------       ----------      --------------
clk_in  {0.000 5.000}      10.000          100.000         


------------------------------------------------------------------------------------------------
| Intra Clock Table
| -----------------
------------------------------------------------------------------------------------------------

Clock             WNS(ns)      TNS(ns)  TNS Failing Endpoints  TNS Total Endpoints      WHS(ns)      THS(ns)  THS Failing Endpoints  THS Total Endpoints     WPWS(ns)     TPWS(ns)  TPWS Failing Endpoints  TPWS Total Endpoints  
-----             -------      -------  ---------------------  -------------------      -------      -------  ---------------------  -------------------     --------     --------  ----------------------  --------------------  
clk_in             -4.450       -4.450                      1                   93        0.091        0.000                      0                   93        4.725        0.000                       0                    33  


------------------------------------------------------------------------------------------------
| Inter Clock Table
| -----------------
------------------------------------------------------------------------------------------------

From Clock    To Clock          WNS(ns)      TNS(ns)  TNS Failing Endpoints  TNS Total Endpoints      WHS(ns)      THS(ns)  THS Failing Endpoints  THS Total Endpoints  
----------    --------          -------      -------  ---------------------  -------------------      -------      -------  ---------------------  -------------------  


------------------------------------------------------------------------------------------------
| Other Path Groups Table
| -----------------------
------------------------------------------------------------------------------------------------

Path Group    From Clock    To Clock          WNS(ns)      TNS(ns)  TNS Failing Endpoints  TNS Total Endpoints      WHS(ns)      THS(ns)  THS Failing Endpoints  THS Total Endpoints  
----------    ----------    --------          -------      -------  ---------------------  -------------------      -------      -------  ---------------------  -------------------  


------------------------------------------------------------------------------------------------
| User Ignored Path Table
| -----------------------
------------------------------------------------------------------------------------------------

Path Group    From Clock    To Clock    
----------    ----------    --------    


------------------------------------------------------------------------------------------------
| Unconstrained Path Table
| ------------------------
------------------------------------------------------------------------------------------------

Path Group    From Clock    To Clock    
----------    ----------    --------    


------------------------------------------------------------------------------------------------
| Timing Details
| --------------
------------------------------------------------------------------------------------------------


---------------------------------------------------------------------------------------------------
From Clock:  clk_in
  To Clock:  clk_in

Setup :            1  Failing Endpoint ,  Worst Slack       -4.450ns,  Total Violation       -4.450ns
Hold  :            0  Failing Endpoints,  Worst Slack        0.091ns,  Total Violation        0.000ns
PW    :            0  Failing Endpoints,  Worst Slack        4.725ns,  Total Violation        0.000ns
---------------------------------------------------------------------------------------------------


Max Delay Paths
--------------------------------------------------------------------------------------
Slack (VIOLATED) :        -4.450ns  (required time - arrival time)
  Source:                 input_current[20]
                            (input port clocked by clk_in  {rise@0.000ns fall@5.000ns period=10.000ns})
  Destination:            spike
                            (output port clocked by clk_in  {rise@0.000ns fall@5.000ns period=10.000ns})
  Path Group:             clk_in
  Path Type:              Max at Slow Process Corner
  Requirement:            10.000ns  (clk_in rise@10.000ns - clk_in rise@0.000ns)
  Data Path Delay:        6.215ns  (logic 3.430ns (55.189%)  route 2.785ns (44.811%))
  Logic Levels:           9  (CARRY8=3 IBUFCTRL=1 INBUF=1 LUT2=1 LUT4=1 LUT6=1 OBUF=1)
  Input Delay:            4.000ns
  Output Delay:           4.000ns
  Clock Uncertainty:      0.235ns  ((TSJ^2 + TIJ^2)^1/2 + DJ) / 2 + PE + UU
    Total System Jitter     (TSJ):    0.071ns
    Total Input Jitter      (TIJ):    0.000ns
    Discrete Jitter          (DJ):    0.000ns
    Phase Error              (PE):    0.000ns
    User Uncertainty         (UU):    0.200ns

    Location             Delay type                Incr(ns)  Path(ns)    Netlist Resource(s)
  -------------------------------------------------------------------    -------------------
                         (clock clk_in rise edge)     0.000     0.000 r  
                         input delay                  4.000     4.000    
    B19                                               0.000     4.000 r  input_current[20] (IN)
                         net (fo=0)                   0.000     4.000    input_current_IBUF[20]_inst/I
    B19                  INBUF (Prop_INBUF_HPIOB_M_PAD_O)
                                                      0.517     4.517 r  input_current_IBUF[20]_inst/INBUF_INST/O
                         net (fo=1, routed)           0.000     4.517    input_current_IBUF[20]_inst/OUT
    B19                  IBUFCTRL (Prop_IBUFCTRL_HPIOB_M_I_O)
                                                      0.000     4.517 r  input_current_IBUF[20]_inst/IBUFCTRL_INST/O
                         net (fo=7, routed)           0.878     5.395    u_lif/input_current_IBUF[20]
    SLICE_X0Y215         LUT4 (Prop_D6LUT_SLICEL_I3_O)
                                                      0.099     5.494 r  u_lif/membrane_next__0_carry__1_i_3/O
                         net (fo=1, routed)           0.400     5.894    u_lif/membrane_next__0_carry__1_i_3_n_0
    SLICE_X3Y226         CARRY8 (Prop_CARRY8_SLICEL_DI[5]_CO[7])
                                                      0.083     5.977 r  u_lif/membrane_next__0_carry__1/CO[7]
                         net (fo=1, routed)           0.026     6.003    u_lif/membrane_next__0_carry__1_n_0
    SLICE_X3Y227         CARRY8 (Prop_CARRY8_SLICEL_CI_O[3])
                                                      0.082     6.085 f  u_lif/membrane_next__0_carry__2/O[3]
                         net (fo=3, routed)           0.305     6.390    u_lif/membrane_next[27]
    SLICE_X11Y227        LUT2 (Prop_F6LUT_SLICEL_I1_O)
                                                      0.148     6.538 r  u_lif/threshold_crossed0_carry__0_i_8/O
                         net (fo=1, routed)           0.011     6.549    u_lif/threshold_crossed0_carry__0_i_8_n_0
    SLICE_X11Y227        CARRY8 (Prop_CARRY8_SLICEL_S[5]_CO[7])
                                                      0.162     6.711 r  u_lif/threshold_crossed0_carry__0/CO[7]
                         net (fo=30, routed)          0.228     6.939    u_lif/threshold_crossed0_carry__0_n_0
    SLICE_X11Y233        LUT6 (Prop_F6LUT_SLICEL_I1_O)
                                                      0.035     6.974 r  u_lif/spike_OBUF_inst_i_1/O
                         net (fo=1, routed)           0.937     7.911    spike_OBUF
    A12                  OBUF (Prop_OUTBUF_HDIOB_S_I_O)
                                                      2.304    10.215 r  spike_OBUF_inst/O
                         net (fo=0)                   0.000    10.215    spike
    A12                                                               r  spike (OUT)
  -------------------------------------------------------------------    -------------------

                         (clock clk_in rise edge)    10.000    10.000 r  
                         clock pessimism              0.000    10.000    
                         clock uncertainty           -0.235     9.765    
                         output delay                -4.000     5.765    
  -------------------------------------------------------------------
                         required time                          5.765    
                         arrival time                         -10.215    
  -------------------------------------------------------------------
                         slack                                 -4.450    

Slack (MET) :             0.523ns  (required time - arrival time)
  Source:                 input_current[20]
                            (input port clocked by clk_in  {rise@0.000ns fall@5.000ns period=10.000ns})
  Destination:            u_lif/internal_value_reg[1]/D
                            (rising edge-triggered cell FDRE clocked by clk_in  {rise@0.000ns fall@5.000ns period=10.000ns})
  Path Group:             clk_in
  Path Type:              Setup (Max at Slow Process Corner)
  Requirement:            10.000ns  (clk_in rise@10.000ns - clk_in rise@0.000ns)
  Data Path Delay:        7.094ns  (logic 1.305ns (18.397%)  route 5.789ns (81.603%))
  Logic Levels:           9  (CARRY8=3 IBUFCTRL=1 INBUF=1 LUT1=1 LUT2=1 LUT4=1 LUT6=1)
  Input Delay:            4.000ns
  Clock Path Skew:        1.827ns (DCD - SCD + CPR)
    Destination Clock Delay (DCD):    1.827ns = ( 11.827 - 10.000 ) 
    Source Clock Delay      (SCD):    0.000ns
    Clock Pessimism Removal (CPR):    0.000ns
  Clock Uncertainty:      0.235ns  ((TSJ^2 + TIJ^2)^1/2 + DJ) / 2 + PE + UU
    Total System Jitter     (TSJ):    0.071ns
    Total Input Jitter      (TIJ):    0.000ns
    Discrete Jitter          (DJ):    0.000ns
    Phase Error              (PE):    0.000ns
    User Uncertainty         (UU):    0.200ns
  Clock Net Delay (Destination): 1.139ns (routing 0.400ns, distribution 0.739ns)

    Location             Delay type                Incr(ns)  Path(ns)    Netlist Resource(s)
  -------------------------------------------------------------------    -------------------
                         (clock clk_in rise edge)     0.000     0.000 r  
                         input delay                  4.000     4.000    
    B19                                               0.000     4.000 r  input_current[20] (IN)
                         net (fo=0)                   0.000     4.000    input_current_IBUF[20]_inst/I
    B19                  INBUF (Prop_INBUF_HPIOB_M_PAD_O)
                                                      0.517     4.517 r  input_current_IBUF[20]_inst/INBUF_INST/O
                         net (fo=1, routed)           0.000     4.517    input_current_IBUF[20]_inst/OUT
    B19                  IBUFCTRL (Prop_IBUFCTRL_HPIOB_M_I_O)
                                                      0.000     4.517 r  input_current_IBUF[20]_inst/IBUFCTRL_INST/O
                         net (fo=7, routed)           0.878     5.395    u_lif/input_current_IBUF[20]
    SLICE_X0Y215         LUT4 (Prop_D6LUT_SLICEL_I3_O)
                                                      0.099     5.494 r  u_lif/membrane_next__0_carry__1_i_3/O
                         net (fo=1, routed)           0.400     5.894    u_lif/membrane_next__0_carry__1_i_3_n_0
    SLICE_X3Y226         CARRY8 (Prop_CARRY8_SLICEL_DI[5]_CO[7])
                                                      0.083     5.977 r  u_lif/membrane_next__0_carry__1/CO[7]
                         net (fo=1, routed)           0.026     6.003    u_lif/membrane_next__0_carry__1_n_0
    SLICE_X3Y227         CARRY8 (Prop_CARRY8_SLICEL_CI_O[3])
                                                      0.082     6.085 f  u_lif/membrane_next__0_carry__2/O[3]
                         net (fo=3, routed)           0.305     6.390    u_lif/membrane_next[27]
    SLICE_X11Y227        LUT2 (Prop_F6LUT_SLICEL_I1_O)
                                                      0.148     6.538 r  u_lif/threshold_crossed0_carry__0_i_8/O
                         net (fo=1, routed)           0.011     6.549    u_lif/threshold_crossed0_carry__0_i_8_n_0
    SLICE_X11Y227        CARRY8 (Prop_CARRY8_SLICEL_S[5]_CO[7])
                                                      0.162     6.711 f  u_lif/threshold_crossed0_carry__0/CO[7]
                         net (fo=30, routed)          0.669     7.381    u_lif/threshold_crossed0_carry__0_n_0
    SLICE_X0Y237         LUT6 (Prop_A6LUT_SLICEL_I0_O)
                                                      0.098     7.479 r  u_lif/internal_value[1]_i_1/O
                         net (fo=1, routed)           1.679     9.158    u_lif/p_1_in[1]
    SLICE_X89Y239        LUT1 (Prop_B5LUT_SLICEM_I0_O)
                                                      0.116     9.274 r  u_lif/p_1_in[1]_hold_fix/O
                         net (fo=1, routed)           1.820    11.094    u_lif/p_1_in[1]_hold_fix_1
    SLICE_X0Y237         FDRE                                         r  u_lif/internal_value_reg[1]/D
  -------------------------------------------------------------------    -------------------

                         (clock clk_in rise edge)    10.000    10.000 r  
    D14                                               0.000    10.000 r  clk_in (IN)
                         net (fo=0)                   0.000    10.000    clk_in_IBUF_inst/I
    D14                  INBUF (Prop_INBUF_HDIOB_M_PAD_O)
                                                      0.495    10.495 r  clk_in_IBUF_inst/INBUF_INST/O
                         net (fo=1, routed)           0.000    10.495    clk_in_IBUF_inst/OUT
    D14                  IBUFCTRL (Prop_IBUFCTRL_HDIOB_M_I_O)
                                                      0.000    10.495 r  clk_in_IBUF_inst/IBUFCTRL_INST/O
                         net (fo=1, routed)           0.169    10.664    clk_in_IBUF
    BUFGCE_HDIO_X0Y6     BUFGCE (Prop_BUFCE_BUFGCE_HDIO_I_O)
                                                      0.024    10.688 r  bufg_clk/O
    X0Y3 (CLOCK_ROOT)    net (fo=32, routed)          1.139    11.827    u_lif/CLK
    SLICE_X0Y237         FDRE                                         r  u_lif/internal_value_reg[1]/C
                         clock pessimism              0.000    11.827    
                         clock uncertainty           -0.235    11.591    
    SLICE_X0Y237         FDRE (Setup_AFF_SLICEL_C_D)
                                                      0.025    11.616    u_lif/internal_value_reg[1]
  -------------------------------------------------------------------
                         required time                         11.616    
                         arrival time                         -11.094    
  -------------------------------------------------------------------
                         slack                                  0.523    

Slack (MET) :             0.636ns  (required time - arrival time)
  Source:                 input_current[20]
                            (input port clocked by clk_in  {rise@0.000ns fall@5.000ns period=10.000ns})
  Destination:            u_lif/internal_value_reg[2]/D
                            (rising edge-triggered cell FDRE clocked by clk_in  {rise@0.000ns fall@5.000ns period=10.000ns})
  Path Group:             clk_in
  Path Type:              Setup (Max at Slow Process Corner)
  Requirement:            10.000ns  (clk_in rise@10.000ns - clk_in rise@0.000ns)
  Data Path Delay:        6.983ns  (logic 1.339ns (19.175%)  route 5.644ns (80.825%))
  Logic Levels:           9  (CARRY8=3 IBUFCTRL=1 INBUF=1 LUT1=1 LUT2=1 LUT4=1 LUT6=1)
  Input Delay:            4.000ns
  Clock Path Skew:        1.829ns (DCD - SCD + CPR)
    Destination Clock Delay (DCD):    1.829ns = ( 11.829 - 10.000 ) 
    Source Clock Delay      (SCD):    0.000ns
    Clock Pessimism Removal (CPR):    0.000ns
  Clock Uncertainty:      0.235ns  ((TSJ^2 + TIJ^2)^1/2 + DJ) / 2 + PE + UU
    Total System Jitter     (TSJ):    0.071ns
    Total Input Jitter      (TIJ):    0.000ns
    Discrete Jitter          (DJ):    0.000ns
    Phase Error              (PE):    0.000ns
    User Uncertainty         (UU):    0.200ns
  Clock Net Delay (Destination): 1.141ns (routing 0.400ns, distribution 0.741ns)

    Location             Delay type                Incr(ns)  Path(ns)    Netlist Resource(s)
  -------------------------------------------------------------------    -------------------
                         (clock clk_in rise edge)     0.000     0.000 r  
                         input delay                  4.000     4.000    
    B19                                               0.000     4.000 r  input_current[20] (IN)
                         net (fo=0)                   0.000     4.000    input_current_IBUF[20]_inst/I
    B19                  INBUF (Prop_INBUF_HPIOB_M_PAD_O)
                                                      0.517     4.517 r  input_current_IBUF[20]_inst/INBUF_INST/O
                         net (fo=1, routed)           0.000     4.517    input_current_IBUF[20]_inst/OUT
    B19                  IBUFCTRL (Prop_IBUFCTRL_HPIOB_M_I_O)
                                                      0.000     4.517 r  input_current_IBUF[20]_inst/IBUFCTRL_INST/O
                         net (fo=7, routed)           0.878     5.395    u_lif/input_current_IBUF[20]
    SLICE_X0Y215         LUT4 (Prop_D6LUT_SLICEL_I3_O)
                                                      0.099     5.494 r  u_lif/membrane_next__0_carry__1_i_3/O
                         net (fo=1, routed)           0.400     5.894    u_lif/membrane_next__0_carry__1_i_3_n_0
    SLICE_X3Y226         CARRY8 (Prop_CARRY8_SLICEL_DI[5]_CO[7])
                                                      0.083     5.977 r  u_lif/membrane_next__0_carry__1/CO[7]
                         net (fo=1, routed)           0.026     6.003    u_lif/membrane_next__0_carry__1_n_0
    SLICE_X3Y227         CARRY8 (Prop_CARRY8_SLICEL_CI_O[3])
                                                      0.082     6.085 f  u_lif/membrane_next__0_carry__2/O[3]
                         net (fo=3, routed)           0.305     6.390    u_lif/membrane_next[27]
    SLICE_X11Y227        LUT2 (Prop_F6LUT_SLICEL_I1_O)
                                                      0.148     6.538 r  u_lif/threshold_crossed0_carry__0_i_8/O
                         net (fo=1, routed)           0.011     6.549    u_lif/threshold_crossed0_carry__0_i_8_n_0
    SLICE_X11Y227        CARRY8 (Prop_CARRY8_SLICEL_S[5]_CO[7])
                                                      0.162     6.711 f  u_lif/threshold_crossed0_carry__0/CO[7]
                         net (fo=30, routed)          0.633     7.344    u_lif/threshold_crossed0_carry__0_n_0
    SLICE_X0Y235         LUT6 (Prop_F6LUT_SLICEL_I0_O)
                                                      0.148     7.492 r  u_lif/internal_value[2]_i_1/O
                         net (fo=1, routed)           1.683     9.175    u_lif/p_1_in[2]
    SLICE_X89Y239        LUT1 (Prop_A5LUT_SLICEM_I0_O)
                                                      0.100     9.275 r  u_lif/p_1_in[2]_hold_fix/O
                         net (fo=1, routed)           1.708    10.983    u_lif/p_1_in[2]_hold_fix_1
    SLICE_X0Y235         FDRE                                         r  u_lif/internal_value_reg[2]/D
  -------------------------------------------------------------------    -------------------

                         (clock clk_in rise edge)    10.000    10.000 r  
    D14                                               0.000    10.000 r  clk_in (IN)
                         net (fo=0)                   0.000    10.000    clk_in_IBUF_inst/I
    D14                  INBUF (Prop_INBUF_HDIOB_M_PAD_O)
                                                      0.495    10.495 r  clk_in_IBUF_inst/INBUF_INST/O
                         net (fo=1, routed)           0.000    10.495    clk_in_IBUF_inst/OUT
    D14                  IBUFCTRL (Prop_IBUFCTRL_HDIOB_M_I_O)
                                                      0.000    10.495 r  clk_in_IBUF_inst/IBUFCTRL_INST/O
                         net (fo=1, routed)           0.169    10.664    clk_in_IBUF
    BUFGCE_HDIO_X0Y6     BUFGCE (Prop_BUFCE_BUFGCE_HDIO_I_O)
                                                      0.024    10.688 r  bufg_clk/O
    X0Y3 (CLOCK_ROOT)    net (fo=32, routed)          1.141    11.829    u_lif/CLK
    SLICE_X0Y235         FDRE                                         r  u_lif/internal_value_reg[2]/C
                         clock pessimism              0.000    11.829    
                         clock uncertainty           -0.235    11.593    
    SLICE_X0Y235         FDRE (Setup_FFF_SLICEL_C_D)
                                                      0.025    11.618    u_lif/internal_value_reg[2]
  -------------------------------------------------------------------
                         required time                         11.618    
                         arrival time                         -10.983    
  -------------------------------------------------------------------
                         slack                                  0.636    

Slack (MET) :             0.738ns  (required time - arrival time)
  Source:                 input_current[20]
                            (input port clocked by clk_in  {rise@0.000ns fall@5.000ns period=10.000ns})
  Destination:            u_lif/internal_value_reg[7]/D
                            (rising edge-triggered cell FDRE clocked by clk_in  {rise@0.000ns fall@5.000ns period=10.000ns})
  Path Group:             clk_in
  Path Type:              Setup (Max at Slow Process Corner)
  Requirement:            10.000ns  (clk_in rise@10.000ns - clk_in rise@0.000ns)
  Data Path Delay:        6.878ns  (logic 1.309ns (19.030%)  route 5.569ns (80.970%))
  Logic Levels:           9  (CARRY8=3 IBUFCTRL=1 INBUF=1 LUT1=1 LUT2=1 LUT4=1 LUT6=1)
  Input Delay:            4.000ns
  Clock Path Skew:        1.827ns (DCD - SCD + CPR)
    Destination Clock Delay (DCD):    1.827ns = ( 11.827 - 10.000 ) 
    Source Clock Delay      (SCD):    0.000ns
    Clock Pessimism Removal (CPR):    0.000ns
  Clock Uncertainty:      0.235ns  ((TSJ^2 + TIJ^2)^1/2 + DJ) / 2 + PE + UU
    Total System Jitter     (TSJ):    0.071ns
    Total Input Jitter      (TIJ):    0.000ns
    Discrete Jitter          (DJ):    0.000ns
    Phase Error              (PE):    0.000ns
    User Uncertainty         (UU):    0.200ns
  Clock Net Delay (Destination): 1.139ns (routing 0.400ns, distribution 0.739ns)

    Location             Delay type                Incr(ns)  Path(ns)    Netlist Resource(s)
  -------------------------------------------------------------------    -------------------
                         (clock clk_in rise edge)     0.000     0.000 r  
                         input delay                  4.000     4.000    
    B19                                               0.000     4.000 r  input_current[20] (IN)
                         net (fo=0)                   0.000     4.000    input_current_IBUF[20]_inst/I
    B19                  INBUF (Prop_INBUF_HPIOB_M_PAD_O)
                                                      0.517     4.517 r  input_current_IBUF[20]_inst/INBUF_INST/O
                         net (fo=1, routed)           0.000     4.517    input_current_IBUF[20]_inst/OUT
    B19                  IBUFCTRL (Prop_IBUFCTRL_HPIOB_M_I_O)
                                                      0.000     4.517 r  input_current_IBUF[20]_inst/IBUFCTRL_INST/O
                         net (fo=7, routed)           0.878     5.395    u_lif/input_current_IBUF[20]
    SLICE_X0Y215         LUT4 (Prop_D6LUT_SLICEL_I3_O)
                                                      0.099     5.494 r  u_lif/membrane_next__0_carry__1_i_3/O
                         net (fo=1, routed)           0.400     5.894    u_lif/membrane_next__0_carry__1_i_3_n_0
    SLICE_X3Y226         CARRY8 (Prop_CARRY8_SLICEL_DI[5]_CO[7])
                                                      0.083     5.977 r  u_lif/membrane_next__0_carry__1/CO[7]
                         net (fo=1, routed)           0.026     6.003    u_lif/membrane_next__0_carry__1_n_0
    SLICE_X3Y227         CARRY8 (Prop_CARRY8_SLICEL_CI_O[3])
                                                      0.082     6.085 f  u_lif/membrane_next__0_carry__2/O[3]
                         net (fo=3, routed)           0.305     6.390    u_lif/membrane_next[27]
    SLICE_X11Y227        LUT2 (Prop_F6LUT_SLICEL_I1_O)
                                                      0.148     6.538 r  u_lif/threshold_crossed0_carry__0_i_8/O
                         net (fo=1, routed)           0.011     6.549    u_lif/threshold_crossed0_carry__0_i_8_n_0
    SLICE_X11Y227        CARRY8 (Prop_CARRY8_SLICEL_S[5]_CO[7])
                                                      0.162     6.711 f  u_lif/threshold_crossed0_carry__0/CO[7]
                         net (fo=30, routed)          0.490     7.201    u_lif/threshold_crossed0_carry__0_n_0
    SLICE_X0Y230         LUT6 (Prop_G6LUT_SLICEL_I0_O)
                                                      0.149     7.350 r  u_lif/internal_value[7]_i_1/O
                         net (fo=1, routed)           1.635     8.985    u_lif/p_1_in[7]
    SLICE_X88Y239        LUT1 (Prop_A5LUT_SLICEL_I0_O)
                                                      0.069     9.054 r  u_lif/p_1_in[7]_hold_fix/O
                         net (fo=1, routed)           1.824    10.878    u_lif/p_1_in[7]_hold_fix_1
    SLICE_X0Y230         FDRE                                         r  u_lif/internal_value_reg[7]/D
  -------------------------------------------------------------------    -------------------

                         (clock clk_in rise edge)    10.000    10.000 r  
    D14                                               0.000    10.000 r  clk_in (IN)
                         net (fo=0)                   0.000    10.000    clk_in_IBUF_inst/I
    D14                  INBUF (Prop_INBUF_HDIOB_M_PAD_O)
                                                      0.495    10.495 r  clk_in_IBUF_inst/INBUF_INST/O
                         net (fo=1, routed)           0.000    10.495    clk_in_IBUF_inst/OUT
    D14                  IBUFCTRL (Prop_IBUFCTRL_HDIOB_M_I_O)
                                                      0.000    10.495 r  clk_in_IBUF_inst/IBUFCTRL_INST/O
                         net (fo=1, routed)           0.169    10.664    clk_in_IBUF
    BUFGCE_HDIO_X0Y6     BUFGCE (Prop_BUFCE_BUFGCE_HDIO_I_O)
                                                      0.024    10.688 r  bufg_clk/O
    X0Y3 (CLOCK_ROOT)    net (fo=32, routed)          1.139    11.827    u_lif/CLK
    SLICE_X0Y230         FDRE                                         r  u_lif/internal_value_reg[7]/C
                         clock pessimism              0.000    11.827    
                         clock uncertainty           -0.235    11.591    
    SLICE_X0Y230         FDRE (Setup_GFF_SLICEL_C_D)
                                                      0.025    11.616    u_lif/internal_value_reg[7]
  -------------------------------------------------------------------
                         required time                         11.616    
                         arrival time                         -10.878    
  -------------------------------------------------------------------
                         slack                                  0.738    

Slack (MET) :             0.769ns  (required time - arrival time)
  Source:                 input_current[20]
                            (input port clocked by clk_in  {rise@0.000ns fall@5.000ns period=10.000ns})
  Destination:            u_lif/internal_value_reg[14]/D
                            (rising edge-triggered cell FDRE clocked by clk_in  {rise@0.000ns fall@5.000ns period=10.000ns})
  Path Group:             clk_in
  Path Type:              Setup (Max at Slow Process Corner)
  Requirement:            10.000ns  (clk_in rise@10.000ns - clk_in rise@0.000ns)
  Data Path Delay:        6.840ns  (logic 1.210ns (17.689%)  route 5.630ns (82.311%))
  Logic Levels:           9  (CARRY8=3 IBUFCTRL=1 INBUF=1 LUT1=1 LUT2=1 LUT4=1 LUT6=1)
  Input Delay:            4.000ns
  Clock Path Skew:        1.820ns (DCD - SCD + CPR)
    Destination Clock Delay (DCD):    1.820ns = ( 11.820 - 10.000 ) 
    Source Clock Delay      (SCD):    0.000ns
    Clock Pessimism Removal (CPR):    0.000ns
  Clock Uncertainty:      0.235ns  ((TSJ^2 + TIJ^2)^1/2 + DJ) / 2 + PE + UU
    Total System Jitter     (TSJ):    0.071ns
    Total Input Jitter      (TIJ):    0.000ns
    Discrete Jitter          (DJ):    0.000ns
    Phase Error              (PE):    0.000ns
    User Uncertainty         (UU):    0.200ns
  Clock Net Delay (Destination): 1.132ns (routing 0.400ns, distribution 0.732ns)

    Location             Delay type                Incr(ns)  Path(ns)    Netlist Resource(s)
  -------------------------------------------------------------------    -------------------
                         (clock clk_in rise edge)     0.000     0.000 r  
                         input delay                  4.000     4.000    
    B19                                               0.000     4.000 r  input_current[20] (IN)
                         net (fo=0)                   0.000     4.000    input_current_IBUF[20]_inst/I
    B19                  INBUF (Prop_INBUF_HPIOB_M_PAD_O)
                                                      0.517     4.517 r  input_current_IBUF[20]_inst/INBUF_INST/O
                         net (fo=1, routed)           0.000     4.517    input_current_IBUF[20]_inst/OUT
    B19                  IBUFCTRL (Prop_IBUFCTRL_HPIOB_M_I_O)
                                                      0.000     4.517 r  input_current_IBUF[20]_inst/IBUFCTRL_INST/O
                         net (fo=7, routed)           0.878     5.395    u_lif/input_current_IBUF[20]
    SLICE_X0Y215         LUT4 (Prop_D6LUT_SLICEL_I3_O)
                                                      0.099     5.494 r  u_lif/membrane_next__0_carry__1_i_3/O
                         net (fo=1, routed)           0.400     5.894    u_lif/membrane_next__0_carry__1_i_3_n_0
    SLICE_X3Y226         CARRY8 (Prop_CARRY8_SLICEL_DI[5]_CO[7])
                                                      0.083     5.977 r  u_lif/membrane_next__0_carry__1/CO[7]
                         net (fo=1, routed)           0.026     6.003    u_lif/membrane_next__0_carry__1_n_0
    SLICE_X3Y227         CARRY8 (Prop_CARRY8_SLICEL_CI_O[3])
                                                      0.082     6.085 f  u_lif/membrane_next__0_carry__2/O[3]
                         net (fo=3, routed)           0.305     6.390    u_lif/membrane_next[27]
    SLICE_X11Y227        LUT2 (Prop_F6LUT_SLICEL_I1_O)
                                                      0.148     6.538 r  u_lif/threshold_crossed0_carry__0_i_8/O
                         net (fo=1, routed)           0.011     6.549    u_lif/threshold_crossed0_carry__0_i_8_n_0
    SLICE_X11Y227        CARRY8 (Prop_CARRY8_SLICEL_S[5]_CO[7])
                                                      0.162     6.711 f  u_lif/threshold_crossed0_carry__0/CO[7]
                         net (fo=30, routed)          0.586     7.297    u_lif/threshold_crossed0_carry__0_n_0
    SLICE_X0Y222         LUT6 (Prop_A6LUT_SLICEL_I0_O)
                                                      0.050     7.347 r  u_lif/internal_value[14]_i_1/O
                         net (fo=1, routed)           1.640     8.987    u_lif/p_1_in[14]
    SLICE_X80Y239        LUT1 (Prop_A5LUT_SLICEL_I0_O)
                                                      0.069     9.056 r  u_lif/p_1_in[14]_hold_fix/O
                         net (fo=1, routed)           1.784    10.840    u_lif/p_1_in[14]_hold_fix_1
    SLICE_X0Y222         FDRE                                         r  u_lif/internal_value_reg[14]/D
  -------------------------------------------------------------------    -------------------

                         (clock clk_in rise edge)    10.000    10.000 r  
    D14                                               0.000    10.000 r  clk_in (IN)
                         net (fo=0)                   0.000    10.000    clk_in_IBUF_inst/I
    D14                  INBUF (Prop_INBUF_HDIOB_M_PAD_O)
                                                      0.495    10.495 r  clk_in_IBUF_inst/INBUF_INST/O
                         net (fo=1, routed)           0.000    10.495    clk_in_IBUF_inst/OUT
    D14                  IBUFCTRL (Prop_IBUFCTRL_HDIOB_M_I_O)
                                                      0.000    10.495 r  clk_in_IBUF_inst/IBUFCTRL_INST/O
                         net (fo=1, routed)           0.169    10.664    clk_in_IBUF
    BUFGCE_HDIO_X0Y6     BUFGCE (Prop_BUFCE_BUFGCE_HDIO_I_O)
                                                      0.024    10.688 r  bufg_clk/O
    X0Y3 (CLOCK_ROOT)    net (fo=32, routed)          1.132    11.820    u_lif/CLK
    SLICE_X0Y222         FDRE                                         r  u_lif/internal_value_reg[14]/C
                         clock pessimism              0.000    11.820    
                         clock uncertainty           -0.235    11.584    
    SLICE_X0Y222         FDRE (Setup_AFF_SLICEL_C_D)
                                                      0.025    11.609    u_lif/internal_value_reg[14]
  -------------------------------------------------------------------
                         required time                         11.609    
                         arrival time                         -10.840    
  -------------------------------------------------------------------
                         slack                                  0.769    

Slack (MET) :             0.796ns  (required time - arrival time)
  Source:                 input_current[20]
                            (input port clocked by clk_in  {rise@0.000ns fall@5.000ns period=10.000ns})
  Destination:            u_lif/internal_value_reg[4]/D
                            (rising edge-triggered cell FDRE clocked by clk_in  {rise@0.000ns fall@5.000ns period=10.000ns})
  Path Group:             clk_in
  Path Type:              Setup (Max at Slow Process Corner)
  Requirement:            10.000ns  (clk_in rise@10.000ns - clk_in rise@0.000ns)
  Data Path Delay:        6.820ns  (logic 1.354ns (19.852%)  route 5.466ns (80.148%))
  Logic Levels:           9  (CARRY8=3 IBUFCTRL=1 INBUF=1 LUT1=1 LUT2=1 LUT4=1 LUT6=1)
  Input Delay:            4.000ns
  Clock Path Skew:        1.827ns (DCD - SCD + CPR)
    Destination Clock Delay (DCD):    1.827ns = ( 11.827 - 10.000 ) 
    Source Clock Delay      (SCD):    0.000ns
    Clock Pessimism Removal (CPR):    0.000ns
  Clock Uncertainty:      0.235ns  ((TSJ^2 + TIJ^2)^1/2 + DJ) / 2 + PE + UU
    Total System Jitter     (TSJ):    0.071ns
    Total Input Jitter      (TIJ):    0.000ns
    Discrete Jitter          (DJ):    0.000ns
    Phase Error              (PE):    0.000ns
    User Uncertainty         (UU):    0.200ns
  Clock Net Delay (Destination): 1.139ns (routing 0.400ns, distribution 0.739ns)

    Location             Delay type                Incr(ns)  Path(ns)    Netlist Resource(s)
  -------------------------------------------------------------------    -------------------
                         (clock clk_in rise edge)     0.000     0.000 r  
                         input delay                  4.000     4.000    
    B19                                               0.000     4.000 r  input_current[20] (IN)
                         net (fo=0)                   0.000     4.000    input_current_IBUF[20]_inst/I
    B19                  INBUF (Prop_INBUF_HPIOB_M_PAD_O)
                                                      0.517     4.517 r  input_current_IBUF[20]_inst/INBUF_INST/O
                         net (fo=1, routed)           0.000     4.517    input_current_IBUF[20]_inst/OUT
    B19                  IBUFCTRL (Prop_IBUFCTRL_HPIOB_M_I_O)
                                                      0.000     4.517 r  input_current_IBUF[20]_inst/IBUFCTRL_INST/O
                         net (fo=7, routed)           0.878     5.395    u_lif/input_current_IBUF[20]
    SLICE_X0Y215         LUT4 (Prop_D6LUT_SLICEL_I3_O)
                                                      0.099     5.494 r  u_lif/membrane_next__0_carry__1_i_3/O
                         net (fo=1, routed)           0.400     5.894    u_lif/membrane_next__0_carry__1_i_3_n_0
    SLICE_X3Y226         CARRY8 (Prop_CARRY8_SLICEL_DI[5]_CO[7])
                                                      0.083     5.977 r  u_lif/membrane_next__0_carry__1/CO[7]
                         net (fo=1, routed)           0.026     6.003    u_lif/membrane_next__0_carry__1_n_0
    SLICE_X3Y227         CARRY8 (Prop_CARRY8_SLICEL_CI_O[3])
                                                      0.082     6.085 f  u_lif/membrane_next__0_carry__2/O[3]
                         net (fo=3, routed)           0.305     6.390    u_lif/membrane_next[27]
    SLICE_X11Y227        LUT2 (Prop_F6LUT_SLICEL_I1_O)
                                                      0.148     6.538 r  u_lif/threshold_crossed0_carry__0_i_8/O
                         net (fo=1, routed)           0.011     6.549    u_lif/threshold_crossed0_carry__0_i_8_n_0
    SLICE_X11Y227        CARRY8 (Prop_CARRY8_SLICEL_S[5]_CO[7])
                                                      0.162     6.711 f  u_lif/threshold_crossed0_carry__0/CO[7]
                         net (fo=30, routed)          0.516     7.227    u_lif/threshold_crossed0_carry__0_n_0
    SLICE_X0Y234         LUT6 (Prop_A6LUT_SLICEL_I0_O)
                                                      0.098     7.325 r  u_lif/internal_value[4]_i_1/O
                         net (fo=1, routed)           1.580     8.905    u_lif/p_1_in[4]
    SLICE_X88Y239        LUT1 (Prop_B5LUT_SLICEL_I0_O)
                                                      0.165     9.070 r  u_lif/p_1_in[4]_hold_fix/O
                         net (fo=1, routed)           1.750    10.820    u_lif/p_1_in[4]_hold_fix_1
    SLICE_X0Y234         FDRE                                         r  u_lif/internal_value_reg[4]/D
  -------------------------------------------------------------------    -------------------

                         (clock clk_in rise edge)    10.000    10.000 r  
    D14                                               0.000    10.000 r  clk_in (IN)
                         net (fo=0)                   0.000    10.000    clk_in_IBUF_inst/I
    D14                  INBUF (Prop_INBUF_HDIOB_M_PAD_O)
                                                      0.495    10.495 r  clk_in_IBUF_inst/INBUF_INST/O
                         net (fo=1, routed)           0.000    10.495    clk_in_IBUF_inst/OUT
    D14                  IBUFCTRL (Prop_IBUFCTRL_HDIOB_M_I_O)
                                                      0.000    10.495 r  clk_in_IBUF_inst/IBUFCTRL_INST/O
                         net (fo=1, routed)           0.169    10.664    clk_in_IBUF
    BUFGCE_HDIO_X0Y6     BUFGCE (Prop_BUFCE_BUFGCE_HDIO_I_O)
                                                      0.024    10.688 r  bufg_clk/O
    X0Y3 (CLOCK_ROOT)    net (fo=32, routed)          1.139    11.827    u_lif/CLK
    SLICE_X0Y234         FDRE                                         r  u_lif/internal_value_reg[4]/C
                         clock pessimism              0.000    11.827    
                         clock uncertainty           -0.235    11.591    
    SLICE_X0Y234         FDRE (Setup_AFF_SLICEL_C_D)
                                                      0.025    11.616    u_lif/internal_value_reg[4]
  -------------------------------------------------------------------
                         required time                         11.616    
                         arrival time                         -10.820    
  -------------------------------------------------------------------
                         slack                                  0.796    

Slack (MET) :             0.800ns  (required time - arrival time)
  Source:                 input_current[20]
                            (input port clocked by clk_in  {rise@0.000ns fall@5.000ns period=10.000ns})
  Destination:            u_lif/internal_value_reg[13]/D
                            (rising edge-triggered cell FDRE clocked by clk_in  {rise@0.000ns fall@5.000ns period=10.000ns})
  Path Group:             clk_in
  Path Type:              Setup (Max at Slow Process Corner)
  Requirement:            10.000ns  (clk_in rise@10.000ns - clk_in rise@0.000ns)
  Data Path Delay:        6.812ns  (logic 1.343ns (19.716%)  route 5.469ns (80.284%))
  Logic Levels:           9  (CARRY8=3 IBUFCTRL=1 INBUF=1 LUT1=1 LUT2=1 LUT4=1 LUT6=1)
  Input Delay:            4.000ns
  Clock Path Skew:        1.822ns (DCD - SCD + CPR)
    Destination Clock Delay (DCD):    1.822ns = ( 11.822 - 10.000 ) 
    Source Clock Delay      (SCD):    0.000ns
    Clock Pessimism Removal (CPR):    0.000ns
  Clock Uncertainty:      0.235ns  ((TSJ^2 + TIJ^2)^1/2 + DJ) / 2 + PE + UU
    Total System Jitter     (TSJ):    0.071ns
    Total Input Jitter      (TIJ):    0.000ns
    Discrete Jitter          (DJ):    0.000ns
    Phase Error              (PE):    0.000ns
    User Uncertainty         (UU):    0.200ns
  Clock Net Delay (Destination): 1.134ns (routing 0.400ns, distribution 0.734ns)

    Location             Delay type                Incr(ns)  Path(ns)    Netlist Resource(s)
  -------------------------------------------------------------------    -------------------
                         (clock clk_in rise edge)     0.000     0.000 r  
                         input delay                  4.000     4.000    
    B19                                               0.000     4.000 r  input_current[20] (IN)
                         net (fo=0)                   0.000     4.000    input_current_IBUF[20]_inst/I
    B19                  INBUF (Prop_INBUF_HPIOB_M_PAD_O)
                                                      0.517     4.517 r  input_current_IBUF[20]_inst/INBUF_INST/O
                         net (fo=1, routed)           0.000     4.517    input_current_IBUF[20]_inst/OUT
    B19                  IBUFCTRL (Prop_IBUFCTRL_HPIOB_M_I_O)
                                                      0.000     4.517 r  input_current_IBUF[20]_inst/IBUFCTRL_INST/O
                         net (fo=7, routed)           0.878     5.395    u_lif/input_current_IBUF[20]
    SLICE_X0Y215         LUT4 (Prop_D6LUT_SLICEL_I3_O)
                                                      0.099     5.494 r  u_lif/membrane_next__0_carry__1_i_3/O
                         net (fo=1, routed)           0.400     5.894    u_lif/membrane_next__0_carry__1_i_3_n_0
    SLICE_X3Y226         CARRY8 (Prop_CARRY8_SLICEL_DI[5]_CO[7])
                                                      0.083     5.977 r  u_lif/membrane_next__0_carry__1/CO[7]
                         net (fo=1, routed)           0.026     6.003    u_lif/membrane_next__0_carry__1_n_0
    SLICE_X3Y227         CARRY8 (Prop_CARRY8_SLICEL_CI_O[3])
                                                      0.082     6.085 f  u_lif/membrane_next__0_carry__2/O[3]
                         net (fo=3, routed)           0.305     6.390    u_lif/membrane_next[27]
    SLICE_X11Y227        LUT2 (Prop_F6LUT_SLICEL_I1_O)
                                                      0.148     6.538 r  u_lif/threshold_crossed0_carry__0_i_8/O
                         net (fo=1, routed)           0.011     6.549    u_lif/threshold_crossed0_carry__0_i_8_n_0
    SLICE_X11Y227        CARRY8 (Prop_CARRY8_SLICEL_S[5]_CO[7])
                                                      0.162     6.711 f  u_lif/threshold_crossed0_carry__0/CO[7]
                         net (fo=30, routed)          0.518     7.230    u_lif/threshold_crossed0_carry__0_n_0
    SLICE_X2Y223         LUT6 (Prop_F6LUT_SLICEL_I0_O)
                                                      0.148     7.378 r  u_lif/internal_value[13]_i_1/O
                         net (fo=1, routed)           1.678     9.056    u_lif/p_1_in[13]
    SLICE_X80Y239        LUT1 (Prop_B5LUT_SLICEL_I0_O)
                                                      0.104     9.160 r  u_lif/p_1_in[13]_hold_fix/O
                         net (fo=1, routed)           1.652    10.812    u_lif/p_1_in[13]_hold_fix_1
    SLICE_X2Y223         FDRE                                         r  u_lif/internal_value_reg[13]/D
  -------------------------------------------------------------------    -------------------

                         (clock clk_in rise edge)    10.000    10.000 r  
    D14                                               0.000    10.000 r  clk_in (IN)
                         net (fo=0)                   0.000    10.000    clk_in_IBUF_inst/I
    D14                  INBUF (Prop_INBUF_HDIOB_M_PAD_O)
                                                      0.495    10.495 r  clk_in_IBUF_inst/INBUF_INST/O
                         net (fo=1, routed)           0.000    10.495    clk_in_IBUF_inst/OUT
    D14                  IBUFCTRL (Prop_IBUFCTRL_HDIOB_M_I_O)
                                                      0.000    10.495 r  clk_in_IBUF_inst/IBUFCTRL_INST/O
                         net (fo=1, routed)           0.169    10.664    clk_in_IBUF
    BUFGCE_HDIO_X0Y6     BUFGCE (Prop_BUFCE_BUFGCE_HDIO_I_O)
                                                      0.024    10.688 r  bufg_clk/O
    X0Y3 (CLOCK_ROOT)    net (fo=32, routed)          1.134    11.822    u_lif/CLK
    SLICE_X2Y223         FDRE                                         r  u_lif/internal_value_reg[13]/C
                         clock pessimism              0.000    11.822    
                         clock uncertainty           -0.235    11.586    
    SLICE_X2Y223         FDRE (Setup_FFF_SLICEL_C_D)
                                                      0.025    11.611    u_lif/internal_value_reg[13]
  -------------------------------------------------------------------
                         required time                         11.611    
                         arrival time                         -10.812    
  -------------------------------------------------------------------
                         slack                                  0.800    

Slack (MET) :             0.801ns  (required time - arrival time)
  Source:                 input_current[20]
                            (input port clocked by clk_in  {rise@0.000ns fall@5.000ns period=10.000ns})
  Destination:            u_lif/internal_value_reg[8]/D
                            (rising edge-triggered cell FDRE clocked by clk_in  {rise@0.000ns fall@5.000ns period=10.000ns})
  Path Group:             clk_in
  Path Type:              Setup (Max at Slow Process Corner)
  Requirement:            10.000ns  (clk_in rise@10.000ns - clk_in rise@0.000ns)
  Data Path Delay:        6.812ns  (logic 1.339ns (19.656%)  route 5.473ns (80.344%))
  Logic Levels:           9  (CARRY8=3 IBUFCTRL=1 INBUF=1 LUT1=1 LUT2=1 LUT4=1 LUT6=1)
  Input Delay:            4.000ns
  Clock Path Skew:        1.824ns (DCD - SCD + CPR)
    Destination Clock Delay (DCD):    1.824ns = ( 11.824 - 10.000 ) 
    Source Clock Delay      (SCD):    0.000ns
    Clock Pessimism Removal (CPR):    0.000ns
  Clock Uncertainty:      0.235ns  ((TSJ^2 + TIJ^2)^1/2 + DJ) / 2 + PE + UU
    Total System Jitter     (TSJ):    0.071ns
    Total Input Jitter      (TIJ):    0.000ns
    Discrete Jitter          (DJ):    0.000ns
    Phase Error              (PE):    0.000ns
    User Uncertainty         (UU):    0.200ns
  Clock Net Delay (Destination): 1.136ns (routing 0.400ns, distribution 0.736ns)

    Location             Delay type                Incr(ns)  Path(ns)    Netlist Resource(s)
  -------------------------------------------------------------------    -------------------
                         (clock clk_in rise edge)     0.000     0.000 r  
                         input delay                  4.000     4.000    
    B19                                               0.000     4.000 r  input_current[20] (IN)
                         net (fo=0)                   0.000     4.000    input_current_IBUF[20]_inst/I
    B19                  INBUF (Prop_INBUF_HPIOB_M_PAD_O)
                                                      0.517     4.517 r  input_current_IBUF[20]_inst/INBUF_INST/O
                         net (fo=1, routed)           0.000     4.517    input_current_IBUF[20]_inst/OUT
    B19                  IBUFCTRL (Prop_IBUFCTRL_HPIOB_M_I_O)
                                                      0.000     4.517 r  input_current_IBUF[20]_inst/IBUFCTRL_INST/O
                         net (fo=7, routed)           0.878     5.395    u_lif/input_current_IBUF[20]
    SLICE_X0Y215         LUT4 (Prop_D6LUT_SLICEL_I3_O)
                                                      0.099     5.494 r  u_lif/membrane_next__0_carry__1_i_3/O
                         net (fo=1, routed)           0.400     5.894    u_lif/membrane_next__0_carry__1_i_3_n_0
    SLICE_X3Y226         CARRY8 (Prop_CARRY8_SLICEL_DI[5]_CO[7])
                                                      0.083     5.977 r  u_lif/membrane_next__0_carry__1/CO[7]
                         net (fo=1, routed)           0.026     6.003    u_lif/membrane_next__0_carry__1_n_0
    SLICE_X3Y227         CARRY8 (Prop_CARRY8_SLICEL_CI_O[3])
                                                      0.082     6.085 f  u_lif/membrane_next__0_carry__2/O[3]
                         net (fo=3, routed)           0.305     6.390    u_lif/membrane_next[27]
    SLICE_X11Y227        LUT2 (Prop_F6LUT_SLICEL_I1_O)
                                                      0.148     6.538 r  u_lif/threshold_crossed0_carry__0_i_8/O
                         net (fo=1, routed)           0.011     6.549    u_lif/threshold_crossed0_carry__0_i_8_n_0
    SLICE_X11Y227        CARRY8 (Prop_CARRY8_SLICEL_S[5]_CO[7])
                                                      0.162     6.711 f  u_lif/threshold_crossed0_carry__0/CO[7]
                         net (fo=30, routed)          0.487     7.198    u_lif/threshold_crossed0_carry__0_n_0
    SLICE_X2Y227         LUT6 (Prop_F6LUT_SLICEL_I0_O)
                                                      0.148     7.346 r  u_lif/internal_value[8]_i_1/O
                         net (fo=1, routed)           1.537     8.883    u_lif/p_1_in[8]
    SLICE_X85Y239        LUT1 (Prop_A5LUT_SLICEL_I0_O)
                                                      0.100     8.983 r  u_lif/p_1_in[8]_hold_fix/O
                         net (fo=1, routed)           1.829    10.812    u_lif/p_1_in[8]_hold_fix_1
    SLICE_X2Y227         FDRE                                         r  u_lif/internal_value_reg[8]/D
  -------------------------------------------------------------------    -------------------

                         (clock clk_in rise edge)    10.000    10.000 r  
    D14                                               0.000    10.000 r  clk_in (IN)
                         net (fo=0)                   0.000    10.000    clk_in_IBUF_inst/I
    D14                  INBUF (Prop_INBUF_HDIOB_M_PAD_O)
                                                      0.495    10.495 r  clk_in_IBUF_inst/INBUF_INST/O
                         net (fo=1, routed)           0.000    10.495    clk_in_IBUF_inst/OUT
    D14                  IBUFCTRL (Prop_IBUFCTRL_HDIOB_M_I_O)
                                                      0.000    10.495 r  clk_in_IBUF_inst/IBUFCTRL_INST/O
                         net (fo=1, routed)           0.169    10.664    clk_in_IBUF
    BUFGCE_HDIO_X0Y6     BUFGCE (Prop_BUFCE_BUFGCE_HDIO_I_O)
                                                      0.024    10.688 r  bufg_clk/O
    X0Y3 (CLOCK_ROOT)    net (fo=32, routed)          1.136    11.824    u_lif/CLK
    SLICE_X2Y227         FDRE                                         r  u_lif/internal_value_reg[8]/C
                         clock pessimism              0.000    11.824    
                         clock uncertainty           -0.235    11.588    
    SLICE_X2Y227         FDRE (Setup_FFF_SLICEL_C_D)
                                                      0.025    11.613    u_lif/internal_value_reg[8]
  -------------------------------------------------------------------
                         required time                         11.613    
                         arrival time                         -10.812    
  -------------------------------------------------------------------
                         slack                                  0.801    

Slack (MET) :             0.830ns  (required time - arrival time)
  Source:                 input_current[20]
                            (input port clocked by clk_in  {rise@0.000ns fall@5.000ns period=10.000ns})
  Destination:            u_lif/internal_value_reg[9]/D
                            (rising edge-triggered cell FDRE clocked by clk_in  {rise@0.000ns fall@5.000ns period=10.000ns})
  Path Group:             clk_in
  Path Type:              Setup (Max at Slow Process Corner)
  Requirement:            10.000ns  (clk_in rise@10.000ns - clk_in rise@0.000ns)
  Data Path Delay:        6.778ns  (logic 1.351ns (19.933%)  route 5.427ns (80.067%))
  Logic Levels:           9  (CARRY8=3 IBUFCTRL=1 INBUF=1 LUT1=1 LUT2=1 LUT4=1 LUT6=1)
  Input Delay:            4.000ns
  Clock Path Skew:        1.818ns (DCD - SCD + CPR)
    Destination Clock Delay (DCD):    1.818ns = ( 11.818 - 10.000 ) 
    Source Clock Delay      (SCD):    0.000ns
    Clock Pessimism Removal (CPR):    0.000ns
  Clock Uncertainty:      0.235ns  ((TSJ^2 + TIJ^2)^1/2 + DJ) / 2 + PE + UU
    Total System Jitter     (TSJ):    0.071ns
    Total Input Jitter      (TIJ):    0.000ns
    Discrete Jitter          (DJ):    0.000ns
    Phase Error              (PE):    0.000ns
    User Uncertainty         (UU):    0.200ns
  Clock Net Delay (Destination): 1.130ns (routing 0.400ns, distribution 0.730ns)

    Location             Delay type                Incr(ns)  Path(ns)    Netlist Resource(s)
  -------------------------------------------------------------------    -------------------
                         (clock clk_in rise edge)     0.000     0.000 r  
                         input delay                  4.000     4.000    
    B19                                               0.000     4.000 r  input_current[20] (IN)
                         net (fo=0)                   0.000     4.000    input_current_IBUF[20]_inst/I
    B19                  INBUF (Prop_INBUF_HPIOB_M_PAD_O)
                                                      0.517     4.517 r  input_current_IBUF[20]_inst/INBUF_INST/O
                         net (fo=1, routed)           0.000     4.517    input_current_IBUF[20]_inst/OUT
    B19                  IBUFCTRL (Prop_IBUFCTRL_HPIOB_M_I_O)
                                                      0.000     4.517 r  input_current_IBUF[20]_inst/IBUFCTRL_INST/O
                         net (fo=7, routed)           0.878     5.395    u_lif/input_current_IBUF[20]
    SLICE_X0Y215         LUT4 (Prop_D6LUT_SLICEL_I3_O)
                                                      0.099     5.494 r  u_lif/membrane_next__0_carry__1_i_3/O
                         net (fo=1, routed)           0.400     5.894    u_lif/membrane_next__0_carry__1_i_3_n_0
    SLICE_X3Y226         CARRY8 (Prop_CARRY8_SLICEL_DI[5]_CO[7])
                                                      0.083     5.977 r  u_lif/membrane_next__0_carry__1/CO[7]
                         net (fo=1, routed)           0.026     6.003    u_lif/membrane_next__0_carry__1_n_0
    SLICE_X3Y227         CARRY8 (Prop_CARRY8_SLICEL_CI_O[3])
                                                      0.082     6.085 f  u_lif/membrane_next__0_carry__2/O[3]
                         net (fo=3, routed)           0.305     6.390    u_lif/membrane_next[27]
    SLICE_X11Y227        LUT2 (Prop_F6LUT_SLICEL_I1_O)
                                                      0.148     6.538 r  u_lif/threshold_crossed0_carry__0_i_8/O
                         net (fo=1, routed)           0.011     6.549    u_lif/threshold_crossed0_carry__0_i_8_n_0
    SLICE_X11Y227        CARRY8 (Prop_CARRY8_SLICEL_S[5]_CO[7])
                                                      0.162     6.711 f  u_lif/threshold_crossed0_carry__0/CO[7]
                         net (fo=30, routed)          0.568     7.279    u_lif/threshold_crossed0_carry__0_n_0
    SLICE_X3Y227         LUT6 (Prop_G6LUT_SLICEL_I0_O)
                                                      0.097     7.376 r  u_lif/internal_value[9]_i_1/O
                         net (fo=1, routed)           1.646     9.022    u_lif/p_1_in[9]
    SLICE_X82Y239        LUT1 (Prop_A5LUT_SLICEM_I0_O)
                                                      0.163     9.185 r  u_lif/p_1_in[9]_hold_fix/O
                         net (fo=1, routed)           1.593    10.778    u_lif/p_1_in[9]_hold_fix_1
    SLICE_X3Y227         FDRE                                         r  u_lif/internal_value_reg[9]/D
  -------------------------------------------------------------------    -------------------

                         (clock clk_in rise edge)    10.000    10.000 r  
    D14                                               0.000    10.000 r  clk_in (IN)
                         net (fo=0)                   0.000    10.000    clk_in_IBUF_inst/I
    D14                  INBUF (Prop_INBUF_HDIOB_M_PAD_O)
                                                      0.495    10.495 r  clk_in_IBUF_inst/INBUF_INST/O
                         net (fo=1, routed)           0.000    10.495    clk_in_IBUF_inst/OUT
    D14                  IBUFCTRL (Prop_IBUFCTRL_HDIOB_M_I_O)
                                                      0.000    10.495 r  clk_in_IBUF_inst/IBUFCTRL_INST/O
                         net (fo=1, routed)           0.169    10.664    clk_in_IBUF
    BUFGCE_HDIO_X0Y6     BUFGCE (Prop_BUFCE_BUFGCE_HDIO_I_O)
                                                      0.024    10.688 r  bufg_clk/O
    X0Y3 (CLOCK_ROOT)    net (fo=32, routed)          1.130    11.818    u_lif/CLK
    SLICE_X3Y227         FDRE                                         r  u_lif/internal_value_reg[9]/C
                         clock pessimism              0.000    11.818    
                         clock uncertainty           -0.235    11.582    
    SLICE_X3Y227         FDRE (Setup_GFF_SLICEL_C_D)
                                                      0.025    11.607    u_lif/internal_value_reg[9]
  -------------------------------------------------------------------
                         required time                         11.607    
                         arrival time                         -10.778    
  -------------------------------------------------------------------
                         slack                                  0.830    

Slack (MET) :             0.843ns  (required time - arrival time)
  Source:                 input_current[20]
                            (input port clocked by clk_in  {rise@0.000ns fall@5.000ns period=10.000ns})
  Destination:            u_lif/internal_value_reg[3]/D
                            (rising edge-triggered cell FDRE clocked by clk_in  {rise@0.000ns fall@5.000ns period=10.000ns})
  Path Group:             clk_in
  Path Type:              Setup (Max at Slow Process Corner)
  Requirement:            10.000ns  (clk_in rise@10.000ns - clk_in rise@0.000ns)
  Data Path Delay:        6.774ns  (logic 1.259ns (18.587%)  route 5.515ns (81.413%))
  Logic Levels:           9  (CARRY8=3 IBUFCTRL=1 INBUF=1 LUT1=1 LUT2=1 LUT4=1 LUT6=1)
  Input Delay:            4.000ns
  Clock Path Skew:        1.827ns (DCD - SCD + CPR)
    Destination Clock Delay (DCD):    1.827ns = ( 11.827 - 10.000 ) 
    Source Clock Delay      (SCD):    0.000ns
    Clock Pessimism Removal (CPR):    0.000ns
  Clock Uncertainty:      0.235ns  ((TSJ^2 + TIJ^2)^1/2 + DJ) / 2 + PE + UU
    Total System Jitter     (TSJ):    0.071ns
    Total Input Jitter      (TIJ):    0.000ns
    Discrete Jitter          (DJ):    0.000ns
    Phase Error              (PE):    0.000ns
    User Uncertainty         (UU):    0.200ns
  Clock Net Delay (Destination): 1.139ns (routing 0.400ns, distribution 0.739ns)

    Location             Delay type                Incr(ns)  Path(ns)    Netlist Resource(s)
  -------------------------------------------------------------------    -------------------
                         (clock clk_in rise edge)     0.000     0.000 r  
                         input delay                  4.000     4.000    
    B19                                               0.000     4.000 r  input_current[20] (IN)
                         net (fo=0)                   0.000     4.000    input_current_IBUF[20]_inst/I
    B19                  INBUF (Prop_INBUF_HPIOB_M_PAD_O)
                                                      0.517     4.517 r  input_current_IBUF[20]_inst/INBUF_INST/O
                         net (fo=1, routed)           0.000     4.517    input_current_IBUF[20]_inst/OUT
    B19                  IBUFCTRL (Prop_IBUFCTRL_HPIOB_M_I_O)
                                                      0.000     4.517 r  input_current_IBUF[20]_inst/IBUFCTRL_INST/O
                         net (fo=7, routed)           0.878     5.395    u_lif/input_current_IBUF[20]
    SLICE_X0Y215         LUT4 (Prop_D6LUT_SLICEL_I3_O)
                                                      0.099     5.494 r  u_lif/membrane_next__0_carry__1_i_3/O
                         net (fo=1, routed)           0.400     5.894    u_lif/membrane_next__0_carry__1_i_3_n_0
    SLICE_X3Y226         CARRY8 (Prop_CARRY8_SLICEL_DI[5]_CO[7])
                                                      0.083     5.977 r  u_lif/membrane_next__0_carry__1/CO[7]
                         net (fo=1, routed)           0.026     6.003    u_lif/membrane_next__0_carry__1_n_0
    SLICE_X3Y227         CARRY8 (Prop_CARRY8_SLICEL_CI_O[3])
                                                      0.082     6.085 f  u_lif/membrane_next__0_carry__2/O[3]
                         net (fo=3, routed)           0.305     6.390    u_lif/membrane_next[27]
    SLICE_X11Y227        LUT2 (Prop_F6LUT_SLICEL_I1_O)
                                                      0.148     6.538 r  u_lif/threshold_crossed0_carry__0_i_8/O
                         net (fo=1, routed)           0.011     6.549    u_lif/threshold_crossed0_carry__0_i_8_n_0
    SLICE_X11Y227        CARRY8 (Prop_CARRY8_SLICEL_S[5]_CO[7])
                                                      0.162     6.711 f  u_lif/threshold_crossed0_carry__0/CO[7]
                         net (fo=30, routed)          0.669     7.381    u_lif/threshold_crossed0_carry__0_n_0
    SLICE_X0Y237         LUT6 (Prop_B6LUT_SLICEL_I0_O)
                                                      0.098     7.479 r  u_lif/internal_value[3]_i_1/O
                         net (fo=1, routed)           1.608     9.087    u_lif/p_1_in[3]
    SLICE_X90Y239        LUT1 (Prop_A5LUT_SLICEM_I0_O)
                                                      0.070     9.157 r  u_lif/p_1_in[3]_hold_fix/O
                         net (fo=1, routed)           1.617    10.774    u_lif/p_1_in[3]_hold_fix_1
    SLICE_X0Y237         FDRE                                         r  u_lif/internal_value_reg[3]/D
  -------------------------------------------------------------------    -------------------

                         (clock clk_in rise edge)    10.000    10.000 r  
    D14                                               0.000    10.000 r  clk_in (IN)
                         net (fo=0)                   0.000    10.000    clk_in_IBUF_inst/I
    D14                  INBUF (Prop_INBUF_HDIOB_M_PAD_O)
                                                      0.495    10.495 r  clk_in_IBUF_inst/INBUF_INST/O
                         net (fo=1, routed)           0.000    10.495    clk_in_IBUF_inst/OUT
    D14                  IBUFCTRL (Prop_IBUFCTRL_HDIOB_M_I_O)
                                                      0.000    10.495 r  clk_in_IBUF_inst/IBUFCTRL_INST/O
                         net (fo=1, routed)           0.169    10.664    clk_in_IBUF
    BUFGCE_HDIO_X0Y6     BUFGCE (Prop_BUFCE_BUFGCE_HDIO_I_O)
                                                      0.024    10.688 r  bufg_clk/O
    X0Y3 (CLOCK_ROOT)    net (fo=32, routed)          1.139    11.827    u_lif/CLK
    SLICE_X0Y237         FDRE                                         r  u_lif/internal_value_reg[3]/C
                         clock pessimism              0.000    11.827    
                         clock uncertainty           -0.235    11.591    
    SLICE_X0Y237         FDRE (Setup_BFF_SLICEL_C_D)
                                                      0.025    11.616    u_lif/internal_value_reg[3]
  -------------------------------------------------------------------
                         required time                         11.616    
                         arrival time                         -10.774    
  -------------------------------------------------------------------
                         slack                                  0.843    

Slack (MET) :             0.852ns  (required time - arrival time)
  Source:                 input_current[20]
                            (input port clocked by clk_in  {rise@0.000ns fall@5.000ns period=10.000ns})
  Destination:            u_lif/internal_value_reg[16]/D
                            (rising edge-triggered cell FDRE clocked by clk_in  {rise@0.000ns fall@5.000ns period=10.000ns})
  Path Group:             clk_in
  Path Type:              Setup (Max at Slow Process Corner)
  Requirement:            10.000ns  (clk_in rise@10.000ns - clk_in rise@0.000ns)
  Data Path Delay:        6.764ns  (logic 1.340ns (19.810%)  route 5.424ns (80.190%))
  Logic Levels:           9  (CARRY8=3 IBUFCTRL=1 INBUF=1 LUT1=1 LUT2=1 LUT4=1 LUT6=1)
  Input Delay:            4.000ns
  Clock Path Skew:        1.827ns (DCD - SCD + CPR)
    Destination Clock Delay (DCD):    1.827ns = ( 11.827 - 10.000 ) 
    Source Clock Delay      (SCD):    0.000ns
    Clock Pessimism Removal (CPR):    0.000ns
  Clock Uncertainty:      0.235ns  ((TSJ^2 + TIJ^2)^1/2 + DJ) / 2 + PE + UU
    Total System Jitter     (TSJ):    0.071ns
    Total Input Jitter      (TIJ):    0.000ns
    Discrete Jitter          (DJ):    0.000ns
    Phase Error              (PE):    0.000ns
    User Uncertainty         (UU):    0.200ns
  Clock Net Delay (Destination): 1.139ns (routing 0.400ns, distribution 0.739ns)

    Location             Delay type                Incr(ns)  Path(ns)    Netlist Resource(s)
  -------------------------------------------------------------------    -------------------
                         (clock clk_in rise edge)     0.000     0.000 r  
                         input delay                  4.000     4.000    
    B19                                               0.000     4.000 r  input_current[20] (IN)
                         net (fo=0)                   0.000     4.000    input_current_IBUF[20]_inst/I
    B19                  INBUF (Prop_INBUF_HPIOB_M_PAD_O)
                                                      0.517     4.517 r  input_current_IBUF[20]_inst/INBUF_INST/O
                         net (fo=1, routed)           0.000     4.517    input_current_IBUF[20]_inst/OUT
    B19                  IBUFCTRL (Prop_IBUFCTRL_HPIOB_M_I_O)
                                                      0.000     4.517 r  input_current_IBUF[20]_inst/IBUFCTRL_INST/O
                         net (fo=7, routed)           0.878     5.395    u_lif/input_current_IBUF[20]
    SLICE_X0Y215         LUT4 (Prop_D6LUT_SLICEL_I3_O)
                                                      0.099     5.494 r  u_lif/membrane_next__0_carry__1_i_3/O
                         net (fo=1, routed)           0.400     5.894    u_lif/membrane_next__0_carry__1_i_3_n_0
    SLICE_X3Y226         CARRY8 (Prop_CARRY8_SLICEL_DI[5]_CO[7])
                                                      0.083     5.977 r  u_lif/membrane_next__0_carry__1/CO[7]
                         net (fo=1, routed)           0.026     6.003    u_lif/membrane_next__0_carry__1_n_0
    SLICE_X3Y227         CARRY8 (Prop_CARRY8_SLICEL_CI_O[3])
                                                      0.082     6.085 f  u_lif/membrane_next__0_carry__2/O[3]
                         net (fo=3, routed)           0.305     6.390    u_lif/membrane_next[27]
    SLICE_X11Y227        LUT2 (Prop_F6LUT_SLICEL_I1_O)
                                                      0.148     6.538 r  u_lif/threshold_crossed0_carry__0_i_8/O
                         net (fo=1, routed)           0.011     6.549    u_lif/threshold_crossed0_carry__0_i_8_n_0
    SLICE_X11Y227        CARRY8 (Prop_CARRY8_SLICEL_S[5]_CO[7])
                                                      0.162     6.711 f  u_lif/threshold_crossed0_carry__0/CO[7]
                         net (fo=30, routed)          0.710     7.421    u_lif/threshold_crossed0_carry__0_n_0
    SLICE_X0Y239         LUT6 (Prop_B6LUT_SLICEL_I0_O)
                                                      0.090     7.511 r  u_lif/internal_value[16]_i_1/O
                         net (fo=1, routed)           1.436     8.947    u_lif/p_1_in[16]
    SLICE_X82Y239        LUT1 (Prop_C5LUT_SLICEM_I0_O)
                                                      0.159     9.106 r  u_lif/p_1_in[16]_hold_fix/O
                         net (fo=1, routed)           1.658    10.764    u_lif/p_1_in[16]_hold_fix_1
    SLICE_X0Y239         FDRE                                         r  u_lif/internal_value_reg[16]/D
  -------------------------------------------------------------------    -------------------

                         (clock clk_in rise edge)    10.000    10.000 r  
    D14                                               0.000    10.000 r  clk_in (IN)
                         net (fo=0)                   0.000    10.000    clk_in_IBUF_inst/I
    D14                  INBUF (Prop_INBUF_HDIOB_M_PAD_O)
                                                      0.495    10.495 r  clk_in_IBUF_inst/INBUF_INST/O
                         net (fo=1, routed)           0.000    10.495    clk_in_IBUF_inst/OUT
    D14                  IBUFCTRL (Prop_IBUFCTRL_HDIOB_M_I_O)
                                                      0.000    10.495 r  clk_in_IBUF_inst/IBUFCTRL_INST/O
                         net (fo=1, routed)           0.169    10.664    clk_in_IBUF
    BUFGCE_HDIO_X0Y6     BUFGCE (Prop_BUFCE_BUFGCE_HDIO_I_O)
                                                      0.024    10.688 r  bufg_clk/O
    X0Y3 (CLOCK_ROOT)    net (fo=32, routed)          1.139    11.827    u_lif/CLK
    SLICE_X0Y239         FDRE                                         r  u_lif/internal_value_reg[16]/C
                         clock pessimism              0.000    11.827    
                         clock uncertainty           -0.235    11.591    
    SLICE_X0Y239         FDRE (Setup_BFF_SLICEL_C_D)
                                                      0.025    11.616    u_lif/internal_value_reg[16]
  -------------------------------------------------------------------
                         required time                         11.616    
                         arrival time                         -10.764    
  -------------------------------------------------------------------
                         slack                                  0.852    

Slack (MET) :             0.917ns  (required time - arrival time)
  Source:                 input_current[20]
                            (input port clocked by clk_in  {rise@0.000ns fall@5.000ns period=10.000ns})
  Destination:            u_lif/internal_value_reg[26]/D
                            (rising edge-triggered cell FDRE clocked by clk_in  {rise@0.000ns fall@5.000ns period=10.000ns})
  Path Group:             clk_in
  Path Type:              Setup (Max at Slow Process Corner)
  Requirement:            10.000ns  (clk_in rise@10.000ns - clk_in rise@0.000ns)
  Data Path Delay:        6.690ns  (logic 1.305ns (19.507%)  route 5.385ns (80.493%))
  Logic Levels:           9  (CARRY8=3 IBUFCTRL=1 INBUF=1 LUT1=1 LUT2=1 LUT4=1 LUT6=1)
  Input Delay:            4.000ns
  Clock Path Skew:        1.817ns (DCD - SCD + CPR)
    Destination Clock Delay (DCD):    1.817ns = ( 11.817 - 10.000 ) 
    Source Clock Delay      (SCD):    0.000ns
    Clock Pessimism Removal (CPR):    0.000ns
  Clock Uncertainty:      0.235ns  ((TSJ^2 + TIJ^2)^1/2 + DJ) / 2 + PE + UU
    Total System Jitter     (TSJ):    0.071ns
    Total Input Jitter      (TIJ):    0.000ns
    Discrete Jitter          (DJ):    0.000ns
    Phase Error              (PE):    0.000ns
    User Uncertainty         (UU):    0.200ns
  Clock Net Delay (Destination): 1.129ns (routing 0.400ns, distribution 0.729ns)

    Location             Delay type                Incr(ns)  Path(ns)    Netlist Resource(s)
  -------------------------------------------------------------------    -------------------
                         (clock clk_in rise edge)     0.000     0.000 r  
                         input delay                  4.000     4.000    
    B19                                               0.000     4.000 r  input_current[20] (IN)
                         net (fo=0)                   0.000     4.000    input_current_IBUF[20]_inst/I
    B19                  INBUF (Prop_INBUF_HPIOB_M_PAD_O)
                                                      0.517     4.517 r  input_current_IBUF[20]_inst/INBUF_INST/O
                         net (fo=1, routed)           0.000     4.517    input_current_IBUF[20]_inst/OUT
    B19                  IBUFCTRL (Prop_IBUFCTRL_HPIOB_M_I_O)
                                                      0.000     4.517 r  input_current_IBUF[20]_inst/IBUFCTRL_INST/O
                         net (fo=7, routed)           0.878     5.395    u_lif/input_current_IBUF[20]
    SLICE_X0Y215         LUT4 (Prop_D6LUT_SLICEL_I3_O)
                                                      0.099     5.494 r  u_lif/membrane_next__0_carry__1_i_3/O
                         net (fo=1, routed)           0.400     5.894    u_lif/membrane_next__0_carry__1_i_3_n_0
    SLICE_X3Y226         CARRY8 (Prop_CARRY8_SLICEL_DI[5]_CO[7])
                                                      0.083     5.977 r  u_lif/membrane_next__0_carry__1/CO[7]
                         net (fo=1, routed)           0.026     6.003    u_lif/membrane_next__0_carry__1_n_0
    SLICE_X3Y227         CARRY8 (Prop_CARRY8_SLICEL_CI_O[3])
                                                      0.082     6.085 f  u_lif/membrane_next__0_carry__2/O[3]
                         net (fo=3, routed)           0.305     6.390    u_lif/membrane_next[27]
    SLICE_X11Y227        LUT2 (Prop_F6LUT_SLICEL_I1_O)
                                                      0.148     6.538 r  u_lif/threshold_crossed0_carry__0_i_8/O
                         net (fo=1, routed)           0.011     6.549    u_lif/threshold_crossed0_carry__0_i_8_n_0
    SLICE_X11Y227        CARRY8 (Prop_CARRY8_SLICEL_S[5]_CO[7])
                                                      0.162     6.711 f  u_lif/threshold_crossed0_carry__0/CO[7]
                         net (fo=30, routed)          0.605     7.316    u_lif/threshold_crossed0_carry__0_n_0
    SLICE_X3Y228         LUT6 (Prop_A6LUT_SLICEL_I0_O)
                                                      0.050     7.366 r  u_lif/internal_value[26]_i_1/O
                         net (fo=1, routed)           1.631     8.997    u_lif/p_1_in[26]
    SLICE_X79Y239        LUT1 (Prop_E5LUT_SLICEM_I0_O)
                                                      0.164     9.161 r  u_lif/p_1_in[26]_hold_fix/O
                         net (fo=1, routed)           1.529    10.690    u_lif/p_1_in[26]_hold_fix_1
    SLICE_X3Y228         FDRE                                         r  u_lif/internal_value_reg[26]/D
  -------------------------------------------------------------------    -------------------

                         (clock clk_in rise edge)    10.000    10.000 r  
    D14                                               0.000    10.000 r  clk_in (IN)
                         net (fo=0)                   0.000    10.000    clk_in_IBUF_inst/I
    D14                  INBUF (Prop_INBUF_HDIOB_M_PAD_O)
                                                      0.495    10.495 r  clk_in_IBUF_inst/INBUF_INST/O
                         net (fo=1, routed)           0.000    10.495    clk_in_IBUF_inst/OUT
    D14                  IBUFCTRL (Prop_IBUFCTRL_HDIOB_M_I_O)
                                                      0.000    10.495 r  clk_in_IBUF_inst/IBUFCTRL_INST/O
                         net (fo=1, routed)           0.169    10.664    clk_in_IBUF
    BUFGCE_HDIO_X0Y6     BUFGCE (Prop_BUFCE_BUFGCE_HDIO_I_O)
                                                      0.024    10.688 r  bufg_clk/O
    X0Y3 (CLOCK_ROOT)    net (fo=32, routed)          1.129    11.817    u_lif/CLK
    SLICE_X3Y228         FDRE                                         r  u_lif/internal_value_reg[26]/C
                         clock pessimism              0.000    11.817    
                         clock uncertainty           -0.235    11.581    
    SLICE_X3Y228         FDRE (Setup_AFF_SLICEL_C_D)
                                                      0.025    11.606    u_lif/internal_value_reg[26]
  -------------------------------------------------------------------
                         required time                         11.606    
                         arrival time                         -10.690    
  -------------------------------------------------------------------
                         slack                                  0.917    

Slack (MET) :             0.957ns  (required time - arrival time)
  Source:                 input_current[20]
                            (input port clocked by clk_in  {rise@0.000ns fall@5.000ns period=10.000ns})
  Destination:            u_lif/internal_value_reg[5]/D
                            (rising edge-triggered cell FDRE clocked by clk_in  {rise@0.000ns fall@5.000ns period=10.000ns})
  Path Group:             clk_in
  Path Type:              Setup (Max at Slow Process Corner)
  Requirement:            10.000ns  (clk_in rise@10.000ns - clk_in rise@0.000ns)
  Data Path Delay:        6.661ns  (logic 1.214ns (18.226%)  route 5.447ns (81.774%))
  Logic Levels:           9  (CARRY8=3 IBUFCTRL=1 INBUF=1 LUT1=1 LUT2=1 LUT4=1 LUT6=1)
  Input Delay:            4.000ns
  Clock Path Skew:        1.828ns (DCD - SCD + CPR)
    Destination Clock Delay (DCD):    1.828ns = ( 11.828 - 10.000 ) 
    Source Clock Delay      (SCD):    0.000ns
    Clock Pessimism Removal (CPR):    0.000ns
  Clock Uncertainty:      0.235ns  ((TSJ^2 + TIJ^2)^1/2 + DJ) / 2 + PE + UU
    Total System Jitter     (TSJ):    0.071ns
    Total Input Jitter      (TIJ):    0.000ns
    Discrete Jitter          (DJ):    0.000ns
    Phase Error              (PE):    0.000ns
    User Uncertainty         (UU):    0.200ns
  Clock Net Delay (Destination): 1.140ns (routing 0.400ns, distribution 0.740ns)

    Location             Delay type                Incr(ns)  Path(ns)    Netlist Resource(s)
  -------------------------------------------------------------------    -------------------
                         (clock clk_in rise edge)     0.000     0.000 r  
                         input delay                  4.000     4.000    
    B19                                               0.000     4.000 r  input_current[20] (IN)
                         net (fo=0)                   0.000     4.000    input_current_IBUF[20]_inst/I
    B19                  INBUF (Prop_INBUF_HPIOB_M_PAD_O)
                                                      0.517     4.517 r  input_current_IBUF[20]_inst/INBUF_INST/O
                         net (fo=1, routed)           0.000     4.517    input_current_IBUF[20]_inst/OUT
    B19                  IBUFCTRL (Prop_IBUFCTRL_HPIOB_M_I_O)
                                                      0.000     4.517 r  input_current_IBUF[20]_inst/IBUFCTRL_INST/O
                         net (fo=7, routed)           0.878     5.395    u_lif/input_current_IBUF[20]
    SLICE_X0Y215         LUT4 (Prop_D6LUT_SLICEL_I3_O)
                                                      0.099     5.494 r  u_lif/membrane_next__0_carry__1_i_3/O
                         net (fo=1, routed)           0.400     5.894    u_lif/membrane_next__0_carry__1_i_3_n_0
    SLICE_X3Y226         CARRY8 (Prop_CARRY8_SLICEL_DI[5]_CO[7])
                                                      0.083     5.977 r  u_lif/membrane_next__0_carry__1/CO[7]
                         net (fo=1, routed)           0.026     6.003    u_lif/membrane_next__0_carry__1_n_0
    SLICE_X3Y227         CARRY8 (Prop_CARRY8_SLICEL_CI_O[3])
                                                      0.082     6.085 f  u_lif/membrane_next__0_carry__2/O[3]
                         net (fo=3, routed)           0.305     6.390    u_lif/membrane_next[27]
    SLICE_X11Y227        LUT2 (Prop_F6LUT_SLICEL_I1_O)
                                                      0.148     6.538 r  u_lif/threshold_crossed0_carry__0_i_8/O
                         net (fo=1, routed)           0.011     6.549    u_lif/threshold_crossed0_carry__0_i_8_n_0
    SLICE_X11Y227        CARRY8 (Prop_CARRY8_SLICEL_S[5]_CO[7])
                                                      0.162     6.711 f  u_lif/threshold_crossed0_carry__0/CO[7]
                         net (fo=30, routed)          0.524     7.235    u_lif/threshold_crossed0_carry__0_n_0
    SLICE_X0Y232         LUT6 (Prop_H6LUT_SLICEL_I0_O)
                                                      0.051     7.286 r  u_lif/internal_value[5]_i_1/O
                         net (fo=1, routed)           1.570     8.856    u_lif/p_1_in[5]
    SLICE_X86Y239        LUT1 (Prop_B5LUT_SLICEM_I0_O)
                                                      0.072     8.928 r  u_lif/p_1_in[5]_hold_fix/O
                         net (fo=1, routed)           1.733    10.661    u_lif/p_1_in[5]_hold_fix_1
    SLICE_X0Y232         FDRE                                         r  u_lif/internal_value_reg[5]/D
  -------------------------------------------------------------------    -------------------

                         (clock clk_in rise edge)    10.000    10.000 r  
    D14                                               0.000    10.000 r  clk_in (IN)
                         net (fo=0)                   0.000    10.000    clk_in_IBUF_inst/I
    D14                  INBUF (Prop_INBUF_HDIOB_M_PAD_O)
                                                      0.495    10.495 r  clk_in_IBUF_inst/INBUF_INST/O
                         net (fo=1, routed)           0.000    10.495    clk_in_IBUF_inst/OUT
    D14                  IBUFCTRL (Prop_IBUFCTRL_HDIOB_M_I_O)
                                                      0.000    10.495 r  clk_in_IBUF_inst/IBUFCTRL_INST/O
                         net (fo=1, routed)           0.169    10.664    clk_in_IBUF
    BUFGCE_HDIO_X0Y6     BUFGCE (Prop_BUFCE_BUFGCE_HDIO_I_O)
                                                      0.024    10.688 r  bufg_clk/O
    X0Y3 (CLOCK_ROOT)    net (fo=32, routed)          1.140    11.828    u_lif/CLK
    SLICE_X0Y232         FDRE                                         r  u_lif/internal_value_reg[5]/C
                         clock pessimism              0.000    11.828    
                         clock uncertainty           -0.235    11.592    
    SLICE_X0Y232         FDRE (Setup_HFF_SLICEL_C_D)
                                                      0.025    11.617    u_lif/internal_value_reg[5]
  -------------------------------------------------------------------
                         required time                         11.617    
                         arrival time                         -10.661    
  -------------------------------------------------------------------
                         slack                                  0.957    

Slack (MET) :             1.012ns  (required time - arrival time)
  Source:                 input_current[20]
                            (input port clocked by clk_in  {rise@0.000ns fall@5.000ns period=10.000ns})
  Destination:            u_lif/internal_value_reg[19]/D
                            (rising edge-triggered cell FDRE clocked by clk_in  {rise@0.000ns fall@5.000ns period=10.000ns})
  Path Group:             clk_in
  Path Type:              Setup (Max at Slow Process Corner)
  Requirement:            10.000ns  (clk_in rise@10.000ns - clk_in rise@0.000ns)
  Data Path Delay:        6.604ns  (logic 1.322ns (20.018%)  route 5.282ns (79.982%))
  Logic Levels:           9  (CARRY8=3 IBUFCTRL=1 INBUF=1 LUT1=1 LUT2=1 LUT4=1 LUT6=1)
  Input Delay:            4.000ns
  Clock Path Skew:        1.826ns (DCD - SCD + CPR)
    Destination Clock Delay (DCD):    1.826ns = ( 11.826 - 10.000 ) 
    Source Clock Delay      (SCD):    0.000ns
    Clock Pessimism Removal (CPR):    0.000ns
  Clock Uncertainty:      0.235ns  ((TSJ^2 + TIJ^2)^1/2 + DJ) / 2 + PE + UU
    Total System Jitter     (TSJ):    0.071ns
    Total Input Jitter      (TIJ):    0.000ns
    Discrete Jitter          (DJ):    0.000ns
    Phase Error              (PE):    0.000ns
    User Uncertainty         (UU):    0.200ns
  Clock Net Delay (Destination): 1.138ns (routing 0.400ns, distribution 0.738ns)

    Location             Delay type                Incr(ns)  Path(ns)    Netlist Resource(s)
  -------------------------------------------------------------------    -------------------
                         (clock clk_in rise edge)     0.000     0.000 r  
                         input delay                  4.000     4.000    
    B19                                               0.000     4.000 r  input_current[20] (IN)
                         net (fo=0)                   0.000     4.000    input_current_IBUF[20]_inst/I
    B19                  INBUF (Prop_INBUF_HPIOB_M_PAD_O)
                                                      0.517     4.517 r  input_current_IBUF[20]_inst/INBUF_INST/O
                         net (fo=1, routed)           0.000     4.517    input_current_IBUF[20]_inst/OUT
    B19                  IBUFCTRL (Prop_IBUFCTRL_HPIOB_M_I_O)
                                                      0.000     4.517 r  input_current_IBUF[20]_inst/IBUFCTRL_INST/O
                         net (fo=7, routed)           0.878     5.395    u_lif/input_current_IBUF[20]
    SLICE_X0Y215         LUT4 (Prop_D6LUT_SLICEL_I3_O)
                                                      0.099     5.494 r  u_lif/membrane_next__0_carry__1_i_3/O
                         net (fo=1, routed)           0.400     5.894    u_lif/membrane_next__0_carry__1_i_3_n_0
    SLICE_X3Y226         CARRY8 (Prop_CARRY8_SLICEL_DI[5]_CO[7])
                                                      0.083     5.977 r  u_lif/membrane_next__0_carry__1/CO[7]
                         net (fo=1, routed)           0.026     6.003    u_lif/membrane_next__0_carry__1_n_0
    SLICE_X3Y227         CARRY8 (Prop_CARRY8_SLICEL_CI_O[3])
                                                      0.082     6.085 f  u_lif/membrane_next__0_carry__2/O[3]
                         net (fo=3, routed)           0.305     6.390    u_lif/membrane_next[27]
    SLICE_X11Y227        LUT2 (Prop_F6LUT_SLICEL_I1_O)
                                                      0.148     6.538 r  u_lif/threshold_crossed0_carry__0_i_8/O
                         net (fo=1, routed)           0.011     6.549    u_lif/threshold_crossed0_carry__0_i_8_n_0
    SLICE_X11Y227        CARRY8 (Prop_CARRY8_SLICEL_S[5]_CO[7])
                                                      0.162     6.711 f  u_lif/threshold_crossed0_carry__0/CO[7]
                         net (fo=30, routed)          0.501     7.212    u_lif/threshold_crossed0_carry__0_n_0
    SLICE_X0Y233         LUT6 (Prop_C6LUT_SLICEL_I0_O)
                                                      0.088     7.300 r  u_lif/internal_value[19]_i_1/O
                         net (fo=1, routed)           1.563     8.863    u_lif/p_1_in[19]
    SLICE_X82Y239        LUT1 (Prop_B5LUT_SLICEM_I0_O)
                                                      0.143     9.006 r  u_lif/p_1_in[19]_hold_fix/O
                         net (fo=1, routed)           1.598    10.604    u_lif/p_1_in[19]_hold_fix_1
    SLICE_X0Y233         FDRE                                         r  u_lif/internal_value_reg[19]/D
  -------------------------------------------------------------------    -------------------

                         (clock clk_in rise edge)    10.000    10.000 r  
    D14                                               0.000    10.000 r  clk_in (IN)
                         net (fo=0)                   0.000    10.000    clk_in_IBUF_inst/I
    D14                  INBUF (Prop_INBUF_HDIOB_M_PAD_O)
                                                      0.495    10.495 r  clk_in_IBUF_inst/INBUF_INST/O
                         net (fo=1, routed)           0.000    10.495    clk_in_IBUF_inst/OUT
    D14                  IBUFCTRL (Prop_IBUFCTRL_HDIOB_M_I_O)
                                                      0.000    10.495 r  clk_in_IBUF_inst/IBUFCTRL_INST/O
                         net (fo=1, routed)           0.169    10.664    clk_in_IBUF
    BUFGCE_HDIO_X0Y6     BUFGCE (Prop_BUFCE_BUFGCE_HDIO_I_O)
                                                      0.024    10.688 r  bufg_clk/O
    X0Y3 (CLOCK_ROOT)    net (fo=32, routed)          1.138    11.826    u_lif/CLK
    SLICE_X0Y233         FDRE                                         r  u_lif/internal_value_reg[19]/C
                         clock pessimism              0.000    11.826    
                         clock uncertainty           -0.235    11.590    
    SLICE_X0Y233         FDRE (Setup_CFF_SLICEL_C_D)
                                                      0.025    11.615    u_lif/internal_value_reg[19]
  -------------------------------------------------------------------
                         required time                         11.615    
                         arrival time                         -10.604    
  -------------------------------------------------------------------
                         slack                                  1.012    

Slack (MET) :             1.016ns  (required time - arrival time)
  Source:                 input_current[20]
                            (input port clocked by clk_in  {rise@0.000ns fall@5.000ns period=10.000ns})
  Destination:            u_lif/internal_value_reg[17]/D
                            (rising edge-triggered cell FDRE clocked by clk_in  {rise@0.000ns fall@5.000ns period=10.000ns})
  Path Group:             clk_in
  Path Type:              Setup (Max at Slow Process Corner)
  Requirement:            10.000ns  (clk_in rise@10.000ns - clk_in rise@0.000ns)
  Data Path Delay:        6.600ns  (logic 1.348ns (20.423%)  route 5.252ns (79.577%))
  Logic Levels:           9  (CARRY8=3 IBUFCTRL=1 INBUF=1 LUT1=1 LUT2=1 LUT4=1 LUT6=1)
  Input Delay:            4.000ns
  Clock Path Skew:        1.827ns (DCD - SCD + CPR)
    Destination Clock Delay (DCD):    1.827ns = ( 11.827 - 10.000 ) 
    Source Clock Delay      (SCD):    0.000ns
    Clock Pessimism Removal (CPR):    0.000ns
  Clock Uncertainty:      0.235ns  ((TSJ^2 + TIJ^2)^1/2 + DJ) / 2 + PE + UU
    Total System Jitter     (TSJ):    0.071ns
    Total Input Jitter      (TIJ):    0.000ns
    Discrete Jitter          (DJ):    0.000ns
    Phase Error              (PE):    0.000ns
    User Uncertainty         (UU):    0.200ns
  Clock Net Delay (Destination): 1.139ns (routing 0.400ns, distribution 0.739ns)

    Location             Delay type                Incr(ns)  Path(ns)    Netlist Resource(s)
  -------------------------------------------------------------------    -------------------
                         (clock clk_in rise edge)     0.000     0.000 r  
                         input delay                  4.000     4.000    
    B19                                               0.000     4.000 r  input_current[20] (IN)
                         net (fo=0)                   0.000     4.000    input_current_IBUF[20]_inst/I
    B19                  INBUF (Prop_INBUF_HPIOB_M_PAD_O)
                                                      0.517     4.517 r  input_current_IBUF[20]_inst/INBUF_INST/O
                         net (fo=1, routed)           0.000     4.517    input_current_IBUF[20]_inst/OUT
    B19                  IBUFCTRL (Prop_IBUFCTRL_HPIOB_M_I_O)
                                                      0.000     4.517 r  input_current_IBUF[20]_inst/IBUFCTRL_INST/O
                         net (fo=7, routed)           0.878     5.395    u_lif/input_current_IBUF[20]
    SLICE_X0Y215         LUT4 (Prop_D6LUT_SLICEL_I3_O)
                                                      0.099     5.494 r  u_lif/membrane_next__0_carry__1_i_3/O
                         net (fo=1, routed)           0.400     5.894    u_lif/membrane_next__0_carry__1_i_3_n_0
    SLICE_X3Y226         CARRY8 (Prop_CARRY8_SLICEL_DI[5]_CO[7])
                                                      0.083     5.977 r  u_lif/membrane_next__0_carry__1/CO[7]
                         net (fo=1, routed)           0.026     6.003    u_lif/membrane_next__0_carry__1_n_0
    SLICE_X3Y227         CARRY8 (Prop_CARRY8_SLICEL_CI_O[3])
                                                      0.082     6.085 f  u_lif/membrane_next__0_carry__2/O[3]
                         net (fo=3, routed)           0.305     6.390    u_lif/membrane_next[27]
    SLICE_X11Y227        LUT2 (Prop_F6LUT_SLICEL_I1_O)
                                                      0.148     6.538 r  u_lif/threshold_crossed0_carry__0_i_8/O
                         net (fo=1, routed)           0.011     6.549    u_lif/threshold_crossed0_carry__0_i_8_n_0
    SLICE_X11Y227        CARRY8 (Prop_CARRY8_SLICEL_S[5]_CO[7])
                                                      0.162     6.711 f  u_lif/threshold_crossed0_carry__0/CO[7]
                         net (fo=30, routed)          0.615     7.326    u_lif/threshold_crossed0_carry__0_n_0
    SLICE_X0Y236         LUT6 (Prop_A6LUT_SLICEL_I0_O)
                                                      0.098     7.424 r  u_lif/internal_value[17]_i_1/O
                         net (fo=1, routed)           1.507     8.931    u_lif/p_1_in[17]
    SLICE_X81Y239        LUT1 (Prop_C5LUT_SLICEM_I0_O)
                                                      0.159     9.090 r  u_lif/p_1_in[17]_hold_fix/O
                         net (fo=1, routed)           1.510    10.600    u_lif/p_1_in[17]_hold_fix_1
    SLICE_X0Y236         FDRE                                         r  u_lif/internal_value_reg[17]/D
  -------------------------------------------------------------------    -------------------

                         (clock clk_in rise edge)    10.000    10.000 r  
    D14                                               0.000    10.000 r  clk_in (IN)
                         net (fo=0)                   0.000    10.000    clk_in_IBUF_inst/I
    D14                  INBUF (Prop_INBUF_HDIOB_M_PAD_O)
                                                      0.495    10.495 r  clk_in_IBUF_inst/INBUF_INST/O
                         net (fo=1, routed)           0.000    10.495    clk_in_IBUF_inst/OUT
    D14                  IBUFCTRL (Prop_IBUFCTRL_HDIOB_M_I_O)
                                                      0.000    10.495 r  clk_in_IBUF_inst/IBUFCTRL_INST/O
                         net (fo=1, routed)           0.169    10.664    clk_in_IBUF
    BUFGCE_HDIO_X0Y6     BUFGCE (Prop_BUFCE_BUFGCE_HDIO_I_O)
                                                      0.024    10.688 r  bufg_clk/O
    X0Y3 (CLOCK_ROOT)    net (fo=32, routed)          1.139    11.827    u_lif/CLK
    SLICE_X0Y236         FDRE                                         r  u_lif/internal_value_reg[17]/C
                         clock pessimism              0.000    11.827    
                         clock uncertainty           -0.235    11.591    
    SLICE_X0Y236         FDRE (Setup_AFF_SLICEL_C_D)
                                                      0.025    11.616    u_lif/internal_value_reg[17]
  -------------------------------------------------------------------
                         required time                         11.616    
                         arrival time                         -10.600    
  -------------------------------------------------------------------
                         slack                                  1.016    

Slack (MET) :             1.031ns  (required time - arrival time)
  Source:                 input_current[20]
                            (input port clocked by clk_in  {rise@0.000ns fall@5.000ns period=10.000ns})
  Destination:            u_lif/internal_value_reg[25]/D
                            (rising edge-triggered cell FDRE clocked by clk_in  {rise@0.000ns fall@5.000ns period=10.000ns})
  Path Group:             clk_in
  Path Type:              Setup (Max at Slow Process Corner)
  Requirement:            10.000ns  (clk_in rise@10.000ns - clk_in rise@0.000ns)
  Data Path Delay:        6.588ns  (logic 1.332ns (20.220%)  route 5.256ns (79.780%))
  Logic Levels:           9  (CARRY8=3 IBUFCTRL=1 INBUF=1 LUT1=1 LUT2=1 LUT4=1 LUT6=1)
  Input Delay:            4.000ns
  Clock Path Skew:        1.828ns (DCD - SCD + CPR)
    Destination Clock Delay (DCD):    1.828ns = ( 11.828 - 10.000 ) 
    Source Clock Delay      (SCD):    0.000ns
    Clock Pessimism Removal (CPR):    0.000ns
  Clock Uncertainty:      0.235ns  ((TSJ^2 + TIJ^2)^1/2 + DJ) / 2 + PE + UU
    Total System Jitter     (TSJ):    0.071ns
    Total Input Jitter      (TIJ):    0.000ns
    Discrete Jitter          (DJ):    0.000ns
    Phase Error              (PE):    0.000ns
    User Uncertainty         (UU):    0.200ns
  Clock Net Delay (Destination): 1.141ns (routing 0.400ns, distribution 0.741ns)

    Location             Delay type                Incr(ns)  Path(ns)    Netlist Resource(s)
  -------------------------------------------------------------------    -------------------
                         (clock clk_in rise edge)     0.000     0.000 r  
                         input delay                  4.000     4.000    
    B19                                               0.000     4.000 r  input_current[20] (IN)
                         net (fo=0)                   0.000     4.000    input_current_IBUF[20]_inst/I
    B19                  INBUF (Prop_INBUF_HPIOB_M_PAD_O)
                                                      0.517     4.517 r  input_current_IBUF[20]_inst/INBUF_INST/O
                         net (fo=1, routed)           0.000     4.517    input_current_IBUF[20]_inst/OUT
    B19                  IBUFCTRL (Prop_IBUFCTRL_HPIOB_M_I_O)
                                                      0.000     4.517 r  input_current_IBUF[20]_inst/IBUFCTRL_INST/O
                         net (fo=7, routed)           0.878     5.395    u_lif/input_current_IBUF[20]
    SLICE_X0Y215         LUT4 (Prop_D6LUT_SLICEL_I3_O)
                                                      0.099     5.494 r  u_lif/membrane_next__0_carry__1_i_3/O
                         net (fo=1, routed)           0.400     5.894    u_lif/membrane_next__0_carry__1_i_3_n_0
    SLICE_X3Y226         CARRY8 (Prop_CARRY8_SLICEL_DI[5]_CO[7])
                                                      0.083     5.977 r  u_lif/membrane_next__0_carry__1/CO[7]
                         net (fo=1, routed)           0.026     6.003    u_lif/membrane_next__0_carry__1_n_0
    SLICE_X3Y227         CARRY8 (Prop_CARRY8_SLICEL_CI_O[3])
                                                      0.082     6.085 f  u_lif/membrane_next__0_carry__2/O[3]
                         net (fo=3, routed)           0.305     6.390    u_lif/membrane_next[27]
    SLICE_X11Y227        LUT2 (Prop_F6LUT_SLICEL_I1_O)
                                                      0.148     6.538 r  u_lif/threshold_crossed0_carry__0_i_8/O
                         net (fo=1, routed)           0.011     6.549    u_lif/threshold_crossed0_carry__0_i_8_n_0
    SLICE_X11Y227        CARRY8 (Prop_CARRY8_SLICEL_S[5]_CO[7])
                                                      0.162     6.711 f  u_lif/threshold_crossed0_carry__0/CO[7]
                         net (fo=30, routed)          0.512     7.224    u_lif/threshold_crossed0_carry__0_n_0
    SLICE_X1Y225         LUT6 (Prop_G6LUT_SLICEM_I0_O)
                                                      0.100     7.324 r  u_lif/internal_value[25]_i_1/O
                         net (fo=1, routed)           1.527     8.851    u_lif/p_1_in[25]
    SLICE_X77Y239        LUT1 (Prop_B5LUT_SLICEL_I0_O)
                                                      0.141     8.992 r  u_lif/p_1_in[25]_hold_fix/O
                         net (fo=1, routed)           1.596    10.588    u_lif/p_1_in[25]_hold_fix_1
    SLICE_X1Y225         FDRE                                         r  u_lif/internal_value_reg[25]/D
  -------------------------------------------------------------------    -------------------

                         (clock clk_in rise edge)    10.000    10.000 r  
    D14                                               0.000    10.000 r  clk_in (IN)
                         net (fo=0)                   0.000    10.000    clk_in_IBUF_inst/I
    D14                  INBUF (Prop_INBUF_HDIOB_M_PAD_O)
                                                      0.495    10.495 r  clk_in_IBUF_inst/INBUF_INST/O
                         net (fo=1, routed)           0.000    10.495    clk_in_IBUF_inst/OUT
    D14                  IBUFCTRL (Prop_IBUFCTRL_HDIOB_M_I_O)
                                                      0.000    10.495 r  clk_in_IBUF_inst/IBUFCTRL_INST/O
                         net (fo=1, routed)           0.169    10.664    clk_in_IBUF
    BUFGCE_HDIO_X0Y6     BUFGCE (Prop_BUFCE_BUFGCE_HDIO_I_O)
                                                      0.024    10.688 r  bufg_clk/O
    X0Y3 (CLOCK_ROOT)    net (fo=32, routed)          1.141    11.828    u_lif/CLK
    SLICE_X1Y225         FDRE                                         r  u_lif/internal_value_reg[25]/C
                         clock pessimism              0.000    11.828    
                         clock uncertainty           -0.235    11.593    
    SLICE_X1Y225         FDRE (Setup_GFF_SLICEM_C_D)
                                                      0.025    11.618    u_lif/internal_value_reg[25]
  -------------------------------------------------------------------
                         required time                         11.618    
                         arrival time                         -10.588    
  -------------------------------------------------------------------
                         slack                                  1.031    

Slack (MET) :             1.041ns  (required time - arrival time)
  Source:                 input_current[20]
                            (input port clocked by clk_in  {rise@0.000ns fall@5.000ns period=10.000ns})
  Destination:            u_lif/internal_value_reg[12]/D
                            (rising edge-triggered cell FDRE clocked by clk_in  {rise@0.000ns fall@5.000ns period=10.000ns})
  Path Group:             clk_in
  Path Type:              Setup (Max at Slow Process Corner)
  Requirement:            10.000ns  (clk_in rise@10.000ns - clk_in rise@0.000ns)
  Data Path Delay:        6.573ns  (logic 1.259ns (19.155%)  route 5.314ns (80.845%))
  Logic Levels:           9  (CARRY8=3 IBUFCTRL=1 INBUF=1 LUT1=1 LUT2=1 LUT4=1 LUT6=1)
  Input Delay:            4.000ns
  Clock Path Skew:        1.824ns (DCD - SCD + CPR)
    Destination Clock Delay (DCD):    1.824ns = ( 11.824 - 10.000 ) 
    Source Clock Delay      (SCD):    0.000ns
    Clock Pessimism Removal (CPR):    0.000ns
  Clock Uncertainty:      0.235ns  ((TSJ^2 + TIJ^2)^1/2 + DJ) / 2 + PE + UU
    Total System Jitter     (TSJ):    0.071ns
    Total Input Jitter      (TIJ):    0.000ns
    Discrete Jitter          (DJ):    0.000ns
    Phase Error              (PE):    0.000ns
    User Uncertainty         (UU):    0.200ns
  Clock Net Delay (Destination): 1.137ns (routing 0.400ns, distribution 0.737ns)

    Location             Delay type                Incr(ns)  Path(ns)    Netlist Resource(s)
  -------------------------------------------------------------------    -------------------
                         (clock clk_in rise edge)     0.000     0.000 r  
                         input delay                  4.000     4.000    
    B19                                               0.000     4.000 r  input_current[20] (IN)
                         net (fo=0)                   0.000     4.000    input_current_IBUF[20]_inst/I
    B19                  INBUF (Prop_INBUF_HPIOB_M_PAD_O)
                                                      0.517     4.517 r  input_current_IBUF[20]_inst/INBUF_INST/O
                         net (fo=1, routed)           0.000     4.517    input_current_IBUF[20]_inst/OUT
    B19                  IBUFCTRL (Prop_IBUFCTRL_HPIOB_M_I_O)
                                                      0.000     4.517 r  input_current_IBUF[20]_inst/IBUFCTRL_INST/O
                         net (fo=7, routed)           0.878     5.395    u_lif/input_current_IBUF[20]
    SLICE_X0Y215         LUT4 (Prop_D6LUT_SLICEL_I3_O)
                                                      0.099     5.494 r  u_lif/membrane_next__0_carry__1_i_3/O
                         net (fo=1, routed)           0.400     5.894    u_lif/membrane_next__0_carry__1_i_3_n_0
    SLICE_X3Y226         CARRY8 (Prop_CARRY8_SLICEL_DI[5]_CO[7])
                                                      0.083     5.977 r  u_lif/membrane_next__0_carry__1/CO[7]
                         net (fo=1, routed)           0.026     6.003    u_lif/membrane_next__0_carry__1_n_0
    SLICE_X3Y227         CARRY8 (Prop_CARRY8_SLICEL_CI_O[3])
                                                      0.082     6.085 f  u_lif/membrane_next__0_carry__2/O[3]
                         net (fo=3, routed)           0.305     6.390    u_lif/membrane_next[27]
    SLICE_X11Y227        LUT2 (Prop_F6LUT_SLICEL_I1_O)
                                                      0.148     6.538 r  u_lif/threshold_crossed0_carry__0_i_8/O
                         net (fo=1, routed)           0.011     6.549    u_lif/threshold_crossed0_carry__0_i_8_n_0
    SLICE_X11Y227        CARRY8 (Prop_CARRY8_SLICEL_S[5]_CO[7])
                                                      0.162     6.711 f  u_lif/threshold_crossed0_carry__0/CO[7]
                         net (fo=30, routed)          0.423     7.134    u_lif/threshold_crossed0_carry__0_n_0
    SLICE_X2Y224         LUT6 (Prop_B6LUT_SLICEL_I0_O)
                                                      0.098     7.232 r  u_lif/internal_value[12]_i_1/O
                         net (fo=1, routed)           1.646     8.878    u_lif/p_1_in[12]
    SLICE_X81Y239        LUT1 (Prop_A5LUT_SLICEM_I0_O)
                                                      0.070     8.948 r  u_lif/p_1_in[12]_hold_fix/O
                         net (fo=1, routed)           1.625    10.573    u_lif/p_1_in[12]_hold_fix_1
    SLICE_X2Y224         FDRE                                         r  u_lif/internal_value_reg[12]/D
  -------------------------------------------------------------------    -------------------

                         (clock clk_in rise edge)    10.000    10.000 r  
    D14                                               0.000    10.000 r  clk_in (IN)
                         net (fo=0)                   0.000    10.000    clk_in_IBUF_inst/I
    D14                  INBUF (Prop_INBUF_HDIOB_M_PAD_O)
                                                      0.495    10.495 r  clk_in_IBUF_inst/INBUF_INST/O
                         net (fo=1, routed)           0.000    10.495    clk_in_IBUF_inst/OUT
    D14                  IBUFCTRL (Prop_IBUFCTRL_HDIOB_M_I_O)
                                                      0.000    10.495 r  clk_in_IBUF_inst/IBUFCTRL_INST/O
                         net (fo=1, routed)           0.169    10.664    clk_in_IBUF
    BUFGCE_HDIO_X0Y6     BUFGCE (Prop_BUFCE_BUFGCE_HDIO_I_O)
                                                      0.024    10.688 r  bufg_clk/O
    X0Y3 (CLOCK_ROOT)    net (fo=32, routed)          1.137    11.824    u_lif/CLK
    SLICE_X2Y224         FDRE                                         r  u_lif/internal_value_reg[12]/C
                         clock pessimism              0.000    11.824    
                         clock uncertainty           -0.235    11.589    
    SLICE_X2Y224         FDRE (Setup_BFF_SLICEL_C_D)
                                                      0.025    11.614    u_lif/internal_value_reg[12]
  -------------------------------------------------------------------
                         required time                         11.614    
                         arrival time                         -10.573    
  -------------------------------------------------------------------
                         slack                                  1.041    

Slack (MET) :             1.057ns  (required time - arrival time)
  Source:                 input_current[20]
                            (input port clocked by clk_in  {rise@0.000ns fall@5.000ns period=10.000ns})
  Destination:            u_lif/internal_value_reg[24]/D
                            (rising edge-triggered cell FDRE clocked by clk_in  {rise@0.000ns fall@5.000ns period=10.000ns})
  Path Group:             clk_in
  Path Type:              Setup (Max at Slow Process Corner)
  Requirement:            10.000ns  (clk_in rise@10.000ns - clk_in rise@0.000ns)
  Data Path Delay:        6.548ns  (logic 1.210ns (18.479%)  route 5.338ns (81.521%))
  Logic Levels:           9  (CARRY8=3 IBUFCTRL=1 INBUF=1 LUT1=1 LUT2=1 LUT4=1 LUT6=1)
  Input Delay:            4.000ns
  Clock Path Skew:        1.816ns (DCD - SCD + CPR)
    Destination Clock Delay (DCD):    1.816ns = ( 11.816 - 10.000 ) 
    Source Clock Delay      (SCD):    0.000ns
    Clock Pessimism Removal (CPR):    0.000ns
  Clock Uncertainty:      0.235ns  ((TSJ^2 + TIJ^2)^1/2 + DJ) / 2 + PE + UU
    Total System Jitter     (TSJ):    0.071ns
    Total Input Jitter      (TIJ):    0.000ns
    Discrete Jitter          (DJ):    0.000ns
    Phase Error              (PE):    0.000ns
    User Uncertainty         (UU):    0.200ns
  Clock Net Delay (Destination): 1.128ns (routing 0.400ns, distribution 0.728ns)

    Location             Delay type                Incr(ns)  Path(ns)    Netlist Resource(s)
  -------------------------------------------------------------------    -------------------
                         (clock clk_in rise edge)     0.000     0.000 r  
                         input delay                  4.000     4.000    
    B19                                               0.000     4.000 r  input_current[20] (IN)
                         net (fo=0)                   0.000     4.000    input_current_IBUF[20]_inst/I
    B19                  INBUF (Prop_INBUF_HPIOB_M_PAD_O)
                                                      0.517     4.517 r  input_current_IBUF[20]_inst/INBUF_INST/O
                         net (fo=1, routed)           0.000     4.517    input_current_IBUF[20]_inst/OUT
    B19                  IBUFCTRL (Prop_IBUFCTRL_HPIOB_M_I_O)
                                                      0.000     4.517 r  input_current_IBUF[20]_inst/IBUFCTRL_INST/O
                         net (fo=7, routed)           0.878     5.395    u_lif/input_current_IBUF[20]
    SLICE_X0Y215         LUT4 (Prop_D6LUT_SLICEL_I3_O)
                                                      0.099     5.494 r  u_lif/membrane_next__0_carry__1_i_3/O
                         net (fo=1, routed)           0.400     5.894    u_lif/membrane_next__0_carry__1_i_3_n_0
    SLICE_X3Y226         CARRY8 (Prop_CARRY8_SLICEL_DI[5]_CO[7])
                                                      0.083     5.977 r  u_lif/membrane_next__0_carry__1/CO[7]
                         net (fo=1, routed)           0.026     6.003    u_lif/membrane_next__0_carry__1_n_0
    SLICE_X3Y227         CARRY8 (Prop_CARRY8_SLICEL_CI_O[3])
                                                      0.082     6.085 f  u_lif/membrane_next__0_carry__2/O[3]
                         net (fo=3, routed)           0.305     6.390    u_lif/membrane_next[27]
    SLICE_X11Y227        LUT2 (Prop_F6LUT_SLICEL_I1_O)
                                                      0.148     6.538 r  u_lif/threshold_crossed0_carry__0_i_8/O
                         net (fo=1, routed)           0.011     6.549    u_lif/threshold_crossed0_carry__0_i_8_n_0
    SLICE_X11Y227        CARRY8 (Prop_CARRY8_SLICEL_S[5]_CO[7])
                                                      0.162     6.711 f  u_lif/threshold_crossed0_carry__0/CO[7]
                         net (fo=30, routed)          0.534     7.245    u_lif/threshold_crossed0_carry__0_n_0
    SLICE_X0Y218         LUT6 (Prop_A6LUT_SLICEL_I0_O)
                                                      0.050     7.295 r  u_lif/internal_value[24]_i_1/O
                         net (fo=1, routed)           1.553     8.848    u_lif/p_1_in[24]
    SLICE_X72Y239        LUT1 (Prop_A5LUT_SLICEL_I0_O)
                                                      0.069     8.917 r  u_lif/p_1_in[24]_hold_fix/O
                         net (fo=1, routed)           1.631    10.548    u_lif/p_1_in[24]_hold_fix_1
    SLICE_X0Y218         FDRE                                         r  u_lif/internal_value_reg[24]/D
  -------------------------------------------------------------------    -------------------

                         (clock clk_in rise edge)    10.000    10.000 r  
    D14                                               0.000    10.000 r  clk_in (IN)
                         net (fo=0)                   0.000    10.000    clk_in_IBUF_inst/I
    D14                  INBUF (Prop_INBUF_HDIOB_M_PAD_O)
                                                      0.495    10.495 r  clk_in_IBUF_inst/INBUF_INST/O
                         net (fo=1, routed)           0.000    10.495    clk_in_IBUF_inst/OUT
    D14                  IBUFCTRL (Prop_IBUFCTRL_HDIOB_M_I_O)
                                                      0.000    10.495 r  clk_in_IBUF_inst/IBUFCTRL_INST/O
                         net (fo=1, routed)           0.169    10.664    clk_in_IBUF
    BUFGCE_HDIO_X0Y6     BUFGCE (Prop_BUFCE_BUFGCE_HDIO_I_O)
                                                      0.024    10.688 r  bufg_clk/O
    X0Y3 (CLOCK_ROOT)    net (fo=32, routed)          1.128    11.816    u_lif/CLK
    SLICE_X0Y218         FDRE                                         r  u_lif/internal_value_reg[24]/C
                         clock pessimism              0.000    11.816    
                         clock uncertainty           -0.235    11.580    
    SLICE_X0Y218         FDRE (Setup_AFF_SLICEL_C_D)
                                                      0.025    11.605    u_lif/internal_value_reg[24]
  -------------------------------------------------------------------
                         required time                         11.605    
                         arrival time                         -10.548    
  -------------------------------------------------------------------
                         slack                                  1.057    

Slack (MET) :             1.095ns  (required time - arrival time)
  Source:                 input_current[20]
                            (input port clocked by clk_in  {rise@0.000ns fall@5.000ns period=10.000ns})
  Destination:            u_lif/internal_value_reg[11]/D
                            (rising edge-triggered cell FDRE clocked by clk_in  {rise@0.000ns fall@5.000ns period=10.000ns})
  Path Group:             clk_in
  Path Type:              Setup (Max at Slow Process Corner)
  Requirement:            10.000ns  (clk_in rise@10.000ns - clk_in rise@0.000ns)
  Data Path Delay:        6.511ns  (logic 1.231ns (18.905%)  route 5.280ns (81.095%))
  Logic Levels:           9  (CARRY8=3 IBUFCTRL=1 INBUF=1 LUT1=1 LUT2=1 LUT4=1 LUT6=1)
  Input Delay:            4.000ns
  Clock Path Skew:        1.817ns (DCD - SCD + CPR)
    Destination Clock Delay (DCD):    1.817ns = ( 11.817 - 10.000 ) 
    Source Clock Delay      (SCD):    0.000ns
    Clock Pessimism Removal (CPR):    0.000ns
  Clock Uncertainty:      0.235ns  ((TSJ^2 + TIJ^2)^1/2 + DJ) / 2 + PE + UU
    Total System Jitter     (TSJ):    0.071ns
    Total Input Jitter      (TIJ):    0.000ns
    Discrete Jitter          (DJ):    0.000ns
    Phase Error              (PE):    0.000ns
    User Uncertainty         (UU):    0.200ns
  Clock Net Delay (Destination): 1.129ns (routing 0.400ns, distribution 0.729ns)

    Location             Delay type                Incr(ns)  Path(ns)    Netlist Resource(s)
  -------------------------------------------------------------------    -------------------
                         (clock clk_in rise edge)     0.000     0.000 r  
                         input delay                  4.000     4.000    
    B19                                               0.000     4.000 r  input_current[20] (IN)
                         net (fo=0)                   0.000     4.000    input_current_IBUF[20]_inst/I
    B19                  INBUF (Prop_INBUF_HPIOB_M_PAD_O)
                                                      0.517     4.517 r  input_current_IBUF[20]_inst/INBUF_INST/O
                         net (fo=1, routed)           0.000     4.517    input_current_IBUF[20]_inst/OUT
    B19                  IBUFCTRL (Prop_IBUFCTRL_HPIOB_M_I_O)
                                                      0.000     4.517 r  input_current_IBUF[20]_inst/IBUFCTRL_INST/O
                         net (fo=7, routed)           0.878     5.395    u_lif/input_current_IBUF[20]
    SLICE_X0Y215         LUT4 (Prop_D6LUT_SLICEL_I3_O)
                                                      0.099     5.494 r  u_lif/membrane_next__0_carry__1_i_3/O
                         net (fo=1, routed)           0.400     5.894    u_lif/membrane_next__0_carry__1_i_3_n_0
    SLICE_X3Y226         CARRY8 (Prop_CARRY8_SLICEL_DI[5]_CO[7])
                                                      0.083     5.977 r  u_lif/membrane_next__0_carry__1/CO[7]
                         net (fo=1, routed)           0.026     6.003    u_lif/membrane_next__0_carry__1_n_0
    SLICE_X3Y227         CARRY8 (Prop_CARRY8_SLICEL_CI_O[3])
                                                      0.082     6.085 f  u_lif/membrane_next__0_carry__2/O[3]
                         net (fo=3, routed)           0.305     6.390    u_lif/membrane_next[27]
    SLICE_X11Y227        LUT2 (Prop_F6LUT_SLICEL_I1_O)
                                                      0.148     6.538 r  u_lif/threshold_crossed0_carry__0_i_8/O
                         net (fo=1, routed)           0.011     6.549    u_lif/threshold_crossed0_carry__0_i_8_n_0
    SLICE_X11Y227        CARRY8 (Prop_CARRY8_SLICEL_S[5]_CO[7])
                                                      0.162     6.711 f  u_lif/threshold_crossed0_carry__0/CO[7]
                         net (fo=30, routed)          0.571     7.282    u_lif/threshold_crossed0_carry__0_n_0
    SLICE_X4Y225         LUT6 (Prop_C6LUT_SLICEM_I0_O)
                                                      0.037     7.319 r  u_lif/internal_value[11]_i_1/O
                         net (fo=1, routed)           1.472     8.791    u_lif/p_1_in[11]
    SLICE_X81Y239        LUT1 (Prop_B5LUT_SLICEM_I0_O)
                                                      0.103     8.894 r  u_lif/p_1_in[11]_hold_fix/O
                         net (fo=1, routed)           1.617    10.511    u_lif/p_1_in[11]_hold_fix_1
    SLICE_X4Y225         FDRE                                         r  u_lif/internal_value_reg[11]/D
  -------------------------------------------------------------------    -------------------

                         (clock clk_in rise edge)    10.000    10.000 r  
    D14                                               0.000    10.000 r  clk_in (IN)
                         net (fo=0)                   0.000    10.000    clk_in_IBUF_inst/I
    D14                  INBUF (Prop_INBUF_HDIOB_M_PAD_O)
                                                      0.495    10.495 r  clk_in_IBUF_inst/INBUF_INST/O
                         net (fo=1, routed)           0.000    10.495    clk_in_IBUF_inst/OUT
    D14                  IBUFCTRL (Prop_IBUFCTRL_HDIOB_M_I_O)
                                                      0.000    10.495 r  clk_in_IBUF_inst/IBUFCTRL_INST/O
                         net (fo=1, routed)           0.169    10.664    clk_in_IBUF
    BUFGCE_HDIO_X0Y6     BUFGCE (Prop_BUFCE_BUFGCE_HDIO_I_O)
                                                      0.024    10.688 r  bufg_clk/O
    X0Y3 (CLOCK_ROOT)    net (fo=32, routed)          1.129    11.817    u_lif/CLK
    SLICE_X4Y225         FDRE                                         r  u_lif/internal_value_reg[11]/C
                         clock pessimism              0.000    11.817    
                         clock uncertainty           -0.235    11.581    
    SLICE_X4Y225         FDRE (Setup_CFF_SLICEM_C_D)
                                                      0.025    11.606    u_lif/internal_value_reg[11]
  -------------------------------------------------------------------
                         required time                         11.606    
                         arrival time                         -10.511    
  -------------------------------------------------------------------
                         slack                                  1.095    

Slack (MET) :             1.114ns  (required time - arrival time)
  Source:                 new_image
                            (input port clocked by clk_in  {rise@0.000ns fall@5.000ns period=10.000ns})
  Destination:            u_lif/internal_value_reg[13]/R
                            (rising edge-triggered cell FDRE clocked by clk_in  {rise@0.000ns fall@5.000ns period=10.000ns})
  Path Group:             clk_in
  Path Type:              Setup (Max at Slow Process Corner)
  Requirement:            10.000ns  (clk_in rise@10.000ns - clk_in rise@0.000ns)
  Data Path Delay:        6.398ns  (logic 1.267ns (19.798%)  route 5.132ns (80.202%))
  Logic Levels:           4  (IBUFCTRL=1 INBUF=1 LUT1=1 LUT4=1)
  Input Delay:            4.000ns
  Clock Path Skew:        1.822ns (DCD - SCD + CPR)
    Destination Clock Delay (DCD):    1.822ns = ( 11.822 - 10.000 ) 
    Source Clock Delay      (SCD):    0.000ns
    Clock Pessimism Removal (CPR):    0.000ns
  Clock Uncertainty:      0.235ns  ((TSJ^2 + TIJ^2)^1/2 + DJ) / 2 + PE + UU
    Total System Jitter     (TSJ):    0.071ns
    Total Input Jitter      (TIJ):    0.000ns
    Discrete Jitter          (DJ):    0.000ns
    Phase Error              (PE):    0.000ns
    User Uncertainty         (UU):    0.200ns
  Clock Net Delay (Destination): 1.134ns (routing 0.400ns, distribution 0.734ns)

    Location             Delay type                Incr(ns)  Path(ns)    Netlist Resource(s)
  -------------------------------------------------------------------    -------------------
                         (clock clk_in rise edge)     0.000     0.000 r  
                         input delay                  4.000     4.000    
    A14                                               0.000     4.000 r  new_image (IN)
                         net (fo=0)                   0.000     4.000    new_image_IBUF_inst/I
    A14                  INBUF (Prop_INBUF_HDIOB_S_PAD_O)
                                                      1.006     5.006 r  new_image_IBUF_inst/INBUF_INST/O
                         net (fo=1, routed)           0.000     5.006    new_image_IBUF_inst/OUT
    A14                  IBUFCTRL (Prop_IBUFCTRL_HDIOB_S_I_O)
                                                      0.000     5.006 r  new_image_IBUF_inst/IBUFCTRL_INST/O
                         net (fo=36, routed)          1.634     6.640    u_lif/new_image_IBUF
    SLICE_X2Y227         LUT4 (Prop_A6LUT_SLICEL_I1_O)
                                                      0.098     6.738 r  u_lif/internal_value[27]_i_1/O
                         net (fo=1, routed)           1.341     8.079    u_lif/internal_value[27]_i_1_n_0
    SLICE_X67Y239        LUT1 (Prop_A5LUT_SLICEM_I0_O)
                                                      0.163     8.242 r  u_lif/internal_value[27]_i_1_n_0_hold_fix/O
                         net (fo=28, routed)          2.157    10.398    u_lif/internal_value[27]_i_1_n_0_hold_fix_1
    SLICE_X2Y223         FDRE                                         r  u_lif/internal_value_reg[13]/R
  -------------------------------------------------------------------    -------------------

                         (clock clk_in rise edge)    10.000    10.000 r  
    D14                                               0.000    10.000 r  clk_in (IN)
                         net (fo=0)                   0.000    10.000    clk_in_IBUF_inst/I
    D14                  INBUF (Prop_INBUF_HDIOB_M_PAD_O)
                                                      0.495    10.495 r  clk_in_IBUF_inst/INBUF_INST/O
                         net (fo=1, routed)           0.000    10.495    clk_in_IBUF_inst/OUT
    D14                  IBUFCTRL (Prop_IBUFCTRL_HDIOB_M_I_O)
                                                      0.000    10.495 r  clk_in_IBUF_inst/IBUFCTRL_INST/O
                         net (fo=1, routed)           0.169    10.664    clk_in_IBUF
    BUFGCE_HDIO_X0Y6     BUFGCE (Prop_BUFCE_BUFGCE_HDIO_I_O)
                                                      0.024    10.688 r  bufg_clk/O
    X0Y3 (CLOCK_ROOT)    net (fo=32, routed)          1.134    11.822    u_lif/CLK
    SLICE_X2Y223         FDRE                                         r  u_lif/internal_value_reg[13]/C
                         clock pessimism              0.000    11.822    
                         clock uncertainty           -0.235    11.586    
    SLICE_X2Y223         FDRE (Setup_FFF_SLICEL_C_R)
                                                     -0.074    11.512    u_lif/internal_value_reg[13]
  -------------------------------------------------------------------
                         required time                         11.512    
                         arrival time                         -10.398    
  -------------------------------------------------------------------
                         slack                                  1.114    





Min Delay Paths
--------------------------------------------------------------------------------------
Slack (MET) :             0.091ns  (arrival time - required time)
  Source:                 input_current[22]
                            (input port clocked by clk_in  {rise@0.000ns fall@5.000ns period=10.000ns})
  Destination:            u_lif/internal_value_reg[22]/D
                            (rising edge-triggered cell FDRE clocked by clk_in  {rise@0.000ns fall@5.000ns period=10.000ns})
  Path Group:             clk_in
  Path Type:              Hold (Min at Slow Process Corner)
  Requirement:            0.000ns  (clk_in rise@0.000ns - clk_in rise@0.000ns)
  Data Path Delay:        2.878ns  (logic 0.359ns (12.488%)  route 2.518ns (87.512%))
  Logic Levels:           4  (IBUFCTRL=1 INBUF=1 LUT1=1 LUT6=1)
  Input Delay:            0.000ns
  Clock Path Skew:        2.527ns (DCD - SCD - CPR)
    Destination Clock Delay (DCD):    2.527ns
    Source Clock Delay      (SCD):    0.000ns
    Clock Pessimism Removal (CPR):    -0.000ns
  Clock Uncertainty:      0.200ns  ((TSJ^2 + TIJ^2)^1/2 + DJ) / 2 + PE + UU
    Total System Jitter     (TSJ):    0.000ns
    Total Input Jitter      (TIJ):    0.000ns
    Discrete Jitter          (DJ):    0.000ns
    Phase Error              (PE):    0.000ns
    User Uncertainty         (UU):    0.200ns
  Clock Net Delay (Destination): 1.293ns (routing 0.438ns, distribution 0.855ns)

    Location             Delay type                Incr(ns)  Path(ns)    Netlist Resource(s)
  -------------------------------------------------------------------    -------------------
                         (clock clk_in rise edge)     0.000     0.000 r  
                         input delay                  0.000     0.000    
    C18                                               0.000     0.000 r  input_current[22] (IN)
                         net (fo=0)                   0.000     0.000    input_current_IBUF[22]_inst/I
    C18                  INBUF (Prop_INBUF_HPIOB_M_PAD_O)
                                                      0.266     0.266 r  input_current_IBUF[22]_inst/INBUF_INST/O
                         net (fo=1, routed)           0.000     0.266    input_current_IBUF[22]_inst/OUT
    C18                  IBUFCTRL (Prop_IBUFCTRL_HPIOB_M_I_O)
                                                      0.000     0.266 r  input_current_IBUF[22]_inst/IBUFCTRL_INST/O
                         net (fo=8, routed)           0.644     0.911    u_lif/input_current_IBUF[22]
    SLICE_X0Y228         LUT6 (Prop_G6LUT_SLICEL_I3_O)
                                                      0.035     0.946 r  u_lif/internal_value[22]_i_1/O
                         net (fo=1, routed)           0.912     1.858    u_lif/p_1_in[22]
    SLICE_X79Y239        LUT1 (Prop_C5LUT_SLICEM_I0_O)
                                                      0.058     1.916 r  u_lif/p_1_in[22]_hold_fix/O
                         net (fo=1, routed)           0.962     2.878    u_lif/p_1_in[22]_hold_fix_1
    SLICE_X0Y228         FDRE                                         r  u_lif/internal_value_reg[22]/D
  -------------------------------------------------------------------    -------------------

                         (clock clk_in rise edge)     0.000     0.000 r  
    D14                                               0.000     0.000 r  clk_in (IN)
                         net (fo=0)                   0.000     0.000    clk_in_IBUF_inst/I
    D14                  INBUF (Prop_INBUF_HDIOB_M_PAD_O)
                                                      1.002     1.002 r  clk_in_IBUF_inst/INBUF_INST/O
                         net (fo=1, routed)           0.000     1.002    clk_in_IBUF_inst/OUT
    D14                  IBUFCTRL (Prop_IBUFCTRL_HDIOB_M_I_O)
                                                      0.000     1.002 r  clk_in_IBUF_inst/IBUFCTRL_INST/O
                         net (fo=1, routed)           0.204     1.206    clk_in_IBUF
    BUFGCE_HDIO_X0Y6     BUFGCE (Prop_BUFCE_BUFGCE_HDIO_I_O)
                                                      0.028     1.234 r  bufg_clk/O
    X0Y3 (CLOCK_ROOT)    net (fo=32, routed)          1.293     2.527    u_lif/CLK
    SLICE_X0Y228         FDRE                                         r  u_lif/internal_value_reg[22]/C
                         clock pessimism              0.000     2.527    
                         clock uncertainty            0.200     2.727    
    SLICE_X0Y228         FDRE (Hold_GFF_SLICEL_C_D)
                                                      0.060     2.787    u_lif/internal_value_reg[22]
  -------------------------------------------------------------------
                         required time                         -2.787    
                         arrival time                           2.878    
  -------------------------------------------------------------------
                         slack                                  0.091    

Slack (MET) :             0.095ns  (arrival time - required time)
  Source:                 input_current[23]
                            (input port clocked by clk_in  {rise@0.000ns fall@5.000ns period=10.000ns})
  Destination:            u_lif/internal_value_reg[23]/D
                            (rising edge-triggered cell FDRE clocked by clk_in  {rise@0.000ns fall@5.000ns period=10.000ns})
  Path Group:             clk_in
  Path Type:              Hold (Min at Slow Process Corner)
  Requirement:            0.000ns  (clk_in rise@0.000ns - clk_in rise@0.000ns)
  Data Path Delay:        2.878ns  (logic 0.336ns (11.683%)  route 2.542ns (88.317%))
  Logic Levels:           4  (IBUFCTRL=1 INBUF=1 LUT1=1 LUT6=1)
  Input Delay:            0.000ns
  Clock Path Skew:        2.523ns (DCD - SCD - CPR)
    Destination Clock Delay (DCD):    2.523ns
    Source Clock Delay      (SCD):    0.000ns
    Clock Pessimism Removal (CPR):    -0.000ns
  Clock Uncertainty:      0.200ns  ((TSJ^2 + TIJ^2)^1/2 + DJ) / 2 + PE + UU
    Total System Jitter     (TSJ):    0.000ns
    Total Input Jitter      (TIJ):    0.000ns
    Discrete Jitter          (DJ):    0.000ns
    Phase Error              (PE):    0.000ns
    User Uncertainty         (UU):    0.200ns
  Clock Net Delay (Destination): 1.289ns (routing 0.438ns, distribution 0.851ns)

    Location             Delay type                Incr(ns)  Path(ns)    Netlist Resource(s)
  -------------------------------------------------------------------    -------------------
                         (clock clk_in rise edge)     0.000     0.000 r  
                         input delay                  0.000     0.000    
    C19                                               0.000     0.000 r  input_current[23] (IN)
                         net (fo=0)                   0.000     0.000    input_current_IBUF[23]_inst/I
    C19                  INBUF (Prop_INBUF_HPIOB_S_PAD_O)
                                                      0.266     0.266 r  input_current_IBUF[23]_inst/INBUF_INST/O
                         net (fo=1, routed)           0.000     0.266    input_current_IBUF[23]_inst/OUT
    C19                  IBUFCTRL (Prop_IBUFCTRL_HPIOB_S_I_O)
                                                      0.000     0.266 r  input_current_IBUF[23]_inst/IBUFCTRL_INST/O
                         net (fo=8, routed)           0.669     0.935    u_lif/input_current_IBUF[23]
    SLICE_X0Y223         LUT6 (Prop_H6LUT_SLICEL_I3_O)
                                                      0.036     0.971 r  u_lif/internal_value[23]_i_1/O
                         net (fo=1, routed)           0.904     1.875    u_lif/p_1_in[23]
    SLICE_X75Y239        LUT1 (Prop_A5LUT_SLICEM_I0_O)
                                                      0.034     1.909 r  u_lif/p_1_in[23]_hold_fix/O
                         net (fo=1, routed)           0.969     2.878    u_lif/p_1_in[23]_hold_fix_1
    SLICE_X0Y223         FDRE                                         r  u_lif/internal_value_reg[23]/D
  -------------------------------------------------------------------    -------------------

                         (clock clk_in rise edge)     0.000     0.000 r  
    D14                                               0.000     0.000 r  clk_in (IN)
                         net (fo=0)                   0.000     0.000    clk_in_IBUF_inst/I
    D14                  INBUF (Prop_INBUF_HDIOB_M_PAD_O)
                                                      1.002     1.002 r  clk_in_IBUF_inst/INBUF_INST/O
                         net (fo=1, routed)           0.000     1.002    clk_in_IBUF_inst/OUT
    D14                  IBUFCTRL (Prop_IBUFCTRL_HDIOB_M_I_O)
                                                      0.000     1.002 r  clk_in_IBUF_inst/IBUFCTRL_INST/O
                         net (fo=1, routed)           0.204     1.206    clk_in_IBUF
    BUFGCE_HDIO_X0Y6     BUFGCE (Prop_BUFCE_BUFGCE_HDIO_I_O)
                                                      0.028     1.234 r  bufg_clk/O
    X0Y3 (CLOCK_ROOT)    net (fo=32, routed)          1.289     2.523    u_lif/CLK
    SLICE_X0Y223         FDRE                                         r  u_lif/internal_value_reg[23]/C
                         clock pessimism              0.000     2.523    
                         clock uncertainty            0.200     2.723    
    SLICE_X0Y223         FDRE (Hold_HFF_SLICEL_C_D)
                                                      0.060     2.783    u_lif/internal_value_reg[23]
  -------------------------------------------------------------------
                         required time                         -2.783    
                         arrival time                           2.878    
  -------------------------------------------------------------------
                         slack                                  0.095    

Slack (MET) :             0.120ns  (arrival time - required time)
  Source:                 rst
                            (input port clocked by clk_in  {rise@0.000ns fall@5.000ns period=10.000ns})
  Destination:            u_lif/internal_value_reg[16]/CE
                            (rising edge-triggered cell FDRE clocked by clk_in  {rise@0.000ns fall@5.000ns period=10.000ns})
  Path Group:             clk_in
  Path Type:              Hold (Min at Slow Process Corner)
  Requirement:            0.000ns  (clk_in rise@0.000ns - clk_in rise@0.000ns)
  Data Path Delay:        2.830ns  (logic 0.621ns (21.945%)  route 2.209ns (78.055%))
  Logic Levels:           4  (IBUFCTRL=1 INBUF=1 LUT1=1 LUT3=1)
  Input Delay:            0.000ns
  Clock Path Skew:        2.525ns (DCD - SCD - CPR)
    Destination Clock Delay (DCD):    2.525ns
    Source Clock Delay      (SCD):    0.000ns
    Clock Pessimism Removal (CPR):    -0.000ns
  Clock Uncertainty:      0.200ns  ((TSJ^2 + TIJ^2)^1/2 + DJ) / 2 + PE + UU
    Total System Jitter     (TSJ):    0.000ns
    Total Input Jitter      (TIJ):    0.000ns
    Discrete Jitter          (DJ):    0.000ns
    Phase Error              (PE):    0.000ns
    User Uncertainty         (UU):    0.200ns
  Clock Net Delay (Destination): 1.291ns (routing 0.438ns, distribution 0.853ns)

    Location             Delay type                Incr(ns)  Path(ns)    Netlist Resource(s)
  -------------------------------------------------------------------    -------------------
                         (clock clk_in rise edge)     0.000     0.000 r  
                         input delay                  0.000     0.000    
    A13                                               0.000     0.000 r  rst (IN)
                         net (fo=0)                   0.000     0.000    rst_IBUF_inst/I
    A13                  INBUF (Prop_INBUF_HDIOB_M_PAD_O)
                                                      0.506     0.506 r  rst_IBUF_inst/INBUF_INST/O
                         net (fo=1, routed)           0.000     0.506    rst_IBUF_inst/OUT
    A13                  IBUFCTRL (Prop_IBUFCTRL_HDIOB_M_I_O)
                                                      0.000     0.506 r  rst_IBUF_inst/IBUFCTRL_INST/O
                         net (fo=36, routed)          0.575     1.081    u_lif/rst_IBUF
    SLICE_X17Y231        LUT3 (Prop_H5LUT_SLICEL_I1_O)
                                                      0.062     1.143 r  u_lif/internal_value[27]_i_2/O
                         net (fo=1, routed)           0.756     1.899    u_lif/internal_value[27]_i_2_n_0
    SLICE_X68Y239        LUT1 (Prop_A5LUT_SLICEL_I0_O)
                                                      0.053     1.952 r  u_lif/internal_value[27]_i_2_n_0_hold_fix/O
                         net (fo=28, routed)          0.878     2.830    u_lif/internal_value[27]_i_2_n_0_hold_fix_1
    SLICE_X0Y239         FDRE                                         r  u_lif/internal_value_reg[16]/CE
  -------------------------------------------------------------------    -------------------

                         (clock clk_in rise edge)     0.000     0.000 r  
    D14                                               0.000     0.000 r  clk_in (IN)
                         net (fo=0)                   0.000     0.000    clk_in_IBUF_inst/I
    D14                  INBUF (Prop_INBUF_HDIOB_M_PAD_O)
                                                      1.002     1.002 r  clk_in_IBUF_inst/INBUF_INST/O
                         net (fo=1, routed)           0.000     1.002    clk_in_IBUF_inst/OUT
    D14                  IBUFCTRL (Prop_IBUFCTRL_HDIOB_M_I_O)
                                                      0.000     1.002 r  clk_in_IBUF_inst/IBUFCTRL_INST/O
                         net (fo=1, routed)           0.204     1.206    clk_in_IBUF
    BUFGCE_HDIO_X0Y6     BUFGCE (Prop_BUFCE_BUFGCE_HDIO_I_O)
                                                      0.028     1.234 r  bufg_clk/O
    X0Y3 (CLOCK_ROOT)    net (fo=32, routed)          1.291     2.525    u_lif/CLK
    SLICE_X0Y239         FDRE                                         r  u_lif/internal_value_reg[16]/C
                         clock pessimism              0.000     2.525    
                         clock uncertainty            0.200     2.725    
    SLICE_X0Y239         FDRE (Hold_BFF_SLICEL_C_CE)
                                                     -0.014     2.711    u_lif/internal_value_reg[16]
  -------------------------------------------------------------------
                         required time                         -2.711    
                         arrival time                           2.830    
  -------------------------------------------------------------------
                         slack                                  0.120    

Slack (MET) :             0.161ns  (arrival time - required time)
  Source:                 rst
                            (input port clocked by clk_in  {rise@0.000ns fall@5.000ns period=10.000ns})
  Destination:            u_lif/internal_value_reg[1]/CE
                            (rising edge-triggered cell FDRE clocked by clk_in  {rise@0.000ns fall@5.000ns period=10.000ns})
  Path Group:             clk_in
  Path Type:              Hold (Min at Slow Process Corner)
  Requirement:            0.000ns  (clk_in rise@0.000ns - clk_in rise@0.000ns)
  Data Path Delay:        2.872ns  (logic 0.621ns (21.630%)  route 2.251ns (78.370%))
  Logic Levels:           4  (IBUFCTRL=1 INBUF=1 LUT1=1 LUT3=1)
  Input Delay:            0.000ns
  Clock Path Skew:        2.525ns (DCD - SCD - CPR)
    Destination Clock Delay (DCD):    2.525ns
    Source Clock Delay      (SCD):    0.000ns
    Clock Pessimism Removal (CPR):    -0.000ns
  Clock Uncertainty:      0.200ns  ((TSJ^2 + TIJ^2)^1/2 + DJ) / 2 + PE + UU
    Total System Jitter     (TSJ):    0.000ns
    Total Input Jitter      (TIJ):    0.000ns
    Discrete Jitter          (DJ):    0.000ns
    Phase Error              (PE):    0.000ns
    User Uncertainty         (UU):    0.200ns
  Clock Net Delay (Destination): 1.291ns (routing 0.438ns, distribution 0.853ns)

    Location             Delay type                Incr(ns)  Path(ns)    Netlist Resource(s)
  -------------------------------------------------------------------    -------------------
                         (clock clk_in rise edge)     0.000     0.000 r  
                         input delay                  0.000     0.000    
    A13                                               0.000     0.000 r  rst (IN)
                         net (fo=0)                   0.000     0.000    rst_IBUF_inst/I
    A13                  INBUF (Prop_INBUF_HDIOB_M_PAD_O)
                                                      0.506     0.506 r  rst_IBUF_inst/INBUF_INST/O
                         net (fo=1, routed)           0.000     0.506    rst_IBUF_inst/OUT
    A13                  IBUFCTRL (Prop_IBUFCTRL_HDIOB_M_I_O)
                                                      0.000     0.506 r  rst_IBUF_inst/IBUFCTRL_INST/O
                         net (fo=36, routed)          0.575     1.081    u_lif/rst_IBUF
    SLICE_X17Y231        LUT3 (Prop_H5LUT_SLICEL_I1_O)
                                                      0.062     1.143 r  u_lif/internal_value[27]_i_2/O
                         net (fo=1, routed)           0.756     1.899    u_lif/internal_value[27]_i_2_n_0
    SLICE_X68Y239        LUT1 (Prop_A5LUT_SLICEL_I0_O)
                                                      0.053     1.952 r  u_lif/internal_value[27]_i_2_n_0_hold_fix/O
                         net (fo=28, routed)          0.920     2.872    u_lif/internal_value[27]_i_2_n_0_hold_fix_1
    SLICE_X0Y237         FDRE                                         r  u_lif/internal_value_reg[1]/CE
  -------------------------------------------------------------------    -------------------

                         (clock clk_in rise edge)     0.000     0.000 r  
    D14                                               0.000     0.000 r  clk_in (IN)
                         net (fo=0)                   0.000     0.000    clk_in_IBUF_inst/I
    D14                  INBUF (Prop_INBUF_HDIOB_M_PAD_O)
                                                      1.002     1.002 r  clk_in_IBUF_inst/INBUF_INST/O
                         net (fo=1, routed)           0.000     1.002    clk_in_IBUF_inst/OUT
    D14                  IBUFCTRL (Prop_IBUFCTRL_HDIOB_M_I_O)
                                                      0.000     1.002 r  clk_in_IBUF_inst/IBUFCTRL_INST/O
                         net (fo=1, routed)           0.204     1.206    clk_in_IBUF
    BUFGCE_HDIO_X0Y6     BUFGCE (Prop_BUFCE_BUFGCE_HDIO_I_O)
                                                      0.028     1.234 r  bufg_clk/O
    X0Y3 (CLOCK_ROOT)    net (fo=32, routed)          1.291     2.525    u_lif/CLK
    SLICE_X0Y237         FDRE                                         r  u_lif/internal_value_reg[1]/C
                         clock pessimism              0.000     2.525    
                         clock uncertainty            0.200     2.725    
    SLICE_X0Y237         FDRE (Hold_AFF_SLICEL_C_CE)
                                                     -0.014     2.711    u_lif/internal_value_reg[1]
  -------------------------------------------------------------------
                         required time                         -2.711    
                         arrival time                           2.872    
  -------------------------------------------------------------------
                         slack                                  0.161    

Slack (MET) :             0.161ns  (arrival time - required time)
  Source:                 rst
                            (input port clocked by clk_in  {rise@0.000ns fall@5.000ns period=10.000ns})
  Destination:            u_lif/internal_value_reg[3]/CE
                            (rising edge-triggered cell FDRE clocked by clk_in  {rise@0.000ns fall@5.000ns period=10.000ns})
  Path Group:             clk_in
  Path Type:              Hold (Min at Slow Process Corner)
  Requirement:            0.000ns  (clk_in rise@0.000ns - clk_in rise@0.000ns)
  Data Path Delay:        2.872ns  (logic 0.621ns (21.630%)  route 2.251ns (78.370%))
  Logic Levels:           4  (IBUFCTRL=1 INBUF=1 LUT1=1 LUT3=1)
  Input Delay:            0.000ns
  Clock Path Skew:        2.525ns (DCD - SCD - CPR)
    Destination Clock Delay (DCD):    2.525ns
    Source Clock Delay      (SCD):    0.000ns
    Clock Pessimism Removal (CPR):    -0.000ns
  Clock Uncertainty:      0.200ns  ((TSJ^2 + TIJ^2)^1/2 + DJ) / 2 + PE + UU
    Total System Jitter     (TSJ):    0.000ns
    Total Input Jitter      (TIJ):    0.000ns
    Discrete Jitter          (DJ):    0.000ns
    Phase Error              (PE):    0.000ns
    User Uncertainty         (UU):    0.200ns
  Clock Net Delay (Destination): 1.291ns (routing 0.438ns, distribution 0.853ns)

    Location             Delay type                Incr(ns)  Path(ns)    Netlist Resource(s)
  -------------------------------------------------------------------    -------------------
                         (clock clk_in rise edge)     0.000     0.000 r  
                         input delay                  0.000     0.000    
    A13                                               0.000     0.000 r  rst (IN)
                         net (fo=0)                   0.000     0.000    rst_IBUF_inst/I
    A13                  INBUF (Prop_INBUF_HDIOB_M_PAD_O)
                                                      0.506     0.506 r  rst_IBUF_inst/INBUF_INST/O
                         net (fo=1, routed)           0.000     0.506    rst_IBUF_inst/OUT
    A13                  IBUFCTRL (Prop_IBUFCTRL_HDIOB_M_I_O)
                                                      0.000     0.506 r  rst_IBUF_inst/IBUFCTRL_INST/O
                         net (fo=36, routed)          0.575     1.081    u_lif/rst_IBUF
    SLICE_X17Y231        LUT3 (Prop_H5LUT_SLICEL_I1_O)
                                                      0.062     1.143 r  u_lif/internal_value[27]_i_2/O
                         net (fo=1, routed)           0.756     1.899    u_lif/internal_value[27]_i_2_n_0
    SLICE_X68Y239        LUT1 (Prop_A5LUT_SLICEL_I0_O)
                                                      0.053     1.952 r  u_lif/internal_value[27]_i_2_n_0_hold_fix/O
                         net (fo=28, routed)          0.920     2.872    u_lif/internal_value[27]_i_2_n_0_hold_fix_1
    SLICE_X0Y237         FDRE                                         r  u_lif/internal_value_reg[3]/CE
  -------------------------------------------------------------------    -------------------

                         (clock clk_in rise edge)     0.000     0.000 r  
    D14                                               0.000     0.000 r  clk_in (IN)
                         net (fo=0)                   0.000     0.000    clk_in_IBUF_inst/I
    D14                  INBUF (Prop_INBUF_HDIOB_M_PAD_O)
                                                      1.002     1.002 r  clk_in_IBUF_inst/INBUF_INST/O
                         net (fo=1, routed)           0.000     1.002    clk_in_IBUF_inst/OUT
    D14                  IBUFCTRL (Prop_IBUFCTRL_HDIOB_M_I_O)
                                                      0.000     1.002 r  clk_in_IBUF_inst/IBUFCTRL_INST/O
                         net (fo=1, routed)           0.204     1.206    clk_in_IBUF
    BUFGCE_HDIO_X0Y6     BUFGCE (Prop_BUFCE_BUFGCE_HDIO_I_O)
                                                      0.028     1.234 r  bufg_clk/O
    X0Y3 (CLOCK_ROOT)    net (fo=32, routed)          1.291     2.525    u_lif/CLK
    SLICE_X0Y237         FDRE                                         r  u_lif/internal_value_reg[3]/C
                         clock pessimism              0.000     2.525    
                         clock uncertainty            0.200     2.725    
    SLICE_X0Y237         FDRE (Hold_BFF_SLICEL_C_CE)
                                                     -0.014     2.711    u_lif/internal_value_reg[3]
  -------------------------------------------------------------------
                         required time                         -2.711    
                         arrival time                           2.872    
  -------------------------------------------------------------------
                         slack                                  0.161    

Slack (MET) :             0.175ns  (arrival time - required time)
  Source:                 input_current[27]
                            (input port clocked by clk_in  {rise@0.000ns fall@5.000ns period=10.000ns})
  Destination:            u_lif/internal_value_reg[27]/D
                            (rising edge-triggered cell FDRE clocked by clk_in  {rise@0.000ns fall@5.000ns period=10.000ns})
  Path Group:             clk_in
  Path Type:              Hold (Min at Slow Process Corner)
  Requirement:            0.000ns  (clk_in rise@0.000ns - clk_in rise@0.000ns)
  Data Path Delay:        2.969ns  (logic 0.310ns (10.444%)  route 2.659ns (89.556%))
  Logic Levels:           4  (IBUFCTRL=1 INBUF=1 LUT1=1 LUT6=1)
  Input Delay:            0.000ns
  Clock Path Skew:        2.535ns (DCD - SCD - CPR)
    Destination Clock Delay (DCD):    2.535ns
    Source Clock Delay      (SCD):    0.000ns
    Clock Pessimism Removal (CPR):    -0.000ns
  Clock Uncertainty:      0.200ns  ((TSJ^2 + TIJ^2)^1/2 + DJ) / 2 + PE + UU
    Total System Jitter     (TSJ):    0.000ns
    Total Input Jitter      (TIJ):    0.000ns
    Discrete Jitter          (DJ):    0.000ns
    Phase Error              (PE):    0.000ns
    User Uncertainty         (UU):    0.200ns
  Clock Net Delay (Destination): 1.301ns (routing 0.438ns, distribution 0.863ns)

    Location             Delay type                Incr(ns)  Path(ns)    Netlist Resource(s)
  -------------------------------------------------------------------    -------------------
                         (clock clk_in rise edge)     0.000     0.000 r  
                         input delay                  0.000     0.000    
    D18                                               0.000     0.000 r  input_current[27] (IN)
                         net (fo=0)                   0.000     0.000    input_current_IBUF[27]_inst/I
    D18                  INBUF (Prop_INBUF_HPIOB_S_PAD_O)
                                                      0.256     0.256 r  input_current_IBUF[27]_inst/INBUF_INST/O
                         net (fo=1, routed)           0.000     0.256    input_current_IBUF[27]_inst/OUT
    D18                  IBUFCTRL (Prop_IBUFCTRL_HPIOB_S_I_O)
                                                      0.000     0.256 r  input_current_IBUF[27]_inst/IBUFCTRL_INST/O
                         net (fo=6, routed)           0.655     0.911    u_lif/input_current_IBUF[27]
    SLICE_X0Y224         LUT6 (Prop_E6LUT_SLICEL_I3_O)
                                                      0.022     0.933 r  u_lif/internal_value[27]_i_3/O
                         net (fo=1, routed)           0.980     1.913    u_lif/p_1_in[27]
    SLICE_X77Y239        LUT1 (Prop_A5LUT_SLICEL_I0_O)
                                                      0.032     1.945 r  u_lif/p_1_in[27]_hold_fix/O
                         net (fo=1, routed)           1.024     2.969    u_lif/p_1_in[27]_hold_fix_1
    SLICE_X0Y224         FDRE                                         r  u_lif/internal_value_reg[27]/D
  -------------------------------------------------------------------    -------------------

                         (clock clk_in rise edge)     0.000     0.000 r  
    D14                                               0.000     0.000 r  clk_in (IN)
                         net (fo=0)                   0.000     0.000    clk_in_IBUF_inst/I
    D14                  INBUF (Prop_INBUF_HDIOB_M_PAD_O)
                                                      1.002     1.002 r  clk_in_IBUF_inst/INBUF_INST/O
                         net (fo=1, routed)           0.000     1.002    clk_in_IBUF_inst/OUT
    D14                  IBUFCTRL (Prop_IBUFCTRL_HDIOB_M_I_O)
                                                      0.000     1.002 r  clk_in_IBUF_inst/IBUFCTRL_INST/O
                         net (fo=1, routed)           0.204     1.206    clk_in_IBUF
    BUFGCE_HDIO_X0Y6     BUFGCE (Prop_BUFCE_BUFGCE_HDIO_I_O)
                                                      0.028     1.234 r  bufg_clk/O
    X0Y3 (CLOCK_ROOT)    net (fo=32, routed)          1.301     2.535    u_lif/CLK
    SLICE_X0Y224         FDRE                                         r  u_lif/internal_value_reg[27]/C
                         clock pessimism              0.000     2.535    
                         clock uncertainty            0.200     2.735    
    SLICE_X0Y224         FDRE (Hold_EFF_SLICEL_C_D)
                                                      0.060     2.795    u_lif/internal_value_reg[27]
  -------------------------------------------------------------------
                         required time                         -2.795    
                         arrival time                           2.969    
  -------------------------------------------------------------------
                         slack                                  0.175    

Slack (MET) :             0.185ns  (arrival time - required time)
  Source:                 input_current[21]
                            (input port clocked by clk_in  {rise@0.000ns fall@5.000ns period=10.000ns})
  Destination:            u_lif/internal_value_reg[21]/D
                            (rising edge-triggered cell FDRE clocked by clk_in  {rise@0.000ns fall@5.000ns period=10.000ns})
  Path Group:             clk_in
  Path Type:              Hold (Min at Slow Process Corner)
  Requirement:            0.000ns  (clk_in rise@0.000ns - clk_in rise@0.000ns)
  Data Path Delay:        2.975ns  (logic 0.364ns (12.225%)  route 2.611ns (87.775%))
  Logic Levels:           4  (IBUFCTRL=1 INBUF=1 LUT1=1 LUT6=1)
  Input Delay:            0.000ns
  Clock Path Skew:        2.530ns (DCD - SCD - CPR)
    Destination Clock Delay (DCD):    2.530ns
    Source Clock Delay      (SCD):    0.000ns
    Clock Pessimism Removal (CPR):    -0.000ns
  Clock Uncertainty:      0.200ns  ((TSJ^2 + TIJ^2)^1/2 + DJ) / 2 + PE + UU
    Total System Jitter     (TSJ):    0.000ns
    Total Input Jitter      (TIJ):    0.000ns
    Discrete Jitter          (DJ):    0.000ns
    Phase Error              (PE):    0.000ns
    User Uncertainty         (UU):    0.200ns
  Clock Net Delay (Destination): 1.296ns (routing 0.438ns, distribution 0.858ns)

    Location             Delay type                Incr(ns)  Path(ns)    Netlist Resource(s)
  -------------------------------------------------------------------    -------------------
                         (clock clk_in rise edge)     0.000     0.000 r  
                         input delay                  0.000     0.000    
    B20                                               0.000     0.000 r  input_current[21] (IN)
                         net (fo=0)                   0.000     0.000    input_current_IBUF[21]_inst/I
    B20                  INBUF (Prop_INBUF_HPIOB_S_PAD_O)
                                                      0.267     0.267 r  input_current_IBUF[21]_inst/INBUF_INST/O
                         net (fo=1, routed)           0.000     0.267    input_current_IBUF[21]_inst/OUT
    B20                  IBUFCTRL (Prop_IBUFCTRL_HPIOB_S_I_O)
                                                      0.000     0.267 r  input_current_IBUF[21]_inst/IBUFCTRL_INST/O
                         net (fo=7, routed)           0.729     0.996    u_lif/input_current_IBUF[21]
    SLICE_X0Y224         LUT6 (Prop_C6LUT_SLICEL_I3_O)
                                                      0.065     1.061 r  u_lif/internal_value[21]_i_1/O
                         net (fo=1, routed)           0.951     2.012    u_lif/p_1_in[21]
    SLICE_X76Y239        LUT1 (Prop_A5LUT_SLICEL_I0_O)
                                                      0.032     2.044 r  u_lif/p_1_in[21]_hold_fix/O
                         net (fo=1, routed)           0.931     2.975    u_lif/p_1_in[21]_hold_fix_1
    SLICE_X0Y224         FDRE                                         r  u_lif/internal_value_reg[21]/D
  -------------------------------------------------------------------    -------------------

                         (clock clk_in rise edge)     0.000     0.000 r  
    D14                                               0.000     0.000 r  clk_in (IN)
                         net (fo=0)                   0.000     0.000    clk_in_IBUF_inst/I
    D14                  INBUF (Prop_INBUF_HDIOB_M_PAD_O)
                                                      1.002     1.002 r  clk_in_IBUF_inst/INBUF_INST/O
                         net (fo=1, routed)           0.000     1.002    clk_in_IBUF_inst/OUT
    D14                  IBUFCTRL (Prop_IBUFCTRL_HDIOB_M_I_O)
                                                      0.000     1.002 r  clk_in_IBUF_inst/IBUFCTRL_INST/O
                         net (fo=1, routed)           0.204     1.206    clk_in_IBUF
    BUFGCE_HDIO_X0Y6     BUFGCE (Prop_BUFCE_BUFGCE_HDIO_I_O)
                                                      0.028     1.234 r  bufg_clk/O
    X0Y3 (CLOCK_ROOT)    net (fo=32, routed)          1.296     2.530    u_lif/CLK
    SLICE_X0Y224         FDRE                                         r  u_lif/internal_value_reg[21]/C
                         clock pessimism              0.000     2.530    
                         clock uncertainty            0.200     2.730    
    SLICE_X0Y224         FDRE (Hold_CFF_SLICEL_C_D)
                                                      0.060     2.790    u_lif/internal_value_reg[21]
  -------------------------------------------------------------------
                         required time                         -2.790    
                         arrival time                           2.975    
  -------------------------------------------------------------------
                         slack                                  0.185    

Slack (MET) :             0.193ns  (arrival time - required time)
  Source:                 rst
                            (input port clocked by clk_in  {rise@0.000ns fall@5.000ns period=10.000ns})
  Destination:            u_lif/internal_value_reg[17]/CE
                            (rising edge-triggered cell FDRE clocked by clk_in  {rise@0.000ns fall@5.000ns period=10.000ns})
  Path Group:             clk_in
  Path Type:              Hold (Min at Slow Process Corner)
  Requirement:            0.000ns  (clk_in rise@0.000ns - clk_in rise@0.000ns)
  Data Path Delay:        2.904ns  (logic 0.621ns (21.390%)  route 2.283ns (78.610%))
  Logic Levels:           4  (IBUFCTRL=1 INBUF=1 LUT1=1 LUT3=1)
  Input Delay:            0.000ns
  Clock Path Skew:        2.525ns (DCD - SCD - CPR)
    Destination Clock Delay (DCD):    2.525ns
    Source Clock Delay      (SCD):    0.000ns
    Clock Pessimism Removal (CPR):    -0.000ns
  Clock Uncertainty:      0.200ns  ((TSJ^2 + TIJ^2)^1/2 + DJ) / 2 + PE + UU
    Total System Jitter     (TSJ):    0.000ns
    Total Input Jitter      (TIJ):    0.000ns
    Discrete Jitter          (DJ):    0.000ns
    Phase Error              (PE):    0.000ns
    User Uncertainty         (UU):    0.200ns
  Clock Net Delay (Destination): 1.291ns (routing 0.438ns, distribution 0.853ns)

    Location             Delay type                Incr(ns)  Path(ns)    Netlist Resource(s)
  -------------------------------------------------------------------    -------------------
                         (clock clk_in rise edge)     0.000     0.000 r  
                         input delay                  0.000     0.000    
    A13                                               0.000     0.000 r  rst (IN)
                         net (fo=0)                   0.000     0.000    rst_IBUF_inst/I
    A13                  INBUF (Prop_INBUF_HDIOB_M_PAD_O)
                                                      0.506     0.506 r  rst_IBUF_inst/INBUF_INST/O
                         net (fo=1, routed)           0.000     0.506    rst_IBUF_inst/OUT
    A13                  IBUFCTRL (Prop_IBUFCTRL_HDIOB_M_I_O)
                                                      0.000     0.506 r  rst_IBUF_inst/IBUFCTRL_INST/O
                         net (fo=36, routed)          0.575     1.081    u_lif/rst_IBUF
    SLICE_X17Y231        LUT3 (Prop_H5LUT_SLICEL_I1_O)
                                                      0.062     1.143 r  u_lif/internal_value[27]_i_2/O
                         net (fo=1, routed)           0.756     1.899    u_lif/internal_value[27]_i_2_n_0
    SLICE_X68Y239        LUT1 (Prop_A5LUT_SLICEL_I0_O)
                                                      0.053     1.952 r  u_lif/internal_value[27]_i_2_n_0_hold_fix/O
                         net (fo=28, routed)          0.952     2.904    u_lif/internal_value[27]_i_2_n_0_hold_fix_1
    SLICE_X0Y236         FDRE                                         r  u_lif/internal_value_reg[17]/CE
  -------------------------------------------------------------------    -------------------

                         (clock clk_in rise edge)     0.000     0.000 r  
    D14                                               0.000     0.000 r  clk_in (IN)
                         net (fo=0)                   0.000     0.000    clk_in_IBUF_inst/I
    D14                  INBUF (Prop_INBUF_HDIOB_M_PAD_O)
                                                      1.002     1.002 r  clk_in_IBUF_inst/INBUF_INST/O
                         net (fo=1, routed)           0.000     1.002    clk_in_IBUF_inst/OUT
    D14                  IBUFCTRL (Prop_IBUFCTRL_HDIOB_M_I_O)
                                                      0.000     1.002 r  clk_in_IBUF_inst/IBUFCTRL_INST/O
                         net (fo=1, routed)           0.204     1.206    clk_in_IBUF
    BUFGCE_HDIO_X0Y6     BUFGCE (Prop_BUFCE_BUFGCE_HDIO_I_O)
                                                      0.028     1.234 r  bufg_clk/O
    X0Y3 (CLOCK_ROOT)    net (fo=32, routed)          1.291     2.525    u_lif/CLK
    SLICE_X0Y236         FDRE                                         r  u_lif/internal_value_reg[17]/C
                         clock pessimism              0.000     2.525    
                         clock uncertainty            0.200     2.725    
    SLICE_X0Y236         FDRE (Hold_AFF_SLICEL_C_CE)
                                                     -0.014     2.711    u_lif/internal_value_reg[17]
  -------------------------------------------------------------------
                         required time                         -2.711    
                         arrival time                           2.904    
  -------------------------------------------------------------------
                         slack                                  0.193    

Slack (MET) :             0.220ns  (arrival time - required time)
  Source:                 input_current[18]
                            (input port clocked by clk_in  {rise@0.000ns fall@5.000ns period=10.000ns})
  Destination:            u_lif/internal_value_reg[18]/D
                            (rising edge-triggered cell FDRE clocked by clk_in  {rise@0.000ns fall@5.000ns period=10.000ns})
  Path Group:             clk_in
  Path Type:              Hold (Min at Slow Process Corner)
  Requirement:            0.000ns  (clk_in rise@0.000ns - clk_in rise@0.000ns)
  Data Path Delay:        3.008ns  (logic 0.333ns (11.055%)  route 2.676ns (88.945%))
  Logic Levels:           4  (IBUFCTRL=1 INBUF=1 LUT1=1 LUT6=1)
  Input Delay:            0.000ns
  Clock Path Skew:        2.528ns (DCD - SCD - CPR)
    Destination Clock Delay (DCD):    2.528ns
    Source Clock Delay      (SCD):    0.000ns
    Clock Pessimism Removal (CPR):    -0.000ns
  Clock Uncertainty:      0.200ns  ((TSJ^2 + TIJ^2)^1/2 + DJ) / 2 + PE + UU
    Total System Jitter     (TSJ):    0.000ns
    Total Input Jitter      (TIJ):    0.000ns
    Discrete Jitter          (DJ):    0.000ns
    Phase Error              (PE):    0.000ns
    User Uncertainty         (UU):    0.200ns
  Clock Net Delay (Destination): 1.294ns (routing 0.438ns, distribution 0.856ns)

    Location             Delay type                Incr(ns)  Path(ns)    Netlist Resource(s)
  -------------------------------------------------------------------    -------------------
                         (clock clk_in rise edge)     0.000     0.000 r  
                         input delay                  0.000     0.000    
    C17                                               0.000     0.000 r  input_current[18] (IN)
                         net (fo=0)                   0.000     0.000    input_current_IBUF[18]_inst/I
    C17                  INBUF (Prop_INBUF_HPIOB_M_PAD_O)
                                                      0.273     0.273 r  input_current_IBUF[18]_inst/INBUF_INST/O
                         net (fo=1, routed)           0.000     0.273    input_current_IBUF[18]_inst/OUT
    C17                  IBUFCTRL (Prop_IBUFCTRL_HPIOB_M_I_O)
                                                      0.000     0.273 r  input_current_IBUF[18]_inst/IBUFCTRL_INST/O
                         net (fo=8, routed)           0.713     0.985    u_lif/input_current_IBUF[18]
    SLICE_X0Y232         LUT6 (Prop_G6LUT_SLICEL_I3_O)
                                                      0.022     1.007 r  u_lif/internal_value[18]_i_1/O
                         net (fo=1, routed)           0.985     1.992    u_lif/p_1_in[18]
    SLICE_X79Y239        LUT1 (Prop_D5LUT_SLICEM_I0_O)
                                                      0.038     2.030 r  u_lif/p_1_in[18]_hold_fix/O
                         net (fo=1, routed)           0.978     3.008    u_lif/p_1_in[18]_hold_fix_1
    SLICE_X0Y232         FDRE                                         r  u_lif/internal_value_reg[18]/D
  -------------------------------------------------------------------    -------------------

                         (clock clk_in rise edge)     0.000     0.000 r  
    D14                                               0.000     0.000 r  clk_in (IN)
                         net (fo=0)                   0.000     0.000    clk_in_IBUF_inst/I
    D14                  INBUF (Prop_INBUF_HDIOB_M_PAD_O)
                                                      1.002     1.002 r  clk_in_IBUF_inst/INBUF_INST/O
                         net (fo=1, routed)           0.000     1.002    clk_in_IBUF_inst/OUT
    D14                  IBUFCTRL (Prop_IBUFCTRL_HDIOB_M_I_O)
                                                      0.000     1.002 r  clk_in_IBUF_inst/IBUFCTRL_INST/O
                         net (fo=1, routed)           0.204     1.206    clk_in_IBUF
    BUFGCE_HDIO_X0Y6     BUFGCE (Prop_BUFCE_BUFGCE_HDIO_I_O)
                                                      0.028     1.234 r  bufg_clk/O
    X0Y3 (CLOCK_ROOT)    net (fo=32, routed)          1.294     2.528    u_lif/CLK
    SLICE_X0Y232         FDRE                                         r  u_lif/internal_value_reg[18]/C
                         clock pessimism              0.000     2.528    
                         clock uncertainty            0.200     2.728    
    SLICE_X0Y232         FDRE (Hold_GFF_SLICEL_C_D)
                                                      0.060     2.788    u_lif/internal_value_reg[18]
  -------------------------------------------------------------------
                         required time                         -2.788    
                         arrival time                           3.008    
  -------------------------------------------------------------------
                         slack                                  0.220    

Slack (MET) :             0.223ns  (arrival time - required time)
  Source:                 rst
                            (input port clocked by clk_in  {rise@0.000ns fall@5.000ns period=10.000ns})
  Destination:            u_lif/internal_value_reg[2]/CE
                            (rising edge-triggered cell FDRE clocked by clk_in  {rise@0.000ns fall@5.000ns period=10.000ns})
  Path Group:             clk_in
  Path Type:              Hold (Min at Slow Process Corner)
  Requirement:            0.000ns  (clk_in rise@0.000ns - clk_in rise@0.000ns)
  Data Path Delay:        2.938ns  (logic 0.621ns (21.143%)  route 2.317ns (78.857%))
  Logic Levels:           4  (IBUFCTRL=1 INBUF=1 LUT1=1 LUT3=1)
  Input Delay:            0.000ns
  Clock Path Skew:        2.529ns (DCD - SCD - CPR)
    Destination Clock Delay (DCD):    2.529ns
    Source Clock Delay      (SCD):    0.000ns
    Clock Pessimism Removal (CPR):    -0.000ns
  Clock Uncertainty:      0.200ns  ((TSJ^2 + TIJ^2)^1/2 + DJ) / 2 + PE + UU
    Total System Jitter     (TSJ):    0.000ns
    Total Input Jitter      (TIJ):    0.000ns
    Discrete Jitter          (DJ):    0.000ns
    Phase Error              (PE):    0.000ns
    User Uncertainty         (UU):    0.200ns
  Clock Net Delay (Destination): 1.295ns (routing 0.438ns, distribution 0.857ns)

    Location             Delay type                Incr(ns)  Path(ns)    Netlist Resource(s)
  -------------------------------------------------------------------    -------------------
                         (clock clk_in rise edge)     0.000     0.000 r  
                         input delay                  0.000     0.000    
    A13                                               0.000     0.000 r  rst (IN)
                         net (fo=0)                   0.000     0.000    rst_IBUF_inst/I
    A13                  INBUF (Prop_INBUF_HDIOB_M_PAD_O)
                                                      0.506     0.506 r  rst_IBUF_inst/INBUF_INST/O
                         net (fo=1, routed)           0.000     0.506    rst_IBUF_inst/OUT
    A13                  IBUFCTRL (Prop_IBUFCTRL_HDIOB_M_I_O)
                                                      0.000     0.506 r  rst_IBUF_inst/IBUFCTRL_INST/O
                         net (fo=36, routed)          0.575     1.081    u_lif/rst_IBUF
    SLICE_X17Y231        LUT3 (Prop_H5LUT_SLICEL_I1_O)
                                                      0.062     1.143 r  u_lif/internal_value[27]_i_2/O
                         net (fo=1, routed)           0.756     1.899    u_lif/internal_value[27]_i_2_n_0
    SLICE_X68Y239        LUT1 (Prop_A5LUT_SLICEL_I0_O)
                                                      0.053     1.952 r  u_lif/internal_value[27]_i_2_n_0_hold_fix/O
                         net (fo=28, routed)          0.986     2.938    u_lif/internal_value[27]_i_2_n_0_hold_fix_1
    SLICE_X0Y235         FDRE                                         r  u_lif/internal_value_reg[2]/CE
  -------------------------------------------------------------------    -------------------

                         (clock clk_in rise edge)     0.000     0.000 r  
    D14                                               0.000     0.000 r  clk_in (IN)
                         net (fo=0)                   0.000     0.000    clk_in_IBUF_inst/I
    D14                  INBUF (Prop_INBUF_HDIOB_M_PAD_O)
                                                      1.002     1.002 r  clk_in_IBUF_inst/INBUF_INST/O
                         net (fo=1, routed)           0.000     1.002    clk_in_IBUF_inst/OUT
    D14                  IBUFCTRL (Prop_IBUFCTRL_HDIOB_M_I_O)
                                                      0.000     1.002 r  clk_in_IBUF_inst/IBUFCTRL_INST/O
                         net (fo=1, routed)           0.204     1.206    clk_in_IBUF
    BUFGCE_HDIO_X0Y6     BUFGCE (Prop_BUFCE_BUFGCE_HDIO_I_O)
                                                      0.028     1.234 r  bufg_clk/O
    X0Y3 (CLOCK_ROOT)    net (fo=32, routed)          1.295     2.529    u_lif/CLK
    SLICE_X0Y235         FDRE                                         r  u_lif/internal_value_reg[2]/C
                         clock pessimism              0.000     2.529    
                         clock uncertainty            0.200     2.729    
    SLICE_X0Y235         FDRE (Hold_FFF_SLICEL_C_CE)
                                                     -0.014     2.715    u_lif/internal_value_reg[2]
  -------------------------------------------------------------------
                         required time                         -2.715    
                         arrival time                           2.938    
  -------------------------------------------------------------------
                         slack                                  0.223    

Slack (MET) :             0.224ns  (arrival time - required time)
  Source:                 input_current[11]
                            (input port clocked by clk_in  {rise@0.000ns fall@5.000ns period=10.000ns})
  Destination:            u_lif/internal_value_reg[16]/R
                            (rising edge-triggered cell FDRE clocked by clk_in  {rise@0.000ns fall@5.000ns period=10.000ns})
  Path Group:             clk_in
  Path Type:              Hold (Min at Slow Process Corner)
  Requirement:            0.000ns  (clk_in rise@0.000ns - clk_in rise@0.000ns)
  Data Path Delay:        2.933ns  (logic 0.563ns (19.189%)  route 2.370ns (80.811%))
  Logic Levels:           7  (CARRY8=2 IBUFCTRL=1 INBUF=1 LUT1=1 LUT2=1 LUT4=1)
  Input Delay:            0.000ns
  Clock Path Skew:        2.525ns (DCD - SCD - CPR)
    Destination Clock Delay (DCD):    2.525ns
    Source Clock Delay      (SCD):    0.000ns
    Clock Pessimism Removal (CPR):    -0.000ns
  Clock Uncertainty:      0.200ns  ((TSJ^2 + TIJ^2)^1/2 + DJ) / 2 + PE + UU
    Total System Jitter     (TSJ):    0.000ns
    Total Input Jitter      (TIJ):    0.000ns
    Discrete Jitter          (DJ):    0.000ns
    Phase Error              (PE):    0.000ns
    User Uncertainty         (UU):    0.200ns
  Clock Net Delay (Destination): 1.291ns (routing 0.438ns, distribution 0.853ns)

    Location             Delay type                Incr(ns)  Path(ns)    Netlist Resource(s)
  -------------------------------------------------------------------    -------------------
                         (clock clk_in rise edge)     0.000     0.000 r  
                         input delay                  0.000     0.000    
    A23                                               0.000     0.000 r  input_current[11] (IN)
                         net (fo=0)                   0.000     0.000    input_current_IBUF[11]_inst/I
    A23                  INBUF (Prop_INBUF_HPIOB_S_PAD_O)
                                                      0.266     0.266 r  input_current_IBUF[11]_inst/INBUF_INST/O
                         net (fo=1, routed)           0.000     0.266    input_current_IBUF[11]_inst/OUT
    A23                  IBUFCTRL (Prop_IBUFCTRL_HPIOB_S_I_O)
                                                      0.000     0.266 r  input_current_IBUF[11]_inst/IBUFCTRL_INST/O
                         net (fo=5, routed)           0.540     0.805    u_lif/input_current_IBUF[11]
    SLICE_X1Y226         LUT2 (Prop_F5LUT_SLICEM_I0_O)
                                                      0.059     0.864 r  u_lif/threshold_crossed0__15_carry_i_3/O
                         net (fo=1, routed)           0.002     0.866    u_lif/threshold_crossed0__15_carry_i_3_n_0
    SLICE_X1Y226         CARRY8 (Prop_CARRY8_SLICEM_DI[5]_CO[7])
                                                      0.070     0.936 r  u_lif/threshold_crossed0__15_carry/CO[7]
                         net (fo=1, routed)           0.004     0.940    u_lif/threshold_crossed0__15_carry_n_0
    SLICE_X1Y227         CARRY8 (Prop_CARRY8_SLICEM_CI_CO[5])
                                                      0.053     0.993 r  u_lif/threshold_crossed0__15_carry__0/CO[5]
                         net (fo=3, routed)           0.084     1.078    u_lif/threshold_crossed0__15_carry__0_n_2
    SLICE_X2Y227         LUT4 (Prop_A6LUT_SLICEL_I0_O)
                                                      0.022     1.100 r  u_lif/internal_value[27]_i_1/O
                         net (fo=1, routed)           0.912     2.012    u_lif/internal_value[27]_i_1_n_0
    SLICE_X67Y239        LUT1 (Prop_A5LUT_SLICEM_I0_O)
                                                      0.093     2.105 r  u_lif/internal_value[27]_i_1_n_0_hold_fix/O
                         net (fo=28, routed)          0.828     2.933    u_lif/internal_value[27]_i_1_n_0_hold_fix_1
    SLICE_X0Y239         FDRE                                         r  u_lif/internal_value_reg[16]/R
  -------------------------------------------------------------------    -------------------

                         (clock clk_in rise edge)     0.000     0.000 r  
    D14                                               0.000     0.000 r  clk_in (IN)
                         net (fo=0)                   0.000     0.000    clk_in_IBUF_inst/I
    D14                  INBUF (Prop_INBUF_HDIOB_M_PAD_O)
                                                      1.002     1.002 r  clk_in_IBUF_inst/INBUF_INST/O
                         net (fo=1, routed)           0.000     1.002    clk_in_IBUF_inst/OUT
    D14                  IBUFCTRL (Prop_IBUFCTRL_HDIOB_M_I_O)
                                                      0.000     1.002 r  clk_in_IBUF_inst/IBUFCTRL_INST/O
                         net (fo=1, routed)           0.204     1.206    clk_in_IBUF
    BUFGCE_HDIO_X0Y6     BUFGCE (Prop_BUFCE_BUFGCE_HDIO_I_O)
                                                      0.028     1.234 r  bufg_clk/O
    X0Y3 (CLOCK_ROOT)    net (fo=32, routed)          1.291     2.525    u_lif/CLK
    SLICE_X0Y239         FDRE                                         r  u_lif/internal_value_reg[16]/C
                         clock pessimism              0.000     2.525    
                         clock uncertainty            0.200     2.725    
    SLICE_X0Y239         FDRE (Hold_BFF_SLICEL_C_R)
                                                     -0.015     2.710    u_lif/internal_value_reg[16]
  -------------------------------------------------------------------
                         required time                         -2.710    
                         arrival time                           2.933    
  -------------------------------------------------------------------
                         slack                                  0.224    

Slack (MET) :             0.230ns  (arrival time - required time)
  Source:                 rst
                            (input port clocked by clk_in  {rise@0.000ns fall@5.000ns period=10.000ns})
  Destination:            u_lif/refractory_counter_reg[3]/D
                            (rising edge-triggered cell FDRE clocked by clk_in  {rise@0.000ns fall@5.000ns period=10.000ns})
  Path Group:             clk_in
  Path Type:              Hold (Min at Slow Process Corner)
  Requirement:            0.000ns  (clk_in rise@0.000ns - clk_in rise@0.000ns)
  Data Path Delay:        2.958ns  (logic 0.609ns (20.593%)  route 2.349ns (79.407%))
  Logic Levels:           4  (IBUFCTRL=1 INBUF=1 LUT1=1 LUT6=1)
  Input Delay:            0.000ns
  Clock Path Skew:        2.468ns (DCD - SCD - CPR)
    Destination Clock Delay (DCD):    2.468ns
    Source Clock Delay      (SCD):    0.000ns
    Clock Pessimism Removal (CPR):    -0.000ns
  Clock Uncertainty:      0.200ns  ((TSJ^2 + TIJ^2)^1/2 + DJ) / 2 + PE + UU
    Total System Jitter     (TSJ):    0.000ns
    Total Input Jitter      (TIJ):    0.000ns
    Discrete Jitter          (DJ):    0.000ns
    Phase Error              (PE):    0.000ns
    User Uncertainty         (UU):    0.200ns
  Clock Net Delay (Destination): 1.234ns (routing 0.438ns, distribution 0.796ns)

    Location             Delay type                Incr(ns)  Path(ns)    Netlist Resource(s)
  -------------------------------------------------------------------    -------------------
                         (clock clk_in rise edge)     0.000     0.000 r  
                         input delay                  0.000     0.000    
    A13                                               0.000     0.000 f  rst (IN)
                         net (fo=0)                   0.000     0.000    rst_IBUF_inst/I
    A13                  INBUF (Prop_INBUF_HDIOB_M_PAD_O)
                                                      0.506     0.506 f  rst_IBUF_inst/INBUF_INST/O
                         net (fo=1, routed)           0.000     0.506    rst_IBUF_inst/OUT
    A13                  IBUFCTRL (Prop_IBUFCTRL_HDIOB_M_I_O)
                                                      0.000     0.506 f  rst_IBUF_inst/IBUFCTRL_INST/O
                         net (fo=36, routed)          0.576     1.082    u_lif/rst_IBUF
    SLICE_X17Y231        LUT6 (Prop_C6LUT_SLICEL_I0_O)
                                                      0.035     1.117 r  u_lif/refractory_counter[3]_i_2/O
                         net (fo=1, routed)           0.886     2.003    u_lif/refractory_counter[3]_i_2_n_0
    SLICE_X82Y239        LUT1 (Prop_D5LUT_SLICEM_I0_O)
                                                      0.068     2.071 r  u_lif/refractory_counter[3]_i_2_n_0_hold_fix/O
                         net (fo=1, routed)           0.887     2.958    u_lif/refractory_counter[3]_i_2_n_0_hold_fix_1
    SLICE_X17Y231        FDRE                                         r  u_lif/refractory_counter_reg[3]/D
  -------------------------------------------------------------------    -------------------

                         (clock clk_in rise edge)     0.000     0.000 r  
    D14                                               0.000     0.000 r  clk_in (IN)
                         net (fo=0)                   0.000     0.000    clk_in_IBUF_inst/I
    D14                  INBUF (Prop_INBUF_HDIOB_M_PAD_O)
                                                      1.002     1.002 r  clk_in_IBUF_inst/INBUF_INST/O
                         net (fo=1, routed)           0.000     1.002    clk_in_IBUF_inst/OUT
    D14                  IBUFCTRL (Prop_IBUFCTRL_HDIOB_M_I_O)
                                                      0.000     1.002 r  clk_in_IBUF_inst/IBUFCTRL_INST/O
                         net (fo=1, routed)           0.204     1.206    clk_in_IBUF
    BUFGCE_HDIO_X0Y6     BUFGCE (Prop_BUFCE_BUFGCE_HDIO_I_O)
                                                      0.028     1.234 r  bufg_clk/O
    X0Y3 (CLOCK_ROOT)    net (fo=32, routed)          1.234     2.468    u_lif/CLK
    SLICE_X17Y231        FDRE                                         r  u_lif/refractory_counter_reg[3]/C
                         clock pessimism              0.000     2.468    
                         clock uncertainty            0.200     2.668    
    SLICE_X17Y231        FDRE (Hold_CFF_SLICEL_C_D)
                                                      0.060     2.728    u_lif/refractory_counter_reg[3]
  -------------------------------------------------------------------
                         required time                         -2.728    
                         arrival time                           2.958    
  -------------------------------------------------------------------
                         slack                                  0.230    

Slack (MET) :             0.242ns  (arrival time - required time)
  Source:                 input_current[6]
                            (input port clocked by clk_in  {rise@0.000ns fall@5.000ns period=10.000ns})
  Destination:            u_lif/internal_value_reg[6]/D
                            (rising edge-triggered cell FDRE clocked by clk_in  {rise@0.000ns fall@5.000ns period=10.000ns})
  Path Group:             clk_in
  Path Type:              Hold (Min at Slow Process Corner)
  Requirement:            0.000ns  (clk_in rise@0.000ns - clk_in rise@0.000ns)
  Data Path Delay:        3.028ns  (logic 0.350ns (11.564%)  route 2.678ns (88.436%))
  Logic Levels:           4  (IBUFCTRL=1 INBUF=1 LUT1=1 LUT6=1)
  Input Delay:            0.000ns
  Clock Path Skew:        2.527ns (DCD - SCD - CPR)
    Destination Clock Delay (DCD):    2.527ns
    Source Clock Delay      (SCD):    0.000ns
    Clock Pessimism Removal (CPR):    -0.000ns
  Clock Uncertainty:      0.200ns  ((TSJ^2 + TIJ^2)^1/2 + DJ) / 2 + PE + UU
    Total System Jitter     (TSJ):    0.000ns
    Total Input Jitter      (TIJ):    0.000ns
    Discrete Jitter          (DJ):    0.000ns
    Phase Error              (PE):    0.000ns
    User Uncertainty         (UU):    0.200ns
  Clock Net Delay (Destination): 1.293ns (routing 0.438ns, distribution 0.855ns)

    Location             Delay type                Incr(ns)  Path(ns)    Netlist Resource(s)
  -------------------------------------------------------------------    -------------------
                         (clock clk_in rise edge)     0.000     0.000 r  
                         input delay                  0.000     0.000    
    C23                                               0.000     0.000 r  input_current[6] (IN)
                         net (fo=0)                   0.000     0.000    input_current_IBUF[6]_inst/I
    C23                  INBUF (Prop_INBUF_HPIOB_M_PAD_O)
                                                      0.259     0.259 r  input_current_IBUF[6]_inst/INBUF_INST/O
                         net (fo=1, routed)           0.000     0.259    input_current_IBUF[6]_inst/OUT
    C23                  IBUFCTRL (Prop_IBUFCTRL_HPIOB_M_I_O)
                                                      0.000     0.259 r  input_current_IBUF[6]_inst/IBUFCTRL_INST/O
                         net (fo=6, routed)           0.536     0.795    u_lif/input_current_IBUF[6]
    SLICE_X0Y229         LUT6 (Prop_H6LUT_SLICEL_I3_O)
                                                      0.057     0.852 r  u_lif/internal_value[6]_i_1/O
                         net (fo=1, routed)           1.079     1.931    u_lif/p_1_in[6]
    SLICE_X86Y239        LUT1 (Prop_A5LUT_SLICEM_I0_O)
                                                      0.034     1.965 r  u_lif/p_1_in[6]_hold_fix/O
                         net (fo=1, routed)           1.063     3.028    u_lif/p_1_in[6]_hold_fix_1
    SLICE_X0Y229         FDRE                                         r  u_lif/internal_value_reg[6]/D
  -------------------------------------------------------------------    -------------------

                         (clock clk_in rise edge)     0.000     0.000 r  
    D14                                               0.000     0.000 r  clk_in (IN)
                         net (fo=0)                   0.000     0.000    clk_in_IBUF_inst/I
    D14                  INBUF (Prop_INBUF_HDIOB_M_PAD_O)
                                                      1.002     1.002 r  clk_in_IBUF_inst/INBUF_INST/O
                         net (fo=1, routed)           0.000     1.002    clk_in_IBUF_inst/OUT
    D14                  IBUFCTRL (Prop_IBUFCTRL_HDIOB_M_I_O)
                                                      0.000     1.002 r  clk_in_IBUF_inst/IBUFCTRL_INST/O
                         net (fo=1, routed)           0.204     1.206    clk_in_IBUF
    BUFGCE_HDIO_X0Y6     BUFGCE (Prop_BUFCE_BUFGCE_HDIO_I_O)
                                                      0.028     1.234 r  bufg_clk/O
    X0Y3 (CLOCK_ROOT)    net (fo=32, routed)          1.293     2.527    u_lif/CLK
    SLICE_X0Y229         FDRE                                         r  u_lif/internal_value_reg[6]/C
                         clock pessimism              0.000     2.527    
                         clock uncertainty            0.200     2.727    
    SLICE_X0Y229         FDRE (Hold_HFF_SLICEL_C_D)
                                                      0.060     2.787    u_lif/internal_value_reg[6]
  -------------------------------------------------------------------
                         required time                         -2.787    
                         arrival time                           3.028    
  -------------------------------------------------------------------
                         slack                                  0.242    

Slack (MET) :             0.258ns  (arrival time - required time)
  Source:                 rst
                            (input port clocked by clk_in  {rise@0.000ns fall@5.000ns period=10.000ns})
  Destination:            u_lif/internal_value_reg[4]/CE
                            (rising edge-triggered cell FDRE clocked by clk_in  {rise@0.000ns fall@5.000ns period=10.000ns})
  Path Group:             clk_in
  Path Type:              Hold (Min at Slow Process Corner)
  Requirement:            0.000ns  (clk_in rise@0.000ns - clk_in rise@0.000ns)
  Data Path Delay:        2.968ns  (logic 0.621ns (20.930%)  route 2.347ns (79.070%))
  Logic Levels:           4  (IBUFCTRL=1 INBUF=1 LUT1=1 LUT3=1)
  Input Delay:            0.000ns
  Clock Path Skew:        2.524ns (DCD - SCD - CPR)
    Destination Clock Delay (DCD):    2.524ns
    Source Clock Delay      (SCD):    0.000ns
    Clock Pessimism Removal (CPR):    -0.000ns
  Clock Uncertainty:      0.200ns  ((TSJ^2 + TIJ^2)^1/2 + DJ) / 2 + PE + UU
    Total System Jitter     (TSJ):    0.000ns
    Total Input Jitter      (TIJ):    0.000ns
    Discrete Jitter          (DJ):    0.000ns
    Phase Error              (PE):    0.000ns
    User Uncertainty         (UU):    0.200ns
  Clock Net Delay (Destination): 1.290ns (routing 0.438ns, distribution 0.852ns)

    Location             Delay type                Incr(ns)  Path(ns)    Netlist Resource(s)
  -------------------------------------------------------------------    -------------------
                         (clock clk_in rise edge)     0.000     0.000 r  
                         input delay                  0.000     0.000    
    A13                                               0.000     0.000 r  rst (IN)
                         net (fo=0)                   0.000     0.000    rst_IBUF_inst/I
    A13                  INBUF (Prop_INBUF_HDIOB_M_PAD_O)
                                                      0.506     0.506 r  rst_IBUF_inst/INBUF_INST/O
                         net (fo=1, routed)           0.000     0.506    rst_IBUF_inst/OUT
    A13                  IBUFCTRL (Prop_IBUFCTRL_HDIOB_M_I_O)
                                                      0.000     0.506 r  rst_IBUF_inst/IBUFCTRL_INST/O
                         net (fo=36, routed)          0.575     1.081    u_lif/rst_IBUF
    SLICE_X17Y231        LUT3 (Prop_H5LUT_SLICEL_I1_O)
                                                      0.062     1.143 r  u_lif/internal_value[27]_i_2/O
                         net (fo=1, routed)           0.756     1.899    u_lif/internal_value[27]_i_2_n_0
    SLICE_X68Y239        LUT1 (Prop_A5LUT_SLICEL_I0_O)
                                                      0.053     1.952 r  u_lif/internal_value[27]_i_2_n_0_hold_fix/O
                         net (fo=28, routed)          1.016     2.968    u_lif/internal_value[27]_i_2_n_0_hold_fix_1
    SLICE_X0Y234         FDRE                                         r  u_lif/internal_value_reg[4]/CE
  -------------------------------------------------------------------    -------------------

                         (clock clk_in rise edge)     0.000     0.000 r  
    D14                                               0.000     0.000 r  clk_in (IN)
                         net (fo=0)                   0.000     0.000    clk_in_IBUF_inst/I
    D14                  INBUF (Prop_INBUF_HDIOB_M_PAD_O)
                                                      1.002     1.002 r  clk_in_IBUF_inst/INBUF_INST/O
                         net (fo=1, routed)           0.000     1.002    clk_in_IBUF_inst/OUT
    D14                  IBUFCTRL (Prop_IBUFCTRL_HDIOB_M_I_O)
                                                      0.000     1.002 r  clk_in_IBUF_inst/IBUFCTRL_INST/O
                         net (fo=1, routed)           0.204     1.206    clk_in_IBUF
    BUFGCE_HDIO_X0Y6     BUFGCE (Prop_BUFCE_BUFGCE_HDIO_I_O)
                                                      0.028     1.234 r  bufg_clk/O
    X0Y3 (CLOCK_ROOT)    net (fo=32, routed)          1.290     2.524    u_lif/CLK
    SLICE_X0Y234         FDRE                                         r  u_lif/internal_value_reg[4]/C
                         clock pessimism              0.000     2.524    
                         clock uncertainty            0.200     2.724    
    SLICE_X0Y234         FDRE (Hold_AFF_SLICEL_C_CE)
                                                     -0.014     2.710    u_lif/internal_value_reg[4]
  -------------------------------------------------------------------
                         required time                         -2.710    
                         arrival time                           2.968    
  -------------------------------------------------------------------
                         slack                                  0.258    

Slack (MET) :             0.268ns  (arrival time - required time)
  Source:                 input_current[11]
                            (input port clocked by clk_in  {rise@0.000ns fall@5.000ns period=10.000ns})
  Destination:            u_lif/internal_value_reg[1]/R
                            (rising edge-triggered cell FDRE clocked by clk_in  {rise@0.000ns fall@5.000ns period=10.000ns})
  Path Group:             clk_in
  Path Type:              Hold (Min at Slow Process Corner)
  Requirement:            0.000ns  (clk_in rise@0.000ns - clk_in rise@0.000ns)
  Data Path Delay:        2.978ns  (logic 0.563ns (18.902%)  route 2.415ns (81.098%))
  Logic Levels:           7  (CARRY8=2 IBUFCTRL=1 INBUF=1 LUT1=1 LUT2=1 LUT4=1)
  Input Delay:            0.000ns
  Clock Path Skew:        2.525ns (DCD - SCD - CPR)
    Destination Clock Delay (DCD):    2.525ns
    Source Clock Delay      (SCD):    0.000ns
    Clock Pessimism Removal (CPR):    -0.000ns
  Clock Uncertainty:      0.200ns  ((TSJ^2 + TIJ^2)^1/2 + DJ) / 2 + PE + UU
    Total System Jitter     (TSJ):    0.000ns
    Total Input Jitter      (TIJ):    0.000ns
    Discrete Jitter          (DJ):    0.000ns
    Phase Error              (PE):    0.000ns
    User Uncertainty         (UU):    0.200ns
  Clock Net Delay (Destination): 1.291ns (routing 0.438ns, distribution 0.853ns)

    Location             Delay type                Incr(ns)  Path(ns)    Netlist Resource(s)
  -------------------------------------------------------------------    -------------------
                         (clock clk_in rise edge)     0.000     0.000 r  
                         input delay                  0.000     0.000    
    A23                                               0.000     0.000 r  input_current[11] (IN)
                         net (fo=0)                   0.000     0.000    input_current_IBUF[11]_inst/I
    A23                  INBUF (Prop_INBUF_HPIOB_S_PAD_O)
                                                      0.266     0.266 r  input_current_IBUF[11]_inst/INBUF_INST/O
                         net (fo=1, routed)           0.000     0.266    input_current_IBUF[11]_inst/OUT
    A23                  IBUFCTRL (Prop_IBUFCTRL_HPIOB_S_I_O)
                                                      0.000     0.266 r  input_current_IBUF[11]_inst/IBUFCTRL_INST/O
                         net (fo=5, routed)           0.540     0.805    u_lif/input_current_IBUF[11]
    SLICE_X1Y226         LUT2 (Prop_F5LUT_SLICEM_I0_O)
                                                      0.059     0.864 r  u_lif/threshold_crossed0__15_carry_i_3/O
                         net (fo=1, routed)           0.002     0.866    u_lif/threshold_crossed0__15_carry_i_3_n_0
    SLICE_X1Y226         CARRY8 (Prop_CARRY8_SLICEM_DI[5]_CO[7])
                                                      0.070     0.936 r  u_lif/threshold_crossed0__15_carry/CO[7]
                         net (fo=1, routed)           0.004     0.940    u_lif/threshold_crossed0__15_carry_n_0
    SLICE_X1Y227         CARRY8 (Prop_CARRY8_SLICEM_CI_CO[5])
                                                      0.053     0.993 r  u_lif/threshold_crossed0__15_carry__0/CO[5]
                         net (fo=3, routed)           0.084     1.078    u_lif/threshold_crossed0__15_carry__0_n_2
    SLICE_X2Y227         LUT4 (Prop_A6LUT_SLICEL_I0_O)
                                                      0.022     1.100 r  u_lif/internal_value[27]_i_1/O
                         net (fo=1, routed)           0.912     2.012    u_lif/internal_value[27]_i_1_n_0
    SLICE_X67Y239        LUT1 (Prop_A5LUT_SLICEM_I0_O)
                                                      0.093     2.105 r  u_lif/internal_value[27]_i_1_n_0_hold_fix/O
                         net (fo=28, routed)          0.873     2.978    u_lif/internal_value[27]_i_1_n_0_hold_fix_1
    SLICE_X0Y237         FDRE                                         r  u_lif/internal_value_reg[1]/R
  -------------------------------------------------------------------    -------------------

                         (clock clk_in rise edge)     0.000     0.000 r  
    D14                                               0.000     0.000 r  clk_in (IN)
                         net (fo=0)                   0.000     0.000    clk_in_IBUF_inst/I
    D14                  INBUF (Prop_INBUF_HDIOB_M_PAD_O)
                                                      1.002     1.002 r  clk_in_IBUF_inst/INBUF_INST/O
                         net (fo=1, routed)           0.000     1.002    clk_in_IBUF_inst/OUT
    D14                  IBUFCTRL (Prop_IBUFCTRL_HDIOB_M_I_O)
                                                      0.000     1.002 r  clk_in_IBUF_inst/IBUFCTRL_INST/O
                         net (fo=1, routed)           0.204     1.206    clk_in_IBUF
    BUFGCE_HDIO_X0Y6     BUFGCE (Prop_BUFCE_BUFGCE_HDIO_I_O)
                                                      0.028     1.234 r  bufg_clk/O
    X0Y3 (CLOCK_ROOT)    net (fo=32, routed)          1.291     2.525    u_lif/CLK
    SLICE_X0Y237         FDRE                                         r  u_lif/internal_value_reg[1]/C
                         clock pessimism              0.000     2.525    
                         clock uncertainty            0.200     2.725    
    SLICE_X0Y237         FDRE (Hold_AFF_SLICEL_C_R)
                                                     -0.015     2.710    u_lif/internal_value_reg[1]
  -------------------------------------------------------------------
                         required time                         -2.710    
                         arrival time                           2.978    
  -------------------------------------------------------------------
                         slack                                  0.268    

Slack (MET) :             0.268ns  (arrival time - required time)
  Source:                 input_current[11]
                            (input port clocked by clk_in  {rise@0.000ns fall@5.000ns period=10.000ns})
  Destination:            u_lif/internal_value_reg[3]/R
                            (rising edge-triggered cell FDRE clocked by clk_in  {rise@0.000ns fall@5.000ns period=10.000ns})
  Path Group:             clk_in
  Path Type:              Hold (Min at Slow Process Corner)
  Requirement:            0.000ns  (clk_in rise@0.000ns - clk_in rise@0.000ns)
  Data Path Delay:        2.978ns  (logic 0.563ns (18.902%)  route 2.415ns (81.098%))
  Logic Levels:           7  (CARRY8=2 IBUFCTRL=1 INBUF=1 LUT1=1 LUT2=1 LUT4=1)
  Input Delay:            0.000ns
  Clock Path Skew:        2.525ns (DCD - SCD - CPR)
    Destination Clock Delay (DCD):    2.525ns
    Source Clock Delay      (SCD):    0.000ns
    Clock Pessimism Removal (CPR):    -0.000ns
  Clock Uncertainty:      0.200ns  ((TSJ^2 + TIJ^2)^1/2 + DJ) / 2 + PE + UU
    Total System Jitter     (TSJ):    0.000ns
    Total Input Jitter      (TIJ):    0.000ns
    Discrete Jitter          (DJ):    0.000ns
    Phase Error              (PE):    0.000ns
    User Uncertainty         (UU):    0.200ns
  Clock Net Delay (Destination): 1.291ns (routing 0.438ns, distribution 0.853ns)

    Location             Delay type                Incr(ns)  Path(ns)    Netlist Resource(s)
  -------------------------------------------------------------------    -------------------
                         (clock clk_in rise edge)     0.000     0.000 r  
                         input delay                  0.000     0.000    
    A23                                               0.000     0.000 r  input_current[11] (IN)
                         net (fo=0)                   0.000     0.000    input_current_IBUF[11]_inst/I
    A23                  INBUF (Prop_INBUF_HPIOB_S_PAD_O)
                                                      0.266     0.266 r  input_current_IBUF[11]_inst/INBUF_INST/O
                         net (fo=1, routed)           0.000     0.266    input_current_IBUF[11]_inst/OUT
    A23                  IBUFCTRL (Prop_IBUFCTRL_HPIOB_S_I_O)
                                                      0.000     0.266 r  input_current_IBUF[11]_inst/IBUFCTRL_INST/O
                         net (fo=5, routed)           0.540     0.805    u_lif/input_current_IBUF[11]
    SLICE_X1Y226         LUT2 (Prop_F5LUT_SLICEM_I0_O)
                                                      0.059     0.864 r  u_lif/threshold_crossed0__15_carry_i_3/O
                         net (fo=1, routed)           0.002     0.866    u_lif/threshold_crossed0__15_carry_i_3_n_0
    SLICE_X1Y226         CARRY8 (Prop_CARRY8_SLICEM_DI[5]_CO[7])
                                                      0.070     0.936 r  u_lif/threshold_crossed0__15_carry/CO[7]
                         net (fo=1, routed)           0.004     0.940    u_lif/threshold_crossed0__15_carry_n_0
    SLICE_X1Y227         CARRY8 (Prop_CARRY8_SLICEM_CI_CO[5])
                                                      0.053     0.993 r  u_lif/threshold_crossed0__15_carry__0/CO[5]
                         net (fo=3, routed)           0.084     1.078    u_lif/threshold_crossed0__15_carry__0_n_2
    SLICE_X2Y227         LUT4 (Prop_A6LUT_SLICEL_I0_O)
                                                      0.022     1.100 r  u_lif/internal_value[27]_i_1/O
                         net (fo=1, routed)           0.912     2.012    u_lif/internal_value[27]_i_1_n_0
    SLICE_X67Y239        LUT1 (Prop_A5LUT_SLICEM_I0_O)
                                                      0.093     2.105 r  u_lif/internal_value[27]_i_1_n_0_hold_fix/O
                         net (fo=28, routed)          0.873     2.978    u_lif/internal_value[27]_i_1_n_0_hold_fix_1
    SLICE_X0Y237         FDRE                                         r  u_lif/internal_value_reg[3]/R
  -------------------------------------------------------------------    -------------------

                         (clock clk_in rise edge)     0.000     0.000 r  
    D14                                               0.000     0.000 r  clk_in (IN)
                         net (fo=0)                   0.000     0.000    clk_in_IBUF_inst/I
    D14                  INBUF (Prop_INBUF_HDIOB_M_PAD_O)
                                                      1.002     1.002 r  clk_in_IBUF_inst/INBUF_INST/O
                         net (fo=1, routed)           0.000     1.002    clk_in_IBUF_inst/OUT
    D14                  IBUFCTRL (Prop_IBUFCTRL_HDIOB_M_I_O)
                                                      0.000     1.002 r  clk_in_IBUF_inst/IBUFCTRL_INST/O
                         net (fo=1, routed)           0.204     1.206    clk_in_IBUF
    BUFGCE_HDIO_X0Y6     BUFGCE (Prop_BUFCE_BUFGCE_HDIO_I_O)
                                                      0.028     1.234 r  bufg_clk/O
    X0Y3 (CLOCK_ROOT)    net (fo=32, routed)          1.291     2.525    u_lif/CLK
    SLICE_X0Y237         FDRE                                         r  u_lif/internal_value_reg[3]/C
                         clock pessimism              0.000     2.525    
                         clock uncertainty            0.200     2.725    
    SLICE_X0Y237         FDRE (Hold_BFF_SLICEL_C_R)
                                                     -0.015     2.710    u_lif/internal_value_reg[3]
  -------------------------------------------------------------------
                         required time                         -2.710    
                         arrival time                           2.978    
  -------------------------------------------------------------------
                         slack                                  0.268    

Slack (MET) :             0.278ns  (arrival time - required time)
  Source:                 input_current[10]
                            (input port clocked by clk_in  {rise@0.000ns fall@5.000ns period=10.000ns})
  Destination:            u_lif/internal_value_reg[10]/D
                            (rising edge-triggered cell FDRE clocked by clk_in  {rise@0.000ns fall@5.000ns period=10.000ns})
  Path Group:             clk_in
  Path Type:              Hold (Min at Slow Process Corner)
  Requirement:            0.000ns  (clk_in rise@0.000ns - clk_in rise@0.000ns)
  Data Path Delay:        3.071ns  (logic 0.380ns (12.370%)  route 2.691ns (87.630%))
  Logic Levels:           4  (IBUFCTRL=1 INBUF=1 LUT1=1 LUT6=1)
  Input Delay:            0.000ns
  Clock Path Skew:        2.534ns (DCD - SCD - CPR)
    Destination Clock Delay (DCD):    2.534ns
    Source Clock Delay      (SCD):    0.000ns
    Clock Pessimism Removal (CPR):    -0.000ns
  Clock Uncertainty:      0.200ns  ((TSJ^2 + TIJ^2)^1/2 + DJ) / 2 + PE + UU
    Total System Jitter     (TSJ):    0.000ns
    Total Input Jitter      (TIJ):    0.000ns
    Discrete Jitter          (DJ):    0.000ns
    Phase Error              (PE):    0.000ns
    User Uncertainty         (UU):    0.200ns
  Clock Net Delay (Destination): 1.300ns (routing 0.438ns, distribution 0.862ns)

    Location             Delay type                Incr(ns)  Path(ns)    Netlist Resource(s)
  -------------------------------------------------------------------    -------------------
                         (clock clk_in rise edge)     0.000     0.000 r  
                         input delay                  0.000     0.000    
    A22                                               0.000     0.000 r  input_current[10] (IN)
                         net (fo=0)                   0.000     0.000    input_current_IBUF[10]_inst/I
    A22                  INBUF (Prop_INBUF_HPIOB_M_PAD_O)
                                                      0.266     0.266 r  input_current_IBUF[10]_inst/INBUF_INST/O
                         net (fo=1, routed)           0.000     0.266    input_current_IBUF[10]_inst/OUT
    A22                  IBUFCTRL (Prop_IBUFCTRL_HPIOB_M_I_O)
                                                      0.000     0.266 r  input_current_IBUF[10]_inst/IBUFCTRL_INST/O
                         net (fo=6, routed)           0.576     0.842    u_lif/input_current_IBUF[10]
    SLICE_X2Y225         LUT6 (Prop_H6LUT_SLICEL_I3_O)
                                                      0.082     0.924 r  u_lif/internal_value[10]_i_1/O
                         net (fo=1, routed)           1.070     1.994    u_lif/p_1_in[10]
    SLICE_X84Y239        LUT1 (Prop_A5LUT_SLICEL_I0_O)
                                                      0.032     2.026 r  u_lif/p_1_in[10]_hold_fix/O
                         net (fo=1, routed)           1.045     3.071    u_lif/p_1_in[10]_hold_fix_1
    SLICE_X2Y225         FDRE                                         r  u_lif/internal_value_reg[10]/D
  -------------------------------------------------------------------    -------------------

                         (clock clk_in rise edge)     0.000     0.000 r  
    D14                                               0.000     0.000 r  clk_in (IN)
                         net (fo=0)                   0.000     0.000    clk_in_IBUF_inst/I
    D14                  INBUF (Prop_INBUF_HDIOB_M_PAD_O)
                                                      1.002     1.002 r  clk_in_IBUF_inst/INBUF_INST/O
                         net (fo=1, routed)           0.000     1.002    clk_in_IBUF_inst/OUT
    D14                  IBUFCTRL (Prop_IBUFCTRL_HDIOB_M_I_O)
                                                      0.000     1.002 r  clk_in_IBUF_inst/IBUFCTRL_INST/O
                         net (fo=1, routed)           0.204     1.206    clk_in_IBUF
    BUFGCE_HDIO_X0Y6     BUFGCE (Prop_BUFCE_BUFGCE_HDIO_I_O)
                                                      0.028     1.234 r  bufg_clk/O
    X0Y3 (CLOCK_ROOT)    net (fo=32, routed)          1.300     2.534    u_lif/CLK
    SLICE_X2Y225         FDRE                                         r  u_lif/internal_value_reg[10]/C
                         clock pessimism              0.000     2.534    
                         clock uncertainty            0.200     2.734    
    SLICE_X2Y225         FDRE (Hold_HFF_SLICEL_C_D)
                                                      0.060     2.794    u_lif/internal_value_reg[10]
  -------------------------------------------------------------------
                         required time                         -2.794    
                         arrival time                           3.071    
  -------------------------------------------------------------------
                         slack                                  0.278    

Slack (MET) :             0.281ns  (arrival time - required time)
  Source:                 input_current[15]
                            (input port clocked by clk_in  {rise@0.000ns fall@5.000ns period=10.000ns})
  Destination:            u_lif/internal_value_reg[15]/D
                            (rising edge-triggered cell FDRE clocked by clk_in  {rise@0.000ns fall@5.000ns period=10.000ns})
  Path Group:             clk_in
  Path Type:              Hold (Min at Slow Process Corner)
  Requirement:            0.000ns  (clk_in rise@0.000ns - clk_in rise@0.000ns)
  Data Path Delay:        3.075ns  (logic 0.431ns (14.019%)  route 2.644ns (85.981%))
  Logic Levels:           4  (IBUFCTRL=1 INBUF=1 LUT1=1 LUT6=1)
  Input Delay:            0.000ns
  Clock Path Skew:        2.534ns (DCD - SCD - CPR)
    Destination Clock Delay (DCD):    2.534ns
    Source Clock Delay      (SCD):    0.000ns
    Clock Pessimism Removal (CPR):    -0.000ns
  Clock Uncertainty:      0.200ns  ((TSJ^2 + TIJ^2)^1/2 + DJ) / 2 + PE + UU
    Total System Jitter     (TSJ):    0.000ns
    Total Input Jitter      (TIJ):    0.000ns
    Discrete Jitter          (DJ):    0.000ns
    Phase Error              (PE):    0.000ns
    User Uncertainty         (UU):    0.200ns
  Clock Net Delay (Destination): 1.300ns (routing 0.438ns, distribution 0.862ns)

    Location             Delay type                Incr(ns)  Path(ns)    Netlist Resource(s)
  -------------------------------------------------------------------    -------------------
                         (clock clk_in rise edge)     0.000     0.000 r  
                         input delay                  0.000     0.000    
    A15                                               0.000     0.000 r  input_current[15] (IN)
                         net (fo=0)                   0.000     0.000    input_current_IBUF[15]_inst/I
    A15                  INBUF (Prop_INBUF_HPIOB_S_PAD_O)
                                                      0.287     0.287 r  input_current_IBUF[15]_inst/INBUF_INST/O
                         net (fo=1, routed)           0.000     0.287    input_current_IBUF[15]_inst/OUT
    A15                  IBUFCTRL (Prop_IBUFCTRL_HPIOB_S_I_O)
                                                      0.000     0.287 r  input_current_IBUF[15]_inst/IBUFCTRL_INST/O
                         net (fo=8, routed)           0.612     0.899    u_lif/input_current_IBUF[15]
    SLICE_X2Y224         LUT6 (Prop_G6LUT_SLICEL_I3_O)
                                                      0.065     0.964 r  u_lif/internal_value[15]_i_1/O
                         net (fo=1, routed)           1.029     1.993    u_lif/p_1_in[15]
    SLICE_X79Y239        LUT1 (Prop_A5LUT_SLICEM_I0_O)
                                                      0.079     2.072 r  u_lif/p_1_in[15]_hold_fix/O
                         net (fo=1, routed)           1.003     3.075    u_lif/p_1_in[15]_hold_fix_1
    SLICE_X2Y224         FDRE                                         r  u_lif/internal_value_reg[15]/D
  -------------------------------------------------------------------    -------------------

                         (clock clk_in rise edge)     0.000     0.000 r  
    D14                                               0.000     0.000 r  clk_in (IN)
                         net (fo=0)                   0.000     0.000    clk_in_IBUF_inst/I
    D14                  INBUF (Prop_INBUF_HDIOB_M_PAD_O)
                                                      1.002     1.002 r  clk_in_IBUF_inst/INBUF_INST/O
                         net (fo=1, routed)           0.000     1.002    clk_in_IBUF_inst/OUT
    D14                  IBUFCTRL (Prop_IBUFCTRL_HDIOB_M_I_O)
                                                      0.000     1.002 r  clk_in_IBUF_inst/IBUFCTRL_INST/O
                         net (fo=1, routed)           0.204     1.206    clk_in_IBUF
    BUFGCE_HDIO_X0Y6     BUFGCE (Prop_BUFCE_BUFGCE_HDIO_I_O)
                                                      0.028     1.234 r  bufg_clk/O
    X0Y3 (CLOCK_ROOT)    net (fo=32, routed)          1.300     2.534    u_lif/CLK
    SLICE_X2Y224         FDRE                                         r  u_lif/internal_value_reg[15]/C
                         clock pessimism              0.000     2.534    
                         clock uncertainty            0.200     2.734    
    SLICE_X2Y224         FDRE (Hold_GFF_SLICEL_C_D)
                                                      0.060     2.794    u_lif/internal_value_reg[15]
  -------------------------------------------------------------------
                         required time                         -2.794    
                         arrival time                           3.075    
  -------------------------------------------------------------------
                         slack                                  0.281    

Slack (MET) :             0.290ns  (arrival time - required time)
  Source:                 rst
                            (input port clocked by clk_in  {rise@0.000ns fall@5.000ns period=10.000ns})
  Destination:            u_lif/internal_value_reg[19]/CE
                            (rising edge-triggered cell FDRE clocked by clk_in  {rise@0.000ns fall@5.000ns period=10.000ns})
  Path Group:             clk_in
  Path Type:              Hold (Min at Slow Process Corner)
  Requirement:            0.000ns  (clk_in rise@0.000ns - clk_in rise@0.000ns)
  Data Path Delay:        3.000ns  (logic 0.621ns (20.707%)  route 2.378ns (79.293%))
  Logic Levels:           4  (IBUFCTRL=1 INBUF=1 LUT1=1 LUT3=1)
  Input Delay:            0.000ns
  Clock Path Skew:        2.524ns (DCD - SCD - CPR)
    Destination Clock Delay (DCD):    2.524ns
    Source Clock Delay      (SCD):    0.000ns
    Clock Pessimism Removal (CPR):    -0.000ns
  Clock Uncertainty:      0.200ns  ((TSJ^2 + TIJ^2)^1/2 + DJ) / 2 + PE + UU
    Total System Jitter     (TSJ):    0.000ns
    Total Input Jitter      (TIJ):    0.000ns
    Discrete Jitter          (DJ):    0.000ns
    Phase Error              (PE):    0.000ns
    User Uncertainty         (UU):    0.200ns
  Clock Net Delay (Destination): 1.290ns (routing 0.438ns, distribution 0.852ns)

    Location             Delay type                Incr(ns)  Path(ns)    Netlist Resource(s)
  -------------------------------------------------------------------    -------------------
                         (clock clk_in rise edge)     0.000     0.000 r  
                         input delay                  0.000     0.000    
    A13                                               0.000     0.000 r  rst (IN)
                         net (fo=0)                   0.000     0.000    rst_IBUF_inst/I
    A13                  INBUF (Prop_INBUF_HDIOB_M_PAD_O)
                                                      0.506     0.506 r  rst_IBUF_inst/INBUF_INST/O
                         net (fo=1, routed)           0.000     0.506    rst_IBUF_inst/OUT
    A13                  IBUFCTRL (Prop_IBUFCTRL_HDIOB_M_I_O)
                                                      0.000     0.506 r  rst_IBUF_inst/IBUFCTRL_INST/O
                         net (fo=36, routed)          0.575     1.081    u_lif/rst_IBUF
    SLICE_X17Y231        LUT3 (Prop_H5LUT_SLICEL_I1_O)
                                                      0.062     1.143 r  u_lif/internal_value[27]_i_2/O
                         net (fo=1, routed)           0.756     1.899    u_lif/internal_value[27]_i_2_n_0
    SLICE_X68Y239        LUT1 (Prop_A5LUT_SLICEL_I0_O)
                                                      0.053     1.952 r  u_lif/internal_value[27]_i_2_n_0_hold_fix/O
                         net (fo=28, routed)          1.048     3.000    u_lif/internal_value[27]_i_2_n_0_hold_fix_1
    SLICE_X0Y233         FDRE                                         r  u_lif/internal_value_reg[19]/CE
  -------------------------------------------------------------------    -------------------

                         (clock clk_in rise edge)     0.000     0.000 r  
    D14                                               0.000     0.000 r  clk_in (IN)
                         net (fo=0)                   0.000     0.000    clk_in_IBUF_inst/I
    D14                  INBUF (Prop_INBUF_HDIOB_M_PAD_O)
                                                      1.002     1.002 r  clk_in_IBUF_inst/INBUF_INST/O
                         net (fo=1, routed)           0.000     1.002    clk_in_IBUF_inst/OUT
    D14                  IBUFCTRL (Prop_IBUFCTRL_HDIOB_M_I_O)
                                                      0.000     1.002 r  clk_in_IBUF_inst/IBUFCTRL_INST/O
                         net (fo=1, routed)           0.204     1.206    clk_in_IBUF
    BUFGCE_HDIO_X0Y6     BUFGCE (Prop_BUFCE_BUFGCE_HDIO_I_O)
                                                      0.028     1.234 r  bufg_clk/O
    X0Y3 (CLOCK_ROOT)    net (fo=32, routed)          1.290     2.524    u_lif/CLK
    SLICE_X0Y233         FDRE                                         r  u_lif/internal_value_reg[19]/C
                         clock pessimism              0.000     2.524    
                         clock uncertainty            0.200     2.724    
    SLICE_X0Y233         FDRE (Hold_CFF_SLICEL_C_CE)
                                                     -0.014     2.710    u_lif/internal_value_reg[19]
  -------------------------------------------------------------------
                         required time                         -2.710    
                         arrival time                           3.000    
  -------------------------------------------------------------------
                         slack                                  0.290    

Slack (MET) :             0.304ns  (arrival time - required time)
  Source:                 input_current[11]
                            (input port clocked by clk_in  {rise@0.000ns fall@5.000ns period=10.000ns})
  Destination:            u_lif/internal_value_reg[2]/R
                            (rising edge-triggered cell FDRE clocked by clk_in  {rise@0.000ns fall@5.000ns period=10.000ns})
  Path Group:             clk_in
  Path Type:              Hold (Min at Slow Process Corner)
  Requirement:            0.000ns  (clk_in rise@0.000ns - clk_in rise@0.000ns)
  Data Path Delay:        3.017ns  (logic 0.563ns (18.655%)  route 2.454ns (81.345%))
  Logic Levels:           7  (CARRY8=2 IBUFCTRL=1 INBUF=1 LUT1=1 LUT2=1 LUT4=1)
  Input Delay:            0.000ns
  Clock Path Skew:        2.529ns (DCD - SCD - CPR)
    Destination Clock Delay (DCD):    2.529ns
    Source Clock Delay      (SCD):    0.000ns
    Clock Pessimism Removal (CPR):    -0.000ns
  Clock Uncertainty:      0.200ns  ((TSJ^2 + TIJ^2)^1/2 + DJ) / 2 + PE + UU
    Total System Jitter     (TSJ):    0.000ns
    Total Input Jitter      (TIJ):    0.000ns
    Discrete Jitter          (DJ):    0.000ns
    Phase Error              (PE):    0.000ns
    User Uncertainty         (UU):    0.200ns
  Clock Net Delay (Destination): 1.295ns (routing 0.438ns, distribution 0.857ns)

    Location             Delay type                Incr(ns)  Path(ns)    Netlist Resource(s)
  -------------------------------------------------------------------    -------------------
                         (clock clk_in rise edge)     0.000     0.000 r  
                         input delay                  0.000     0.000    
    A23                                               0.000     0.000 r  input_current[11] (IN)
                         net (fo=0)                   0.000     0.000    input_current_IBUF[11]_inst/I
    A23                  INBUF (Prop_INBUF_HPIOB_S_PAD_O)
                                                      0.266     0.266 r  input_current_IBUF[11]_inst/INBUF_INST/O
                         net (fo=1, routed)           0.000     0.266    input_current_IBUF[11]_inst/OUT
    A23                  IBUFCTRL (Prop_IBUFCTRL_HPIOB_S_I_O)
                                                      0.000     0.266 r  input_current_IBUF[11]_inst/IBUFCTRL_INST/O
                         net (fo=5, routed)           0.540     0.805    u_lif/input_current_IBUF[11]
    SLICE_X1Y226         LUT2 (Prop_F5LUT_SLICEM_I0_O)
                                                      0.059     0.864 r  u_lif/threshold_crossed0__15_carry_i_3/O
                         net (fo=1, routed)           0.002     0.866    u_lif/threshold_crossed0__15_carry_i_3_n_0
    SLICE_X1Y226         CARRY8 (Prop_CARRY8_SLICEM_DI[5]_CO[7])
                                                      0.070     0.936 r  u_lif/threshold_crossed0__15_carry/CO[7]
                         net (fo=1, routed)           0.004     0.940    u_lif/threshold_crossed0__15_carry_n_0
    SLICE_X1Y227         CARRY8 (Prop_CARRY8_SLICEM_CI_CO[5])
                                                      0.053     0.993 r  u_lif/threshold_crossed0__15_carry__0/CO[5]
                         net (fo=3, routed)           0.084     1.078    u_lif/threshold_crossed0__15_carry__0_n_2
    SLICE_X2Y227         LUT4 (Prop_A6LUT_SLICEL_I0_O)
                                                      0.022     1.100 r  u_lif/internal_value[27]_i_1/O
                         net (fo=1, routed)           0.912     2.012    u_lif/internal_value[27]_i_1_n_0
    SLICE_X67Y239        LUT1 (Prop_A5LUT_SLICEM_I0_O)
                                                      0.093     2.105 r  u_lif/internal_value[27]_i_1_n_0_hold_fix/O
                         net (fo=28, routed)          0.912     3.017    u_lif/internal_value[27]_i_1_n_0_hold_fix_1
    SLICE_X0Y235         FDRE                                         r  u_lif/internal_value_reg[2]/R
  -------------------------------------------------------------------    -------------------

                         (clock clk_in rise edge)     0.000     0.000 r  
    D14                                               0.000     0.000 r  clk_in (IN)
                         net (fo=0)                   0.000     0.000    clk_in_IBUF_inst/I
    D14                  INBUF (Prop_INBUF_HDIOB_M_PAD_O)
                                                      1.002     1.002 r  clk_in_IBUF_inst/INBUF_INST/O
                         net (fo=1, routed)           0.000     1.002    clk_in_IBUF_inst/OUT
    D14                  IBUFCTRL (Prop_IBUFCTRL_HDIOB_M_I_O)
                                                      0.000     1.002 r  clk_in_IBUF_inst/IBUFCTRL_INST/O
                         net (fo=1, routed)           0.204     1.206    clk_in_IBUF
    BUFGCE_HDIO_X0Y6     BUFGCE (Prop_BUFCE_BUFGCE_HDIO_I_O)
                                                      0.028     1.234 r  bufg_clk/O
    X0Y3 (CLOCK_ROOT)    net (fo=32, routed)          1.295     2.529    u_lif/CLK
    SLICE_X0Y235         FDRE                                         r  u_lif/internal_value_reg[2]/C
                         clock pessimism              0.000     2.529    
                         clock uncertainty            0.200     2.729    
    SLICE_X0Y235         FDRE (Hold_FFF_SLICEL_C_R)
                                                     -0.015     2.714    u_lif/internal_value_reg[2]
  -------------------------------------------------------------------
                         required time                         -2.714    
                         arrival time                           3.017    
  -------------------------------------------------------------------
                         slack                                  0.304    





Pulse Width Checks
--------------------------------------------------------------------------------------
Clock Name:         clk_in
Waveform(ns):       { 0.000 5.000 }
Period(ns):         10.000
Sources:            { clk_in }

Check Type        Corner  Lib Pin   Reference Pin  Required(ns)  Actual(ns)  Slack(ns)  Location          Pin
Min Period        n/a     BUFGCE/I  n/a            1.290         10.000      8.710      BUFGCE_HDIO_X0Y6  bufg_clk/I
Min Period        n/a     FDRE/C    n/a            0.550         10.000      9.450      SLICE_X4Y224      u_lif/internal_value_reg[0]/C
Min Period        n/a     FDRE/C    n/a            0.550         10.000      9.450      SLICE_X2Y225      u_lif/internal_value_reg[10]/C
Min Period        n/a     FDRE/C    n/a            0.550         10.000      9.450      SLICE_X4Y225      u_lif/internal_value_reg[11]/C
Min Period        n/a     FDRE/C    n/a            0.550         10.000      9.450      SLICE_X2Y224      u_lif/internal_value_reg[12]/C
Min Period        n/a     FDRE/C    n/a            0.550         10.000      9.450      SLICE_X2Y223      u_lif/internal_value_reg[13]/C
Min Period        n/a     FDRE/C    n/a            0.550         10.000      9.450      SLICE_X0Y222      u_lif/internal_value_reg[14]/C
Min Period        n/a     FDRE/C    n/a            0.550         10.000      9.450      SLICE_X2Y224      u_lif/internal_value_reg[15]/C
Min Period        n/a     FDRE/C    n/a            0.550         10.000      9.450      SLICE_X0Y239      u_lif/internal_value_reg[16]/C
Min Period        n/a     FDRE/C    n/a            0.550         10.000      9.450      SLICE_X0Y236      u_lif/internal_value_reg[17]/C
Min Period        n/a     FDRE/C    n/a            0.550         10.000      9.450      SLICE_X0Y232      u_lif/internal_value_reg[18]/C
Min Period        n/a     FDRE/C    n/a            0.550         10.000      9.450      SLICE_X0Y233      u_lif/internal_value_reg[19]/C
Min Period        n/a     FDRE/C    n/a            0.550         10.000      9.450      SLICE_X0Y237      u_lif/internal_value_reg[1]/C
Min Period        n/a     FDRE/C    n/a            0.550         10.000      9.450      SLICE_X0Y229      u_lif/internal_value_reg[20]/C
Min Period        n/a     FDRE/C    n/a            0.550         10.000      9.450      SLICE_X0Y224      u_lif/internal_value_reg[21]/C
Min Period        n/a     FDRE/C    n/a            0.550         10.000      9.450      SLICE_X0Y228      u_lif/internal_value_reg[22]/C
Min Period        n/a     FDRE/C    n/a            0.550         10.000      9.450      SLICE_X0Y223      u_lif/internal_value_reg[23]/C
Min Period        n/a     FDRE/C    n/a            0.550         10.000      9.450      SLICE_X0Y218      u_lif/internal_value_reg[24]/C
Min Period        n/a     FDRE/C    n/a            0.550         10.000      9.450      SLICE_X1Y225      u_lif/internal_value_reg[25]/C
Min Period        n/a     FDRE/C    n/a            0.550         10.000      9.450      SLICE_X3Y228      u_lif/internal_value_reg[26]/C
Low Pulse Width   Slow    FDRE/C    n/a            0.275         5.000       4.725      SLICE_X4Y224      u_lif/internal_value_reg[0]/C
Low Pulse Width   Fast    FDRE/C    n/a            0.275         5.000       4.725      SLICE_X4Y224      u_lif/internal_value_reg[0]/C
Low Pulse Width   Slow    FDRE/C    n/a            0.275         5.000       4.725      SLICE_X2Y225      u_lif/internal_value_reg[10]/C
Low Pulse Width   Fast    FDRE/C    n/a            0.275         5.000       4.725      SLICE_X2Y225      u_lif/internal_value_reg[10]/C
Low Pulse Width   Slow    FDRE/C    n/a            0.275         5.000       4.725      SLICE_X4Y225      u_lif/internal_value_reg[11]/C
Low Pulse Width   Fast    FDRE/C    n/a            0.275         5.000       4.725      SLICE_X4Y225      u_lif/internal_value_reg[11]/C
Low Pulse Width   Slow    FDRE/C    n/a            0.275         5.000       4.725      SLICE_X2Y224      u_lif/internal_value_reg[12]/C
Low Pulse Width   Fast    FDRE/C    n/a            0.275         5.000       4.725      SLICE_X2Y224      u_lif/internal_value_reg[12]/C
Low Pulse Width   Slow    FDRE/C    n/a            0.275         5.000       4.725      SLICE_X2Y223      u_lif/internal_value_reg[13]/C
Low Pulse Width   Fast    FDRE/C    n/a            0.275         5.000       4.725      SLICE_X2Y223      u_lif/internal_value_reg[13]/C
Low Pulse Width   Slow    FDRE/C    n/a            0.275         5.000       4.725      SLICE_X0Y222      u_lif/internal_value_reg[14]/C
Low Pulse Width   Fast    FDRE/C    n/a            0.275         5.000       4.725      SLICE_X0Y222      u_lif/internal_value_reg[14]/C
Low Pulse Width   Slow    FDRE/C    n/a            0.275         5.000       4.725      SLICE_X2Y224      u_lif/internal_value_reg[15]/C
Low Pulse Width   Fast    FDRE/C    n/a            0.275         5.000       4.725      SLICE_X2Y224      u_lif/internal_value_reg[15]/C
Low Pulse Width   Slow    FDRE/C    n/a            0.275         5.000       4.725      SLICE_X0Y239      u_lif/internal_value_reg[16]/C
Low Pulse Width   Fast    FDRE/C    n/a            0.275         5.000       4.725      SLICE_X0Y239      u_lif/internal_value_reg[16]/C
Low Pulse Width   Slow    FDRE/C    n/a            0.275         5.000       4.725      SLICE_X0Y236      u_lif/internal_value_reg[17]/C
Low Pulse Width   Fast    FDRE/C    n/a            0.275         5.000       4.725      SLICE_X0Y236      u_lif/internal_value_reg[17]/C
Low Pulse Width   Slow    FDRE/C    n/a            0.275         5.000       4.725      SLICE_X0Y232      u_lif/internal_value_reg[18]/C
Low Pulse Width   Fast    FDRE/C    n/a            0.275         5.000       4.725      SLICE_X0Y232      u_lif/internal_value_reg[18]/C
High Pulse Width  Slow    FDRE/C    n/a            0.275         5.000       4.725      SLICE_X4Y224      u_lif/internal_value_reg[0]/C
High Pulse Width  Fast    FDRE/C    n/a            0.275         5.000       4.725      SLICE_X4Y224      u_lif/internal_value_reg[0]/C
High Pulse Width  Slow    FDRE/C    n/a            0.275         5.000       4.725      SLICE_X2Y225      u_lif/internal_value_reg[10]/C
High Pulse Width  Fast    FDRE/C    n/a            0.275         5.000       4.725      SLICE_X2Y225      u_lif/internal_value_reg[10]/C
High Pulse Width  Slow    FDRE/C    n/a            0.275         5.000       4.725      SLICE_X4Y225      u_lif/internal_value_reg[11]/C
High Pulse Width  Fast    FDRE/C    n/a            0.275         5.000       4.725      SLICE_X4Y225      u_lif/internal_value_reg[11]/C
High Pulse Width  Slow    FDRE/C    n/a            0.275         5.000       4.725      SLICE_X2Y224      u_lif/internal_value_reg[12]/C
High Pulse Width  Fast    FDRE/C    n/a            0.275         5.000       4.725      SLICE_X2Y224      u_lif/internal_value_reg[12]/C
High Pulse Width  Slow    FDRE/C    n/a            0.275         5.000       4.725      SLICE_X2Y223      u_lif/internal_value_reg[13]/C
High Pulse Width  Fast    FDRE/C    n/a            0.275         5.000       4.725      SLICE_X2Y223      u_lif/internal_value_reg[13]/C
High Pulse Width  Slow    FDRE/C    n/a            0.275         5.000       4.725      SLICE_X0Y222      u_lif/internal_value_reg[14]/C
High Pulse Width  Fast    FDRE/C    n/a            0.275         5.000       4.725      SLICE_X0Y222      u_lif/internal_value_reg[14]/C
High Pulse Width  Slow    FDRE/C    n/a            0.275         5.000       4.725      SLICE_X2Y224      u_lif/internal_value_reg[15]/C
High Pulse Width  Fast    FDRE/C    n/a            0.275         5.000       4.725      SLICE_X2Y224      u_lif/internal_value_reg[15]/C
High Pulse Width  Slow    FDRE/C    n/a            0.275         5.000       4.725      SLICE_X0Y239      u_lif/internal_value_reg[16]/C
High Pulse Width  Fast    FDRE/C    n/a            0.275         5.000       4.725      SLICE_X0Y239      u_lif/internal_value_reg[16]/C
High Pulse Width  Slow    FDRE/C    n/a            0.275         5.000       4.725      SLICE_X0Y236      u_lif/internal_value_reg[17]/C
High Pulse Width  Fast    FDRE/C    n/a            0.275         5.000       4.725      SLICE_X0Y236      u_lif/internal_value_reg[17]/C
High Pulse Width  Slow    FDRE/C    n/a            0.275         5.000       4.725      SLICE_X0Y232      u_lif/internal_value_reg[18]/C
High Pulse Width  Fast    FDRE/C    n/a            0.275         5.000       4.725      SLICE_X0Y232      u_lif/internal_value_reg[18]/C



